network,source,effect_paired,se_paired,p_paired,n_paired,loo_sign_stability,effect_external,se_external,p_external,n_external_np,n_external_it,meta_effect,meta_se,meta_p,meta_fdr,direction_concordant,fisher_p,fisher_fdr,source_detected_fraction_paired,source_detected_fraction_external,replicated_priority
CollecTRI,MZF1,0.03097206748339129,0.9977713561679762,0.977186302434268,4,0.75,1.9558291982699825,0.2393050208681584,1.2204183010820506e-07,15,6,1.851128341838107,0.23270563454410462,1.7941139295014395e-15,6.20763419607498e-13,True,2.020459946389912e-06,0.0006990791414509095,1.0,1.0,False
CollecTRI,BCL3,1.491756237134303,0.758617316096956,0.1439488554588698,4,1.0,1.5806216532892676,0.2993873358140919,6.804802024683669e-05,15,6,1.5686462229524467,0.27848507610631645,1.7732371000846807e-08,8.76485766613285e-07,True,0.00012277200203642119,0.021239556352300865,1.0,1.0,False
CollecTRI,KLF11,0.9266268135145523,0.5795788316625222,0.20816317126801873,4,1.0,0.8735335425459003,0.1730880665787994,7.671181587398014e-05,15,6,0.8778811029890605,0.16585004293739972,1.2017985200565807e-07,5.197778599244712e-06,True,0.00019233969319295259,0.022183177948253863,1.0,1.0,False
CollecTRI,VSX2,1.61517195912372,1.3054878739235167,0.3040207256387042,4,1.0,3.073335909319857,0.5203017074455839,0.00027688349278865565,15,6,2.873466181816273,0.48332935616589834,2.7620150849511735e-09,1.911314438786212e-07,True,0.000873987568923122,0.06047993976948005,0.0,0.0,False
CollecTRI,NR1H2,2.60208290148102,0.6769513012390489,0.03106922218959208,4,1.0,2.536775842314329,0.6116366247362146,0.004748392301553468,15,6,2.566127634696858,0.4538315422837883,1.5642660441073737e-08,8.76485766613285e-07,True,0.0014489527022557565,0.06266720437256147,1.0,1.0,True
CollecTRI,ZEB1,-2.6624722324085686,0.4300147304397021,0.008486225146012605,4,1.0,-1.2107981582992076,0.41475797557087396,0.012989928672866536,15,6,-1.9104262355627144,0.298526155198947,1.5585886456305014e-10,2.6963583569407673e-08,True,0.001114799288384928,0.06266720437256147,0.15,0.8620689655172413,False
CollecTRI,DNMT3B,4.413583033937412,1.808242892589363,0.09243316197262458,4,1.0,2.9532946465034566,0.7432996340950616,0.004478797173600814,15,6,3.1643755240098224,0.6874828939007478,4.167632785428207e-06,8.011116354211998e-05,True,0.003638830167426237,0.07818374723169426,0.45,0.41379310344827586,True
CollecTRI,ELK1,2.6702645802681753,2.1367885903112143,0.3000367520110226,4,1.0,3.9922706491458535,0.6724193495958529,0.0008343260465663,15,6,3.873151372190173,0.6414101910324667,1.5555953832967999e-09,1.345590006551732e-07,True,0.002326236599946951,0.07818374723169426,1.0,1.0,False
CollecTRI,GABPA,2.413537846647536,1.7863051584437368,0.26951681047901976,4,1.0,3.1222360004890986,0.643953598822201,0.0016329133126954452,15,6,3.0407285254119927,0.6057922619346382,5.182650769153363e-07,1.9924412956967376e-05,True,0.003841397985372261,0.07818374723169426,1.0,1.0,False
CollecTRI,GATA1,3.2615139276384557,1.23193626533082,0.07716070597736262,4,1.0,2.487611698507111,0.6640238137360468,0.0046060089554232665,15,6,2.6618360501373224,0.584520328539284,5.266514135126862e-06,8.677209003589973e-05,True,0.0031781046189648357,0.07818374723169426,0.0,0.0,False
CollecTRI,HNF1A,2.8139851647195604,1.1571936253636288,0.0931856301872998,4,1.0,3.6074185834240855,0.8505431604499774,0.004644979611715105,15,6,3.32912392253948,0.6853354950639443,1.1878368170721163e-06,3.161473374668863e-05,True,0.0037852888966407837,0.07818374723169426,0.0,0.0,False
CollecTRI,PAX2,0.9622101981191625,0.6588024495298043,0.24027105803992596,4,1.0,1.5954889279680933,0.3674850167912372,0.0012708114347337424,15,6,1.4452053215252165,0.3209323962546041,6.695496537541877e-06,0.00010530190009043135,True,0.002776781395886636,0.07818374723169426,0.0,0.0,False
CollecTRI,POU4F1,1.597683270746626,0.5682193981138984,0.06719608054600315,4,1.0,1.2765238096697205,0.38343681518485384,0.005479536824519999,15,6,1.377009818220262,0.3178399570883331,1.4749268582476362e-05,0.0001962787280591085,True,0.0032795416613868927,0.07818374723169426,0.0,0.0,False
CollecTRI,SREBF2,2.494639564902889,1.28654721185417,0.14785368626790105,4,1.0,2.72891559283259,0.5986382121239818,0.0019270210311509183,15,6,2.6872200453843136,0.5427585106490065,7.381726452855613e-07,2.554077352688042e-05,True,0.0026107848801684977,0.07818374723169426,1.0,1.0,False
CollecTRI,ZNF143,4.169459686249076,1.6109548314622124,0.08120114212510979,4,1.0,1.473463984140331,0.43350641060331113,0.0051893967675392845,15,6,1.6555098920107225,0.41861446054530643,7.661904408311698e-05,0.0007216385105880932,True,0.0036963734722414146,0.07818374723169426,1.0,1.0,True
CollecTRI,GTF2I,2.5501723554379105,1.0374211953113952,0.09101431612685282,4,1.0,2.8625083093634,0.6739441823380067,0.005307874253708265,15,6,2.769814114397227,0.5651586710204985,9.5374565429328e-07,2.9999636035043168e-05,True,0.004171650175903918,0.08007937697200035,1.0,1.0,True
CollecTRI,MTF1,2.568803957971796,1.3231544147947152,0.14750594165044095,4,1.0,1.3647076401279978,0.3796620019446374,0.0037047476448128953,15,6,1.456303024707158,0.36493600314758806,6.591441768844754e-05,0.0006516111005772242,True,0.0046515868626900376,0.08047245272453765,1.0,1.0,False
CollecTRI,DNMT1,5.329067550831719,2.3517197374536054,0.10832109853327603,4,1.0,3.801042781169903,0.9442279657707205,0.006900937369355243,15,6,4.013173478848279,0.8762380882239431,4.649682302711249e-06,8.39743426931784e-05,True,0.006128708468407114,0.08155896654111006,1.0,1.0,False
CollecTRI,E2F2,3.794539562182662,1.565278637486817,0.09381594720356765,4,1.0,2.935256140870835,0.751340156428912,0.007328951538157186,15,6,3.096164500753169,0.6773493928287234,4.8540082481606016e-06,8.39743426931784e-05,True,0.0056947116970589955,0.08155896654111006,0.05,0.3448275862068966,False
CollecTRI,GLI3,0.37886890444879223,0.8270233272255139,0.6780181805672039,4,0.75,1.6433455181229937,0.3420059523356303,0.0009128017032754082,15,6,1.4586822559597377,0.3160476827391864,3.923641421134033e-06,7.985764304190444e-05,True,0.00519103668137979,0.08155896654111006,1.0,1.0,False
CollecTRI,NR4A1,1.7251612763789619,1.3033848118912883,0.2774611031535177,4,1.0,1.9112550904426318,0.4988993966333524,0.002611928080371295,15,6,1.8874739309260573,0.46593271003854686,5.1008320663244564e-05,0.0005515274671713319,True,0.005964162907334538,0.08155896654111006,1.0,1.0,False
CollecTRI,SREBF1,4.2021297714194015,1.836722647281369,0.10616680190394663,4,1.0,2.9609758288792096,0.7849132903593369,0.006705431783709027,15,6,3.152637566321349,0.7217693999234275,1.2543019415317983e-05,0.0001735953887080009,True,0.005871405604989988,0.08155896654111006,1.0,1.0,False
CollecTRI,YY1,2.165832233629867,1.6171226789675137,0.2728979090099386,4,1.0,3.0325641895663846,0.6572412434967053,0.0022023747741745517,15,6,2.90969171987907,0.6088745996822322,1.7634192836759148e-06,4.182575152822714e-05,True,0.0050587403696352685,0.08155896654111006,1.0,1.0,False
CollecTRI,E2F4,7.5276820939072,2.925294233653862,0.08225634261803243,4,1.0,4.838792889043006,1.3244517442782016,0.010117601969178056,15,6,5.296220683508477,1.2065473669872222,1.1357650546363464e-05,0.00016373946204340659,True,0.006733956419744292,0.08262009826068013,1.0,1.0,True
CollecTRI,NCOR1,2.6927215406298077,1.125817577901167,0.09658532499019122,4,1.0,2.8929834686095766,0.7809938178908111,0.008895872703851502,15,6,2.827920639990124,0.6417048163847741,1.0486684042917615e-05,0.0001577562034282389,True,0.006924805923583017,0.08262009826068013,1.0,1.0,True
CollecTRI,MAFK,0.5064873358380619,1.1292542951521432,0.6841972142125418,4,0.75,2.114964708626216,0.4943882481654379,0.0014138156927619985,15,6,1.8562554657203578,0.4528874078672535,4.154539654652344e-05,0.0004637002324224874,True,0.0076815307232010405,0.08305655094461126,1.0,1.0,False
CollecTRI,PAX8,1.653449206788117,0.8598251446946765,0.15019353027350518,4,1.0,1.9078903722463045,0.5238012935226255,0.006417711701018175,15,6,1.8390211514720822,0.447331043427178,3.9378431952379926e-05,0.0004541645818507818,True,0.007657717227201083,0.08305655094461126,0.5,0.1724137931034483,False
CollecTRI,POU2F1,3.1199606241640305,1.0094536052721677,0.05368249906035044,4,1.0,2.1598957731077686,0.7617144938267337,0.01722229124181762,15,6,2.5082176245497525,0.6080320031247357,3.7050801887535925e-05,0.0004420543949340493,True,0.007383544008811392,0.08305655094461126,1.0,1.0,True
CollecTRI,PROX1,0.891090110673357,1.6750925832234276,0.6316256046265413,4,0.75,1.976660481545379,0.41439400803530513,0.001843007062393349,15,6,1.9140553164766239,0.40226746393204654,1.9535994224424977e-06,4.2246587510319015e-05,True,0.009028470437918733,0.09385974005944157,0.6,0.7586206896551724,False
CollecTRI,THRA,4.003397782071781,1.2474600843296633,0.048984696711244655,4,1.0,2.551248564338618,0.8815521608311219,0.024353906522256295,15,6,3.0349065818041083,0.7199299335495567,2.4916105010370737e-05,0.00030789186905672407,True,0.009223211450927785,0.09385974005944157,1.0,1.0,True
CollecTRI,NR0B2,0.2977373465071871,0.7062604395354072,0.7017237841767701,4,0.75,1.7743835514794455,0.45586629201967344,0.0017645958175762898,15,6,1.3401065912930978,0.3830099427528749,0.0004672133136668999,0.0031087655101682187,True,0.009527224346435822,0.09418341782476555,0.0,0.0,False
CollecTRI,E2F1,8.93147759542013,3.2231442110450668,0.0695078312603493,4,1.0,5.044280407427399,1.6960339594843261,0.02356486979644784,15,6,5.887211728488605,1.5009200081228344,8.767053556730668e-05,0.0007777950078535413,True,0.012144223826127218,0.10248540106926872,0.35,0.3448275862068966,False
CollecTRI,MBD2,5.756944847787621,1.9822383911049044,0.06228598948063541,4,1.0,2.6380895781402476,0.8757927117501406,0.023351190071940246,15,6,3.1474717208807275,0.8010878228565801,8.530087340730931e-05,0.0007766868999718164,True,0.010956570159630407,0.10248540106926872,1.0,1.0,False
CollecTRI,NFIA,1.630957893371579,1.326975909533803,0.30665540899907884,4,1.0,2.2606423613328697,0.5884632806091036,0.004923717387275871,15,6,2.1571602165914445,0.537940520308242,6.070979487526431e-05,0.0006325130434788144,True,0.011317675096472286,0.10248540106926872,1.0,1.0,False
CollecTRI,PPARGC1A,2.3936334132788453,1.060358947250772,0.10919002999906587,4,1.0,1.1041843324576481,0.39539089758518514,0.014316694251934804,15,6,1.261586894497852,0.3704731221562821,0.0006608175489995853,0.0038753029144721444,True,0.01166332711264336,0.10248540106926872,1.0,1.0,False
CollecTRI,RFX1,0.4459896675016714,0.911066410379453,0.6580302526037929,4,0.75,1.4889281279393662,0.41817125483652406,0.0022679220713375343,15,6,1.3074433468286026,0.38005005484125126,0.0005813118860422648,0.0037247020846411776,True,0.011203746947289176,0.10248540106926872,1.0,1.0,False
CollecTRI,SFPQ,2.021101023216,1.3519455135865734,0.23179774325431324,4,1.0,2.187470901651484,0.5885557122937558,0.006973511772877724,15,6,2.16096397018504,0.5396368106871045,6.215446091988349e-05,0.0006325130434788144,True,0.012006182687802522,0.10248540106926872,1.0,1.0,False
CollecTRI,KDM5B,2.5766076967255884,1.9018712647118983,0.2684844759550334,4,1.0,2.512607007489218,0.6237867906795181,0.006360469596117937,15,6,2.5188231611488137,0.5927201094244051,2.141529374135522e-05,0.00027443302350032986,True,0.012590121776763143,0.10371862225619159,1.0,1.0,False
CollecTRI,FOSL2,2.1358564457300995,0.45542749124966364,0.018328653207389557,4,1.0,1.1104270081949763,0.5806281028561416,0.09768423319112922,15,6,1.7452747091144516,0.35834481740540175,1.1138496694617536e-06,3.161473374668863e-05,True,0.013115375412347665,0.10553302075982075,1.0,1.0,False
CollecTRI,HIF1A,7.959890930210676,3.2719074443426104,0.09309691294533606,4,1.0,5.132782518071842,1.6715015468861716,0.023382547729665654,15,6,5.717902482348408,1.4885116452743912,0.00012235672818660377,0.0010583856988141227,True,0.015520628598869842,0.11837034637452402,1.0,1.0,False
CollecTRI,NR1H4,3.6931112182942964,0.5147368062218053,0.005578039062596165,4,1.0,0.575109347076104,0.6431107055426043,0.39659159915243425,15,6,2.4756141222644428,0.4018662371281538,7.261006702950883e-10,8.374361064070018e-08,True,0.0157370980729136,0.11837034637452402,0.0,0.0,False
CollecTRI,TCF12,4.404165266345864,1.6664231970391392,0.07746419581360314,4,1.0,2.8433064950278237,1.0158687981764487,0.027781039932476024,15,6,3.2662018666089634,0.8674010905521838,0.00016621377646508067,0.0013374410850446026,True,0.015368422214425755,0.11837034637452402,1.0,1.0,False
CollecTRI,FOXA2,2.8916223267631773,1.4781029060675173,0.14537536780479554,4,1.0,1.847827333148602,0.5689682882451191,0.01668969255753925,15,6,1.9825296162054196,0.5309878019267423,0.00018871481391323294,0.0014839846730449679,True,0.017035813784318097,0.12541258658242685,0.0,0.0,False
CollecTRI,BHLHE40,1.3990877722067887,0.6895982883872708,0.13549483800468096,4,1.0,1.3384429658633716,0.434249354706043,0.02142685731544145,15,6,1.355662703438761,0.3674621674913986,0.00022490914072685348,0.0017293013931442512,True,0.019863692000438683,0.14318411316982885,1.0,1.0,False
CollecTRI,FOXM1,3.753207509491178,1.6664641378165481,0.10971464429027344,4,1.0,2.6610333985025045,0.9294931489381274,0.028307793533877173,15,6,2.92018649358956,0.8117610950912586,0.00032147924858291695,0.002418083043688897,True,0.021040073857853555,0.14630471030795567,0.35,0.6551724137931034,False
CollecTRI,MAFB,0.9856295288278847,0.6309858368405186,0.21620715386934572,4,1.0,1.7427663352669338,0.5510062179710418,0.014599659789981984,15,6,1.4151961762107519,0.4150348806102403,0.0006500465366650448,0.0038753029144721444,True,0.021332840036785095,0.14630471030795567,1.0,1.0,False
CollecTRI,STAT6,1.9163366928208463,2.1908100732879094,0.4461126002158322,4,0.75,2.8206386479929666,0.7577173431551402,0.007166214089115435,15,6,2.724022951000172,0.7160969761674609,0.0001423861672709761,0.0012016003384331155,True,0.021565145160999246,0.14630471030795567,1.0,1.0,False
CollecTRI,APEX1,3.3097233701088697,1.6256403616907518,0.13457023148926667,4,1.0,1.679730770389724,0.5900938399998358,0.02728757153500386,15,6,1.8694989476980397,0.5546810771925047,0.0007505823699083829,0.004188733870779039,True,0.024261504702915052,0.1510028006427861,1.0,1.0,False
CollecTRI,ESR2,4.513980766194386,2.8495741715498295,0.21134117982758388,4,1.0,2.6949395801582794,0.8731215522808111,0.017895294175227904,15,6,2.851060437696557,0.8348129234425489,0.0006373313688019223,0.0038753029144721444,True,0.024876183920921408,0.1510028006427861,0.4,0.0,False
CollecTRI,NR1I2,6.510511170371229,2.572435509980556,0.08535869221468544,4,1.0,3.0806453418363278,1.2229364444675845,0.04073779512557088,15,6,3.712916741815663,1.1044796006365873,0.0007746736714721053,0.004203862102827914,True,0.02316417204845679,0.1510028006427861,0.05,0.0,False
CollecTRI,PDX1,2.9805516278213706,1.1466113744491826,0.08041447641352445,4,1.0,1.956240457925431,0.790693333016413,0.043977304973425065,15,6,2.286355775827107,0.6509282644222074,0.0004439883676154322,0.003072399503898791,True,0.023498193652930655,0.1510028006427861,0.0,0.0,False
CollecTRI,TFCP2,1.785321130146828,1.9487775744906195,0.4271583238569581,4,0.75,3.3585516831362323,0.857703698429805,0.008640855928437836,15,6,3.103255755623352,0.7850332123687535,7.716943610335102e-05,0.0007216385105880932,True,0.024367533164137225,0.1510028006427861,1.0,1.0,False
CollecTRI,ZBTB17,2.8144387338261385,1.639655828685526,0.1845772765132308,4,1.0,2.3193956944777936,0.7572260776921446,0.020285106756080803,15,6,2.4064175668176944,0.6874568276233071,0.0004644497511489127,0.0031087655101682187,True,0.02466492563769589,0.1510028006427861,1.0,1.0,False
CollecTRI,BCL11B,0.9721648092844082,0.6600126969116553,0.23717844227882334,4,1.0,1.4123520047417104,0.4914339118077552,0.01938144708493975,15,6,1.2553520922999901,0.39416975078834854,0.0014485373863153126,0.006701678136464908,True,0.029338923370409834,0.15266830529365782,1.0,1.0,False
CollecTRI,IRF8,3.3398698953164594,1.4422190016865177,0.1034819408622876,4,1.0,2.0139197464663843,0.8633356089692595,0.04375549951601317,15,6,2.363716011695421,0.7407560362504416,0.0014180546234475707,0.006701678136464908,True,0.028967248432892875,0.15266830529365782,0.45,0.8275862068965517,False
CollecTRI,MAZ,1.4057956852483477,0.5451154171770549,0.08185822295222499,4,1.0,1.2518813880560207,0.5524364655053032,0.05870802167264147,15,6,1.3298651522430094,0.38801729205544006,0.0006095371443604639,0.0038345427627040087,True,0.03045848188109571,0.15266830529365782,1.0,1.0,False
CollecTRI,MYCN,4.881720019658278,1.9690009643187623,0.08932626044328879,4,1.0,3.084764234654589,1.3147154103637162,0.055820658764019516,15,6,3.6388679738787366,1.093384149316992,0.0008744730970185619,0.004584358963157915,True,0.0314187197713134,0.15266830529365782,0.1,0.20689655172413793,False
CollecTRI,NANOG,1.6955352866378517,1.1504679478646829,0.2369730230515136,4,1.0,1.5686389713749822,0.5092979404048353,0.0169373797109805,15,6,1.5894322353008214,0.4657054828021228,0.0006426236052948607,0.0038753029144721444,True,0.026161475688660476,0.15266830529365782,0.75,0.10344827586206896,False
CollecTRI,NFE2L2,6.87954495358347,3.83183918907772,0.17046980196898026,4,1.0,3.2934843706961026,1.1858388583569035,0.02566082041610931,15,6,3.606909910146056,1.1328323814608459,0.0014526758966325669,0.006701678136464908,True,0.028136051873594768,0.15266830529365782,1.0,1.0,False
CollecTRI,NR1I3,2.098003706020147,1.9318477640103517,0.35694404065060514,4,1.0,2.3198127356007348,0.7297701578583068,0.013331030110267941,15,6,2.2921131614683588,0.682684173332823,0.0007865030611691483,0.004203862102827914,True,0.030205749759156336,0.15266830529365782,0.05,0.0,False
CollecTRI,NRF1,3.7653782312916073,2.2128234990646067,0.1873825470322986,4,1.0,1.9252919273956715,0.6782530261281708,0.024252618282520212,15,6,2.0833189070059217,0.64847509000131,0.0013151969370783251,0.006500830574701436,True,0.029056888606741316,0.15266830529365782,1.0,1.0,False
CollecTRI,PAX5,2.1757452752648048,1.1659243894012983,0.15886429643710845,4,1.0,1.6107057827612694,0.6227440133875353,0.030271729455887915,15,6,1.7361231971167692,0.5493003896502592,0.0015744023458450426,0.007146620600222427,True,0.03047643047935724,0.15266830529365782,0.0,0.034482758620689655,False
CollecTRI,PITX2,4.32807388076892,1.686910136471217,0.08280355715160186,4,1.0,2.105954372677153,0.9132917921359068,0.05988578758201359,15,6,2.6096476072464125,0.8031400820330616,0.0011568710004566415,0.005801121248666637,True,0.031272893699869554,0.15266830529365782,0.05,0.10344827586206896,False
CollecTRI,SATB1,1.2691547178855322,1.0431701779140374,0.31073016688409844,4,1.0,1.8505495996261545,0.5684879663392332,0.014239653238774455,15,6,1.717421724270474,0.4991764192396746,0.0005806178541980004,0.0037247020846411776,True,0.028408964829733825,0.15266830529365782,1.0,1.0,False
CollecTRI,SNAI2,-2.279258695063273,0.8742043533565885,0.079875062510835,4,1.0,-0.8335519620451721,0.3762849526500267,0.05363710986433867,15,6,-1.0595320988172006,0.3456272665056925,0.0021728175149065294,0.009276062342385122,True,0.027645545705429344,0.15266830529365782,0.55,0.8275862068965517,False
CollecTRI,TP73,5.011267723267193,2.3502054463017488,0.12274737972583392,4,1.0,3.157250465958133,1.2115264949101991,0.04116124061639835,15,6,3.5464963432305865,1.0768642339677494,0.0009899934653434222,0.005112503567295881,True,0.0317691271131311,0.15266830529365782,1.0,0.8620689655172413,False
CollecTRI,MAF,2.2916223231717447,0.7083507654224265,0.0480274126608483,4,1.0,1.252300280975741,0.6814399743055246,0.11153806417603444,15,6,1.7518442477516227,0.4910889448312697,0.00036072707398463133,0.002655565268057073,True,0.033370030892946004,0.1581648039583468,0.95,1.0,False
CollecTRI,NR5A2,3.4617587684422118,1.1509678115409772,0.057316756162180085,4,1.0,1.2305036741714324,0.6519272500129567,0.09663346065110315,15,6,1.772473310822431,0.5672520104250127,0.001780067956018164,0.007896198881824162,True,0.03431784581018389,0.1604591168962652,0.1,0.1724137931034483,False
CollecTRI,NFYA,4.272610807457427,2.290081135736888,0.158928706410828,4,1.0,2.0779114201281454,0.7919054158646804,0.03630920381830507,15,6,2.312316088868701,0.7484218822400672,0.002004335779824452,0.008668752247740755,True,0.03551779313558701,0.1616994266435935,1.0,1.0,False
CollecTRI,DBP,1.8274570415939717,1.0850258968033553,0.19072132363991498,4,1.0,1.4262117111068804,0.5432532834957099,0.034791644032374655,15,6,1.5066360188268877,0.4857678563192334,0.0019250671199752994,0.00843130662672726,True,0.03991470633079699,0.17263110488069697,1.0,1.0,False
CollecTRI,MTA1,1.8858540554053416,1.5588447619812191,0.31299832164122343,4,1.0,1.9798129477299584,0.6786598178068455,0.02114436222601493,15,6,1.9648417086057437,0.6222469798712439,0.0015904329081419851,0.007146620600222427,True,0.039827625111038156,0.17263110488069697,1.0,1.0,False
CollecTRI,NKX3-1,4.827760562108822,1.1363168787103632,0.023891950786386538,4,1.0,1.2892385179491956,1.0623387318572768,0.2728406652818649,15,6,2.9395735570330266,0.776022949929031,0.00015186593417881666,0.0012510860291873945,True,0.03932781920957931,0.17263110488069697,1.0,1.0,False
CollecTRI,RBPJ,2.0561216014756427,1.2204251584802088,0.19062299850455633,4,1.0,1.0262026451320678,0.41687344199396265,0.03461836435707755,15,6,1.1338148523630274,0.3944939939821507,0.004051817426066248,0.014603425306447102,True,0.039731787656954086,0.17263110488069697,1.0,1.0,False
CollecTRI,SOX2,1.8573467481743138,1.7741691264971438,0.37206718606782085,4,1.0,2.5648875438026075,0.7933671037176928,0.01842983010090268,15,6,2.446980290181728,0.7242517220774741,0.0007284736074457607,0.004188733870779039,True,0.04102257412440198,0.17523223021040846,1.0,1.0,False
CollecTRI,ASCL1,2.7681781189838905,1.0001392672365015,0.06969684073806381,4,1.0,1.4101928567958462,0.7278445409355849,0.10024721176428036,15,6,1.8803798381828492,0.5885024165323127,0.0013973650778497633,0.006701678136464908,True,0.04166797273038089,0.1758185190818511,0.0,0.0,False
CollecTRI,BCL6,0.8451236740804329,0.7296112965640509,0.33056847166843756,4,1.0,1.108831791551129,0.43023346293692133,0.02253991842948592,15,6,1.040793996131388,0.37059957491086154,0.00497874456120606,0.017022454308692727,True,0.043956415064451214,0.17710650906267233,1.0,1.0,False
CollecTRI,EP300,3.8753682009916806,1.4550820561936575,0.07612183377188544,4,1.0,1.368816175748041,0.7145255551044628,0.0979589955140469,15,6,1.8558041106672034,0.6413693833074723,0.0038097088602266913,0.014173755544499303,True,0.04398498606755935,0.17710650906267233,1.0,1.0,False
CollecTRI,ESR1,9.947466998782069,4.450689891301939,0.11147355039380584,4,1.0,5.307888303968692,2.341842297232729,0.06695855875194782,15,6,6.31388324404198,2.072459062424096,0.0023147168277033885,0.009649301474522561,True,0.04402069300401683,0.17710650906267233,0.4,0.3103448275862069,False
CollecTRI,TP53,11.525791878705522,5.673445131732617,0.13514413014436333,4,1.0,6.374390198326976,2.6179477016913393,0.053002290034132794,15,6,7.278704519951068,2.3770803166189958,0.0021983731562878034,0.009276062342385122,True,0.042539558510303103,0.17710650906267233,1.0,1.0,False
CollecTRI,NFYB,1.8940360253735578,1.073348720731223,0.17581855296377805,4,1.0,1.3829891895212663,0.5789543045641801,0.04404077879858153,15,6,1.4981648618520913,0.5095547674079539,0.003280587682299111,0.012753745371634746,True,0.04538236441304885,0.18048618490706783,1.0,1.0,False
CollecTRI,HNF4A,6.17194240054952,3.1157369890643425,0.14193413303961305,4,1.0,3.6309780509007963,1.5547744721881875,0.058083463803186845,15,6,4.137556359570364,1.3911847202575214,0.0029382597070632876,0.01196044539581056,True,0.04780105984720324,0.18353819587864872,0.0,0.0,False
CollecTRI,KLF2,2.0005090919588135,1.1177841282155316,0.17143879207252402,4,1.0,1.0574907400620512,0.4506872333790831,0.04781441986829649,15,6,1.189357845842004,0.4179902037814129,0.004435284559586087,0.015820705748626658,True,0.04757646544123734,0.18353819587864872,1.0,1.0,False
CollecTRI,NFYC,0.9261849446896107,1.1987582540950137,0.49603512765691543,4,0.75,1.0939986137893256,0.394429743920488,0.01681778758589734,15,6,1.0776055178720207,0.3746695804806089,0.004025597087522817,0.014603425306447102,True,0.04827160643051166,0.18353819587864872,1.0,1.0,False
CollecTRI,TP63,6.565079192239553,3.4965613518387504,0.15707033028317863,4,1.0,3.859102477613443,1.6059239139621146,0.0528432511777075,15,6,4.330478559420885,1.4593615391726897,0.0030035062664927406,0.012083874048912653,True,0.048069960328646646,0.18353819587864872,0.85,0.9655172413793104,False
CollecTRI,MSX2,-0.42686278512481035,0.847153472059579,0.6490212549353855,4,0.75,-1.210556861099664,0.3969666100123792,0.013396797053722029,15,6,-1.0694586005191553,0.35945923287972015,0.002928095577730029,0.01196044539581056,True,0.04995191664247453,0.1847479456206745,0.15,0.7931034482758621,False
CollecTRI,MYC,13.226331530730462,6.547685609656352,0.13665606223330315,4,1.0,6.8388011400784405,3.0125705039812454,0.06564876382871904,15,6,7.9547403243025965,2.7367907437178642,0.0036538677003379386,0.013741719829531812,True,0.05125954560573628,0.1847479456206745,1.0,1.0,False
CollecTRI,MYOD1,4.65651673079793,2.31932925422546,0.13829091538054644,4,1.0,2.8932659691822584,1.2803221070216393,0.06402829759758868,15,6,3.3050860004578073,1.1208799467993262,0.003191621287176836,0.012693114544404428,True,0.05070836229801775,0.1847479456206745,0.0,0.0,False
CollecTRI,NFIB,1.0325136739013838,0.36089660791844747,0.06452574792670218,4,1.0,0.6750105132136812,0.3943876130982213,0.13493806505493333,15,6,0.8695834811337566,0.26624662359679563,0.0010904641254446722,0.005548538050056714,True,0.05000967190887628,0.1847479456206745,1.0,1.0,False
CollecTRI,OTX2,1.3888408533368355,1.2453295120564816,0.346039777372143,4,1.0,1.005011802290455,0.39652724124602795,0.0256139135660206,15,6,1.0403444214651765,0.37783594816497307,0.005897457745176717,0.018893707220658744,True,0.05075043160042415,0.1847479456206745,1.0,0.7931034482758621,False
CollecTRI,ATF1,4.3362025167821905,1.911102894727636,0.10802935882924304,4,1.0,2.15906179244043,1.0219698819260177,0.0853641112785985,15,6,2.6431967919411936,0.9012059691702841,0.003357522659081949,0.012907809333803937,True,0.052437002696935596,0.18541609897090253,1.0,1.0,False
CollecTRI,JDP2,2.315992153731191,1.090945805955117,0.12383892664564049,4,1.0,1.189074027394697,0.5988065808931664,0.0746036837484293,15,6,1.449983112205377,0.5249302439903855,0.005740633193911672,0.018563169019564844,True,0.05251669855245216,0.18541609897090253,1.0,1.0,False
CollecTRI,SIRT1,-0.5439560575627077,0.7193371811033055,0.5044958421528165,4,0.75,-1.1013435203251594,0.399013634034933,0.018578446165664352,15,6,-0.9701949574731141,0.3489278855171378,0.005427479415241264,0.018232115317218224,True,0.05314300661733921,0.18573212413736734,1.0,1.0,False
CollecTRI,CREM,2.870346536410475,0.5056279264316854,0.010830647327720619,4,1.0,0.00874365163474912,0.3962885019278743,0.9828981658377198,15,6,1.0976573075051563,0.3119055425238721,0.0004328538122526035,0.0030564779395796087,True,0.059003592044155714,0.20213111729978098,1.0,1.0,False
CollecTRI,EGR2,3.8416108913954203,1.6461596691869516,0.10180575710529118,4,1.0,1.75424712322384,0.9057496832676356,0.10396137944075615,15,6,2.2393258640077294,0.7935586092478402,0.004774328281381139,0.016519175853578743,True,0.05872378584756723,0.20213111729978098,1.0,1.0,False
CollecTRI,SSRP1,4.321220172367016,3.087700906884806,0.2561433313892707,4,1.0,3.3724079137740137,1.2951118067477347,0.043170944046619496,15,6,3.514360159424705,1.1943076536631039,0.003254770494408528,0.012753745371634746,True,0.0608696514974692,0.2064794060600426,1.0,1.0,False
CollecTRI,LHX2,3.2292866652965664,1.3508382718282985,0.09669085631231217,4,1.0,1.211429725882899,0.6704233347045709,0.11734403625971607,15,6,1.6102286232929923,0.600530603995995,0.007332727991797806,0.022255472676860007,True,0.062163913225511444,0.20816325032663946,0.05,0.0,False
CollecTRI,TCF3,3.41788673521901,2.08323885799167,0.19940355817665556,4,1.0,2.3941458459169946,1.0202064081931366,0.057354476781713376,15,6,2.5921740009170766,0.9162363411530663,0.004667118871162204,0.0163113447416376,True,0.06256930067621533,0.20816325032663946,1.0,1.0,False
CollecTRI,SP1,13.600059809835884,6.609646418074637,0.13179797845785146,4,1.0,7.141428307739318,3.4844632143672087,0.08970824348513329,15,6,8.546029809371145,3.082368363204773,0.005561845284443305,0.018490181340463624,True,0.06429164789176008,0.20985764311838667,1.0,1.0,False
CollecTRI,TFDP1,3.333607323978659,1.3706475513594227,0.09315165442577238,4,1.0,1.578983601397646,0.8959765143268276,0.1256753976501726,15,6,2.1042840457240124,0.7499592744860714,0.005018180171926758,0.017022454308692727,True,0.06377410959111131,0.20985764311838667,1.0,1.0,False
CollecTRI,HHEX,1.9324901062428879,0.5993053553144173,0.04841618823468215,4,1.0,1.1103848627678914,0.8895555646010382,0.2574480384266302,15,6,1.6758372111237112,0.49702983124564726,0.0007470483159528122,0.004188733870779039,True,0.06712039005118386,0.21514989949905294,1.0,0.9655172413793104,False
CollecTRI,SPI1,5.367625904387963,2.7985664408172215,0.15093524919804974,4,1.0,3.684047267682785,1.8831809980210887,0.08263752163145582,15,6,4.208780346846257,1.5623852861980825,0.0070638896093082465,0.021715923948409543,True,0.06715661602860612,0.21514989949905294,0.65,0.13793103448275862,False
CollecTRI,MEF2A,3.59894377935811,2.235370649237076,0.20577717518030028,4,1.0,2.5614380235787375,1.1177597680339775,0.06201016780134844,15,6,2.768961287859912,0.9997414116279943,0.005611182198695609,0.018490181340463624,True,0.06841318323871402,0.2171647834916977,1.0,1.0,False
CollecTRI,FOXO4,2.1736203001314127,1.101676393421501,0.14302673982543598,4,1.0,1.3024986207650984,0.6559949586971984,0.09235598474138153,15,6,1.530518473082561,0.5636389050257926,0.006619101533477429,0.02082008300530173,True,0.07036407661125064,0.22001458902385668,1.0,0.9655172413793104,False
CollecTRI,NCOR2,3.2502811639627107,1.2958573855729127,0.08707470949466907,4,1.0,1.3006689270901954,0.8085783520199835,0.15228220303028353,15,6,1.8470168388805872,0.6859899149383848,0.007092194815521037,0.021715923948409543,True,0.07058271497586154,0.22001458902385668,1.0,1.0,False
CollecTRI,PAX3,1.1440320157364654,2.0157964484314634,0.6100463847970234,4,0.75,3.5799584759560963,1.1764637900461028,0.02199636982336162,15,6,2.961053642402344,1.0160767793925725,0.003565983411436761,0.013558574289638674,True,0.0712685948837793,0.22016905205167533,0.05,0.4827586206896552,False
CollecTRI,E2F3,4.414827087073782,2.0052760542091397,0.1149992811419457,4,1.0,1.972256841789022,1.1103349599362617,0.12245708683447687,15,6,2.5454051628730676,0.9713687975246907,0.008781863237144421,0.025533820840772853,True,0.07411359803817238,0.22693190195758978,1.0,1.0,False
CollecTRI,AHR,3.7742069924569925,2.767443161331986,0.26594688959931595,4,1.0,2.4470428989017527,1.0634482645618475,0.05685116612903313,15,6,2.617802483686283,0.9926792487254372,0.008361618162988303,0.02454902779394356,True,0.07849650844289772,0.2282335455566606,1.0,1.0,False
CollecTRI,MYB,4.710799814252647,3.076070966345527,0.22317266189207477,4,1.0,3.1948936324098813,1.446362156925259,0.06630194919063205,15,6,3.469358930797699,1.3088922916218473,0.008034729784727546,0.023965659530308023,True,0.07714073971990419,0.2282335455566606,1.0,1.0,False
CollecTRI,POU3F2,1.1703446036974166,1.9124337841824721,0.5838188682156494,4,0.75,1.6191385728967735,0.6122936543386446,0.025788651980084204,15,6,1.5774119733673142,0.5831353881861872,0.006829354796236824,0.021287898734215684,True,0.07823024241404183,0.2282335455566606,0.0,0.0,False
CollecTRI,POU5F1,1.8080949845528405,1.512503729452834,0.31779902323543335,4,1.0,1.7381723377190497,0.709305776469692,0.04595727622706469,15,6,1.7507778037421726,0.6421950850834457,0.006406043767069462,0.02033478113216545,True,0.07633219573105494,0.2282335455566606,0.3,0.5517241379310345,False
CollecTRI,USF1,4.841243862988868,2.4179786745847798,0.13903113943064516,4,1.0,2.474172830116405,1.2880323026486573,0.10732033437543818,15,6,2.9973835128192343,1.1368027675634278,0.008372211790998093,0.02454902779394356,True,0.07766303757434137,0.2282335455566606,1.0,0.7931034482758621,False
CollecTRI,NR1H3,4.681057710796775,1.7025135126129223,0.07077201751465319,4,1.0,1.34111542327178,0.9831753961999993,0.21937660485208807,15,6,2.1763924847222555,0.8514053282230665,0.010581149449718807,0.030008833685268094,True,0.0801943586830345,0.22960544015198947,1.0,1.0,False
CollecTRI,HDAC1,-3.2400305233346858,2.953962575391142,0.35286390251734373,4,1.0,-2.1470300554072868,0.837823398363761,0.047055134608862896,15,6,-2.2284091734354834,0.8060301817500678,0.0056980037031391486,0.018563169019564844,True,0.08464928527549474,0.23811912768553806,1.0,1.0,False
CollecTRI,HOXA9,1.4930605892497484,0.9555629200679225,0.21610741922472262,4,1.0,1.620408353765443,0.8106952097189527,0.08246413227209685,15,6,1.5671096826086555,0.6181897739778438,0.011244805011225493,0.031631727917756265,True,0.08959334498539347,0.24999433358827533,0.0,0.0,False
CollecTRI,EZH2,2.2049773911940456,1.5485129768432933,0.24965768777376843,4,1.0,1.2836616330330706,0.6415296571128154,0.07549438340030559,15,6,1.418626348847653,0.5926806135171764,0.016685004531835204,0.04283191314070787,True,0.09369899585917497,0.25132473470327926,1.0,1.0,False
CollecTRI,GATA3,4.15900593778157,2.1648134809125317,0.15046249260113093,4,1.0,2.0172534208075095,1.1402475867250053,0.12806385550898763,15,6,2.482398762927977,1.0088583176661876,0.013870415066256435,0.03778868986554902,True,0.09536648391262446,0.25132473470327926,1.0,1.0,False
CollecTRI,ONECUT1,2.666095441948187,0.9353614766393951,0.06509101172202238,4,1.0,0.37079831613780295,0.3387804090678616,0.2899654168664823,15,6,0.6369833623055213,0.3185311061806345,0.0455270006552106,0.08655133091594981,True,0.0938037782443286,0.25132473470327926,0.0,0.0,False
CollecTRI,POU2F2,1.4632900610467798,0.9311978903705539,0.21412602838732553,4,1.0,1.2678508119525917,0.6839178341097367,0.09059724540084392,15,6,1.3363333199013565,0.5512212086529468,0.015337335735712393,0.04020241033754915,True,0.09588111266136666,0.25132473470327926,1.0,0.9655172413793104,False
CollecTRI,TBP,4.766639731825857,2.353503102378799,0.13595385250175757,4,1.0,2.5582217770802567,1.4933662708844107,0.13629442142576953,15,6,3.1921529882263253,1.2609422817858151,0.011355588792057981,0.0316857558230005,True,0.0924333989000321,0.25132473470327926,1.0,1.0,False
CollecTRI,XBP1,1.0767943611760564,1.1953688095231387,0.434084218975204,4,0.75,1.3944590765730585,0.5677180287500624,0.04231095803748887,15,6,1.33599406567951,0.5128205829684548,0.009182384137715474,0.02647587426374628,True,0.09178164497733045,0.25132473470327926,1.0,1.0,False
CollecTRI,TBPL1,3.564936800695866,1.78420528690394,0.13958913822725738,4,1.0,1.246816795469108,0.752507485082108,0.14105129999821364,15,6,1.5968958554549209,0.693361832804105,0.021272063834408536,0.04931050661525636,True,0.09702229135844563,0.25240385571445256,1.0,1.0,False
CollecTRI,NEUROD1,1.8518944301148783,1.5903521296238894,0.3284222481728456,4,1.0,1.3501567794629568,0.6198452156131183,0.06430162612914617,15,6,1.4163233934741837,0.5775298077904217,0.0141914129113106,0.03836116302588646,True,0.10258374664834162,0.2648804204501955,0.0,0.0,False
CollecTRI,FOXP3,1.677644540347756,0.4627703592817349,0.036114538417897,4,1.0,0.23238711285362554,0.44037483961647617,0.6142944581208925,15,6,0.9191994366772186,0.31901563544642875,0.003959609493263247,0.014574732815628549,True,0.10667284910918189,0.2733985614205699,0.0,0.034482758620689655,False
CollecTRI,KLF10,0.4038739712914703,0.5607639137934881,0.5234326180895571,4,0.75,0.9486313704296957,0.397707803387285,0.0441100452921972,15,6,0.7663206428970476,0.3244028054943691,0.01816437074005948,0.044891944829004146,True,0.11009619386235123,0.27405239623290306,1.0,1.0,False
CollecTRI,NR4A2,1.9874534068188368,1.718333021236804,0.33116682569141853,4,1.0,1.5068934556883757,0.7011267946380189,0.06960522716448715,15,6,1.5754811803685647,0.6491674662802767,0.015227375776784268,0.04020241033754915,True,0.10995411509606776,0.27405239623290306,1.0,1.0,False
CollecTRI,RARA,3.4059783090471334,2.0013628026820443,0.1873421106235402,4,1.0,2.297347157111724,1.280838906128859,0.12087524454649017,15,6,2.619480085501027,1.0788221262750763,0.015178464833308123,0.04020241033754915,True,0.10842018666296399,0.27405239623290306,1.0,1.0,False
CollecTRI,TCF7,1.6844627811229866,0.9655252917050552,0.17939911836916916,4,1.0,1.0302843272370859,0.6073366589487199,0.12825696575009046,15,6,1.2157423323038115,0.5140890202152689,0.018037477823348573,0.044891944829004146,True,0.10979665679488565,0.27405239623290306,1.0,1.0,False
CollecTRI,ETV1,2.290699389442738,0.7323757285973314,0.05215592969654412,4,1.0,0.5145391613840227,0.6546156394057968,0.460549221052173,15,6,1.3033528877037885,0.4880677391937737,0.007575316880119909,0.02279182296105642,True,0.11358881056578174,0.2754554170509385,0.9,0.9655172413793104,False
CollecTRI,TFAP2A,5.073812516782439,2.74374021663878,0.16154789215296034,4,1.0,2.577421023564881,1.5340822702302237,0.14648543256596575,15,6,3.1719681640677395,1.3389975715886686,0.017840470752200323,0.044730455654067476,True,0.11225883769685209,0.2754554170509385,1.0,1.0,False
CollecTRI,WT1,2.644189970711217,1.602059588257492,0.19740658132281952,4,1.0,1.8046833932669695,0.9971644119678859,0.1220269014343878,15,6,2.039103030441476,0.8465714315946941,0.016011191535552426,0.04165317497218902,True,0.11384429086209308,0.2754554170509385,0.0,0.0,False
CollecTRI,CDX1,1.232973304462224,0.8508580540809554,0.24316485297539783,4,1.0,1.2889649995898762,0.7014041843220128,0.10122526550454074,15,6,1.2663105911479682,0.5412172987983691,0.019296898591670435,0.04604639250150324,True,0.11579666457274773,0.2763147996011774,0.0,0.0,False
CollecTRI,FOXN1,2.4333496183294265,1.8454527383848347,0.2789406767961576,4,1.0,1.8941520634640807,0.9412166674338628,0.08795278666816761,15,6,2.0054557251033756,0.8384626017460811,0.016764838581381353,0.04283191314070787,True,0.11549715156760469,0.2763147996011774,0.05,0.0,False
CollecTRI,AR,7.89238552494196,4.7826763255884135,0.19746543307857298,4,1.0,3.8022614906658916,2.1410656654634943,0.12951144981014,15,6,4.485111154527074,1.9541833162253557,0.021725487655181012,0.049454070583504144,True,0.11933299007645189,0.27731230632642995,0.9,0.896551724137931,False
CollecTRI,ARNT,3.2431186384320796,1.1117118550447194,0.06163428283469357,4,1.0,0.6260300791465712,0.7318933954185249,0.4188670126497155,15,6,1.4173561350540052,0.6113089587167244,0.02041893844670061,0.048060902738492596,True,0.12022101420817999,0.27731230632642995,1.0,1.0,False
CollecTRI,CDX2,1.5775713599929642,1.4651315307673216,0.36047014550216355,4,1.0,1.5472396103963901,0.7326770956954577,0.07131454696494935,15,6,1.5533074354136032,0.6553063976093324,0.017771112801427506,0.044730455654067476,True,0.11981926018311474,0.27731230632642995,0.0,0.0,False
CollecTRI,CEBPB,5.917127593484693,3.6164578108308985,0.2003235814338059,4,1.0,2.9295441576246546,1.6946165605340233,0.1314095453022674,15,6,3.467428424362821,1.534503213318653,0.023843457868366915,0.05371264329176837,True,0.12207317301227393,0.27731230632642995,1.0,1.0,False
CollecTRI,HMGA2,3.054468109573012,1.445374650508962,0.12497814437588112,4,1.0,1.149308749127571,0.8475203036704575,0.21528756352650413,15,6,1.636755815170012,0.7311029050048392,0.025172259663629577,0.05619097963623119,True,0.1241829814074099,0.27731230632642995,0.95,0.4482758620689655,False
CollecTRI,KLF4,2.1269555772294293,1.3528982517208705,0.21396213111099854,4,1.0,1.3165213713070094,0.731745661412449,0.12204396820128847,15,6,1.499948145859929,0.6436319860578588,0.01978270918815166,0.046882310815756674,True,0.12130251896148181,0.27731230632642995,1.0,1.0,False
CollecTRI,LEF1,1.4414523753575956,1.2795503896154368,0.34191658323976115,4,1.0,1.5139440656626122,0.7301666472323172,0.07873004572454985,15,6,1.4961369359432677,0.6341766410380355,0.01831536260567395,0.044944081287682174,True,0.12422950138900762,0.27731230632642995,0.95,0.896551724137931,False
CollecTRI,PPARG,3.3044385015123865,1.1352791838271254,0.06196225502653416,4,1.0,0.5509041840463959,0.6452970167166994,0.4153550587539383,15,6,1.2232882356961257,0.5610042223928803,0.029217973373530395,0.06358125023422337,True,0.11992750248442198,0.27731230632642995,0.95,0.896551724137931,False
CollecTRI,VDR,4.8423037816593455,1.649855065938544,0.06075543231319557,4,1.0,0.8967686736689993,1.0626569732372553,0.42941177011584003,15,6,2.0536507370788257,0.8933823793476602,0.021519903176022284,0.04931050661525636,True,0.12121615110022986,0.27731230632642995,1.0,1.0,False
CollecTRI,E2F6,1.780794429235266,1.2860014862727691,0.26014306912251833,4,1.0,1.1532448662641546,0.6086039718704152,0.10631568644350162,15,6,1.2680772743480573,0.5501101915287918,0.02115911378180696,0.04931050661525636,True,0.12688793488376676,0.2814309324986109,1.0,1.0,False
CollecTRI,SP2,1.6503298717734007,0.9194133877088795,0.17053513141634702,4,1.0,1.1183528932075604,0.711970010660278,0.1651837679906126,15,6,1.317772637423151,0.5629223363223437,0.01923478002290667,0.04604639250150324,True,0.12872144933601654,0.28201771042112106,1.0,1.0,False
CollecTRI,TFAP2C,0.7655761135582821,1.7613460007374124,0.6931805606444581,4,0.75,1.7864680898003198,0.6915945904515736,0.04073749223470342,15,6,1.650097108462102,0.6437478109832884,0.010369246410761292,0.029650902959697578,True,0.12896695529701008,0.28201771042112106,1.0,1.0,False
CollecTRI,BMAL1,2.754705935261108,1.3215873238068194,0.12846258417632261,4,1.0,1.5923304065396817,1.1879789371342788,0.22383102173424865,15,6,2.1118086374786142,0.8834995074266667,0.016835665280740666,0.04283191314070787,True,0.13080101046596393,0.282857185132647,0.0,0.0,False
CollecTRI,CREB1,7.080800718852629,3.1356897530519916,0.10911420542472322,4,1.0,1.9177881125450602,1.5640089672887116,0.26893679618766386,15,6,2.946349423027753,1.399576321012686,0.035276305056092194,0.07179765617298764,True,0.1328921203382924,0.28321747691252463,1.0,1.0,False
CollecTRI,HEY1,1.2395168467437276,0.788012480266136,0.2137813363124719,4,1.0,0.6110645977237976,0.39046763803166173,0.13905810071818797,15,6,0.7349505668473533,0.3498710550454712,0.03567322429987606,0.07218090998688372,True,0.13424180986605214,0.28321747691252463,1.0,1.0,False
CollecTRI,STAT3,6.86685244416799,2.7743187390298663,0.08965427014958231,4,1.0,2.251001145829504,2.108119529764546,0.32911163153597833,15,6,3.9406146397300206,1.6785107818789917,0.01889048784781283,0.04597952820720447,True,0.13346133456526668,0.28321747691252463,1.0,1.0,False
CollecTRI,AP1,7.473739308401735,4.376322619770013,0.186216061298065,4,1.0,3.529968164938185,2.2765802653343714,0.17208782163113295,15,6,4.369903743712311,2.0196516416775085,0.030488008940786404,0.06552081424541674,True,0.14230125581170072,0.2943300033588144,0.0,0.0,False
CollecTRI,NFAT5,3.006352213783108,1.4660779028709663,0.13268642480705384,4,1.0,1.105854231303119,0.8535150799020615,0.2428513432987582,15,6,1.586935308438527,0.7376196520132158,0.03144246137227544,0.06651548973521335,True,0.14291167793144743,0.2943300033588144,1.0,1.0,False
CollecTRI,TAL1,4.439991444389712,1.7290156568355408,0.0826417331692093,4,1.0,1.3137837607965963,1.393791540551827,0.38473895676591646,15,6,2.5451215232606144,1.0851221089907952,0.019003099808179883,0.04597952820720447,True,0.1414400522533938,0.2943300033588144,0.05,0.10344827586206896,False
CollecTRI,YBX3,2.5531364607856606,1.245172718636076,0.1327095221818297,4,1.0,0.9348794008407932,0.7201068349617221,0.24092935491648387,15,6,1.3404617128902805,0.623369206485103,0.031527573169291875,0.06651548973521335,True,0.1420538072116446,0.2943300033588144,1.0,1.0,False
CollecTRI,CTNNB1,1.9551641312816126,2.551266802874001,0.49924996094907265,4,0.75,1.843976989983178,0.8502085889628238,0.06608854105487312,15,6,1.855090675816744,0.8065989526700691,0.021454325577661023,0.04931050661525636,True,0.14555309989587364,0.29624336802336637,1.0,1.0,False
CollecTRI,NFIC,2.6262701741161303,1.8364814000570635,0.2480605153398047,4,1.0,1.7917381457695685,1.034246315003942,0.13542572815687665,15,6,1.9926845399817952,0.9011667066012452,0.027020091851860502,0.059929178081690605,True,0.14759138120640602,0.29863519238255254,1.0,1.0,False
CollecTRI,CUX1,2.0822930767713674,1.6783244931098873,0.3029011182629199,4,1.0,1.9746166157458984,1.0897558802436138,0.11543121046899568,15,6,2.006550236518871,0.9139861773727793,0.028136094718809866,0.0620069348580141,True,0.15221436142227512,0.2997664676287963,1.0,1.0,False
CollecTRI,GFI1,0.8051630089742343,0.6504208957301816,0.30379726115881284,4,1.0,1.1296818879611958,0.6270975350200347,0.11222165190075957,15,6,0.9733451410508521,0.4514451971799065,0.03107859829924631,0.06637774698481001,True,0.14928051583396254,0.2997664676287963,0.0,0.2413793103448276,False
CollecTRI,POU4F2,1.9818168569381653,1.540026845627962,0.28844508702263366,4,1.0,0.561413577686585,0.3430360386973731,0.11976518002243328,15,6,0.6285570942278247,0.33483010563409527,0.06048495108316576,0.10956959725013272,True,0.15080821796463248,0.2997664676287963,0.0,0.0,False
CollecTRI,SMAD5,1.7153487870249964,1.321978592490595,0.2852018888421114,4,1.0,0.9108995335754223,0.5582998869975797,0.12219412421038836,15,6,1.0326606428080671,0.5143152405915857,0.04466072453297463,0.08537353971496807,True,0.1518310529587758,0.2997664676287963,1.0,1.0,False
CollecTRI,STAT5A,3.7842341254723526,2.1224754553949876,0.17260834186060456,4,1.0,2.04796651254776,1.4409059013378025,0.20302720515474984,15,6,2.5957243884762637,1.1921438424230437,0.02945383828383455,0.06369392528879221,True,0.15248236503661314,0.2997664676287963,1.0,1.0,False
CollecTRI,CTCF,3.9786234216625846,1.6697089961808316,0.09736931008778878,4,1.0,1.1720775538165986,1.223564399415013,0.3713872648640054,15,6,2.1526306928567496,0.9869389344047614,0.029174658482589322,0.06358125023422337,True,0.15620974688836894,0.30499452397210675,1.0,1.0,False
CollecTRI,HMGA1,1.6799040590661023,1.2733895099552863,0.278742442954453,4,1.0,1.644498651438014,0.977569562083808,0.13235130493341432,15,6,1.6576273911196926,0.7754217652674879,0.0325402319554692,0.06741868417121163,True,0.158626522377014,0.30499452397210675,1.0,1.0,False
CollecTRI,SMAD4,2.6404476704614153,1.6228687075594863,0.20221014008541816,4,1.0,1.554695741498484,1.0378248131715526,0.1825051750417165,15,6,1.8698427068797154,0.87432852233691,0.03246773180449196,0.06741868417121163,True,0.15866767143057575,0.30499452397210675,1.0,1.0,False
CollecTRI,TAF1,3.323679262328751,1.5953844732017186,0.12859544557991,4,1.0,1.2849299436879273,1.1042655226847282,0.28395857882122033,15,6,1.9452975961539614,0.9079801252710713,0.032157679704291224,0.06741868417121163,True,0.15738340545149904,0.30499452397210675,1.0,1.0,False
CollecTRI,NCOA3,4.183601388047645,2.2072404539155848,0.15433007958909817,4,1.0,1.4602402838403659,1.114922153941869,0.24326882183219575,15,6,2.0138460057486296,0.9951700953714568,0.043009276211358756,0.0826733864951674,True,0.16077148668441923,0.307331129242039,1.0,1.0,False
CollecTRI,SP3,6.352561164949252,3.1815716595236494,0.1397759079811691,4,1.0,2.5024631080794633,2.0942302399155435,0.2755639825991669,15,6,3.666340289532935,1.7492802425680907,0.03608985408058527,0.07237177492455897,True,0.16395427331040763,0.31095751863520427,1.0,1.0,False
CollecTRI,ZNF699,2.72262571313953,1.7468683296326701,0.21698485275430487,4,1.0,1.6050423031062526,1.0413265836309233,0.17823561259412024,15,6,1.8980525281439196,0.8944613640049311,0.03383722039836783,0.06927620270908444,True,0.1644659708388508,0.31095751863520427,0.75,1.0,False
CollecTRI,IRF9,1.5612663906956201,0.966652849374174,0.2046955590239847,4,1.0,1.2537849918325623,0.8884698547320521,0.19294329257566917,15,6,1.394590054218641,0.6541393062403243,0.033011238678605934,0.06798743204046222,True,0.1671251202932161,0.3125691438997447,1.0,1.0,False
CollecTRI,USF2,3.0776399850031013,1.7919032108052249,0.18438197782795734,4,1.0,1.6072885888007347,1.1622789147102484,0.21307113812126618,15,6,2.042704927500679,0.9751161275040531,0.036185887462279485,0.07237177492455897,True,0.16645189173927719,0.3125691438997447,1.0,1.0,False
CollecTRI,RUNX3,0.8343727235933766,1.2924134589480836,0.5645216059564498,4,0.75,0.9408537673570887,0.48211911731371937,0.07085528769906349,15,6,0.9278462506655243,0.45171292585995754,0.03996971388775762,0.07882728602264547,True,0.1687529111140185,0.31391670562070106,0.95,1.0,False
CollecTRI,NR0B1,1.2830156953760488,0.8910697673057405,0.24552611633291704,4,1.0,1.047789601734833,0.7158448816591578,0.17668626439196974,15,6,1.1400539956591982,0.5580665953523607,0.04106593157798896,0.07982478834822573,True,0.17949931621337595,0.33159493468016654,0.0,0.0,False
CollecTRI,SMARCA1,4.562170094739306,1.6745213371206222,0.07227699838523194,4,1.0,0.5023530645843568,0.910317085174407,0.6031788424700608,15,6,1.4284627917909196,0.7997765720659146,0.07408674074273225,0.12753239948748935,True,0.1801729702886454,0.33159493468016654,1.0,1.0,False
CollecTRI,MEF2C,3.558926311873595,1.815133982249229,0.1447538434724992,4,1.0,1.167998689150973,1.0404370676894006,0.30501940059657007,15,6,1.7592874464591484,0.9026622566575306,0.05129559562138912,0.09593662748648993,True,0.1819136875751788,0.3330271740794279,0.95,1.0,False
CollecTRI,JUN,9.34123329596122,4.742018516312636,0.14346284398136797,4,1.0,2.390146841907627,2.178290712025476,0.3152038454502964,15,6,3.6013298639464284,1.9794374726267094,0.0688549457963058,0.1203222790177869,True,0.18523100318955693,0.3368130706543809,1.0,1.0,False
CollecTRI,NFKB,10.22994111748843,5.150451074041932,0.14120094295707444,4,1.0,3.539029366150332,3.258858316363234,0.32185003574588306,15,6,5.451914812428877,2.7538932182641402,0.04773592546783846,0.09025480990094048,True,0.18592860258666688,0.3368130706543809,0.0,0.0,False
CollecTRI,HR,3.4836225555734104,1.7540065606375916,0.14121850051926532,4,1.0,1.1523394008820607,1.108210792723831,0.33588469170268415,15,6,1.8174592290389555,0.9368793100597329,0.05239092870161143,0.09693722636768747,True,0.1920299204363889,0.3460539191197425,0.85,0.9655172413793104,False
CollecTRI,CLOCK,3.0946486004835365,1.9468576045206236,0.2101523664949518,4,1.0,1.3374367252745434,1.0352290833810074,0.2442995065162449,15,6,1.7247712702001448,0.9140400786243352,0.05916361575584141,0.10774005816590068,True,0.2037834518311572,0.3634488367710329,1.0,1.0,False
CollecTRI,GATA2,1.8304849867139898,1.3151170715566056,0.25820105678429006,4,1.0,1.1531077850794853,0.8165295702150284,0.19813699597765252,15,6,1.3415775368195997,0.693697224435164,0.053118958472857546,0.097761487402174,True,0.20324587748477083,0.3634488367710329,0.3,1.0,False
CollecTRI,EPAS1,3.0052130973362634,1.657647512799937,0.16749784550339739,4,1.0,1.341635870140137,1.2229882311811726,0.3150686133905647,15,6,1.927995115662624,0.9841302736061147,0.05010280239871511,0.09421505233671429,True,0.20801919086614398,0.36535350273952194,1.0,1.0,False
CollecTRI,FLI1,3.991900865059248,1.7414129596351815,0.1057294612589903,4,1.0,0.8205691810919784,1.1378399741427951,0.49806839260255675,15,6,1.769418352124912,0.9525319026147052,0.06322657111481671,0.11276491549343598,True,0.20768720816692604,0.36535350273952194,0.15,0.6551724137931034,False
CollecTRI,SMAD2,2.361135557416694,0.7910072351913016,0.05836448630033067,4,1.0,0.1497655840585612,1.103662296853749,0.8968520132355036,15,6,1.610693361624302,0.64293064263149,0.012236951347942723,0.033871881331105455,True,0.2067554115139286,0.36535350273952194,1.0,1.0,False
CollecTRI,KAT5,3.7714636084633515,1.7394986105935,0.11866420737453595,4,1.0,0.660611707789488,0.8284239830130211,0.45740114614856564,15,6,1.235733886000959,0.7479360663548846,0.09849544384627344,0.1547980754302892,True,0.21242185784606848,0.3666246834030832,1.0,1.0,False
CollecTRI,NR3C2,1.1585527500399657,0.740783104399035,0.21578067079319402,4,1.0,1.1359483924242695,0.8797298617516796,0.24833322661578325,15,6,1.1491745794471757,0.5666466342417684,0.04255750940512861,0.08226200141996927,True,0.21040225085981826,0.3666246834030832,1.0,1.0,False
CollecTRI,ERG,2.295942247856838,1.2451799157528283,0.16241235186642003,4,1.0,0.6904335821386299,0.6775226602039893,0.34222782085555803,15,6,1.0571835945625898,0.5951286371296417,0.07566781826241507,0.12960584989095347,True,0.2162082653068181,0.3703369296839558,0.1,0.6551724137931034,False
CollecTRI,ATF6,0.5314213004099102,0.8594292468157079,0.5801229973235443,4,0.75,1.4996526338451375,0.8204920019568258,0.09703142710859364,15,6,1.037966600694459,0.5934633867346086,0.08029127068825159,0.13420666501514517,True,0.21825021544087625,0.37199297804208464,1.0,1.0,False
CollecTRI,EGR1,4.95336566458056,3.624952421265568,0.26519865555213284,4,1.0,2.43315087963903,1.7250620543121546,0.2143781776704496,15,6,2.898508178539661,1.5576748150563486,0.0627736151712705,0.11253715465937612,True,0.21986626686921182,0.3728615966889793,1.0,1.0,False
CollecTRI,SATB2,-0.010462685545622574,0.7359009804724906,0.9895490980065549,4,0.5,-1.5783297109238985,0.6894446989235632,0.05782331602369245,15,6,-0.8454434493380648,0.5031332959995748,0.09288791818422917,0.1494847427522944,True,0.22091510786485766,0.3728615966889793,0.15,0.41379310344827586,False
CollecTRI,DNMT3A,1.4951581425732081,1.0358075328122804,0.24459977812084766,4,1.0,0.5013887221421677,0.3997990156239362,0.24332787639305786,15,6,0.6302429922784889,0.37298009764681817,0.09107585868540212,0.14794482208990203,True,0.2274464814250731,0.3770160177759546,1.0,1.0,False
CollecTRI,ETS2,2.9405589358287276,2.64168444928438,0.346812748465635,4,1.0,1.8915665654179143,1.230993971313372,0.17209006659605364,15,6,2.0787123107303267,1.1157958811922926,0.06246421007938151,0.11253715465937612,True,0.22791203460699974,0.3770160177759546,1.0,1.0,False
CollecTRI,KMT2A,3.874841748607178,2.6565008752493644,0.2407532027061333,4,1.0,1.601813753880597,1.2593760968733652,0.24999559941775065,15,6,2.0189230843176627,1.1379744818408155,0.07604042638110854,0.12960584989095347,True,0.2293311376097493,0.3770160177759546,1.0,1.0,False
CollecTRI,RORA,2.5094858001110882,1.705805906730783,0.23762570920760018,4,1.0,0.9746204437059623,0.7745504962868356,0.25508307075622555,15,6,1.2369815666688253,0.7052518151877124,0.07943782475696133,0.13342469595101272,True,0.23052977483503476,0.3770160177759546,1.0,1.0,False
CollecTRI,ZNF384,1.7645761889650582,0.6810698719127404,0.08101172002561453,4,1.0,0.18427792049610492,0.5763278167377416,0.7590708824176035,15,6,0.8436943230817008,0.4399486707089933,0.055147689868085784,0.10095820473205122,True,0.2329884207117784,0.37846945336279497,1.0,1.0,False
CollecTRI,MYOG,2.2219340957705076,1.257503842659539,0.17540570483069162,4,1.0,0.7782494222731491,0.8039422029778982,0.3662734647226406,15,6,1.1971174311760648,0.6773478303706412,0.07716796484729942,0.13024446749836877,True,0.2406048205530383,0.3854132773673669,0.0,0.0,False
CollecTRI,STAT5B,2.7469638435450867,1.6152418015131358,0.18756639095066358,4,1.0,1.0242644598619184,0.9928188885684024,0.3406256964177778,15,6,1.4966400656496377,0.8458172286262116,0.07681707880204318,0.13024446749836877,True,0.23962516444374696,0.3854132773673669,1.0,1.0,False
CollecTRI,BRCA1,2.3407712032516206,1.221109408386613,0.15109397391071008,4,1.0,0.4588142959702174,0.5527741215296197,0.4338091379780423,15,6,0.7788787091582342,0.5035799548868938,0.12193963069840719,0.17802157055548054,True,0.24415890713680213,0.38751826545565843,0.95,0.9310344827586207,False
CollecTRI,IRF3,2.2273999023112823,1.650877812270156,0.2700607877826227,4,1.0,1.611342558123387,1.2414164077177916,0.24219899784073043,15,6,1.8338697588587654,0.992192439570068,0.06455888684756858,0.11455064025260887,True,0.24378408999754086,0.38751826545565843,1.0,1.0,False
CollecTRI,HSF1,3.5683410518946754,1.7869996954070695,0.13975426699927151,4,1.0,0.6673987595307969,0.883518462800673,0.47231434903679526,15,6,1.237228955951796,0.7920045261443225,0.1182529282729353,0.17485262043775904,True,0.24541623201698004,0.3877352341455484,1.0,1.0,False
CollecTRI,KAT7,4.179012256329906,2.407374950250988,0.1809804871432101,4,1.0,1.2379877276814266,1.278418258642553,0.3716351319911464,15,6,1.8849322207948274,1.1290883441781816,0.09503249640298288,0.15222798034922255,True,0.24880400120673934,0.3895302462331756,1.0,1.0,False
CollecTRI,FOXO3,3.7836849303510935,3.5403766854858882,0.36354987951511236,4,1.0,1.7368945123153492,1.1748656187340072,0.19034586867919762,15,6,1.9399336584122198,1.1150713916584893,0.08190478378060294,0.13624545763504142,True,0.25401678683331935,0.39384053301287686,1.0,1.0,False
CollecTRI,JUND,3.278403929843864,1.9119463827187033,0.18491197046599736,4,1.0,0.4639642516087329,0.5089692285980816,0.3790576344536153,15,6,0.6502110713214987,0.4918403664905493,0.18616943266844566,0.25408654544678533,True,0.2563935757980998,0.39384053301287686,1.0,1.0,False
CollecTRI,PITX1,0.733796899286435,0.3280465667059825,0.11128448004389932,4,1.0,0.20109884244072668,0.4020704946938012,0.6267851501222572,15,6,0.5209066862703483,0.254178900198746,0.04042592018582107,0.07902468013725475,True,0.25548682709312354,0.39384053301287686,1.0,1.0,False
CollecTRI,STAT2,2.323823139554189,1.179721159696962,0.143473791811331,4,1.0,0.7301495587465305,1.0010945099765476,0.48854835478880243,15,6,1.3973213573080376,0.7633057301629279,0.06715755098722268,0.1185536359264237,True,0.2563978041351541,0.39384053301287686,1.0,1.0,False
CollecTRI,HSF2,1.2377723042897155,0.5087385421137242,0.09307827082653825,4,1.0,0.18453601703564448,0.5975413141140689,0.7659176566400652,15,6,0.7951577657198731,0.387362761932579,0.04009711658955376,0.07882728602264547,True,0.25956760268531315,0.3947821086933184,1.0,1.0,False
CollecTRI,PAX6,2.992124224344281,2.3077464086036077,0.28550513673075795,4,1.0,1.5717815408816924,1.2383248784846705,0.25046558791205575,15,6,1.8893172278389698,1.0911583623008114,0.08336645900610712,0.13801337232589983,True,0.2601454357863486,0.3947821086933184,1.0,1.0,False
CollecTRI,ETV4,1.8252193379240431,0.7532665623192112,0.0939102122991446,4,1.0,0.2835079942075719,0.9367277284968452,0.7713890538081856,15,6,1.2197782818979968,0.5870130769295964,0.03771483415041729,0.07499616446002519,True,0.26259819526456213,0.39503902418060216,0.7,1.0,False
CollecTRI,THRB,1.2995482760251305,1.047148595209456,0.30279272193241624,4,1.0,0.5776427708584527,0.45713130813006053,0.23873274432476319,15,6,0.6931978391813106,0.41895042654811676,0.09800447000488281,0.1547980754302892,True,0.2621917557349571,0.39503902418060216,1.0,1.0,False
CollecTRI,ATF2,3.2546961828187952,2.2423699542299316,0.24256540947459784,4,1.0,1.3983796501109198,1.2473484253707712,0.30070058368310887,15,6,1.837042754279982,1.0900509634606395,0.09193426770878999,0.14864138610860436,True,0.26390438232471897,0.39528535188031494,1.0,1.0,False
CollecTRI,CREBBP,2.931157679616568,1.4715519154318493,0.14042716533842947,4,1.0,0.44710313532385815,0.6583904863365636,0.5248059285367674,15,6,0.8614188962004644,0.600981013433495,0.15175652763088174,0.21519573180444707,True,0.26588355764390287,0.3956890365762249,1.0,1.0,False
CollecTRI,PBX1,1.1988408179786512,0.4523993802151215,0.07699638341761812,4,1.0,0.04925830725245763,1.0014853404482245,0.9625105282960547,15,6,1.0040146227505222,0.4122856292616673,0.014881898672288932,0.0399157902373021,True,0.26695895474447173,0.3956890365762249,1.0,1.0,False
CollecTRI,TFAP4,1.4033638254978864,1.6083324440967666,0.4471206102309814,4,0.75,1.0152302386026195,0.6441259985729633,0.16728975046652925,15,6,1.0688797166732726,0.5979542549440462,0.07384685942755911,0.12753239948748935,True,0.2687483340907886,0.3956890365762249,0.95,0.5517241379310345,False
CollecTRI,CXXC1,1.0733469033014997,0.7741389759981102,0.2596644514754995,4,1.0,0.5774567831304454,0.511357735928964,0.29296097934480175,15,6,0.7280980690680484,0.4266759979891339,0.08792571800611446,0.14350140768922454,True,0.27203802475667693,0.39649008819175235,1.0,1.0,False
CollecTRI,NR3C1,3.278583261302606,1.4064655237287196,0.10204731894647577,4,1.0,0.3081522654229269,0.9360830131954455,0.7524584583293572,15,6,1.220024242518059,0.7792670113155263,0.11744114480421391,0.17439757983801724,True,0.2738761013810081,0.39649008819175235,1.0,1.0,False
CollecTRI,POU1F1,2.7491980965764995,1.6748110101457385,0.19923261220464755,4,1.0,0.7906189395241384,0.8445960911920539,0.3816175981956313,15,6,1.1877209983619526,0.7541301642931677,0.1152668547753746,0.17326128530113846,True,0.2719327008684656,0.39649008819175235,0.0,0.0,False
CollecTRI,ETS1,3.8398935434105526,2.880370728217611,0.2746854537141661,4,1.0,1.9615451073356858,1.7190829248040111,0.29455529267718283,15,6,2.4548875907728247,1.4761638573989815,0.09630876125753123,0.15285702474819174,True,0.2843516848133372,0.4082393483212228,1.0,1.0,False
CollecTRI,HOXA10,1.253220050382967,0.6616989189499346,0.1545519045664988,4,1.0,0.4424487852339964,0.6813117198234027,0.5415221491084479,15,6,0.8596720789581115,0.4746740879348676,0.0701286868246537,0.12193228965492553,True,0.29130254387877047,0.41139053135532483,0.0,0.034482758620689655,False
CollecTRI,NFATC1,2.5174749393440647,1.5992372711595033,0.21351521400089182,4,1.0,1.2141373838832759,1.3041668202594139,0.38989636417165446,15,6,1.7347031858504127,1.0106999984254277,0.08610012977722926,0.14118789053517217,True,0.2901988011567721,0.41139053135532483,1.0,1.0,False
CollecTRI,EGR3,1.022577799873044,0.9055327436565603,0.3409287533234755,4,1.0,0.6030018416010041,0.4986709933102762,0.25263505596507124,15,6,0.7006352197732015,0.4368154788312158,0.10872253460877601,0.16645131404706415,True,0.2973132913529302,0.4147999951940075,1.0,1.0,False
CollecTRI,FOS,5.991136921901892,3.022500396932792,0.14175682375626666,4,1.0,0.8207761192677203,1.5008831091200996,0.6051049448291108,15,6,1.8435063134424874,1.3442699184347315,0.17025619671542647,0.2382628965168935,True,0.2964475414868395,0.4147999951940075,1.0,1.0,False
CollecTRI,SMAD3,3.506841734991514,1.5474610549039114,0.10830504476135579,4,1.0,0.34635949733711335,1.2202417851877307,0.7867531726363989,15,6,1.558094823689827,0.9581796337048294,0.10392862348799017,0.16125248308002063,True,0.2950496232522651,0.4147999951940075,1.0,1.0,False
CollecTRI,MECP2,-2.0066015402686235,1.7298793386824807,0.32999136747279445,4,1.0,-0.7683134000827282,0.6202495056534988,0.26288994619022377,15,6,-0.9093717562179824,0.5838541399783058,0.11934412765256697,0.17571518369271563,True,0.2988333356075322,0.41524632176789616,1.0,1.0,False
CollecTRI,TCF7L2,2.901439109192532,1.506239280637333,0.1497116162684846,4,1.0,0.6196515525154386,1.0709150366094125,0.5837146779601206,15,6,1.385805825995677,0.8727994816565994,0.11233810021601996,0.1704779941874689,True,0.30038939109150026,0.4157389172706364,1.0,1.0,False
CollecTRI,TCF4,2.039777647083071,0.8588031016920704,0.09804728214984265,4,1.0,0.09721400475934279,0.7559077002707607,0.9021702150609382,15,6,0.9452090497221882,0.5674173792537068,0.09575143749858837,0.15267279896088284,True,0.3029823098453615,0.4176568892689047,1.0,1.0,False
CollecTRI,ZNF91,2.4635369153204723,1.1476756362287655,0.1211021681284004,4,1.0,0.31661947273014485,0.8933862595226445,0.734835548961492,15,6,1.126688907801476,0.7049732091772224,0.10999824498603504,0.16766252319457325,True,0.30427782227206057,0.4177782797862419,1.0,1.0,False
CollecTRI,CEBPD,2.2095468863410503,1.544493863255037,0.24792001944693065,4,1.0,0.7430922120022054,0.7769908387272134,0.3697231131445634,15,6,1.0392675860654748,0.6941068617972262,0.13432219133141235,0.19284430788659201,True,0.3107012880112085,0.424911642892799,1.0,1.0,False
CollecTRI,CEBPA,2.4520151388241214,2.1133152042954473,0.32988512351409965,4,1.0,0.7471397593532667,0.6497425277378656,0.28717516406464333,15,6,0.89437790902136,0.6210522415239182,0.1498388467528691,0.21335078591149262,True,0.317993861840145,0.42978857889332095,1.0,1.0,False
CollecTRI,STAT1,6.359944764544032,3.5089252407000315,0.1675704287360464,4,1.0,1.6324513591519538,2.6790732317157224,0.5634489974866701,15,6,3.3734101515033115,2.129378650603064,0.1131430326090846,0.17094973485914092,True,0.31724526374197637,0.42978857889332095,1.0,1.0,False
CollecTRI,GRHL3,2.441188795969462,1.4911346266705388,0.2001248900628552,4,1.0,0.5340646115448436,0.7068040989262431,0.48033142458555045,15,6,0.8839459323954979,0.6386865158744218,0.16635663562223257,0.23493630989915293,True,0.32126290769691696,0.42983450988186234,0.35,0.8620689655172413,False
CollecTRI,RUNX1,2.1642911824084146,2.5082478704320397,0.4516716579026398,4,0.75,1.63693855919186,1.1919042656909393,0.2132884902444518,15,6,1.7340834666564053,1.0765393683510762,0.10722456623332437,0.1648875551854677,True,0.3217547342757293,0.42983450988186234,1.0,1.0,False
CollecTRI,BHLHE41,0.5488985972217271,0.6743906776038778,0.4752918367807961,4,1.0,0.393086457436111,0.2892773828186,0.20977806050306982,15,6,0.41729994204045084,0.2658517719479805,0.11649156155115616,0.1737331047271553,True,0.32958065486359894,0.4340684110069492,1.0,1.0,False
CollecTRI,MYBL2,2.3134461626406693,1.071808908320334,0.11975031489506198,4,1.0,0.20043143459523866,0.9885921013795288,0.8462884923822988,15,6,1.1717359813093784,0.726681009967216,0.10686429530859283,0.1648875551854677,True,0.3333426205113352,0.4340684110069492,0.25,0.3103448275862069,False
CollecTRI,NRG1,2.3218444646765017,1.6936569490092939,0.26396111311696624,4,1.0,1.0051561019803916,1.0639743361540146,0.38006366759952714,15,6,1.3777445384484828,0.9009457394507946,0.12620983303023794,0.1827138168554909,True,0.3309994899530219,0.4340684110069492,0.75,0.8620689655172413,False
CollecTRI,RELA,6.674531981732566,3.4216331642784183,0.14617573332056666,4,1.0,1.1294433104050352,2.7590169282351384,0.6966307185929759,15,6,3.314263850448806,2.147766598429734,0.12280140803048277,0.1785264167165842,True,0.33445675299615735,0.4340684110069492,1.0,1.0,False
CollecTRI,CEBPG,4.416294044128455,2.9758875515512755,0.23445340651331187,4,1.0,1.1444870612395799,1.4436231824540475,0.45650514062291747,15,6,1.7677622657820131,1.2988607829835617,0.17351058973469846,0.23918192847890704,True,0.34620235260458093,0.4468852627278993,1.0,1.0,False
CollecTRI,SOX4,1.9353294864422397,1.8972284849835463,0.38278129096981545,4,1.0,1.4401023443526428,1.2160100550435948,0.2810506798744143,15,6,1.584304814844786,1.0237732254501257,0.12173901805197287,0.17802157055548054,True,0.3474339181323841,0.4468852627278993,1.0,1.0,False
CollecTRI,EWSR1,3.4762052783761166,2.530675404872495,0.26320601396792287,4,1.0,0.7977642995118766,0.9108298754150966,0.41335748032576436,15,6,1.1049368255804768,0.8570113792611634,0.19729703299310775,0.26459214502176465,True,0.3501408922817246,0.4486990693684323,1.0,1.0,False
CollecTRI,ELF1,2.228424692444769,1.9479891218152006,0.3356467624987703,4,1.0,1.2104011195678859,1.2000519497389541,0.34294255206964913,15,6,1.4904662053216648,1.0217322356437506,0.14463007358701452,0.2067851465335001,True,0.36395723951173525,0.46075833670369,1.0,1.0,False
CollecTRI,NCOA2,2.895017622938799,1.8968610888110542,0.22438479370744413,4,1.0,0.7830082719002928,1.195853729626134,0.5373871465463551,15,6,1.3836892753371075,1.0116017178450067,0.1713683596704284,0.2382628965168935,True,0.3756631594361421,0.4709400476989317,1.0,1.0,False
CollecTRI,PPARA,3.1152921391392026,1.578219730888499,0.1428991931134222,4,1.0,0.13154432800631147,0.6733950119346017,0.8496388268727372,15,6,0.5910902713437765,0.6193710187893484,0.33991178466891114,0.4276708272561573,True,0.37741864347656634,0.471432673801054,1.0,1.0,False
CollecTRI,SRY,2.248542959136644,1.2168526834042148,0.16177235986639746,4,1.0,0.2025339529961023,0.7265521755901754,0.7891665715136102,15,6,0.7402411585913877,0.6238169367750883,0.23537279573895953,0.3132268743295385,True,0.3904443922444366,0.48247771327348243,0.0,0.0,False
CollecTRI,ATF5,1.5315164025104706,2.0108154814028927,0.5016767524171458,4,0.75,0.8046197934000877,0.6792546881771786,0.2792479911540633,15,6,0.8790699664974675,0.643529936407784,0.17193502575965636,0.2382628965168935,True,0.41543709491170355,0.5043552099629804,1.0,1.0,False
CollecTRI,HES1,0.28559718759811104,0.9581316562535064,0.7850961203981894,4,0.75,0.8650867363978954,0.6040398651650826,0.1818072141200584,15,6,0.7002740524922999,0.5109727044707841,0.17053944627259998,0.2382628965168935,True,0.4206087920735204,0.508848398802231,1.0,1.0,False
CollecTRI,CEBPE,0.3370950636010399,1.3572749074348385,0.8198852200322999,4,0.75,0.43844420676256607,0.3261036502204661,0.1961568890673534,15,6,0.43291296869318074,0.3170800770990984,0.17215527204977854,0.2382628965168935,True,0.4547248631928489,0.5444110818848641,0.0,0.0,False
CollecTRI,SNAI1,2.1526080115886,1.2193821723373994,0.1756907709242078,4,1.0,0.05748631584730789,0.8798290603442969,0.9499420718358247,15,6,0.7747962115678454,0.7134912070023368,0.27751324652003284,0.3596239074753984,True,0.46570409568722015,0.5537237701298219,0.45,1.0,False
CollecTRI,ELF3,1.6528842681784466,1.0366473219656764,0.20909593929753884,4,1.0,0.11222618029130949,0.48289278557894877,0.8223376024438155,15,6,0.38692620227548946,0.43773093827818466,0.3767306789070768,0.4662397015436252,True,0.4746723542300548,0.5620198039978804,1.0,1.0,False
CollecTRI,NFKB1,5.647259712686656,3.3328994149130096,0.18876233869947276,4,1.0,0.2090885340815697,2.5815574381007718,0.9381179969122792,15,6,2.248308578267774,2.0409286198465795,0.27063100296705234,0.3520237858142861,True,0.4836350240672481,0.5639161961284677,1.0,1.0,False
CollecTRI,NOTCH1,1.5442951387202926,1.615394143941003,0.4096049639428984,4,1.0,0.5670057553275752,0.6742018089077596,0.4354035467898939,15,6,0.711985617141395,0.6221867446167272,0.25248769933519444,0.3321701291634117,True,0.48581542860763516,0.5639161961284677,1.0,1.0,False
CollecTRI,SP4,2.314945959537594,2.267276066548308,0.38239944557517436,4,1.0,0.7365669749125693,0.9506349901498343,0.467997109914679,15,6,0.9725586215472732,0.8766920614424669,0.26727908385133126,0.3489757094813608,True,0.4868804743455736,0.5639161961284677,1.0,1.0,False
CollecTRI,IRF4,0.7183409586763756,0.5349628410949206,0.2718995780663354,4,1.0,0.334811150122639,0.7532141312913516,0.664376829012699,15,6,0.589742933631763,0.4361501709047977,0.17632551633183347,0.2420977327413269,True,0.48976651922092795,0.564864052168137,0.3,0.7241379310344828,False
CollecTRI,LMO2,1.4834061039378714,0.9804101097037754,0.2274754929397496,4,1.0,0.13411242525639058,0.665047891802691,0.8458164405623749,15,6,0.559321158237409,0.5503711060898396,0.3095047106099984,0.39653798453054334,True,0.5095137295226794,0.5837475179299572,1.0,1.0,False
CollecTRI,TBX15,1.8249044739496754,1.299968562104318,0.2549858363594203,4,1.0,0.18355433916803698,0.667874661962687,0.7927291693551275,15,6,0.5263182109568925,0.5940592355059179,0.3756341015165151,0.4662397015436252,True,0.5253119139506031,0.5939801379964335,0.0,0.06896551724137931,False
CollecTRI,HBP1,1.7538307896620149,1.3120370416933702,0.2736442801401115,4,1.0,0.2105112513832555,0.6462958955954747,0.7560749614228628,15,6,0.5118670315995083,0.5797729274965849,0.37730380471738456,0.4662397015436252,True,0.5328680743637565,0.5986115380839603,1.0,1.0,False
CollecTRI,ID1,1.8006495888957994,1.5817437844216986,0.337636348083925,4,1.0,0.4000573832235509,0.7519890517333127,0.6117920119114759,15,6,0.658262114068178,0.6791448027633952,0.3324197248344045,0.419770893404029,True,0.5323441480554292,0.5986115380839603,1.0,1.0,False
CollecTRI,ZNF148,0.7470319692915461,0.7799021762870956,0.40879943771172844,4,1.0,0.5824682115190953,0.8392614817898881,0.5124673209409693,15,6,0.670774978206507,0.5713076324438402,0.24035308988229565,0.3186290003803613,True,0.5369494065897655,0.6012443193529414,1.0,1.0,False
CollecTRI,RARB,1.6093052076686218,1.9558033464866953,0.4709106449644042,4,0.75,0.4877909674742227,0.6495464904491461,0.47854961961953046,15,6,0.5992037704208502,0.6164393288815841,0.3310305806797357,0.41954791544025105,True,0.5611502787099091,0.626316117527834,1.0,1.0,False
CollecTRI,CRX,0.7062039254216153,1.0697090095008595,0.5562988143325438,4,0.75,0.2552662294846947,0.29714830092389,0.40742840647184086,15,6,0.28756975133795115,0.2863072328549685,0.31518119417680324,0.40092901906313944,True,0.5630804213611774,0.6264496006140431,0.0,0.0,False
CollecTRI,HOXA1,0.8231371367048738,1.3528171326544574,0.5858576000814233,4,0.75,0.7211716220181579,0.815809867363609,0.4075511141620403,15,6,0.748363914112045,0.6986108803843725,0.28407182915759865,0.36674945107660123,True,0.5807450002382364,0.6362955081721526,0.05,0.0,False
CollecTRI,SP7,1.7067571999582751,1.2525762178012718,0.26628071618130505,4,1.0,0.11353923024577108,0.844929679722304,0.8976714542441313,15,6,0.6117789139772667,0.7004638408980631,0.3824499174713948,0.46924706186206594,True,0.5811253774057811,0.6362955081721526,0.0,0.0,False
CollecTRI,GLI2,-0.42223665418712003,0.3243050469930288,0.28387450069967674,4,1.0,-0.1063582635921479,0.8390905114293474,0.9034304496987139,15,6,-0.38118351031075387,0.3024976898870013,0.207625931765948,0.27736900537072595,True,0.6054474793224092,0.660835419071147,0.85,0.5172413793103449,False
CollecTRI,GATA4,2.4969253958894226,2.249271714202004,0.3479315248804535,4,1.0,0.3932622099463444,1.2880346687853919,0.7714359967729714,15,6,0.9127492624439769,1.1177410016607596,0.4141560524192026,0.502799979428225,True,0.6214293918299808,0.6740268638657472,0.0,0.0,False
CollecTRI,SMAD1,1.8673216942905302,1.7665962749749284,0.36809149004780906,4,1.0,0.2804690283109787,0.76976747986619,0.7253508681166129,15,6,0.5336805602386974,0.7056847751320092,0.4494938417423432,0.5381483364804523,True,0.6195693014134702,0.6740268638657472,1.0,1.0,False
CollecTRI,NFATC3,-0.06030318147197869,1.1387579622104635,0.9610965788393647,4,0.5,-0.39690781916483187,0.36892506984962836,0.30502389266459423,15,6,-0.36493447931221523,0.3509662706128026,0.29843315864077646,0.38385826353051544,True,0.6528749257197994,0.7059210134345332,1.0,1.0,False
CollecTRI,FOXO1,1.855861439849578,1.8722163178276685,0.394630148181885,4,1.0,0.2947855419118542,0.9366065937099085,0.7632784985271542,15,6,0.6072667201377755,0.8376371849869545,0.4684668535060378,0.5551011346338667,True,0.6626494597177429,0.713904468972405,1.0,1.0,False
CollecTRI,KLF6,0.6551662899173551,1.0442451829938875,0.5748983936823624,4,0.75,0.6478666683093602,0.9762720821784295,0.5324966088421983,15,6,0.6512711869738772,0.7131488172298176,0.3611198985644165,0.45107395271945167,True,0.6685116992689573,0.713904468972405,1.0,1.0,False
CollecTRI,NKX2-5,1.404971311605441,1.3935756525669258,0.38763474655191515,4,1.0,0.31365548238299873,1.1018919060743004,0.7856058237642882,15,6,0.7334737461701832,0.8643427368112856,0.3961087371341081,0.4842884206657293,True,0.6666095654853096,0.713904468972405,0.0,0.0,False
CollecTRI,NR5A1,2.2271272630251455,1.9949840199369098,0.3456271808922928,4,1.0,0.1729909935799805,1.0981642051546818,0.8797552589336226,15,6,0.6506714955610411,0.962040938065762,0.4988216828200145,0.5714976895884933,True,0.6660613478395767,0.713904468972405,0.0,0.0,False
CollecTRI,NFIL3,0.07197861951843046,0.5020186727790452,0.8950803552778617,4,0.75,0.6499497134901779,0.6740541996868012,0.35821042952739157,15,6,0.2781899388287997,0.40262247109683724,0.48960017471450323,0.5646722015040604,True,0.685332916872688,0.7273778810980063,1.0,1.0,False
CollecTRI,PRDM1,0.5472717056715586,0.5563352947475882,0.39779376057317595,4,1.0,0.06084413286351956,0.3942381812739008,0.8799676093020212,15,6,0.22345346047748896,0.32166236282103416,0.48725381786014,0.5638455551157473,True,0.7174856381966627,0.7545593641825085,1.0,1.0,False
CollecTRI,DLX5,0.7336566541371177,0.857722168497919,0.4552298544045546,4,0.75,0.1985463811481656,0.8441063497655235,0.8204115175109692,15,6,0.46182053513045473,0.6016294729192462,0.44271522979568667,0.531873158018429,True,0.7413129035775918,0.773983261271983,0.95,0.9655172413793104,False
CollecTRI,MAX,1.5310210019873414,2.2423839507742236,0.5437533520952368,4,0.75,0.35298257025856045,0.8631529385277328,0.6935848604767024,15,6,0.5050056154270065,0.8055360123556737,0.5307125077649284,0.6040346305482408,True,0.744902965328238,0.773983261271983,1.0,1.0,False
CollecTRI,ZBTB16,1.4145956784426355,1.9008821640829427,0.5107567153568159,4,0.75,0.19700970427547024,0.6253782069016792,0.7634015275229694,15,6,0.3159262127018226,0.5940547215212367,0.5948552975807351,0.6625610235155586,True,0.7571448891959887,0.7843476995862636,0.9,0.9310344827586207,False
CollecTRI,ZEB2,0.2271683645798978,0.41523529788645347,0.62239080264581,4,0.75,0.1941551316873532,0.4308046350692543,0.6595878543566069,15,6,0.21126907188538763,0.29896836865085685,0.4797776171184821,0.5614225860011214,True,0.776019789315415,0.801501036128757,0.65,1.0,False
CollecTRI,SOX9,0.9264240490181784,1.3413519993496625,0.5394168653854378,4,0.75,0.22287129259601407,0.8443391061044725,0.8013613912352779,15,6,0.422529756699846,0.7145593222312959,0.5543092768231332,0.6247264162241176,True,0.794815157586313,0.813627350665279,1.0,1.0,False
CollecTRI,RARG,0.364268282107826,1.6555450925104278,0.8399706079354015,4,0.75,0.3950175460300761,0.595703152137153,0.5238203021589751,15,6,0.39149272716855216,0.5605212141701315,0.4848995138667622,0.5638455551157473,True,0.8012262359217849,0.8177707304688423,1.0,1.0,False
CollecTRI,HDAC3,0.36190318175702585,0.9604182836049492,0.731383068997914,4,0.5,0.08156630390401698,0.2035499547491382,0.6938154414810015,15,6,0.09361719524458237,0.1991268796544265,0.63825613131522,0.7078096840867504,True,0.8516788258070667,0.8616399816644593,1.0,1.0,False
CollecTRI,HNF1B,0.8879959112523118,1.4535838161941623,0.584437871023655,4,0.75,0.05827465399774673,0.5246691445272458,0.9149164540390704,15,6,0.15391376924428268,0.4935052141038467,0.7551327035096086,0.8139436617268678,True,0.8694560366089082,0.8745110135659367,0.55,0.13793103448275862,False
CollecTRI,YBX1,0.48095647248240736,1.6430738079666114,0.7888164697187229,4,0.75,0.2073287289485373,1.1671130926642308,0.8654467719973068,15,6,0.29909069643650066,0.9514990664839809,0.7532656306354472,0.8139436617268678,True,0.943278279461451,0.9460124194019189,1.0,1.0,False
CollecTRI,SMAD7,0.02233177709734563,0.6814491031644171,0.9759156058180392,4,0.5,0.03406830403405134,0.6970606303071569,0.9621246800364014,15,6,0.02806714225672323,0.48728303517473937,0.9540678390976911,0.9680571036005898,True,0.9980974805152267,0.9980974805152267,0.95,1.0,False
CollecTRI,HDAC4,-0.057759571264296816,0.9939402749523848,0.9573138034249595,4,0.5,1.5699606370863213,0.3126166634680183,8.427377216204334e-05,15,6,1.4234343359544275,0.2982141210844598,1.81325512405609e-06,4.182575152822714e-05,False,0.0008410570984295578,0.06047993976948005,1.0,1.0,False
CollecTRI,RB1,1.052496290855895,0.6145592767632438,0.18530452137488196,4,1.0,-2.4813968740762813,0.45552881249857136,0.000686392591022468,15,6,-1.2282888319112257,0.3659580706781707,0.0007897428805890589,0.004203862102827914,False,0.0012680772954674223,0.06266720437256147,1.0,1.0,False
CollecTRI,VHL,-0.6776520189088843,0.5847370761881873,0.33036499118585494,4,1.0,1.3814752469011606,0.34704715711844963,0.001552159497243727,15,6,0.8450852265018124,0.2984416151900482,0.004630703866853291,0.0163113447416376,False,0.004397422434878632,0.08007937697200035,1.0,1.0,False
CollecTRI,FOXP1,0.6116261568189346,0.5861722721027532,0.37343352349947084,4,1.0,-1.709399103699204,0.3799533628062658,0.002144908978186625,15,6,-1.0227197130535959,0.3188323234382224,0.001337991391803753,0.006520352416395754,False,0.006511713285206138,0.08262009826068013,1.0,1.0,False
CollecTRI,EOMES,1.860984264824518,0.7761631065797016,0.09607547904916326,4,1.0,-1.7890442046388988,0.74924407872701,0.05253272836082656,15,6,-0.028422369404047833,0.5390609985412442,0.9579504605134022,0.9691545594667753,False,0.03174095368317003,0.15266830529365782,0.05,0.3793103448275862,False
CollecTRI,IRF5,0.8271478670809189,0.5781119351928588,0.24787365547937434,4,1.0,-1.4743517552801804,0.49876252253403125,0.019346139227331957,15,6,-0.4922719804670343,0.37764163142445584,0.19238955872435903,0.26017834207404106,False,0.030403297340377274,0.15266830529365782,0.85,0.8620689655172413,False
CollecTRI,SMAD6,-1.2612497586668328,0.33648718695291396,0.03315531594888252,4,1.0,0.8725184903952086,0.5745871217428452,0.17253800806262856,15,6,-0.716353154138664,0.29036168934659906,0.013620991358674828,0.03740367468334516,False,0.03525970989288335,0.1616994266435935,0.45,0.4482758620689655,False
CollecTRI,TWIST2,-1.5066303369322902,0.31618114841486444,0.01755319281315988,4,1.0,0.08803423476600222,0.3837409835712573,0.8250508544134326,15,6,-0.861801827263873,0.244020114632198,0.0004129231616248083,0.002976487790045493,False,0.0758122519315416,0.2282335455566606,0.0,0.034482758620689655,False
CollecTRI,ID3,1.3471441611061294,1.1150801480904489,0.31355088178757234,4,1.0,-1.5454908217254548,0.6130131035107836,0.049734687799403085,15,6,-0.8741614350009143,0.5371889816235569,0.10367584593910074,0.16125248308002063,False,0.08048007002832755,0.22960544015198947,1.0,1.0,False
CollecTRI,TFE3,3.74102850239814,1.1682321271280198,0.049245174477707106,4,1.0,-0.8529187096367563,0.7832183357966098,0.31900782096200797,15,6,0.5716457189101483,0.6505447749966061,0.37955393361693235,0.4673511068735181,False,0.0809591436374067,0.22960544015198947,1.0,1.0,False
CollecTRI,ELK3,0.379102171521706,0.5168992767309724,0.5164200779729133,4,1.0,-0.5672836691600948,0.24993534331638068,0.03735582732513816,15,6,-0.38794780161144427,0.22501184801322913,0.08468588209074347,0.13953007239712972,False,0.09545529909387562,0.25132473470327926,1.0,1.0,False
CollecTRI,HAND2,0.37594790327496014,0.21009218217299785,0.17148472180037233,4,1.0,-0.9362871952424483,0.5033923051527347,0.1108862608015544,15,6,0.18128537007367196,0.19388398308224514,0.34977807696190155,0.4384899080754273,False,0.09436364063298386,0.25132473470327926,0.0,0.0,False
CollecTRI,TFAP2B,1.1746223628845172,0.557980947860786,0.12594889088085665,4,1.0,-0.7699141627238342,0.5231521537975143,0.18581752565387044,15,6,0.13977563654572206,0.3816435967040292,0.7141811372073941,0.7795666409135894,False,0.11128063519911084,0.2750221412778025,0.0,0.5517241379310345,False
CollecTRI,GTF3A,2.9008124926667382,1.298140877856821,0.11152007621337802,4,1.0,-0.8098963232414536,0.6270484545389473,0.23880760675885615,15,6,-0.10789422847290188,0.5646282350522145,0.848455888237005,0.8922970739513791,False,0.12318952083359455,0.27731230632642995,1.0,1.0,False
CollecTRI,ATF3,2.459514228893874,1.0613141379736744,0.10332714108991993,4,1.0,-0.708288187638166,0.5983142431691727,0.2750044795175895,15,6,0.05568003251086422,0.5211977752028881,0.9149231253167939,0.9421529802369365,False,0.1295977339796481,0.28201771042112106,1.0,1.0,False
CollecTRI,ELF4,2.8541914388552154,0.9649738745588983,0.05964972731862401,4,1.0,-0.738190842674483,1.0194701355945526,0.49534776580436934,15,6,1.1565789793209815,0.7008135855977707,0.0988739152314853,0.1547980754302892,False,0.13360609356740805,0.28321747691252463,1.0,0.9310344827586207,False
CollecTRI,NR2F1,1.82856068187823,0.5358012869022515,0.042065498184939286,4,1.0,-0.09961917340726091,0.3383380755398156,0.7744487966598845,15,6,0.45005271359969196,0.2860762106502491,0.11567444192070228,0.17326128530113846,False,0.14412746118763986,0.2950775240883041,1.0,0.896551724137931,False
CollecTRI,ETV6,0.6421140993727765,1.1368554793602086,0.6116769934736936,4,0.75,-0.820041638449951,0.4449223115643926,0.0890491225708007,15,6,-0.6258367063646625,0.4143225495598094,0.13091435381519065,0.18873486008356652,False,0.2129813912254905,0.3666246834030832,1.0,1.0,False
CollecTRI,REL,2.736967952083025,1.2961651618690875,0.12517797167504865,4,1.0,-1.4095370929653932,1.6758341709351237,0.43181390787710655,15,6,1.184920082363464,1.0252800303224472,0.24780231126309316,0.32725038052301614,False,0.21177003437714642,0.3666246834030832,1.0,1.0,False
CollecTRI,TWIST1,-0.670080079402495,0.5100361799200621,0.2803515611056232,4,1.0,0.6565686451122587,0.47553642176235966,0.2067464484302898,15,6,0.039626503991961985,0.34781253568680903,0.9092927783140243,0.9391501531243356,False,0.22303501715799778,0.3746122132847924,0.0,0.6206896551724138,False
CollecTRI,NKX2-1,1.7628605777754558,0.9331803990445786,0.1552941587178792,4,1.0,-0.5409855670726578,0.6012887955692845,0.39140920543404567,15,6,0.1349062878449185,0.5054491588664218,0.7895432511326033,0.8431542126292615,False,0.23100403401301267,0.3770160177759546,0.0,0.0,False
CollecTRI,PPARD,2.1986747863713463,1.3227772285085353,0.1950657118604434,4,1.0,-0.6171758318356158,0.560231410158916,0.3054607180326101,15,6,-0.1889042595846928,0.5158714913277606,0.7142272403745892,0.7795666409135894,False,0.2276353919903063,0.3770160177759546,1.0,1.0,False
CollecTRI,ATF4,3.924318852182851,2.0791347890565204,0.1555415396003186,4,1.0,-0.9581183444495728,1.0672920212372607,0.40086958752098184,15,6,0.060140884419086355,0.9494967662187866,0.9494959662048401,0.9662517773731609,False,0.23537592372456548,0.38056107293784885,1.0,1.0,False
CollecTRI,REST,-1.4998791147499677,1.223951777172283,0.3078410809633785,4,1.0,0.9376331957364779,0.6834081555914248,0.21597504923728994,15,6,0.3583092943749238,0.5966939324993681,0.5481791038726429,0.6218687539014244,False,0.24671382730240055,0.3880135647574118,1.0,1.0,False
CollecTRI,GATA6,2.716408182364862,1.3301363609681864,0.13376287387939206,4,1.0,-0.7256100733042399,1.0852504169320747,0.5264106271839297,15,6,0.649977859854105,0.8408794899585282,0.4395378546489985,0.5298958108311969,False,0.2572484406384687,0.39384053301287686,1.0,1.0,False
CollecTRI,SRF,2.932767225917028,2.0164668070509393,0.24181696187664092,4,1.0,-1.4875428813661387,1.3259510408736888,0.308901603385868,15,6,-0.1532071031047861,1.1078916109962271,0.8900135308903826,0.9303464703567141,False,0.26848625273814786,0.3956890365762249,1.0,1.0,False
CollecTRI,ZBTB7A,0.4049802171274742,0.2901519534518807,0.25715241430156105,4,1.0,-0.6002355355492384,0.5313046162869407,0.2974934488164237,15,6,0.17405647075394967,0.25465267568754907,0.49428755949717484,0.5681843707176828,False,0.27314351530513514,0.39649008819175235,1.0,1.0,False
CollecTRI,IRF1,3.741037500709279,1.5016152610469438,0.08837923614528839,4,1.0,-0.21021831551839554,1.7760083183922226,0.9087934468321068,15,6,2.0938949644059353,1.1466820465162255,0.06784322806453652,0.1191561264483738,False,0.282862028917057,0.4077927583554238,1.0,1.0,False
CollecTRI,DLX4,2.506452134402332,1.4094961602717495,0.17342034715300017,4,1.0,-0.9379913820563714,1.2306700633404875,0.47868096959749173,15,6,0.5519936938761087,0.9270332741659616,0.551548672817429,0.6236465385451975,False,0.2896123221649582,0.41139053135532483,0.65,0.6551724137931034,False
CollecTRI,TBX21,1.818471934947694,0.7153841317081399,0.08453513337899626,4,1.0,-0.01822115265437546,1.402904559778728,0.989994795434251,15,6,1.4394378327725825,0.6373074185502027,0.023906783430440257,0.05371264329176837,False,0.29129277660298,0.41139053135532483,0.0,0.27586206896551724,False
CollecTRI,FOSL1,0.8821197723505543,0.6414324378687998,0.26276132211553804,4,1.0,-0.5040133467857109,0.5205382662701712,0.3579338272585504,15,6,0.046381054346793626,0.4041898956553947,0.9086427640067196,0.9391501531243356,False,0.3163802519982543,0.42978857889332095,0.8,1.0,False
CollecTRI,CIITA,1.484819449048036,0.8185207340600131,0.16731561103487666,4,1.0,-0.8736655115698446,1.4754840415192472,0.5704310466475624,15,6,0.9298097953408722,0.7157613272048097,0.1939267498595194,0.26108426245678484,False,0.31965787933254286,0.42983450988186234,1.0,1.0,False
CollecTRI,HIC1,-0.12176783359314058,0.5853523833658331,0.8485315892528424,4,0.5,0.7866184920992088,0.43636619610218136,0.12026781148948316,15,6,0.462127607186641,0.34985118389628805,0.18652596110833375,0.25408654544678533,False,0.33496030560362844,0.4340684110069492,0.3,0.7241379310344828,False
CollecTRI,LITAF,2.538414085789178,1.1582512610974192,0.11608125609891662,4,1.0,-0.09899934414528,0.5836015024022173,0.8704864943904043,15,6,0.43501107459350763,0.5211809584952127,0.403906818109374,0.49208365868254716,False,0.33266423365632103,0.4340684110069492,1.0,1.0,False
CollecTRI,RFX5,1.7235473323745991,0.7551569476398173,0.10670232310462735,4,1.0,-0.07425903230843156,1.2915290039197147,0.955437443114879,15,6,1.265513791401756,0.6519005503341695,0.05222575766241693,0.09693722636768747,False,0.3347237116175539,0.4340684110069492,1.0,1.0,False
CollecTRI,RUNX2,1.1160896470083705,0.6703642946795741,0.19452178984137009,4,1.0,-0.48693721825247716,0.7095035697228519,0.5123504450707005,15,6,0.3600087324808366,0.487268483560632,0.4600100346252688,0.5469535119599416,False,0.32948272046211874,0.4340684110069492,1.0,1.0,False
CollecTRI,IRF2,1.955829409733571,1.2015139229005263,0.20204852682808708,4,1.0,-0.8723296679398159,1.3726396230536446,0.5471181873869457,15,6,0.7289342221536912,0.9040830889321871,0.42008772644778225,0.5082180187095547,False,0.3540005883207613,0.4519712308449572,1.0,1.0,False
CollecTRI,MITF,2.841272383066875,1.3122112767606784,0.11898572940454381,4,1.0,-0.04598549577549632,1.0316631507443017,0.9656567777299813,15,6,1.056936683734214,0.8110234530530125,0.19250189471374135,0.26017834207404106,False,0.3635069864829602,0.46075833670369,1.0,1.0,False
CollecTRI,NCOA1,3.897577543641296,2.033972754581717,0.15119543554332962,4,1.0,-0.3756533502997221,1.1916324560535259,0.7641356513864983,15,6,0.7162847619357491,1.0281724523131008,0.4860167287030387,0.5638455551157473,False,0.36487798918153486,0.46075833670369,1.0,1.0,False
CollecTRI,NR2C2,1.9482518793326487,1.3034178755120773,0.23185375980014655,4,1.0,-0.6548792014289521,0.954509289399478,0.5177615589776502,15,6,0.2538158331328075,0.7700957585410328,0.7417098070262997,0.8070175887770431,False,0.37452695172406625,0.4709400476989317,1.0,1.0,False
CollecTRI,FOXA1,1.5172959995542241,0.8697863424425668,0.179428250988868,4,1.0,-0.1786187700820281,0.42177285169400347,0.6850694883011335,15,6,0.14424465748865772,0.3795071821277938,0.703882965131546,0.7756162609411303,False,0.38058927099937967,0.4736830495172135,1.0,1.0,False
CollecTRI,DDIT3,2.42924586489204,1.5410761673009754,0.21303990877939974,4,1.0,-0.5101311937806349,0.9062114213984418,0.5955512861265589,15,6,0.24511624769073442,0.7811619580878032,0.7536849768379724,0.8139436617268678,False,0.38881761315038055,0.4821895847671386,1.0,1.0,False
CollecTRI,NFATC4,1.0202676910312845,0.8800496335021266,0.33021443419923113,4,1.0,-0.5375035173538654,0.5824491044433786,0.39076582987464614,15,6,-0.06300153087757279,0.48570698317532585,0.8967950917641258,0.931805110361524,False,0.39325941124065555,0.48422689070913455,0.95,1.0,False
CollecTRI,MSC,1.013508496202669,0.9130914562627416,0.3479792302009053,4,1.0,-0.6964976835986343,0.7656386323883918,0.3821494308340052,15,6,0.009455361401781978,0.5866827879333771,0.987141330124343,0.9928805239041356,False,0.40127479908794783,0.4923442570369856,0.0,0.3448275862068966,False
CollecTRI,NFATC2,3.026220932904138,1.644112615371054,0.16293392573147447,4,1.0,-0.37701436083295714,1.605173241277634,0.8226756407164241,15,6,1.2838248415187443,1.1485485745372073,0.26366088510183583,0.3455555539592242,False,0.4034126253581527,0.493218262805374,1.0,1.0,False
CollecTRI,ID2,1.0300931101739592,1.1146537463993496,0.42357519353372747,4,0.75,-0.7693936411632687,0.7299297874832038,0.32689717418777386,15,6,-0.2293222261654067,0.6106484358641742,0.7072597408964602,0.7768630804767467,False,0.41223042608250293,0.5022243923399508,1.0,1.0,False
CollecTRI,KLF5,2.363494202585543,1.5355637136944609,0.2213892118369885,4,1.0,-0.42944846583743357,0.9458736987684303,0.666061408745768,15,6,0.33878506665891134,0.8053477697323671,0.6739965962455836,0.7450569402586962,False,0.42972540792047753,0.5180661712212029,1.0,1.0,False
CollecTRI,FOSB,1.3343672542202303,1.5960623086669654,0.46448922274895177,4,0.75,-0.659743848015276,0.6124961185308304,0.32029716709161626,15,6,-0.4037723277076536,0.5718353377617423,0.48012660884638914,0.5614225860011214,False,0.432238213935044,0.5192861875747403,1.0,1.0,False
CollecTRI,SOX10,0.8263388192431584,0.8599995956950865,0.40750540425002774,4,1.0,-0.7917204208519831,0.8864497246413541,0.40858708094182056,15,6,0.04180922939358218,0.6172506624419791,0.9459969022843087,0.9655307616235126,False,0.46499712293707907,0.5537237701298219,0.75,0.0,False
CollecTRI,STAT4,1.3836743438903878,1.1209558878663475,0.3049397759363372,4,1.0,-0.4895244386014738,0.8144228186558162,0.5662189369883706,15,6,0.15765054583414184,0.6588817068914787,0.8108963207378577,0.8606445612739226,False,0.4759300652351993,0.5620198039978804,0.25,0.8620689655172413,False
CollecTRI,ESRRA,1.9673634356629752,1.1978594763096404,0.19904874342951362,4,1.0,-0.09651986612387362,0.6322094946337198,0.8833286732625947,15,6,0.3531317426804162,0.5591153043045451,0.5276546968283913,0.6025363864773049,False,0.48145644032514257,0.5639161961284677,1.0,1.0,False
CollecTRI,NR2F2,0.6905525430195149,1.4720707053304616,0.6709826471429488,4,0.75,-0.5735622637321487,0.47197261768045917,0.2638137620736457,15,6,-0.45572908405024676,0.4494374001252876,0.3105832190976221,0.39653798453054334,False,0.4835192139564143,0.5639161961284677,1.0,1.0,False
CollecTRI,TTF1,2.291398144517073,1.3761131074170827,0.1944774688740504,4,1.0,-0.0804851016445785,0.788841533135063,0.9215175723062834,15,6,0.5061518490012364,0.6843719247980549,0.45955127937356943,0.5469535119599416,False,0.4873148631283579,0.5639161961284677,1.0,1.0,False
CollecTRI,PGR,2.177308417253956,1.6151208787515388,0.27038668017776263,4,1.0,-0.5057353069996152,1.2843215671976675,0.7086509429978473,15,6,0.5336096570588696,1.0052428997357679,0.5955389546628287,0.6625610235155586,False,0.5082055341005769,0.5837475179299572,0.0,0.3448275862068966,False
CollecTRI,KLF9,0.801039046374197,0.8355081569532222,0.40841536098540376,4,1.0,-0.27438271365056255,0.36861588420264585,0.4736936233532706,15,6,-0.09916173943621459,0.33725184145193504,0.7687359298864096,0.8260330178282539,False,0.5112599081836054,0.5838149446585065,1.0,1.0,False
CollecTRI,JUNB,1.3640109624673824,1.6021502074665854,0.4571299371741712,4,0.75,-0.8182064418342887,0.9884400967175498,0.4373834573901245,15,6,-0.21659321716609986,0.8412264317008779,0.7968135418711944,0.8482999553459485,False,0.5217927334876931,0.591935363235219,1.0,1.0,False
CollecTRI,MEF2D,1.511605209065824,1.057173679421447,0.24811258213664886,4,1.0,-0.2280476397066308,0.8696253457947987,0.8024040974945732,15,6,0.4740359194017603,0.6715980820285223,0.48029215449806917,0.5614225860011214,False,0.5204153563753913,0.591935363235219,1.0,1.0,False
CollecTRI,GLI1,-0.1645647951679886,0.8052953626371069,0.8511556259024717,4,0.75,0.9498887620723122,0.7911688061867924,0.26787722422260896,15,6,0.40252262348736356,0.5643690310917191,0.47570596721027003,0.5614225860011214,False,0.5650850974101482,0.6266648836663824,0.0,0.0,False
CollecTRI,MXD1,1.0135651539019055,1.0643217030789707,0.41119530098577867,4,1.0,-0.270786975297647,0.4646436364790116,0.5788398167777278,15,6,-0.06518987533125985,0.42583304042474107,0.8783289773914994,0.9209146247801783,False,0.5796686085678397,0.6362955081721526,1.0,1.0,False
CollecTRI,RXRA,1.6540477682782648,1.519839905181962,0.3560757799148168,4,1.0,-0.4147837415194037,0.9345352991435326,0.6689248902829658,15,6,0.1528172243012287,0.7960802415751997,0.8477719035523199,0.8922970739513791,False,0.5799150640889444,0.6362955081721526,1.0,1.0,False
CollecTRI,EBF1,-0.31532429784698035,0.5398893150576582,0.6001991873029577,4,1.0,0.4089817373013437,0.61952569713571,0.5252746333647081,15,6,-0.0026878536255868085,0.4070221784945903,0.9947310455407186,0.9976143239335902,False,0.6791936319844891,0.7230799897434869,0.4,0.8620689655172413,False
CollecTRI,RELB,1.4616184609286986,1.8951903641978787,0.4967489723272031,4,1.0,-0.5277441843711091,1.1356216663429775,0.6576521923234542,15,6,-0.002164697672845449,0.9741258392477423,0.9982269462929015,0.9982269462929015,False,0.6921701560829172,0.7323879938981326,1.0,1.0,False
CollecTRI,NFKB2,1.5670350045126102,1.506288807613346,0.37466049030295046,4,1.0,-0.16035050124146621,1.2169550192236316,0.8996981117679891,15,6,0.521863012057653,0.9466158508684721,0.5814326047415773,0.651053984597365,False,0.703634038243447,0.7422481013177824,1.0,1.0,False
CollecTRI,IKZF1,0.503260942888234,0.7448978929098468,0.5477040839743278,4,1.0,-0.2356877679368119,0.5687766750878073,0.6857624334411445,15,6,0.036466734576557844,0.452061331348206,0.9357062481073454,0.9606954357422596,False,0.7433939793109254,0.773983261271983,0.7,0.8275862068965517,False
CollecTRI,KLF15,1.2511714867955672,1.4818793223566138,0.4605019463596514,4,0.75,-0.07209388150107603,0.2968272748732168,0.810703473739894,15,6,-0.02104989060979836,0.2910460275622151,0.9423433061265849,0.9646472897035455,False,0.7411697807793003,0.773983261271983,0.9,0.8275862068965517,False
CollecTRI,TBX2,0.28410553833474117,0.7469176651650663,0.7290044561531861,4,0.5,-0.2733238932093554,0.46942733676579973,0.5750569550087705,15,6,-0.11548696408614671,0.397449627890503,0.7713801575746224,0.8263081564112055,False,0.7836720658318828,0.8069956392197364,0.0,0.8620689655172413,False
CollecTRI,SOX17,-0.5410048166406443,0.7454779611917416,0.5205033476033076,4,0.75,0.08656492586620385,0.38404026825705345,0.8248701102691104,15,6,-0.045055000805701906,0.3414008773225027,0.895007263041956,0.931805110361524,False,0.7923560744192378,0.8135169191366656,0.0,0.5172413793103449,False
CollecTRI,ZNF354C,-0.02402015863825291,0.9447277391495553,0.9813122802076493,4,0.25,0.7081056600868753,0.8872016992152861,0.45351220379858825,15,6,0.3650102347003536,0.6467274127462648,0.5724847974214072,0.6431160386617107,False,0.8053380770010454,0.819549925418711,0.95,0.6896551724137931,False
CollecTRI,NFIX,-0.6129163721232508,1.021387846090689,0.5907532069624865,4,0.75,0.10177506066588907,0.39708530098135075,0.8015616462329436,15,6,0.007937699913476525,0.37010017449019683,0.9828887335675112,0.9914854280302008,False,0.8275089679344205,0.8396425305141041,1.0,1.0,False
CollecTRI,NR4A3,0.789076759347368,1.1549921447709541,0.5435203956572235,4,0.75,-0.008739287983105082,0.4081205397376826,0.9833763022852089,15,6,0.07981786287286002,0.38480389965678424,0.8356781345174064,0.8842343564006808,False,0.8693140382915165,0.8745110135659367,1.0,1.0,False
PROGENy,EGFR,-3.4729056792528055,3.0804266650873764,0.34159719431058017,4,1.0,-10.770046639400231,1.9210862639560407,0.00035338363925386043,15,6,-8.72668982368417,1.6300713398640017,8.623892822443387e-08,3.0183624878551856e-07,True,0.0012098138994500577,0.006471748751699867,,,False
PROGENy,Estrogen,-1.5497954941573482,0.8525112752984008,0.16666672522498951,4,1.0,-4.173369442933751,0.7147512684537733,0.0014911961121862234,15,6,-3.0904225982290785,0.5477180419029791,1.677345110132252e-08,1.818526184171232e-07,True,0.00231133883989281,0.006471748751699867,,,False
PROGENy,PI3K,-6.890035345565334,3.095318100103597,0.11241862676104043,4,1.0,-10.911607638091326,2.152559366876794,0.002059375478334158,15,6,-9.6006930818453,1.7672359605369332,5.553757699171992e-08,2.5917535929469295e-07,True,0.0021694722709315966,0.006471748751699867,,,False
PROGENy,WNT,3.2492062276480715,1.2400824541900979,0.07899101384730157,4,1.0,2.446240945150738,0.6115010738268831,0.0013618833354106766,15,6,2.6032999461292192,0.5484456471314524,2.0677532514956945e-06,5.7897091041879446e-06,True,0.0010905365650492587,0.006471748751699867,,,True
PROGENy,JAK-STAT,7.951673125335066,2.440949691674828,0.04721665947258656,4,1.0,1.5236579359106883,3.095765999868265,0.6342191208876897,15,6,5.487407173847143,1.9167852874762608,0.0041989184765691325,0.009797476445327975,True,0.13500631064059743,0.21000981655204043,,,False
PROGENy,Trail,-1.3924617230358107,0.7895993742946321,0.17601345350085232,4,1.0,-0.3044799268839581,0.6585419307256604,0.6552706211940658,15,6,-0.7508078719624764,0.5057350118559774,0.13765313131718573,0.24089297980507504,True,0.3644518417123953,0.5102325783973535,,,False
PROGENy,Hypoxia,1.3900163427104841,1.847224917626118,0.5064184647981337,4,0.75,0.7200665253466163,0.6929478095056858,0.31629415614722733,15,6,0.8027129392004992,0.6487997121788119,0.21600258144795415,0.3360040155857064,True,0.4535376713429373,0.5772297635273748,,,False
PROGENy,TGFb,2.866298370328314,2.6676285522736856,0.3613390682720629,4,1.0,0.48231543717865455,1.3493334415441256,0.7338877938137716,15,6,0.967998244485967,1.2040656066006399,0.42143079252075866,0.5363664632082382,True,0.6171688233816033,0.7200302939452038,,,False
PROGENy,Androgen,2.2446809223989677,2.5342869891737014,0.4410011105884956,4,0.75,0.44306411277744784,1.2381710583239458,0.7318982035126693,15,6,0.7902375736084007,1.1124944183382715,0.477499847253372,0.557083155128934,True,0.6877608976835863,0.7406655821207853,,,False
PROGENy,MAPK,2.2829705511527654,0.3759557929656707,0.00896449986393605,4,1.0,-8.796593404092068,2.7039821757868245,0.020169531167988263,15,6,2.0728477750894267,0.3723737471681593,2.5978945488160456e-08,1.818526184171232e-07,False,0.0017390400425928967,0.006471748751699867,,,False
PROGENy,VEGF,2.8947849579730986,0.7916129250979076,0.03532351135718742,4,1.0,-1.1468264181744756,0.8065735501574144,0.20703440071995252,15,6,0.9118094826966429,0.5649699800904964,0.10654741692142483,0.21309483384284963,False,0.04327997279628559,0.10098660319133305,,,False
PROGENy,NFkB,3.5776838071089285,1.8972660696048131,0.15581403665390497,4,1.0,-5.5384613604742405,3.0269759290670146,0.11443437774381278,15,6,1.0064468351128333,1.6075866956490563,0.5312751351389956,0.5721424532266106,False,0.08963108513189372,0.1601859954690416,,,False
PROGENy,TNFa,4.225823698468166,1.8976337127103402,0.11232068776889886,4,1.0,-4.323124073504267,2.7335164025186782,0.16296912956193496,15,6,1.445680210536364,1.5588307271977675,0.3537120338807972,0.4951968474331161,False,0.09153485455373807,0.1601859954690416,,,False
PROGENy,p53,-0.06208868786994892,1.7939494539264338,0.9745647393673681,4,0.5,0.15876806230419538,0.8749130451631358,0.859126949112134,15,6,0.11633045985953128,0.7863760599395301,0.8823961561367663,0.8823961561367663,False,0.9859772774480445,0.9859772774480445,,,False
