paired_top_ranked_percentage,external_top_ranked_percentage,direction,overlap_p_value,minus_log10_p,p_value_underflow
2.99773389446423,2.99773389446423,Concordant decreases,5.760875621627797e-90,89.2395115011706,False
2.99773389446423,4.42214308837812,Concordant decreases,1.7354262761882834e-96,95.7605938311569,False
2.99773389446423,5.846552282292,Concordant decreases,2.5587729257466557e-100,99.5919682531792,False
2.99773389446423,7.27096147620589,Concordant decreases,1.1940960598043173e-93,92.9229607347101,False
2.99773389446423,8.69537067011978,Concordant decreases,4.6232731736389776e-89,88.3350504448057,False
2.99773389446423,10.1197798640337,Concordant decreases,2.614133221949632e-92,91.5826722835943,False
2.99773389446423,11.5441890579476,Concordant decreases,6.507700103010669e-89,88.1865724690432,False
2.99773389446423,12.9685982518614,Concordant decreases,1.3570639276351627e-84,83.8673996934123,False
2.99773389446423,14.3930074457753,Concordant decreases,7.529721962020005e-82,81.1232210599998,False
2.99773389446423,15.8174166396892,Concordant decreases,2.756175213722088e-81,80.5596931772093,False
2.99773389446423,17.2418258336031,Concordant decreases,7.3426568260312e-78,77.1341467689519,False
2.99773389446423,18.666235027517,Concordant decreases,4.971760833940406e-78,77.3034897712207,False
2.99773389446423,20.0906442214309,Concordant decreases,1.0935347717491908e-77,76.9611674028973,False
2.99773389446423,21.5150534153448,Concordant decreases,1.7196472408222973e-74,73.7645606327882,False
2.99773389446423,22.9394626092587,Concordant decreases,4.0264850247978276e-73,72.3950739117857,False
2.99773389446423,24.3638718031725,Concordant decreases,5.627769895244e-72,71.249663668037,False
2.99773389446423,25.7882809970864,Concordant decreases,4.492617738401906e-68,67.3475005324787,False
2.99773389446423,27.2126901910003,Concordant decreases,9.571656872832026e-64,63.0190128784776,False
2.99773389446423,28.6370993849142,Concordant decreases,4.4102584005045064e-61,60.3555359641318,False
2.99773389446423,30.0615085788281,Concordant decreases,5.74572970188511e-60,59.2406548085113,False
2.99773389446423,31.485917772742,Concordant decreases,5.778632304987096e-57,56.2381749388604,False
2.99773389446423,32.9103269666559,Concordant decreases,8.807348959660379e-57,56.0551547959524,False
2.99773389446423,34.3347361605698,Concordant decreases,9.10946483856108e-53,52.040507136143,False
2.99773389446423,35.7591453544836,Concordant decreases,3.876950399113882e-52,51.4115097552293,False
2.99773389446423,37.1835545483975,Concordant decreases,1.0693023985973012e-49,48.9708994589911,False
2.99773389446423,38.6079637423114,Concordant decreases,2.986630073285518e-49,48.5248185661739,False
2.99773389446423,40.0323729362253,Concordant decreases,2.10376698088729e-46,45.6770023655255,False
2.99773389446423,41.4567821301392,Concordant decreases,4.1039303034978495e-46,45.386800023399,False
2.99773389446423,42.8811913240531,Concordant decreases,2.793319056702849e-42,41.5538794557592,False
2.99773389446423,44.305600517967,Concordant decreases,4.0722798545302474e-42,41.3901623841335,False
2.99773389446423,45.7300097118809,Concordant decreases,1.1291480709879327e-39,38.9472491030738,False
2.99773389446423,47.1544189057948,Concordant decreases,2.4493212895490986e-37,36.6109542425902,False
2.99773389446423,48.5788280997086,Concordant decreases,4.2196021156146694e-35,34.3747284985975,False
2.99773389446423,49.9967627063775,Concordant decreases,1.6531383866318678e-33,32.7816907894806,False
4.42214308837812,2.99773389446423,Concordant decreases,1.2504305682378598e-97,96.9029404180225,False
4.42214308837812,4.42214308837812,Concordant decreases,1.6490249001745594e-105,104.782772786486,False
4.42214308837812,5.846552282292,Concordant decreases,2.123363059805078e-107,106.672975742344,False
4.42214308837812,7.27096147620589,Concordant decreases,3.697529503282466e-103,102.432088352,False
4.42214308837812,8.69537067011978,Concordant decreases,5.670101705738555e-101,100.246409151011,False
4.42214308837812,10.1197798640337,Concordant decreases,7.987430256469957e-102,101.097592920929,False
4.42214308837812,11.5441890579476,Concordant decreases,2.9835190170782624e-100,99.5252711895994,False
4.42214308837812,12.9685982518614,Concordant decreases,4.080340807733295e-97,96.3893035612394,False
4.42214308837812,14.3930074457753,Concordant decreases,1.650978586173667e-95,94.7822585596669,False
4.42214308837812,15.8174166396892,Concordant decreases,5.763740338629228e-93,92.2392955927506,False
4.42214308837812,17.2418258336031,Concordant decreases,4.7803269726284774e-88,87.3205423967871,False
4.42214308837812,18.666235027517,Concordant decreases,2.2828166271514078e-89,88.6415289728789,False
4.42214308837812,20.0906442214309,Concordant decreases,9.467755259013081e-87,86.0237529770879,False
4.42214308837812,21.5150534153448,Concordant decreases,1.884635150896211e-82,81.7247727129855,False
4.42214308837812,22.9394626092587,Concordant decreases,1.47353700099182e-82,81.8316389544019,False
4.42214308837812,24.3638718031725,Concordant decreases,1.4354879679139178e-79,78.8430004433559,False
4.42214308837812,25.7882809970864,Concordant decreases,1.1230588867580997e-73,72.9495974712331,False
4.42214308837812,27.2126901910003,Concordant decreases,4.7185117893638825e-70,69.3261949555144,False
4.42214308837812,28.6370993849142,Concordant decreases,6.734608138466719e-68,67.1716876691693,False
4.42214308837812,30.0615085788281,Concordant decreases,6.22087214459349e-66,65.206148724468,False
4.42214308837812,31.485917772742,Concordant decreases,5.652742731443e-63,62.247740779772,False
4.42214308837812,32.9103269666559,Concordant decreases,4.512500936031898e-63,62.3455826950002,False
4.42214308837812,34.3347361605698,Concordant decreases,7.411171238997084e-60,59.1301131520156,False
4.42214308837812,35.7591453544836,Concordant decreases,2.534231875523351e-61,60.5961536508365,False
4.42214308837812,37.1835545483975,Concordant decreases,1.74637203163215e-59,58.757863232524,False
4.42214308837812,38.6079637423114,Concordant decreases,2.495060460168904e-58,57.6029189261129,False
4.42214308837812,40.0323729362253,Concordant decreases,1.6097935297102496e-54,53.7932298225133,False
4.42214308837812,41.4567821301392,Concordant decreases,1.4086158916658763e-53,52.8512074163101,False
4.42214308837812,42.8811913240531,Concordant decreases,1.3751345015114354e-50,49.8616548215374,False
4.42214308837812,44.305600517967,Concordant decreases,2.3679095802336233e-50,49.6256348853762,False
4.42214308837812,45.7300097118809,Concordant decreases,4.686977696032042e-47,46.3291071131564,False
4.42214308837812,47.1544189057948,Concordant decreases,6.476599677043906e-45,44.1886529461488,False
4.42214308837812,48.5788280997086,Concordant decreases,7.195777198284817e-43,42.1429222921099,False
4.42214308837812,49.9967627063775,Concordant decreases,6.521570400046517e-42,41.185647813171,False
5.846552282292,2.99773389446423,Concordant decreases,9.742684002129947e-91,90.011321383292,False
5.846552282292,4.42214308837812,Concordant decreases,1.1853794526855406e-98,97.9261426050729,False
5.846552282292,5.846552282292,Concordant decreases,2.3584623719094706e-100,99.6273710483148,False
5.846552282292,7.27096147620589,Concordant decreases,6.331945746274242e-96,95.1984628149396,False
5.846552282292,8.69537067011978,Concordant decreases,6.9156762905938475e-96,95.1601653434055,False
5.846552282292,10.1197798640337,Concordant decreases,1.7030695504264172e-95,94.7687676158368,False
5.846552282292,11.5441890579476,Concordant decreases,1.0740796263165331e-91,90.9689635212547,False
5.846552282292,12.9685982518614,Concordant decreases,6.423877448973792e-91,90.1922027528698,False
5.846552282292,14.3930074457753,Concordant decreases,9.820821215949131e-89,88.0078521950396,False
5.846552282292,15.8174166396892,Concordant decreases,8.744942237515691e-88,87.0582430547972,False
5.846552282292,17.2418258336031,Concordant decreases,7.464648625723325e-83,82.1269906304709,False
5.846552282292,18.666235027517,Concordant decreases,1.2036163296776678e-84,83.9195119287412,False
5.846552282292,20.0906442214309,Concordant decreases,8.069816543913451e-82,81.0931363382484,False
5.846552282292,21.5150534153448,Concordant decreases,8.799786012056574e-79,78.0555278886354,False
5.846552282292,22.9394626092587,Concordant decreases,5.542560190526542e-79,78.2562895818812,False
5.846552282292,24.3638718031725,Concordant decreases,5.504027959361585e-80,79.2593193686378,False
5.846552282292,25.7882809970864,Concordant decreases,8.68825681092384e-74,73.0610673505178,False
5.846552282292,27.2126901910003,Concordant decreases,7.537012547867492e-72,71.1228007616998,False
5.846552282292,28.6370993849142,Concordant decreases,1.3923976920307886e-69,68.8562367052521,False
5.846552282292,30.0615085788281,Concordant decreases,4.791233024154008e-68,67.3195527064862,False
5.846552282292,31.485917772742,Concordant decreases,1.2262487793386016e-65,64.9114214119274,False
5.846552282292,32.9103269666559,Concordant decreases,1.9761702730988395e-64,63.7041756379461,False
5.846552282292,34.3347361605698,Concordant decreases,7.537254721354695e-62,61.1227868075079,False
5.846552282292,35.7591453544836,Concordant decreases,1.9802101391644975e-63,62.7032887201238,False
5.846552282292,37.1835545483975,Concordant decreases,4.2125833123921283e-60,59.3754514969801,False
5.846552282292,38.6079637423114,Concordant decreases,2.046649797847104e-58,57.6889564630893,False
5.846552282292,40.0323729362253,Concordant decreases,7.589421222214885e-57,56.1197913426266,False
5.846552282292,41.4567821301392,Concordant decreases,2.4050822784854434e-56,55.6188700617097,False
5.846552282292,42.8811913240531,Concordant decreases,1.6823996458572643e-54,53.7740708317401,False
5.846552282292,44.305600517967,Concordant decreases,1.0503326937818599e-53,52.9786731159891,False
5.846552282292,45.7300097118809,Concordant decreases,1.1779161153302017e-50,49.9288856364983,False
5.846552282292,47.1544189057948,Concordant decreases,4.145119313956367e-49,48.3824629641132,False
5.846552282292,48.5788280997086,Concordant decreases,3.398431611493968e-47,46.4687214652002,False
5.846552282292,49.9967627063775,Concordant decreases,3.4135334511157754e-47,46.4667958368979,False
7.27096147620589,2.99773389446423,Concordant decreases,1.1094082930242075e-87,86.9549085920166,False
7.27096147620589,4.42214308837812,Concordant decreases,4.074774035306373e-94,93.3898964698542,False
7.27096147620589,5.846552282292,Concordant decreases,2.1457725513750586e-98,97.6684163144846,False
7.27096147620589,7.27096147620589,Concordant decreases,1.8117710409805772e-94,93.7418966863068,False
7.27096147620589,8.69537067011978,Concordant decreases,3.345288984578223e-96,95.4755663595145,False
7.27096147620589,10.1197798640337,Concordant decreases,9.003631049631425e-95,94.0455823098057,False
7.27096147620589,11.5441890579476,Concordant decreases,1.0876160552924908e-91,90.9635243900203,False
7.27096147620589,12.9685982518614,Concordant decreases,2.2102567246694844e-93,92.6555572794226,False
7.27096147620589,14.3930074457753,Concordant decreases,8.348357076581184e-92,91.0783989835318,False
7.27096147620589,15.8174166396892,Concordant decreases,1.2087126500474206e-92,91.917676932664,False
7.27096147620589,17.2418258336031,Concordant decreases,7.083399226911118e-91,90.1497582802744,False
7.27096147620589,18.666235027517,Concordant decreases,4.203775580841149e-93,92.3763604768978,False
7.27096147620589,20.0906442214309,Concordant decreases,6.223298844257252e-91,90.2059793435928,False
7.27096147620589,21.5150534153448,Concordant decreases,1.9180057879873266e-87,86.7171500865881,False
7.27096147620589,22.9394626092587,Concordant decreases,8.348597112289688e-89,88.0783864966815,False
7.27096147620589,24.3638718031725,Concordant decreases,7.613374049658642e-90,89.1184228325327,False
7.27096147620589,25.7882809970864,Concordant decreases,6.87175878675349e-83,82.1629320935628,False
7.27096147620589,27.2126901910003,Concordant decreases,2.330148269530208e-84,83.6326164435276,False
7.27096147620589,28.6370993849142,Concordant decreases,1.0355229844064615e-80,79.9848402570891,False
7.27096147620589,30.0615085788281,Concordant decreases,7.349727208844345e-78,77.1337287798127,False
7.27096147620589,31.485917772742,Concordant decreases,9.692077494159763e-75,74.0135831220674,False
7.27096147620589,32.9103269666559,Concordant decreases,8.121195275422639e-74,73.0903800467049,False
7.27096147620589,34.3347361605698,Concordant decreases,4.3452898446628234e-71,70.3619812494249,False
7.27096147620589,35.7591453544836,Concordant decreases,2.111005326064397e-73,72.6755106709664,False
7.27096147620589,37.1835545483975,Concordant decreases,1.5350320957038232e-68,67.8138825395084,False
7.27096147620589,38.6079637423114,Concordant decreases,2.7550996737930295e-66,65.5598626846542,False
7.27096147620589,40.0323729362253,Concordant decreases,1.0253280096413443e-63,62.9891371785214,False
7.27096147620589,41.4567821301392,Concordant decreases,9.554887138882936e-62,61.0197744384101,False
7.27096147620589,42.8811913240531,Concordant decreases,5.265190322256913e-59,58.2785859256348,False
7.27096147620589,44.305600517967,Concordant decreases,7.655112979335297e-57,56.1160483953067,False
7.27096147620589,45.7300097118809,Concordant decreases,2.301544149146477e-54,53.6379806898785,False
7.27096147620589,47.1544189057948,Concordant decreases,1.9774394580433396e-52,51.7038968041338,False
7.27096147620589,48.5788280997086,Concordant decreases,3.5382544002390257e-50,49.4512109445614,False
7.27096147620589,49.9967627063775,Concordant decreases,1.0326703109396082e-49,48.9860383086772,False
8.69537067011978,2.99773389446423,Concordant decreases,1.1518535222778912e-80,79.9386027453148,False
8.69537067011978,4.42214308837812,Concordant decreases,2.233538429986029e-87,86.6510065707107,False
8.69537067011978,5.846552282292,Concordant decreases,2.988630529097447e-91,90.5245277715088,False
8.69537067011978,7.27096147620589,Concordant decreases,9.825172848902083e-90,89.0076598005796,False
8.69537067011978,8.69537067011978,Concordant decreases,1.3515064326985637e-90,89.8691818828703,False
8.69537067011978,10.1197798640337,Concordant decreases,1.177404917974279e-88,87.929074154489,False
8.69537067011978,11.5441890579476,Concordant decreases,1.616892496634818e-86,85.7913188543486,False
8.69537067011978,12.9685982518614,Concordant decreases,9.524436281858686e-89,88.0211607192663,False
8.69537067011978,14.3930074457753,Concordant decreases,2.173864276407137e-87,86.662767574255,False
8.69537067011978,15.8174166396892,Concordant decreases,7.821430451421231e-89,88.1067138121132,False
8.69537067011978,17.2418258336031,Concordant decreases,7.074993133376554e-88,87.1502739773073,False
8.69537067011978,18.666235027517,Concordant decreases,3.80287180167174e-91,90.4198883148106,False
8.69537067011978,20.0906442214309,Concordant decreases,9.958557435112245e-89,88.0018035675346,False
8.69537067011978,21.5150534153448,Concordant decreases,4.128780449830148e-84,83.3841782103591,False
8.69537067011978,22.9394626092587,Concordant decreases,4.76033133042223e-86,85.322362818295,False
8.69537067011978,24.3638718031725,Concordant decreases,3.2373210302765416e-88,87.4898142314703,False
8.69537067011978,25.7882809970864,Concordant decreases,5.302686636290558e-82,81.2755040368737,False
8.69537067011978,27.2126901910003,Concordant decreases,1.493394743339755e-85,84.8258253816957,False
8.69537067011978,28.6370993849142,Concordant decreases,7.928970645539797e-84,83.1007831899811,False
8.69537067011978,30.0615085788281,Concordant decreases,2.363707693932348e-81,80.6264062311585,False
8.69537067011978,31.485917772742,Concordant decreases,3.691786166672413e-78,77.4327634618508,False
8.69537067011978,32.9103269666559,Concordant decreases,1.3469639049914394e-76,75.8706440420447,False
8.69537067011978,34.3347361605698,Concordant decreases,3.311330234014445e-75,74.4799975055486,False
8.69537067011978,35.7591453544836,Concordant decreases,1.131163873700712e-77,76.9464744735109,False
8.69537067011978,37.1835545483975,Concordant decreases,2.4291777520968543e-73,72.6145407050671,False
8.69537067011978,38.6079637423114,Concordant decreases,1.3593659565741284e-70,69.8666636105776,False
8.69537067011978,40.0323729362253,Concordant decreases,2.459909843379352e-69,68.609080809661,False
8.69537067011978,41.4567821301392,Concordant decreases,2.5133628839150144e-67,66.5997448026513,False
8.69537067011978,42.8811913240531,Concordant decreases,3.676770269201236e-64,63.4345335047341,False
8.69537067011978,44.305600517967,Concordant decreases,5.341941248472715e-62,61.2723008927288,False
8.69537067011978,45.7300097118809,Concordant decreases,2.2453981930389098e-60,59.6487066311841,False
8.69537067011978,47.1544189057948,Concordant decreases,4.936987288553931e-58,57.3065379909733,False
8.69537067011978,48.5788280997086,Concordant decreases,1.2792012180740038e-56,55.8930611357201,False
8.69537067011978,49.9967627063775,Concordant decreases,9.737080065020462e-56,55.0115712589088,False
10.1197798640337,2.99773389446423,Concordant decreases,6.15502249702576e-77,76.2107703553539,False
10.1197798640337,4.42214308837812,Concordant decreases,1.1509171029414592e-84,83.9389559561544,False
10.1197798640337,5.846552282292,Concordant decreases,7.513648014674604e-89,88.1241491538115,False
10.1197798640337,7.27096147620589,Concordant decreases,2.7668632173587546e-89,88.558012310109,False
10.1197798640337,8.69537067011978,Concordant decreases,6.203339731418354e-90,89.2073744336601,False
10.1197798640337,10.1197798640337,Concordant decreases,1.9457135889462497e-90,89.7109210879601,False
10.1197798640337,11.5441890579476,Concordant decreases,1.1111009643933947e-87,86.9542464754546,False
10.1197798640337,12.9685982518614,Concordant decreases,8.977366424619971e-90,89.0468510480768,False
10.1197798640337,14.3930074457753,Concordant decreases,2.678133988917649e-86,85.5721676987236,False
10.1197798640337,15.8174166396892,Concordant decreases,9.461069813355784e-88,87.0240597528405,False
10.1197798640337,17.2418258336031,Concordant decreases,6.327641963016545e-86,85.1987581025011,False
10.1197798640337,18.666235027517,Concordant decreases,1.2010553131860826e-89,88.9204369912163,False
10.1197798640337,20.0906442214309,Concordant decreases,1.5449460075485112e-88,87.8110866936071,False
10.1197798640337,21.5150534153448,Concordant decreases,7.57906804201404e-84,83.1203841939846,False
10.1197798640337,22.9394626092587,Concordant decreases,8.194575068169327e-87,86.0864735619634,False
10.1197798640337,24.3638718031725,Concordant decreases,1.596891904172185e-89,88.7967244808624,False
10.1197798640337,25.7882809970864,Concordant decreases,9.445495106495012e-85,84.0247752726407,False
10.1197798640337,27.2126901910003,Concordant decreases,8.315679608332466e-89,88.0801022517857,False
10.1197798640337,28.6370993849142,Concordant decreases,6.9353281412239955e-87,86.1589329857008,False
10.1197798640337,30.0615085788281,Concordant decreases,8.152717444532351e-84,83.088697609118,False
10.1197798640337,31.485917772742,Concordant decreases,1.4815545790850098e-80,79.8292823448867,False
10.1197798640337,32.9103269666559,Concordant decreases,1.9915913293906408e-78,77.7007997731407,False
10.1197798640337,34.3347361605698,Concordant decreases,2.307010781013865e-77,76.6369503759497,False
10.1197798640337,35.7591453544836,Concordant decreases,4.4076475168854754e-79,78.3557931436464,False
10.1197798640337,37.1835545483975,Concordant decreases,7.73595694110817e-75,74.1114859562326,False
10.1197798640337,38.6079637423114,Concordant decreases,1.10548169567303e-71,70.9564484439799,False
10.1197798640337,40.0323729362253,Concordant decreases,3.3297889377798345e-71,70.4775832938398,False
10.1197798640337,41.4567821301392,Concordant decreases,2.3065308186612446e-68,67.6370407382007,False
10.1197798640337,42.8811913240531,Concordant decreases,2.7746621993954916e-65,64.5567898824038,False
10.1197798640337,44.305600517967,Concordant decreases,2.390176034059125e-64,63.6215701125225,False
10.1197798640337,45.7300097118809,Concordant decreases,6.434618541688112e-64,63.1914771939267,False
10.1197798640337,47.1544189057948,Concordant decreases,1.3240226541799349e-61,60.8781045840042,False
10.1197798640337,48.5788280997086,Concordant decreases,8.413044506712165e-60,59.0750468135724,False
10.1197798640337,49.9967627063775,Concordant decreases,3.858109426770206e-58,57.4136254587117,False
11.5441890579476,2.99773389446423,Concordant decreases,5.578510068657078e-75,74.2534817787262,False
11.5441890579476,4.42214308837812,Concordant decreases,3.6768427668585596e-82,81.4345249415061,False
11.5441890579476,5.846552282292,Concordant decreases,1.1058897609030517e-84,83.9562881629207,False
11.5441890579476,7.27096147620589,Concordant decreases,9.256312039774903e-88,87.033562013297,False
11.5441890579476,8.69537067011978,Concordant decreases,5.82828390959573e-89,88.2344593008678,False
11.5441890579476,10.1197798640337,Concordant decreases,2.908400422775232e-88,87.5363458008976,False
11.5441890579476,11.5441890579476,Concordant decreases,3.578765243757648e-85,84.4462667890882,False
11.5441890579476,12.9685982518614,Concordant decreases,2.352880157471278e-88,87.6284001927876,False
11.5441890579476,14.3930074457753,Concordant decreases,9.409739366725409e-88,87.0264224056015,False
11.5441890579476,15.8174166396892,Concordant decreases,1.116527248187514e-87,86.9521306737631,False
11.5441890579476,17.2418258336031,Concordant decreases,4.7159775241204765e-86,85.3264282733763,False
11.5441890579476,18.666235027517,Concordant decreases,3.0168395222895956e-89,88.5204477910639,False
11.5441890579476,20.0906442214309,Concordant decreases,7.918457516323096e-89,88.1013594089902,False
11.5441890579476,21.5150534153448,Concordant decreases,1.644829519635391e-84,83.7838791083635,False
11.5441890579476,22.9394626092587,Concordant decreases,1.630082561014448e-87,86.7877903987341,False
11.5441890579476,24.3638718031725,Concordant decreases,2.3644819581615823e-89,88.6262639954573,False
11.5441890579476,25.7882809970864,Concordant decreases,1.7997422664010036e-85,84.744789683949,False
11.5441890579476,27.2126901910003,Concordant decreases,4.3709291343897416e-89,88.3594262346435,False
11.5441890579476,28.6370993849142,Concordant decreases,6.284382239746287e-88,87.2017374074061,False
11.5441890579476,30.0615085788281,Concordant decreases,6.504288002267113e-84,83.1868002369364,False
11.5441890579476,31.485917772742,Concordant decreases,3.2757410731636578e-80,79.4846904338165,False
11.5441890579476,32.9103269666559,Concordant decreases,3.3611991208583305e-77,76.4735057587211,False
11.5441890579476,34.3347361605698,Concordant decreases,1.2289404169848962e-75,74.9104691726074,False
11.5441890579476,35.7591453544836,Concordant decreases,9.575305563032475e-79,78.0188473581195,False
11.5441890579476,37.1835545483975,Concordant decreases,8.467424803925568e-74,73.0722486514752,False
11.5441890579476,38.6079637423114,Concordant decreases,1.0262786270001021e-70,69.9887347155,False
11.5441890579476,40.0323729362253,Concordant decreases,4.0730554247762376e-72,71.3900796801397,False
11.5441890579476,41.4567821301392,Concordant decreases,1.7507154977817606e-70,69.7567844237523,False
11.5441890579476,42.8811913240531,Concordant decreases,8.048994268145939e-68,67.0942583818783,False
11.5441890579476,44.305600517967,Concordant decreases,1.8796967358966684e-66,65.7259122127313,False
11.5441890579476,45.7300097118809,Concordant decreases,5.828842821994173e-66,65.2344176555162,False
11.5441890579476,47.1544189057948,Concordant decreases,1.12048229713754e-63,62.9505950006338,False
11.5441890579476,48.5788280997086,Concordant decreases,1.617948274572159e-61,60.7910353667948,False
11.5441890579476,49.9967627063775,Concordant decreases,6.985884746117922e-60,59.1557785836766,False
12.9685982518614,2.99773389446423,Concordant decreases,1.7709366093725225e-74,73.7517969840908,False
12.9685982518614,4.42214308837812,Concordant decreases,3.823764538827129e-81,80.4175088587172,False
12.9685982518614,5.846552282292,Concordant decreases,1.8858912950375296e-83,82.7244833441151,False
12.9685982518614,7.27096147620589,Concordant decreases,1.224600635149547e-87,86.9120055196497,False
12.9685982518614,8.69537067011978,Concordant decreases,1.538579664085963e-90,89.8128800120735,False
12.9685982518614,10.1197798640337,Concordant decreases,1.2394136532865727e-92,91.906783724005,False
12.9685982518614,11.5441890579476,Concordant decreases,4.481082217916309e-91,90.3486170876737,False
12.9685982518614,12.9685982518614,Concordant decreases,2.9665405915887112e-96,95.5277497047739,False
12.9685982518614,14.3930074457753,Concordant decreases,5.006507292656151e-96,95.3004651468894,False
12.9685982518614,15.8174166396892,Concordant decreases,7.860620161864115e-95,94.1045431890432,False
12.9685982518614,17.2418258336031,Concordant decreases,3.52245552167195e-93,92.4531544820552,False
12.9685982518614,18.666235027517,Concordant decreases,7.012437272790203e-96,95.1541310105419,False
12.9685982518614,20.0906442214309,Concordant decreases,1.478392615249764e-94,93.8302102154721,False
12.9685982518614,21.5150534153448,Concordant decreases,2.2428205435951337e-90,89.649205474542,False
12.9685982518614,22.9394626092587,Concordant decreases,5.3533919383100125e-93,92.2713709594161,False
12.9685982518614,24.3638718031725,Concordant decreases,7.3193057258317495e-96,95.1355301120755,False
12.9685982518614,25.7882809970864,Concordant decreases,5.974870516615889e-94,93.2236715020164,False
12.9685982518614,27.2126901910003,Concordant decreases,1.0319420161587379e-97,96.9863447046175,False
12.9685982518614,28.6370993849142,Concordant decreases,2.8524655373243696e-96,95.5447795939002,False
12.9685982518614,30.0615085788281,Concordant decreases,5.262983159554785e-92,91.278768019632,False
12.9685982518614,31.485917772742,Concordant decreases,4.4450459361476306e-88,87.3521237465695,False
12.9685982518614,32.9103269666559,Concordant decreases,1.8768564178173341e-84,83.7265689502528,False
12.9685982518614,34.3347361605698,Concordant decreases,1.0258686736613762e-82,81.9889082317726,False
12.9685982518614,35.7591453544836,Concordant decreases,1.791567422583148e-86,85.7467668432585,False
12.9685982518614,37.1835545483975,Concordant decreases,2.1201771493315884e-83,82.6736278505038,False
12.9685982518614,38.6079637423114,Concordant decreases,3.864350424563977e-80,79.4129234980552,False
12.9685982518614,40.0323729362253,Concordant decreases,1.2174473611819357e-80,79.9145498073145,False
12.9685982518614,41.4567821301392,Concordant decreases,6.820223752513235e-79,78.1662013771195,False
12.9685982518614,42.8811913240531,Concordant decreases,2.720322480022486e-77,76.5653796095714,False
12.9685982518614,44.305600517967,Concordant decreases,3.2166908379072e-76,75.4925906779364,False
12.9685982518614,45.7300097118809,Concordant decreases,2.8379862305564416e-75,74.546989715999,False
12.9685982518614,47.1544189057948,Concordant decreases,6.620240961665654e-73,72.1791262029444,False
12.9685982518614,48.5788280997086,Concordant decreases,6.439248126856955e-70,69.191164839693,False
12.9685982518614,49.9967627063775,Concordant decreases,7.199741838896338e-68,67.1426830757844,False
14.3930074457753,2.99773389446423,Concordant decreases,4.803617038959551e-72,71.3184316233541,False
14.3930074457753,4.42214308837812,Concordant decreases,3.850914975006111e-77,76.4144360701317,False
14.3930074457753,5.846552282292,Concordant decreases,7.136176620717954e-81,80.1465344096894,False
14.3930074457753,7.27096147620589,Concordant decreases,7.952348765793156e-84,83.09950458136,False
14.3930074457753,8.69537067011978,Concordant decreases,5.778819789967368e-88,87.2381608486108,False
14.3930074457753,10.1197798640337,Concordant decreases,1.4058124742507603e-89,88.8520726073601,False
14.3930074457753,11.5441890579476,Concordant decreases,2.5087924049620476e-89,88.6005352737629,False
14.3930074457753,12.9685982518614,Concordant decreases,6.126125897965787e-94,93.2128140822552,False
14.3930074457753,14.3930074457753,Concordant decreases,6.759593875130032e-93,92.1700793962312,False
14.3930074457753,15.8174166396892,Concordant decreases,1.8833188805815666e-92,91.7250761397008,False
14.3930074457753,17.2418258336031,Concordant decreases,1.5218952260949673e-91,90.8176152452626,False
14.3930074457753,18.666235027517,Concordant decreases,8.54974167067885e-95,94.0680470072243,False
14.3930074457753,20.0906442214309,Concordant decreases,2.4026797631240767e-92,91.6193041095024,False
14.3930074457753,21.5150534153448,Concordant decreases,1.88802061467508e-89,88.7239932680937,False
14.3930074457753,22.9394626092587,Concordant decreases,2.698136426614773e-91,90.5689360947575,False
14.3930074457753,24.3638718031725,Concordant decreases,8.157133069491721e-94,93.0884624528731,False
14.3930074457753,25.7882809970864,Concordant decreases,1.6256315411585697e-90,89.7889778829578,False
14.3930074457753,27.2126901910003,Concordant decreases,2.5523492825004705e-94,93.5930598937899,False
14.3930074457753,28.6370993849142,Concordant decreases,2.3073312827824404e-92,91.6368900457237,False
14.3930074457753,30.0615085788281,Concordant decreases,2.236272105216085e-87,86.6504753534672,False
14.3930074457753,31.485917772742,Concordant decreases,2.331659626770843e-84,83.6323348471395,False
14.3930074457753,32.9103269666559,Concordant decreases,1.3447892317793022e-81,80.8713457771099,False
14.3930074457753,34.3347361605698,Concordant decreases,5.523768825404002e-81,80.2577645053201,False
14.3930074457753,35.7591453544836,Concordant decreases,2.061189986383267e-84,83.6858819760834,False
14.3930074457753,37.1835545483975,Concordant decreases,2.2226579550426802e-81,80.6531273657612,False
14.3930074457753,38.6079637423114,Concordant decreases,1.0789220932796769e-79,78.9670099136862,False
14.3930074457753,40.0323729362253,Concordant decreases,2.3205442117738114e-82,81.6344101528444,False
14.3930074457753,41.4567821301392,Concordant decreases,6.024054834105302e-81,80.2201110836133,False
14.3930074457753,42.8811913240531,Concordant decreases,4.644524237656343e-80,79.3330587663943,False
14.3930074457753,44.305600517967,Concordant decreases,3.5969429457227575e-78,77.4440664508538,False
14.3930074457753,45.7300097118809,Concordant decreases,8.47282410840461e-77,76.071971809236,False
14.3930074457753,47.1544189057948,Concordant decreases,1.93670571226951e-74,73.712936366502,False
14.3930074457753,48.5788280997086,Concordant decreases,3.984450151583707e-71,70.3996316021497,False
14.3930074457753,49.9967627063775,Concordant decreases,9.68588623278522e-69,68.0138606363388,False
15.8174166396892,2.99773389446423,Concordant decreases,1.2237192765590828e-71,70.9123181987135,False
15.8174166396892,4.42214308837812,Concordant decreases,1.7347474567213117e-76,75.7607637405477,False
15.8174166396892,5.846552282292,Concordant decreases,7.246598895040376e-79,78.1398657765583,False
15.8174166396892,7.27096147620589,Concordant decreases,1.2699458231720987e-83,82.8962148059726,False
15.8174166396892,8.69537067011978,Concordant decreases,3.818490165870487e-87,86.4181083235408,False
15.8174166396892,10.1197798640337,Concordant decreases,2.3517085467621225e-89,88.6286165024837,False
15.8174166396892,11.5441890579476,Concordant decreases,3.454370999863565e-88,87.4616310209837,False
15.8174166396892,12.9685982518614,Concordant decreases,8.093840273792876e-94,93.091845370354,False
15.8174166396892,14.3930074457753,Concordant decreases,6.515270122424334e-94,93.1860675737739,False
15.8174166396892,15.8174166396892,Concordant decreases,1.1919072347094151e-92,91.9237575441105,False
15.8174166396892,17.2418258336031,Concordant decreases,1.8216802360053605e-91,90.7395278534475,False
15.8174166396892,18.666235027517,Concordant decreases,8.568407003624761e-95,94.0670999124808,False
15.8174166396892,20.0906442214309,Concordant decreases,4.850066299778515e-93,92.3142523246078,False
15.8174166396892,21.5150534153448,Concordant decreases,2.915456385618245e-91,90.5352934511138,False
15.8174166396892,22.9394626092587,Concordant decreases,5.855479461249877e-95,94.2324375380212,False
15.8174166396892,24.3638718031725,Concordant decreases,3.568075762514322e-97,96.4475659326332,False
15.8174166396892,25.7882809970864,Concordant decreases,2.8808931453056473e-93,92.5404728497601,False
15.8174166396892,27.2126901910003,Concordant decreases,3.4144865798760866e-97,96.4666745898711,False
15.8174166396892,28.6370993849142,Concordant decreases,4.5786163173684284e-95,94.3392657483114,False
15.8174166396892,30.0615085788281,Concordant decreases,3.421556590527821e-91,90.4657762726337,False
15.8174166396892,31.485917772742,Concordant decreases,3.237598763700602e-89,88.4897769744548,False
15.8174166396892,32.9103269666559,Concordant decreases,2.629313830477193e-86,85.5801575741408,False
15.8174166396892,34.3347361605698,Concordant decreases,2.617321180896483e-86,85.5821429802519,False
15.8174166396892,35.7591453544836,Concordant decreases,1.4448154068531852e-89,88.8401876358874,False
15.8174166396892,37.1835545483975,Concordant decreases,2.0285653103767803e-86,85.6928110054703,False
15.8174166396892,38.6079637423114,Concordant decreases,7.186198924596415e-84,83.1435007650525,False
15.8174166396892,40.0323729362253,Concordant decreases,9.020981983396534e-87,86.044746184547,False
15.8174166396892,41.4567821301392,Concordant decreases,1.6261305901349871e-84,83.7888445803301,False
15.8174166396892,42.8811913240531,Concordant decreases,1.5022720095805792e-83,82.8232514244794,False
15.8174166396892,44.305600517967,Concordant decreases,5.566927382256588e-82,81.2543844438073,False
15.8174166396892,45.7300097118809,Concordant decreases,3.469022066921072e-80,79.4597929375429,False
15.8174166396892,47.1544189057948,Concordant decreases,4.467236671115045e-77,76.3499610382968,False
15.8174166396892,48.5788280997086,Concordant decreases,1.7273117111104372e-74,73.7626292824675,False
15.8174166396892,49.9967627063775,Concordant decreases,1.87829996903435e-72,71.726235048655,False
17.2418258336031,2.99773389446423,Concordant decreases,1.447881878592559e-71,70.8392668673985,False
17.2418258336031,4.42214308837812,Concordant decreases,7.263413263920608e-75,74.1388592452322,False
17.2418258336031,5.846552282292,Concordant decreases,6.334363409923223e-78,77.1982970242611,False
17.2418258336031,7.27096147620589,Concordant decreases,3.025204052755266e-83,82.5192453264671,False
17.2418258336031,8.69537067011978,Concordant decreases,7.074993133376554e-88,87.1502739773073,False
17.2418258336031,10.1197798640337,Concordant decreases,1.595117794178414e-88,87.7972072402101,False
17.2418258336031,11.5441890579476,Concordant decreases,4.9110723032973273e-88,87.3088236719177,False
17.2418258336031,12.9685982518614,Concordant decreases,1.1338156716765214e-93,92.945457544456,False
17.2418258336031,14.3930074457753,Concordant decreases,7.177969832905804e-95,94.1439983712229,False
17.2418258336031,15.8174166396892,Concordant decreases,2.650130210377317e-93,92.5767327870975,False
17.2418258336031,17.2418258336031,Concordant decreases,2.6672395639643094e-92,91.573937975448,False
17.2418258336031,18.666235027517,Concordant decreases,7.84277541337364e-95,94.105530221319,False
17.2418258336031,20.0906442214309,Concordant decreases,1.868596874517819e-92,91.7284843819043,False
17.2418258336031,21.5150534153448,Concordant decreases,1.2969011540507019e-92,91.8870931232885,False
17.2418258336031,22.9394626092587,Concordant decreases,9.804609279842256e-95,94.0085697085734,False
17.2418258336031,24.3638718031725,Concordant decreases,4.2314461360039484e-97,96.3735111830851,False
17.2418258336031,25.7882809970864,Concordant decreases,6.273988287323652e-94,93.2024562964058,False
17.2418258336031,27.2126901910003,Concordant decreases,2.2172567774494485e-98,97.654184008928,False
17.2418258336031,28.6370993849142,Concordant decreases,4.0400081638952075e-96,95.3936177572827,False
17.2418258336031,30.0615085788281,Concordant decreases,2.3652235621880116e-93,92.6261278032408,False
17.2418258336031,31.485917772742,Concordant decreases,2.0522143777644338e-92,91.6877772740587,False
17.2418258336031,32.9103269666559,Concordant decreases,2.179340174287628e-89,88.6616749752217,False
17.2418258336031,34.3347361605698,Concordant decreases,7.237589859121803e-89,88.1404060311984,False
17.2418258336031,35.7591453544836,Concordant decreases,1.5165253347642635e-91,90.8191503300573,False
17.2418258336031,37.1835545483975,Concordant decreases,3.16480011068647e-87,86.4996537148938,False
17.2418258336031,38.6079637423114,Concordant decreases,1.5049679754658748e-83,82.8224727414166,False
17.2418258336031,40.0323729362253,Concordant decreases,7.126804214733326e-86,85.1471051718371,False
17.2418258336031,41.4567821301392,Concordant decreases,4.627342413105151e-85,84.3346683624798,False
17.2418258336031,42.8811913240531,Concordant decreases,4.940033592546117e-84,83.3062700978359,False
17.2418258336031,44.305600517967,Concordant decreases,4.554404118426339e-82,81.3415684364754,False
17.2418258336031,45.7300097118809,Concordant decreases,6.7120453259200485e-80,79.1731451194126,False
17.2418258336031,47.1544189057948,Concordant decreases,1.753800203747171e-76,75.7560198838049,False
17.2418258336031,48.5788280997086,Concordant decreases,1.2923569017844876e-74,73.8886175334997,False
17.2418258336031,49.9967627063775,Concordant decreases,1.3596979058103525e-72,71.8665575713453,False
18.666235027517,2.99773389446423,Concordant decreases,2.555261226925129e-73,72.592564694898,False
18.666235027517,4.42214308837812,Concordant decreases,6.445227445329904e-75,74.1907617522425,False
18.666235027517,5.846552282292,Concordant decreases,9.655878659234597e-77,76.0152082004455,False
18.666235027517,7.27096147620589,Concordant decreases,2.012331428897121e-80,79.6963004898749,False
18.666235027517,8.69537067011978,Concordant decreases,3.505731291693325e-85,84.4552213748957,False
18.666235027517,10.1197798640337,Concordant decreases,4.6935941708276764e-85,84.32849446416,False
18.666235027517,11.5441890579476,Concordant decreases,2.3477698775764139e-85,84.6293444737773,False
18.666235027517,12.9685982518614,Concordant decreases,1.393654065370776e-90,89.8558450140035,False
18.666235027517,14.3930074457753,Concordant decreases,4.436024363922999e-91,90.353006077246,False
18.666235027517,15.8174166396892,Concordant decreases,1.2301921568119172e-91,90.9100270461825,False
18.666235027517,17.2418258336031,Concordant decreases,3.4092992073329064e-92,91.4673348824932,False
18.666235027517,18.666235027517,Concordant decreases,5.372985860226001e-94,93.2697843023373,False
18.666235027517,20.0906442214309,Concordant decreases,1.1915954653823555e-90,89.9238711581619,False
18.666235027517,21.5150534153448,Concordant decreases,2.8974821857012955e-92,91.5379792254853,False
18.666235027517,22.9394626092587,Concordant decreases,2.5206482270956268e-93,92.598487758723,False
18.666235027517,24.3638718031725,Concordant decreases,1.225591531328669e-94,93.9116542486171,False
18.666235027517,25.7882809970864,Concordant decreases,1.9198321317868957e-91,90.7167367439141,False
18.666235027517,27.2126901910003,Concordant decreases,2.2737853297040566e-96,95.6432505398795,False
18.666235027517,28.6370993849142,Concordant decreases,1.940431084271078e-94,93.7121017769138,False
18.666235027517,30.0615085788281,Concordant decreases,8.92657902104872e-93,92.0493149461432,False
18.666235027517,31.485917772742,Concordant decreases,9.923415952384257e-92,91.0033388042669,False
18.666235027517,32.9103269666559,Concordant decreases,2.072401904779764e-89,88.6835260172173,False
18.666235027517,34.3347361605698,Concordant decreases,7.002843251013949e-90,89.1547255946261,False
18.666235027517,35.7591453544836,Concordant decreases,5.3286289029078506e-92,91.2733845239008,False
18.666235027517,37.1835545483975,Concordant decreases,2.540757416379902e-87,86.5950367980574,False
18.666235027517,38.6079637423114,Concordant decreases,1.1975202315987462e-83,82.9217171406295,False
18.666235027517,40.0323729362253,Concordant decreases,1.8922853813934084e-85,84.7230133657048,False
18.666235027517,41.4567821301392,Concordant decreases,1.4326211727776548e-84,83.8438686346708,False
18.666235027517,42.8811913240531,Concordant decreases,3.875657750559107e-83,82.4116545813649,False
18.666235027517,44.305600517967,Concordant decreases,3.6698199812204365e-81,80.4353552390395,False
18.666235027517,45.7300097118809,Concordant decreases,1.1135669647799006e-79,78.9532836613781,False
18.666235027517,47.1544189057948,Concordant decreases,1.218127982749785e-76,75.9143070801087,False
18.666235027517,48.5788280997086,Concordant decreases,1.956803742073532e-75,74.7084527297884,False
18.666235027517,49.9967627063775,Concordant decreases,2.028195462030532e-75,74.6928901933275,False
20.0906442214309,2.99773389446423,Concordant decreases,1.4759655274713165e-74,73.8309237857405,False
20.0906442214309,4.42214308837812,Concordant decreases,3.2497628569048038e-77,76.4881483293889,False
20.0906442214309,5.846552282292,Concordant decreases,8.002831565937471e-79,78.0967563235226,False
20.0906442214309,7.27096147620589,Concordant decreases,2.0808773181543072e-82,81.6817535236419,False
20.0906442214309,8.69537067011978,Concordant decreases,2.4228920817111793e-90,89.6156659293875,False
20.0906442214309,10.1197798640337,Concordant decreases,1.4998833573345166e-89,88.8239425137681,False
20.0906442214309,11.5441890579476,Concordant decreases,2.6071173150378035e-89,88.5838394260134,False
20.0906442214309,12.9685982518614,Concordant decreases,1.478392615249764e-94,93.8302102154721,False
20.0906442214309,14.3930074457753,Concordant decreases,2.0878479051735594e-97,96.6803011418526,False
20.0906442214309,15.8174166396892,Concordant decreases,5.8270468079446485e-98,97.2345514932621,False
20.0906442214309,17.2418258336031,Concordant decreases,5.463898795517865e-99,98.2624973534252,False
20.0906442214309,18.666235027517,Concordant decreases,2.038520666806727e-100,99.6906848812515,False
20.0906442214309,20.0906442214309,Concordant decreases,1.0989821175606858e-96,95.9590093742807,False
20.0906442214309,21.5150534153448,Concordant decreases,1.380550885999385e-97,96.8599475809831,False
20.0906442214309,22.9394626092587,Concordant decreases,5.258562804876592e-100,99.2791329347812,False
20.0906442214309,24.3638718031725,Concordant decreases,1.1139397254472426e-102,101.953138307918,False
20.0906442214309,25.7882809970864,Concordant decreases,1.5019753276786974e-99,98.8233372012473,False
20.0906442214309,27.2126901910003,Concordant decreases,1.7017347953178638e-103,102.769108121046,False
20.0906442214309,28.6370993849142,Concordant decreases,1.0494254746636554e-101,100.979048397569,False
20.0906442214309,30.0615085788281,Concordant decreases,8.248439124972953e-100,99.0836282264253,False
20.0906442214309,31.485917772742,Concordant decreases,1.4695943556449032e-98,97.8328025247187,False
20.0906442214309,32.9103269666559,Concordant decreases,2.698415400038612e-95,94.5688911932639,False
20.0906442214309,34.3347361605698,Concordant decreases,3.03298374064918e-95,94.5181299178678,False
20.0906442214309,35.7591453544836,Concordant decreases,1.3432134167138339e-97,96.8718549788893,False
20.0906442214309,37.1835545483975,Concordant decreases,2.069156574075922e-92,91.6842066448179,False
20.0906442214309,38.6079637423114,Concordant decreases,5.7482080573086116e-89,88.2404675208952,False
20.0906442214309,40.0323729362253,Concordant decreases,1.322809255794484e-89,88.878502774957,False
20.0906442214309,41.4567821301392,Concordant decreases,5.511325051323457e-89,88.2587439740529,False
20.0906442214309,42.8811913240531,Concordant decreases,1.8096542216052977e-87,86.7424043997135,False
20.0906442214309,44.305600517967,Concordant decreases,2.031033988720709e-85,84.6922828087516,False
20.0906442214309,45.7300097118809,Concordant decreases,1.4793828368273257e-84,83.8299194241054,False
20.0906442214309,47.1544189057948,Concordant decreases,1.8865077290262808e-81,80.7243414111539,False
20.0906442214309,48.5788280997086,Concordant decreases,1.6075779368773804e-79,78.7938279628919,False
20.0906442214309,49.9967627063775,Concordant decreases,3.9631252090523856e-79,78.4019622065602,False
21.5150534153448,2.99773389446423,Concordant decreases,1.0901972551352105e-70,69.9624949157601,False
21.5150534153448,4.42214308837812,Concordant decreases,3.689254223991378e-75,74.4330614168056,False
21.5150534153448,5.846552282292,Concordant decreases,4.983006145182727e-77,76.3025085772445,False
21.5150534153448,7.27096147620589,Concordant decreases,6.865708235282267e-82,81.1633146562699,False
21.5150534153448,8.69537067011978,Concordant decreases,8.259790151329465e-89,88.0830309862483,False
21.5150534153448,10.1197798640337,Concordant decreases,8.81021658412196e-87,86.0550134150689,False
21.5150534153448,11.5441890579476,Concordant decreases,7.658925746215355e-87,86.115832140969,False
21.5150534153448,12.9685982518614,Concordant decreases,9.332792887956789e-92,91.0299883718675,False
21.5150534153448,14.3930074457753,Concordant decreases,2.368837266273673e-94,93.6254647732945,False
21.5150534153448,15.8174166396892,Concordant decreases,3.5829774298014215e-95,94.4457559275703,False
21.5150534153448,17.2418258336031,Concordant decreases,1.3885440335692509e-95,94.8574403433297,False
21.5150534153448,18.666235027517,Concordant decreases,7.92791046883235e-97,96.1008412630525,False
21.5150534153448,20.0906442214309,Concordant decreases,6.692018449776393e-92,91.1744428703658,False
21.5150534153448,21.5150534153448,Concordant decreases,6.960429115610231e-92,91.1573639849876,False
21.5150534153448,22.9394626092587,Concordant decreases,1.1261196038777511e-95,94.9484154811138,False
21.5150534153448,24.3638718031725,Concordant decreases,2.374386036839297e-97,96.624448670369,False
21.5150534153448,25.7882809970864,Concordant decreases,2.0451117590245414e-95,94.6892829541596,False
21.5150534153448,27.2126901910003,Concordant decreases,1.2374943886046564e-100,99.9074567616902,False
21.5150534153448,28.6370993849142,Concordant decreases,3.628733637637127e-99,98.4402449094379,False
21.5150534153448,30.0615085788281,Concordant decreases,1.361804713095637e-97,96.8658851670971,False
21.5150534153448,31.485917772742,Concordant decreases,2.865336220850019e-96,95.5428244102437,False
21.5150534153448,32.9103269666559,Concordant decreases,9.95140547203186e-94,93.0021155779837,False
21.5150534153448,34.3347361605698,Concordant decreases,7.377139979776128e-93,92.1321119758113,False
21.5150534153448,35.7591453544836,Concordant decreases,2.1906137669252515e-95,94.6594341873318,False
21.5150534153448,37.1835545483975,Concordant decreases,4.950709185446743e-92,91.3053325842452,False
21.5150534153448,38.6079637423114,Concordant decreases,3.080095506819729e-88,87.5114358167977,False
21.5150534153448,40.0323729362253,Concordant decreases,3.8149409858106837e-90,89.4185121758572,False
21.5150534153448,41.4567821301392,Concordant decreases,9.215030187769685e-89,88.0355032377254,False
21.5150534153448,42.8811913240531,Concordant decreases,7.31094099723891e-87,86.1360267210439,False
21.5150534153448,44.305600517967,Concordant decreases,1.8318496423874474e-85,84.7371101759527,False
21.5150534153448,45.7300097118809,Concordant decreases,6.813208097384776e-86,85.1666483461016,False
21.5150534153448,47.1544189057948,Concordant decreases,4.104225246420245e-82,81.3867688124691,False
21.5150534153448,48.5788280997086,Concordant decreases,3.6678939521901416e-80,79.4355832293391,False
21.5150534153448,49.9967627063775,Concordant decreases,2.2159349686990878e-80,79.6544429890472,False
22.9394626092587,2.99773389446423,Concordant decreases,3.640153883294883e-67,66.438880256666,False
22.9394626092587,4.42214308837812,Concordant decreases,4.02727307687244e-72,71.3949889212349,False
22.9394626092587,5.846552282292,Concordant decreases,1.5994015248697947e-75,74.7960424942621,False
22.9394626092587,7.27096147620589,Concordant decreases,1.4686275263042655e-80,79.8330883361241,False
22.9394626092587,8.69537067011978,Concordant decreases,1.5555396574571117e-85,84.8081189123629,False
22.9394626092587,10.1197798640337,Concordant decreases,2.149019403130899e-84,83.6677596633198,False
22.9394626092587,11.5441890579476,Concordant decreases,2.734974151943818e-84,83.563046773799,False
22.9394626092587,12.9685982518614,Concordant decreases,1.8123625468147086e-88,87.7417549212665,False
22.9394626092587,14.3930074457753,Concordant decreases,7.382701294627354e-91,90.131784702852,False
22.9394626092587,15.8174166396892,Concordant decreases,2.191172578393095e-92,91.6593234157336,False
22.9394626092587,17.2418258336031,Concordant decreases,1.1885439544259574e-92,91.9249847526723,False
22.9394626092587,18.666235027517,Concordant decreases,3.880749105956335e-94,93.4110844338951,False
22.9394626092587,20.0906442214309,Concordant decreases,7.540711975484852e-89,88.1225876471771,False
22.9394626092587,21.5150534153448,Concordant decreases,1.0003749563961442e-88,87.9998371890278,False
22.9394626092587,22.9394626092587,Concordant decreases,2.7764673410255878e-92,91.5565074306718,False
22.9394626092587,24.3638718031725,Concordant decreases,1.4942399260897519e-94,93.8255796634236,False
22.9394626092587,25.7882809970864,Concordant decreases,1.4278239068579903e-92,91.84532535068,False
22.9394626092587,27.2126901910003,Concordant decreases,6.993332560379452e-98,97.1553158188635,False
22.9394626092587,28.6370993849142,Concordant decreases,2.351922370996752e-96,95.6285770169514,False
22.9394626092587,30.0615085788281,Concordant decreases,4.308161452025412e-95,94.3657080295129,False
22.9394626092587,31.485917772742,Concordant decreases,2.3432952915816926e-93,92.6301729801082,False
22.9394626092587,32.9103269666559,Concordant decreases,3.6799497901767123e-91,90.4341581068694,False
22.9394626092587,34.3347361605698,Concordant decreases,5.894521820248285e-92,91.2295514202976,False
22.9394626092587,35.7591453544836,Concordant decreases,2.855923388992829e-93,92.5442534468202,False
22.9394626092587,37.1835545483975,Concordant decreases,5.871423203514254e-91,90.2312566151892,False
22.9394626092587,38.6079637423114,Concordant decreases,3.500953755230244e-88,87.4558136258762,False
22.9394626092587,40.0323729362253,Concordant decreases,5.874001602785714e-90,89.2310659393112,False
22.9394626092587,41.4567821301392,Concordant decreases,1.6010667147880603e-88,87.7955905711034,False
22.9394626092587,42.8811913240531,Concordant decreases,6.468746521616098e-88,87.1891798663924,False
22.9394626092587,44.305600517967,Concordant decreases,8.544478526457978e-87,86.0683144373309,False
22.9394626092587,45.7300097118809,Concordant decreases,3.8072840472679707e-87,86.4193847208848,False
22.9394626092587,47.1544189057948,Concordant decreases,2.4457268200444837e-84,83.6115920539117,False
22.9394626092587,48.5788280997086,Concordant decreases,1.1335795420151211e-82,81.9455480005077,False
22.9394626092587,49.9967627063775,Concordant decreases,7.67568249322265e-83,82.1148829982791,False
24.3638718031725,2.99773389446423,Concordant decreases,3.1119101061427663e-63,62.5069729569812,False
24.3638718031725,4.42214308837812,Concordant decreases,6.066679662986524e-67,66.217048936368,False
24.3638718031725,5.846552282292,Concordant decreases,7.666048194914171e-70,69.1154284547504,False
24.3638718031725,7.27096147620589,Concordant decreases,7.787883669213519e-76,75.1085805443369,False
24.3638718031725,8.69537067011978,Concordant decreases,3.805525331175714e-80,79.4195853828664,False
24.3638718031725,10.1197798640337,Concordant decreases,1.5352597771363556e-79,78.8138181281794,False
24.3638718031725,11.5441890579476,Concordant decreases,4.069431963591124e-78,77.3904662080462,False
24.3638718031725,12.9685982518614,Concordant decreases,3.935376591323629e-82,81.4050137020068,False
24.3638718031725,14.3930074457753,Concordant decreases,2.0001894833962998e-84,83.6989288604883,False
24.3638718031725,15.8174166396892,Concordant decreases,6.94770630100397e-86,85.1581585486805,False
24.3638718031725,17.2418258336031,Concordant decreases,2.5528413887679854e-87,86.5929761676175,False
24.3638718031725,18.666235027517,Concordant decreases,1.0665430252637754e-88,87.9720216200479,False
24.3638718031725,20.0906442214309,Concordant decreases,3.162068348553904e-83,82.5000287469658,False
24.3638718031725,21.5150534153448,Concordant decreases,2.3668217318442824e-82,81.6258344517422,False
24.3638718031725,22.9394626092587,Concordant decreases,4.637413965895137e-86,85.3337241344084,False
24.3638718031725,24.3638718031725,Concordant decreases,8.075523034617052e-88,87.0928293397471,False
24.3638718031725,25.7882809970864,Concordant decreases,2.9603594416549353e-86,85.5286555544647,False
24.3638718031725,27.2126901910003,Concordant decreases,1.322281395632555e-91,90.878676112501,False
24.3638718031725,28.6370993849142,Concordant decreases,8.470979662715117e-91,90.0720663609198,False
24.3638718031725,30.0615085788281,Concordant decreases,1.4432412193480806e-90,89.8406610760606,False
24.3638718031725,31.485917772742,Concordant decreases,1.7114853984948997e-88,87.7666268016854,False
24.3638718031725,32.9103269666559,Concordant decreases,2.5052875031783173e-86,85.6011424279288,False
24.3638718031725,34.3347361605698,Concordant decreases,2.3748728461121534e-87,86.6243596381276,False
24.3638718031725,35.7591453544836,Concordant decreases,3.3467191714926655e-89,88.4753807284513,False
24.3638718031725,37.1835545483975,Concordant decreases,3.1690209162937114e-88,87.4990748943531,False
24.3638718031725,38.6079637423114,Concordant decreases,1.8076514323684245e-85,84.7428853103614,False
24.3638718031725,40.0323729362253,Concordant decreases,1.86860782726979e-86,85.7284818363013,False
24.3638718031725,41.4567821301392,Concordant decreases,2.5220255225118088e-85,84.5982505227471,False
24.3638718031725,42.8811913240531,Concordant decreases,2.608846730513625e-85,84.583551434908,False
24.3638718031725,44.305600517967,Concordant decreases,1.7798834012968845e-84,83.7496084470349,False
24.3638718031725,45.7300097118809,Concordant decreases,4.6001053748106195e-85,84.3372322198022,False
24.3638718031725,47.1544189057948,Concordant decreases,2.7911287180840924e-82,81.554220134753,False
24.3638718031725,48.5788280997086,Concordant decreases,3.5272161197205464e-82,81.4525679294092,False
24.3638718031725,49.9967627063775,Concordant decreases,2.751491907093248e-82,81.5604317602324,False
25.7882809970864,2.99773389446423,Concordant decreases,6.363795863183664e-59,58.1962837600303,False
25.7882809970864,4.42214308837812,Concordant decreases,3.5261344904333398e-62,61.452701127278,False
25.7882809970864,5.846552282292,Concordant decreases,3.319656128297882e-66,65.4789069010301,False
25.7882809970864,7.27096147620589,Concordant decreases,5.097352264172699e-72,71.2926553524619,False
25.7882809970864,8.69537067011978,Concordant decreases,1.289482149196369e-77,76.8895846655921,False
25.7882809970864,10.1197798640337,Concordant decreases,5.076590512321872e-76,75.2944278662214,False
25.7882809970864,11.5441890579476,Concordant decreases,7.33066252573294e-76,75.1348567732078,False
25.7882809970864,12.9685982518614,Concordant decreases,4.3916342351596405e-80,79.3573738380176,False
25.7882809970864,14.3930074457753,Concordant decreases,1.3019657806468088e-82,81.8854004301085,False
25.7882809970864,15.8174166396892,Concordant decreases,1.6123756770435107e-83,82.7925337618744,False
25.7882809970864,17.2418258336031,Concordant decreases,2.29287874681302e-86,85.6396189112458,False
25.7882809970864,18.666235027517,Concordant decreases,5.804140413134269e-88,87.2362620897023,False
25.7882809970864,20.0906442214309,Concordant decreases,2.2779469547845644e-81,80.6424563933002,False
25.7882809970864,21.5150534153448,Concordant decreases,1.0155096007421845e-79,78.9933159663708,False
25.7882809970864,22.9394626092587,Concordant decreases,1.3822574363891464e-83,82.8594110649276,False
25.7882809970864,24.3638718031725,Concordant decreases,3.6117151737243274e-84,83.4422865062426,False
25.7882809970864,25.7882809970864,Concordant decreases,1.2484351585800693e-84,83.9036340091814,False
25.7882809970864,27.2126901910003,Concordant decreases,9.434627859773158e-90,89.025275225508,False
25.7882809970864,28.6370993849142,Concordant decreases,3.253716709831722e-89,88.4876202623127,False
25.7882809970864,30.0615085788281,Concordant decreases,3.1132531585050672e-89,88.5067855626225,False
25.7882809970864,31.485917772742,Concordant decreases,8.709552494412228e-87,86.0600041589074,False
25.7882809970864,32.9103269666559,Concordant decreases,5.983758432454116e-84,83.2230259474915,False
25.7882809970864,34.3347361605698,Concordant decreases,7.255773152069749e-85,84.1393163037242,False
25.7882809970864,35.7591453544836,Concordant decreases,1.3901852160740015e-86,85.8569273343069,False
25.7882809970864,37.1835545483975,Concordant decreases,6.291418467444205e-85,84.2012514271886,False
25.7882809970864,38.6079637423114,Concordant decreases,4.389869370213444e-84,83.3575484029104,False
25.7882809970864,40.0323729362253,Concordant decreases,2.761622442149509e-85,84.558835696684,False
25.7882809970864,41.4567821301392,Concordant decreases,4.132018490800475e-84,83.3838377436784,False
25.7882809970864,42.8811913240531,Concordant decreases,5.757815735137333e-85,84.2397422377722,False
25.7882809970864,44.305600517967,Concordant decreases,2.155118237186989e-84,83.666528897963,False
25.7882809970864,45.7300097118809,Concordant decreases,6.683439720277219e-85,84.1749999646121,False
25.7882809970864,47.1544189057948,Concordant decreases,2.0234626486120893e-82,81.6939048079027,False
25.7882809970864,48.5788280997086,Concordant decreases,5.981144072296173e-82,81.2232157362855,False
25.7882809970864,49.9967627063775,Concordant decreases,2.5995488344751633e-82,81.5851020196061,False
27.2126901910003,2.99773389446423,Concordant decreases,6.751765770556393e-57,56.1705826324842,False
27.2126901910003,4.42214308837812,Concordant decreases,1.8530947218254287e-59,58.732102380943,False
27.2126901910003,5.846552282292,Concordant decreases,2.339711552817906e-62,61.6308376805134,False
27.2126901910003,7.27096147620589,Concordant decreases,4.413282726472856e-67,66.3552382496174,False
27.2126901910003,8.69537067011978,Concordant decreases,1.4658721523042082e-72,71.8339039055271,False
27.2126901910003,10.1197798640337,Concordant decreases,7.931903392452449e-73,72.1006225839751,False
27.2126901910003,11.5441890579476,Concordant decreases,7.196292344012453e-74,73.1428912020785,False
27.2126901910003,12.9685982518614,Concordant decreases,2.6520802139052624e-78,77.5764133445472,False
27.2126901910003,14.3930074457753,Concordant decreases,1.1506404376784457e-80,79.939060367359,False
27.2126901910003,15.8174166396892,Concordant decreases,1.896586036182375e-81,80.7220274513046,False
27.2126901910003,17.2418258336031,Concordant decreases,9.451156904145805e-84,83.0245150267993,False
27.2126901910003,18.666235027517,Concordant decreases,1.0161201389486961e-86,85.9930549410699,False
27.2126901910003,20.0906442214309,Concordant decreases,1.716594636901577e-80,79.7653322486605,False
27.2126901910003,21.5150534153448,Concordant decreases,2.017109054841853e-78,77.6952706210556,False
27.2126901910003,22.9394626092587,Concordant decreases,1.873230072861354e-82,81.7274088786644,False
27.2126901910003,24.3638718031725,Concordant decreases,1.373880649498564e-82,81.8620509932703,False
27.2126901910003,25.7882809970864,Concordant decreases,5.959883907929e-83,82.2247621997626,False
27.2126901910003,27.2126901910003,Concordant decreases,3.4449084193274466e-87,86.4628223190421,False
27.2126901910003,28.6370993849142,Concordant decreases,2.958289655382166e-87,86.5289593051277,False
27.2126901910003,30.0615085788281,Concordant decreases,3.4187936243171567e-87,86.4661271146247,False
27.2126901910003,31.485917772742,Concordant decreases,9.874735868856011e-85,84.0054745121301,False
27.2126901910003,32.9103269666559,Concordant decreases,6.743253610841999e-82,81.1711305063892,False
27.2126901910003,34.3347361605698,Concordant decreases,1.0212203517362864e-82,81.9908805387966,False
27.2126901910003,35.7591453544836,Concordant decreases,6.857974965710682e-86,85.1638041045628,False
27.2126901910003,37.1835545483975,Concordant decreases,3.4454546311196416e-84,83.4627534643922,False
27.2126901910003,38.6079637423114,Concordant decreases,2.7438092742512432e-83,82.56164608029,False
27.2126901910003,40.0323729362253,Concordant decreases,6.029123447386742e-86,85.219745823786,False
27.2126901910003,41.4567821301392,Concordant decreases,1.0355825782425822e-84,83.9848152643754,False
27.2126901910003,42.8811913240531,Concordant decreases,4.172965845878941e-86,85.3795551698071,False
27.2126901910003,44.305600517967,Concordant decreases,3.687276177467338e-85,84.4332943324622,False
27.2126901910003,45.7300097118809,Concordant decreases,2.758129067159502e-85,84.5593854147941,False
27.2126901910003,47.1544189057948,Concordant decreases,4.3722361512989216e-83,82.359296389166,False
27.2126901910003,48.5788280997086,Concordant decreases,7.206823601172387e-83,82.1422561078802,False
27.2126901910003,49.9967627063775,Concordant decreases,1.4624859564840456e-82,81.8349082955369,False
28.6370993849142,2.99773389446423,Concordant decreases,1.829182268762327e-52,51.7377430171186,False
28.6370993849142,4.42214308837812,Concordant decreases,2.1012056288311225e-56,55.6775314444542,False
28.6370993849142,5.846552282292,Concordant decreases,8.639046788167798e-60,59.0635341738957,False
28.6370993849142,7.27096147620589,Concordant decreases,6.47550074542638e-64,63.1887266422943,False
28.6370993849142,8.69537067011978,Concordant decreases,3.0493240018467583e-69,68.5157964278031,False
28.6370993849142,10.1197798640337,Concordant decreases,9.158022781527634e-71,70.0381982804546,False
28.6370993849142,11.5441890579476,Concordant decreases,1.6226623562449338e-72,71.789771838815,False
28.6370993849142,12.9685982518614,Concordant decreases,5.800220507005618e-78,77.2365554955482,False
28.6370993849142,14.3930074457753,Concordant decreases,9.455675406125728e-80,79.0243074446426,False
28.6370993849142,15.8174166396892,Concordant decreases,3.7105910733511827e-81,80.4305569045498,False
28.6370993849142,17.2418258336031,Concordant decreases,6.450448098388912e-83,82.1904101148379,False
28.6370993849142,18.666235027517,Concordant decreases,1.8430077563713424e-86,85.7344728370315,False
28.6370993849142,20.0906442214309,Concordant decreases,3.509102033714979e-80,79.4548040036754,False
28.6370993849142,21.5150534153448,Concordant decreases,4.8656210181543163e-79,78.3128617211623,False
28.6370993849142,22.9394626092587,Concordant decreases,3.1187823612204635e-82,81.5060149306673,False
28.6370993849142,24.3638718031725,Concordant decreases,6.330750636931728e-82,81.1985447926446,False
28.6370993849142,25.7882809970864,Concordant decreases,1.6294501547173227e-82,81.7879589201711,False
28.6370993849142,27.2126901910003,Concordant decreases,2.93168025911701e-86,85.5328833973574,False
28.6370993849142,28.6370993849142,Concordant decreases,6.580342242603518e-86,85.1817515182084,False
28.6370993849142,30.0615085788281,Concordant decreases,2.2005887173981896e-87,86.657461118035,False
28.6370993849142,31.485917772742,Concordant decreases,3.549975994692561e-85,84.4497745836795,False
28.6370993849142,32.9103269666559,Concordant decreases,1.1549012184593847e-81,80.9374551604581,False
28.6370993849142,34.3347361605698,Concordant decreases,4.394597434163534e-82,81.3570809021895,False
28.6370993849142,35.7591453544836,Concordant decreases,4.670471972461649e-86,85.3306392297811,False
28.6370993849142,37.1835545483975,Concordant decreases,1.3180283925306272e-84,83.8800752342135,False
28.6370993849142,38.6079637423114,Concordant decreases,1.481517106865482e-84,83.8292933294189,False
28.6370993849142,40.0323729362253,Concordant decreases,8.321123213457456e-87,86.079818047209,False
28.6370993849142,41.4567821301392,Concordant decreases,3.330514800770612e-85,84.477488632003,False
28.6370993849142,42.8811913240531,Concordant decreases,8.078811455808579e-87,86.092652527363,False
28.6370993849142,44.305600517967,Concordant decreases,8.13864931842317e-86,85.0894476641806,False
28.6370993849142,45.7300097118809,Concordant decreases,1.4330496772058655e-85,84.8437387543602,False
28.6370993849142,47.1544189057948,Concordant decreases,2.434791072628423e-83,82.6135382992943,False
28.6370993849142,48.5788280997086,Concordant decreases,1.1341978102885427e-83,82.9453111955093,False
28.6370993849142,49.9967627063775,Concordant decreases,6.3469425561044945e-84,83.1974354323115,False
30.0615085788281,2.99773389446423,Concordant decreases,8.416915275411389e-51,50.0748470444062,False
30.0615085788281,4.42214308837812,Concordant decreases,8.300817733473509e-57,56.0808791221249,False
30.0615085788281,5.846552282292,Concordant decreases,7.28445491171213e-61,60.1376029404887,False
30.0615085788281,7.27096147620589,Concordant decreases,3.351127493814113e-64,63.474809049095,False
30.0615085788281,8.69537067011978,Concordant decreases,3.609751079307898e-70,69.4425227450778,False
30.0615085788281,10.1197798640337,Concordant decreases,7.310692437326615e-72,71.1360414865896,False
30.0615085788281,11.5441890579476,Concordant decreases,2.230844314971861e-73,72.651530736981,False
30.0615085788281,12.9685982518614,Concordant decreases,3.3256738684144066e-78,77.4781203420355,False
30.0615085788281,14.3930074457753,Concordant decreases,3.352677911692842e-80,79.4746081667899,False
30.0615085788281,15.8174166396892,Concordant decreases,8.193065453896817e-82,81.0865535755748,False
30.0615085788281,17.2418258336031,Concordant decreases,6.767541093638539e-85,84.1695690984409,False
30.0615085788281,18.666235027517,Concordant decreases,6.971510860650263e-88,87.1566730917245,False
30.0615085788281,20.0906442214309,Concordant decreases,8.493848112934377e-82,81.0708955093336,False
30.0615085788281,21.5150534153448,Concordant decreases,7.644461552476197e-81,80.1166530992672,False
30.0615085788281,22.9394626092587,Concordant decreases,2.976138776879726e-85,84.5263468215711,False
30.0615085788281,24.3638718031725,Concordant decreases,4.080921515021072e-85,84.389241757572,False
30.0615085788281,25.7882809970864,Concordant decreases,3.1781187234205655e-85,84.4978298830999,False
30.0615085788281,27.2126901910003,Concordant decreases,7.588980803747537e-90,89.1198165457158,False
30.0615085788281,28.6370993849142,Concordant decreases,5.254223301010242e-90,89.2794914739299,False
30.0615085788281,30.0615085788281,Concordant decreases,1.0650325547976935e-90,89.9726371169643,False
30.0615085788281,31.485917772742,Concordant decreases,2.372966034013743e-88,87.6247084781105,False
30.0615085788281,32.9103269666559,Concordant decreases,2.1593000830193367e-84,83.6656869985443,False
30.0615085788281,34.3347361605698,Concordant decreases,1.2262009961196803e-85,84.9114383354041,False
30.0615085788281,35.7591453544836,Concordant decreases,1.5350861078068379e-89,88.8138672585604,False
30.0615085788281,37.1835545483975,Concordant decreases,1.1355981182089132e-87,86.9447753358117,False
30.0615085788281,38.6079637423114,Concordant decreases,3.185123874477939e-87,86.4968736726046,False
30.0615085788281,40.0323729362253,Concordant decreases,2.1416628326086787e-89,88.6692489002004,False
30.0615085788281,41.4567821301392,Concordant decreases,1.2392566211058724e-88,87.9068387520661,False
30.0615085788281,42.8811913240531,Concordant decreases,3.497132656460186e-90,89.4562878933196,False
30.0615085788281,44.305600517967,Concordant decreases,4.197640771420279e-89,88.3769947305143,False
30.0615085788281,45.7300097118809,Concordant decreases,3.53032906332861e-88,87.4521848119699,False
30.0615085788281,47.1544189057948,Concordant decreases,6.923653705234599e-86,85.1596646620079,False
30.0615085788281,48.5788280997086,Concordant decreases,9.055530427621446e-87,86.0430861058091,False
30.0615085788281,49.9967627063775,Concordant decreases,5.620101184992803e-87,86.2502558652693,False
31.485917772742,2.99773389446423,Concordant decreases,1.1764437018268757e-48,47.9294288509537,False
31.485917772742,4.42214308837812,Concordant decreases,1.513956288422427e-53,52.8198866637864,False
31.485917772742,5.846552282292,Concordant decreases,3.745355020887004e-57,56.4265070093919,False
31.485917772742,7.27096147620589,Concordant decreases,4.566314590242615e-60,59.3404341716675,False
31.485917772742,8.69537067011978,Concordant decreases,2.2348572128048068e-66,65.6507502191414,False
31.485917772742,10.1197798640337,Concordant decreases,2.977759226821393e-67,66.5261104209862,False
31.485917772742,11.5441890579476,Concordant decreases,2.118301205598837e-68,67.6740122866134,False
31.485917772742,12.9685982518614,Concordant decreases,6.930049779502175e-74,73.1592636457799,False
31.485917772742,14.3930074457753,Concordant decreases,1.352481667577521e-76,75.8688686128934,False
31.485917772742,15.8174166396892,Concordant decreases,2.9391541001077217e-79,78.5317776432326,False
31.485917772742,17.2418258336031,Concordant decreases,3.2327863022544444e-82,81.490423002725,False
31.485917772742,18.666235027517,Concordant decreases,1.9239209841058187e-85,84.71581276851,False
31.485917772742,20.0906442214309,Concordant decreases,4.098224111978973e-80,79.3874042958288,False
31.485917772742,21.5150534153448,Concordant decreases,8.998186357374636e-79,78.0458450166004,False
31.485917772742,22.9394626092587,Concordant decreases,2.3488222165709205e-82,81.6291498539266,False
31.485917772742,24.3638718031725,Concordant decreases,1.6096820720914617e-81,80.7932598928942,False
31.485917772742,25.7882809970864,Concordant decreases,1.3832609457511167e-81,80.8590958845257,False
31.485917772742,27.2126901910003,Concordant decreases,2.3994458627970214e-86,85.619889044337,False
31.485917772742,28.6370993849142,Concordant decreases,1.8780173103472513e-86,85.7263004090062,False
31.485917772742,30.0615085788281,Concordant decreases,4.954958919447997e-88,87.3049599418106,False
31.485917772742,31.485917772742,Concordant decreases,1.1042697678338352e-85,84.9569248175762,False
31.485917772742,32.9103269666559,Concordant decreases,2.7576285398200738e-83,82.5594642348865,False
31.485917772742,34.3347361605698,Concordant decreases,9.584768453741116e-85,84.0184183742285,False
31.485917772742,35.7591453544836,Concordant decreases,6.804322075521503e-88,87.1672151376945,False
31.485917772742,37.1835545483975,Concordant decreases,3.2552693700851806e-87,86.4874130682014,False
31.485917772742,38.6079637423114,Concordant decreases,2.618988681665405e-87,86.5818663784365,False
31.485917772742,40.0323729362253,Concordant decreases,5.361480009364348e-90,89.2707153089683,False
31.485917772742,41.4567821301392,Concordant decreases,1.7849492845652e-89,88.7483741189055,False
31.485917772742,42.8811913240531,Concordant decreases,6.084534574826968e-91,90.2157726367133,False
31.485917772742,44.305600517967,Concordant decreases,4.136191463758449e-90,89.3833993660144,False
31.485917772742,45.7300097118809,Concordant decreases,1.9737413122186187e-89,88.7047097686056,False
31.485917772742,47.1544189057948,Concordant decreases,2.1621707452797212e-87,86.6651100130632,False
31.485917772742,48.5788280997086,Concordant decreases,6.528997267839183e-88,87.1851535131328,False
31.485917772742,49.9967627063775,Concordant decreases,9.172109195028959e-88,87.0375307835849,False
32.9103269666559,2.99773389446423,Concordant decreases,1.843274178074953e-45,44.7344100607827,False
32.9103269666559,4.42214308837812,Concordant decreases,1.7994990421691624e-49,48.7448483801757,False
32.9103269666559,5.846552282292,Concordant decreases,1.0915695048122018e-53,52.9619486057218,False
32.9103269666559,7.27096147620589,Concordant decreases,5.9541553868860484e-58,57.225179835664,False
32.9103269666559,8.69537067011978,Concordant decreases,7.517822284274449e-63,62.1239079448993,False
32.9103269666559,10.1197798640337,Concordant decreases,3.7026337473592395e-64,63.4314892448416,False
32.9103269666559,11.5441890579476,Concordant decreases,1.940188364504918e-66,65.7121561042482,False
32.9103269666559,12.9685982518614,Concordant decreases,2.166550152559936e-71,70.6642312532126,False
32.9103269666559,14.3930074457753,Concordant decreases,2.2353151775347794e-74,73.6506612330628,False
32.9103269666559,15.8174166396892,Concordant decreases,1.1496492644924162e-77,76.9394346341929,False
32.9103269666559,17.2418258336031,Concordant decreases,3.840342896179283e-80,79.4156299966559,False
32.9103269666559,18.666235027517,Concordant decreases,1.561163777213611e-82,81.8065515339593,False
32.9103269666559,20.0906442214309,Concordant decreases,1.228886630857866e-78,77.910488180469,False
32.9103269666559,21.5150534153448,Concordant decreases,3.008914568169923e-77,76.5215901429675,False
32.9103269666559,22.9394626092587,Concordant decreases,1.0595324022511653e-80,79.9748857573074,False
32.9103269666559,24.3638718031725,Concordant decreases,1.699043093633988e-79,78.7697956057748,False
32.9103269666559,25.7882809970864,Concordant decreases,3.4362259356357006e-79,78.463918288562,False
32.9103269666559,27.2126901910003,Concordant decreases,4.186561416148448e-84,83.3781425333823,False
32.9103269666559,28.6370993849142,Concordant decreases,7.739059892538218e-84,83.1113117923249,False
32.9103269666559,30.0615085788281,Concordant decreases,2.5241441673303202e-85,84.5978858438463,False
32.9103269666559,31.485917772742,Concordant decreases,1.1177887690950825e-82,81.9516402582418,False
32.9103269666559,32.9103269666559,Concordant decreases,6.847300492932805e-81,80.164480612755,False
32.9103269666559,34.3347361605698,Concordant decreases,1.4750667303571156e-82,81.8311883322483,False
32.9103269666559,35.7591453544836,Concordant decreases,1.758248825427346e-86,85.7549196640386,False
32.9103269666559,37.1835545483975,Concordant decreases,9.465010511676581e-86,85.02387889938,False
32.9103269666559,38.6079637423114,Concordant decreases,1.1219377241977747e-86,85.9500312489514,False
32.9103269666559,40.0323729362253,Concordant decreases,7.2489431645976215e-90,89.1397253053241,False
32.9103269666559,41.4567821301392,Concordant decreases,1.1134739790248234e-88,87.9533199276178,False
32.9103269666559,42.8811913240531,Concordant decreases,4.643642597676508e-90,89.3331412135308,False
32.9103269666559,44.305600517967,Concordant decreases,8.857301885935075e-90,89.0526985528878,False
32.9103269666559,45.7300097118809,Concordant decreases,4.7788411203630345e-89,88.3206774080012,False
32.9103269666559,47.1544189057948,Concordant decreases,1.4355237916255808e-87,86.8429896053367,False
32.9103269666559,48.5788280997086,Concordant decreases,2.5250397603480236e-88,87.5977317789062,False
32.9103269666559,49.9967627063775,Concordant decreases,5.017187431246246e-89,88.2995396743688,False
34.3347361605698,2.99773389446423,Concordant decreases,3.4763174158892824e-44,43.458880575815,False
34.3347361605698,4.42214308837812,Concordant decreases,1.2413183402043303e-47,46.9061168279575,False
34.3347361605698,5.846552282292,Concordant decreases,1.9079921769071748e-50,49.7194234103096,False
34.3347361605698,7.27096147620589,Concordant decreases,1.0257825353748631e-54,53.9889446993577,False
34.3347361605698,8.69537067011978,Concordant decreases,9.551817996631977e-59,58.0199139613206,False
34.3347361605698,10.1197798640337,Concordant decreases,1.6529317550503216e-60,59.7817450768683,False
34.3347361605698,11.5441890579476,Concordant decreases,2.074358867510824e-62,61.6831161077843,False
34.3347361605698,12.9685982518614,Concordant decreases,6.870600203549694e-67,66.1630053220811,False
34.3347361605698,14.3930074457753,Concordant decreases,1.5104094911308436e-70,69.8209052940121,False
34.3347361605698,15.8174166396892,Concordant decreases,9.355602579725035e-74,73.028928235035,False
34.3347361605698,17.2418258336031,Concordant decreases,8.088701957092235e-76,75.0921211666575,False
34.3347361605698,18.666235027517,Concordant decreases,3.5416278271101406e-79,78.4507970786978,False
34.3347361605698,20.0906442214309,Concordant decreases,2.3628745892781808e-76,75.6265593281475,False
34.3347361605698,21.5150534153448,Concordant decreases,1.3697058340922855e-75,74.8633726944116,False
34.3347361605698,22.9394626092587,Concordant decreases,6.842621387480939e-80,79.1647774895049,False
34.3347361605698,24.3638718031725,Concordant decreases,6.88514936721943e-80,79.1620866336706,False
34.3347361605698,25.7882809970864,Concordant decreases,1.7203765158415708e-79,78.7643764944544,False
34.3347361605698,27.2126901910003,Concordant decreases,1.330168578046821e-84,83.8760933155171,False
34.3347361605698,28.6370993849142,Concordant decreases,1.4759185433005844e-84,83.8309376107862,False
34.3347361605698,30.0615085788281,Concordant decreases,6.005797502106896e-86,85.2214293150275,False
34.3347361605698,31.485917772742,Concordant decreases,3.888598501039287e-84,83.4102068955732,False
34.3347361605698,32.9103269666559,Concordant decreases,1.4750667303567777e-82,81.8311883322484,False
34.3347361605698,34.3347361605698,Concordant decreases,7.653294301096121e-84,83.1161515859147,False
34.3347361605698,35.7591453544836,Concordant decreases,1.1135131728678552e-87,86.9533046408931,False
34.3347361605698,37.1835545483975,Concordant decreases,2.8229809390261318e-86,85.5492920542313,False
34.3347361605698,38.6079637423114,Concordant decreases,1.5683484756444146e-86,85.8045574338488,False
34.3347361605698,40.0323729362253,Concordant decreases,1.0116194066217546e-88,87.9949828478647,False
34.3347361605698,41.4567821301392,Concordant decreases,8.670438562815138e-88,87.0619589347506,False
34.3347361605698,42.8811913240531,Concordant decreases,2.2039260623567595e-89,88.6568029793525,False
34.3347361605698,44.305600517967,Concordant decreases,2.4227266493535183e-89,88.6156955835407,False
34.3347361605698,45.7300097118809,Concordant decreases,3.75750618495769e-89,88.4251002958799,False
34.3347361605698,47.1544189057948,Concordant decreases,4.838768508757744e-87,86.3152651544514,False
34.3347361605698,48.5788280997086,Concordant decreases,9.964852876144821e-88,87.0015291089605,False
34.3347361605698,49.9967627063775,Concordant decreases,5.840078016572938e-89,88.2335813511854,False
35.7591453544836,2.99773389446423,Concordant decreases,7.332786354600921e-42,41.1347309682663,False
35.7591453544836,4.42214308837812,Concordant decreases,1.8526686498218387e-44,43.7322022473955,False
35.7591453544836,5.846552282292,Concordant decreases,5.706729713847664e-47,46.2436126963251,False
35.7591453544836,7.27096147620589,Concordant decreases,4.26906762360076e-52,51.3696669657573,False
35.7591453544836,8.69537067011978,Concordant decreases,1.7481131445936643e-56,55.7574304615858,False
35.7591453544836,10.1197798640337,Concordant decreases,2.3314539386719364e-59,58.6323731602559,False
35.7591453544836,11.5441890579476,Concordant decreases,4.359648650294979e-60,59.3605485096733,False
35.7591453544836,12.9685982518614,Concordant decreases,1.8272560493340505e-64,63.7382005916615,False
35.7591453544836,14.3930074457753,Concordant decreases,2.1998407251670043e-68,67.6576087622165,False
35.7591453544836,15.8174166396892,Concordant decreases,1.6828416179387216e-71,70.7739567560931,False
35.7591453544836,17.2418258336031,Concordant decreases,8.23535150993196e-73,72.0843178590849,False
35.7591453544836,18.666235027517,Concordant decreases,4.503266779523079e-76,75.3464723240913,False
35.7591453544836,20.0906442214309,Concordant decreases,1.1654239602539792e-72,71.933516057381,False
35.7591453544836,21.5150534153448,Concordant decreases,5.5123208255277494e-71,70.2586655137598,False
35.7591453544836,22.9394626092587,Concordant decreases,1.8749669566766786e-75,74.7270063816213,False
35.7591453544836,24.3638718031725,Concordant decreases,1.8904330455048085e-75,74.7234386996729,False
35.7591453544836,25.7882809970864,Concordant decreases,4.634824173069517e-75,74.333966736625,False
35.7591453544836,27.2126901910003,Concordant decreases,1.3477924635351536e-80,79.8703769764064,False
35.7591453544836,28.6370993849142,Concordant decreases,7.851243909964829e-81,80.1050615304603,False
35.7591453544836,30.0615085788281,Concordant decreases,9.379690728092666e-83,82.0278114811622,False
35.7591453544836,31.485917772742,Concordant decreases,3.0166697740310996e-81,80.5204722281629,False
35.7591453544836,32.9103269666559,Concordant decreases,6.873675091034454e-83,82.1628110002037,False
35.7591453544836,34.3347361605698,Concordant decreases,4.291864006428048e-84,83.3673540477018,False
35.7591453544836,35.7591453544836,Concordant decreases,3.9066105576135183e-88,87.4081998805872,False
35.7591453544836,37.1835545483975,Concordant decreases,2.93304266060016e-87,86.5326816202351,False
35.7591453544836,38.6079637423114,Concordant decreases,4.9317226339680353e-88,87.3070013566352,False
35.7591453544836,40.0323729362253,Concordant decreases,7.479909255381134e-90,89.126103670869,False
35.7591453544836,41.4567821301392,Concordant decreases,2.4557708582517937e-90,89.6098121585567,False
35.7591453544836,42.8811913240531,Concordant decreases,1.8071211306734825e-92,91.7430127358619,False
35.7591453544836,44.305600517967,Concordant decreases,9.253965016770417e-92,91.0336721466183,False
35.7591453544836,45.7300097118809,Concordant decreases,2.1121486564962643e-92,91.6752755187026,False
35.7591453544836,47.1544189057948,Concordant decreases,1.6514065270385554e-90,89.7821460032261,False
35.7591453544836,48.5788280997086,Concordant decreases,7.541455917339045e-91,90.1225448032246,False
35.7591453544836,49.9967627063775,Concordant decreases,2.4174414944454062e-92,91.6166440276677,False
37.1835545483975,2.99773389446423,Concordant decreases,3.2104677185840455e-40,39.4934316925786,False
37.1835545483975,4.42214308837812,Concordant decreases,2.0904016872518434e-42,41.6797702527431,False
37.1835545483975,5.846552282292,Concordant decreases,3.9963957673837976e-44,43.3983315096653,False
37.1835545483975,7.27096147620589,Concordant decreases,7.729238505930105e-49,48.1118632911998,False
37.1835545483975,8.69537067011978,Concordant decreases,1.3395663888333491e-53,52.8730357579128,False
37.1835545483975,10.1197798640337,Concordant decreases,7.774112989292618e-57,56.1093491516042,False
37.1835545483975,11.5441890579476,Concordant decreases,7.177675707121551e-57,56.1440161673164,False
37.1835545483975,12.9685982518614,Concordant decreases,3.2488661109826575e-62,61.4882681859956,False
37.1835545483975,14.3930074457753,Concordant decreases,9.717401772314878e-67,66.0124498407103,False
37.1835545483975,15.8174166396892,Concordant decreases,4.1325009470075875e-70,69.3837870382332,False
37.1835545483975,17.2418258336031,Concordant decreases,5.124503911923534e-71,70.2903481710024,False
37.1835545483975,18.666235027517,Concordant decreases,3.5017186173357533e-75,74.4557187548397,False
37.1835545483975,20.0906442214309,Concordant decreases,1.0844929198956043e-72,71.964773278929,False
37.1835545483975,21.5150534153448,Concordant decreases,7.259874125065246e-72,71.139070909226,False
37.1835545483975,22.9394626092587,Concordant decreases,6.310130716675182e-76,75.199961644093,False
37.1835545483975,24.3638718031725,Concordant decreases,3.8631496521604334e-76,75.4130584676645,False
37.1835545483975,25.7882809970864,Concordant decreases,5.819107115793604e-76,75.2351436484141,False
37.1835545483975,27.2126901910003,Concordant decreases,2.0765248198641072e-81,80.6826628735762,False
37.1835545483975,28.6370993849142,Concordant decreases,7.372593968686006e-82,81.1323796833646,False
37.1835545483975,30.0615085788281,Concordant decreases,2.154805005643458e-83,82.6665920242525,False
37.1835545483975,31.485917772742,Concordant decreases,2.111727621093447e-82,81.6753620995306,False
37.1835545483975,32.9103269666559,Concordant decreases,7.445073649076212e-85,84.1281310017091,False
37.1835545483975,34.3347361605698,Concordant decreases,2.1934063671462273e-85,84.6588809001693,False
37.1835545483975,35.7591453544836,Concordant decreases,4.7468496626136946e-89,88.3235945225962,False
37.1835545483975,37.1835545483975,Concordant decreases,2.127345966707806e-88,87.6721618757701,False
37.1835545483975,38.6079637423114,Concordant decreases,1.0793601092100929e-89,88.9668336365488,False
37.1835545483975,40.0323729362253,Concordant decreases,7.594805004885108e-91,90.1194833720829,False
37.1835545483975,41.4567821301392,Concordant decreases,1.4739651785491182e-91,90.8315127762752,False
37.1835545483975,42.8811913240531,Concordant decreases,6.372966511382286e-94,93.1956583636416,False
37.1835545483975,44.305600517967,Concordant decreases,3.7980603815136573e-93,92.4204381351362,False
37.1835545483975,45.7300097118809,Concordant decreases,1.998189236910673e-93,92.6993633846514,False
37.1835545483975,47.1544189057948,Concordant decreases,4.5347121070324324e-92,91.3434502795622,False
37.1835545483975,48.5788280997086,Concordant decreases,3.0186748972140774e-93,92.5201836567512,False
37.1835545483975,49.9967627063775,Concordant decreases,2.6621461445407712e-95,94.5747681066279,False
38.6079637423114,2.99773389446423,Concordant decreases,1.3805010130587233e-37,36.8599632703245,False
38.6079637423114,4.42214308837812,Concordant decreases,1.4737157915493763e-39,38.8315862627883,False
38.6079637423114,5.846552282292,Concordant decreases,1.910743323705567e-41,40.718797649201,False
38.6079637423114,7.27096147620589,Concordant decreases,5.2469344780133763e-45,44.280094359094,False
38.6079637423114,8.69537067011978,Concordant decreases,3.845111222589151e-50,49.4150910934027,False
38.6079637423114,10.1197798640337,Concordant decreases,4.961648426745605e-53,52.3043740122794,False
38.6079637423114,11.5441890579476,Concordant decreases,1.6848913442008134e-52,51.7734281008078,False
38.6079637423114,12.9685982518614,Concordant decreases,4.4065346641853745e-58,57.3559028091331,False
38.6079637423114,14.3930074457753,Concordant decreases,1.5464611868032717e-63,62.8106609754789,False
38.6079637423114,15.8174166396892,Concordant decreases,7.497938185549356e-68,67.1250581443073,False
38.6079637423114,17.2418258336031,Concordant decreases,4.51688510763845e-68,67.3451609560964,False
38.6079637423114,18.666235027517,Concordant decreases,1.829544527252673e-72,71.7376570162376,False
38.6079637423114,20.0906442214309,Concordant decreases,1.2202787915529924e-70,69.9135409367015,False
38.6079637423114,21.5150534153448,Concordant decreases,8.466736784968569e-70,69.0722839414227,False
38.6079637423114,22.9394626092587,Concordant decreases,1.9003096353190014e-73,72.7211756295975,False
38.6079637423114,24.3638718031725,Concordant decreases,2.4940460504891178e-73,72.6030955318965,False
38.6079637423114,25.7882809970864,Concordant decreases,1.9964258994725488e-73,72.699746804702,False
38.6079637423114,27.2126901910003,Concordant decreases,1.9924788384270564e-78,77.7006062824303,False
38.6079637423114,28.6370993849142,Concordant decreases,7.74784464908866e-79,78.1108190958414,False
38.6079637423114,30.0615085788281,Concordant decreases,6.796741601027048e-81,80.1676992408003,False
38.6079637423114,31.485917772742,Concordant decreases,1.825185820837812e-80,79.738692913752,False
38.6079637423114,32.9103269666559,Concordant decreases,1.5499602396546299e-82,81.8096794424233,False
38.6079637423114,34.3347361605698,Concordant decreases,2.6572446763354185e-83,82.5755684543628,False
38.6079637423114,35.7591453544836,Concordant decreases,2.905794921201139e-86,85.5367350396366,False
38.6079637423114,37.1835545483975,Concordant decreases,2.7279676307030806e-85,84.5641607872012,False
38.6079637423114,38.6079637423114,Concordant decreases,1.1298336145933972e-87,86.9469855083612,False
38.6079637423114,40.0323729362253,Concordant decreases,3.6121066237252834e-88,87.442239438477,False
38.6079637423114,41.4567821301392,Concordant decreases,2.1320821114271875e-89,88.6711960736356,False
38.6079637423114,42.8811913240531,Concordant decreases,8.854391146426477e-91,90.0528412967933,False
38.6079637423114,44.305600517967,Concordant decreases,5.71605790159206e-90,89.2429033806133,False
38.6079637423114,45.7300097118809,Concordant decreases,6.778308978056351e-90,89.1688786384484,False
38.6079637423114,47.1544189057948,Concordant decreases,1.4961928770345405e-90,89.8250124171451,False
38.6079637423114,48.5788280997086,Concordant decreases,8.999718034286283e-91,90.0457710970131,False
38.6079637423114,49.9967627063775,Concordant decreases,9.983927044969893e-93,92.0006986011475,False
40.0323729362253,2.99773389446423,Concordant decreases,3.838902496234013e-36,35.4157929183294,False
40.0323729362253,4.42214308837812,Concordant decreases,2.6192375942645877e-37,36.5818251044011,False
40.0323729362253,5.846552282292,Concordant decreases,4.1763121866648526e-40,39.3792070445177,False
40.0323729362253,7.27096147620589,Concordant decreases,1.6246165742596272e-42,41.7892491204278,False
40.0323729362253,8.69537067011978,Concordant decreases,1.3091377889673142e-47,46.8830146408145,False
40.0323729362253,10.1197798640337,Concordant decreases,3.792485611400161e-50,49.421076058241,False
40.0323729362253,11.5441890579476,Concordant decreases,2.333583093922063e-50,49.6319767302023,False
40.0323729362253,12.9685982518614,Concordant decreases,3.49457909803654e-55,54.4566051250422,False
40.0323729362253,14.3930074457753,Concordant decreases,7.079105079716064e-60,59.1500216411106,False
40.0323729362253,15.8174166396892,Concordant decreases,4.116368628894029e-64,63.3854857402444,False
40.0323729362253,17.2418258336031,Concordant decreases,9.772033549580187e-64,63.0100150506658,False
40.0323729362253,18.666235027517,Concordant decreases,4.991969795284954e-68,67.3017280510862,False
40.0323729362253,20.0906442214309,Concordant decreases,5.281853133510212e-66,65.2772136788945,False
40.0323729362253,21.5150534153448,Concordant decreases,2.0793376504364437e-66,65.6820749826191,False
40.0323729362253,22.9394626092587,Concordant decreases,2.945721600527919e-70,69.5308083006257,False
40.0323729362253,24.3638718031725,Concordant decreases,7.634750778031418e-70,69.1172051350964,False
40.0323729362253,25.7882809970864,Concordant decreases,3.2226219462161726e-70,69.4917906396637,False
40.0323729362253,27.2126901910003,Concordant decreases,2.2847279549400164e-75,74.6411655044353,False
40.0323729362253,28.6370993849142,Concordant decreases,4.921215872557785e-76,75.3079275839185,False
40.0323729362253,30.0615085788281,Concordant decreases,1.934660785804324e-77,76.7133951710935,False
40.0323729362253,31.485917772742,Concordant decreases,1.026817295242696e-76,75.9885068248806,False
40.0323729362253,32.9103269666559,Concordant decreases,1.0528204767386654e-78,77.9776456768759,False
40.0323729362253,34.3347361605698,Concordant decreases,7.38425628850089e-79,78.1316932384786,False
40.0323729362253,35.7591453544836,Concordant decreases,1.0641459421154402e-81,80.972998806713,False
40.0323729362253,37.1835545483975,Concordant decreases,5.19581113274162e-81,80.2843466438767,False
40.0323729362253,38.6079637423114,Concordant decreases,7.463516371914524e-84,83.1270565101798,False
40.0323729362253,40.0323729362253,Concordant decreases,1.4052469106273988e-84,83.852247360811,False
40.0323729362253,41.4567821301392,Concordant decreases,3.655300464358367e-85,84.4370769183916,False
40.0323729362253,42.8811913240531,Concordant decreases,2.5759016487315794e-87,86.5890707229227,False
40.0323729362253,44.305600517967,Concordant decreases,4.790162735682148e-87,86.3196497320952,False
40.0323729362253,45.7300097118809,Concordant decreases,1.7190552652202182e-87,86.7647101611289,False
40.0323729362253,47.1544189057948,Concordant decreases,4.433093325770473e-88,87.3532931258086,False
40.0323729362253,48.5788280997086,Concordant decreases,1.5839889376517496e-88,87.8002478557854,False
40.0323729362253,49.9967627063775,Concordant decreases,1.111557637340822e-90,89.9540680130099,False
41.4567821301392,2.99773389446423,Concordant decreases,8.93326163854005e-35,34.0489899461511,False
41.4567821301392,4.42214308837812,Concordant decreases,9.44894636975416e-35,34.0246166159683,False
41.4567821301392,5.846552282292,Concordant decreases,1.854460759570104e-38,37.7317823519188,False
41.4567821301392,7.27096147620589,Concordant decreases,1.5898291916419357e-40,39.7986495329828,False
41.4567821301392,8.69537067011978,Concordant decreases,6.2563618287576365e-46,45.2036781423509,False
41.4567821301392,10.1197798640337,Concordant decreases,9.090546013629397e-48,47.0414100305751,False
41.4567821301392,11.5441890579476,Concordant decreases,1.208578044053614e-49,48.9177252997392,False
41.4567821301392,12.9685982518614,Concordant decreases,4.5952547099877e-54,53.3376904111383,False
41.4567821301392,14.3930074457753,Concordant decreases,2.360472554112812e-58,57.6270010448691,False
41.4567821301392,15.8174166396892,Concordant decreases,3.441012259755225e-62,61.4633137800572,False
41.4567821301392,17.2418258336031,Concordant decreases,1.682667349586251e-61,60.7740017322228,False
41.4567821301392,18.666235027517,Concordant decreases,1.2296930158943587e-66,65.910203293555,False
41.4567821301392,20.0906442214309,Concordant decreases,6.688268423615836e-65,64.174686305462,False
41.4567821301392,21.5150534153448,Concordant decreases,3.8484718223289915e-66,65.4147116889023,False
41.4567821301392,22.9394626092587,Concordant decreases,8.365482946392024e-71,70.0775089817908,False
41.4567821301392,24.3638718031725,Concordant decreases,2.598115610142369e-70,69.5853415277319,False
41.4567821301392,25.7882809970864,Concordant decreases,2.50592836362235e-70,69.6010313482374,False
41.4567821301392,27.2126901910003,Concordant decreases,1.0827187492133955e-75,74.9654843425693,False
41.4567821301392,28.6370993849142,Concordant decreases,1.8973453419052602e-77,76.7218536145864,False
41.4567821301392,30.0615085788281,Concordant decreases,1.1908173501274032e-79,78.9241548463383,False
41.4567821301392,31.485917772742,Concordant decreases,5.6806963731304e-78,77.2455984226569,False
41.4567821301392,32.9103269666559,Concordant decreases,1.304801215576111e-79,78.8844556473711,False
41.4567821301392,34.3347361605698,Concordant decreases,5.598052747984857e-80,79.251963013685,False
41.4567821301392,35.7591453544836,Concordant decreases,1.7856108231039438e-82,81.74821319035,False
41.4567821301392,37.1835545483975,Concordant decreases,1.448323266411577e-82,81.8391344925935,False
41.4567821301392,38.6079637423114,Concordant decreases,2.354944126371289e-85,84.6280193925251,False
41.4567821301392,40.0323729362253,Concordant decreases,2.6621876663872183e-86,85.5747613329321,False
41.4567821301392,41.4567821301392,Concordant decreases,7.998249481842436e-87,86.0970050534536,False
41.4567821301392,42.8811913240531,Concordant decreases,2.3878510549458425e-88,87.6219927663335,False
41.4567821301392,44.305600517967,Concordant decreases,1.8916729462216724e-87,86.7231539471779,False
41.4567821301392,45.7300097118809,Concordant decreases,7.758090587826055e-88,87.1102451536399,False
41.4567821301392,47.1544189057948,Concordant decreases,1.1851581504294032e-88,87.926223692459,False
41.4567821301392,48.5788280997086,Concordant decreases,3.4299877681849033e-90,89.4647074287092,False
41.4567821301392,49.9967627063775,Concordant decreases,5.181668578025342e-92,91.2855303681425,False
42.8811913240531,2.99773389446423,Concordant decreases,5.7131121146201135e-33,32.2431272532223,False
42.8811913240531,4.42214308837812,Concordant decreases,1.4187698936568672e-33,32.8480880358453,False
42.8811913240531,5.846552282292,Concordant decreases,1.1299427633940575e-37,36.9469435548986,False
42.8811913240531,7.27096147620589,Concordant decreases,1.0311430036320013e-39,38.9866811005928,False
42.8811913240531,8.69537067011978,Concordant decreases,4.684316397162347e-45,44.3293537786507,False
42.8811913240531,10.1197798640337,Concordant decreases,1.6059128254899311e-46,45.7942780334261,False
42.8811913240531,11.5441890579476,Concordant decreases,2.2754191622835865e-48,47.6429385888536,False
42.8811913240531,12.9685982518614,Concordant decreases,2.0979972048036058e-52,51.6781950947598,False
42.8811913240531,14.3930074457753,Concordant decreases,1.379628391077042e-57,56.8602378769596,False
42.8811913240531,15.8174166396892,Concordant decreases,2.3581744348520118e-61,60.627424073163,False
42.8811913240531,17.2418258336031,Concordant decreases,3.0612774333373632e-61,60.5140973099624,False
42.8811913240531,18.666235027517,Concordant decreases,5.43856494522597e-66,65.2645156809246,False
42.8811913240531,20.0906442214309,Concordant decreases,1.6363645513737694e-64,63.7861199372093,False
42.8811913240531,21.5150534153448,Concordant decreases,5.506809975752921e-66,65.2590999095194,False
42.8811913240531,22.9394626092587,Concordant decreases,3.5889430669672267e-71,70.4450334310226,False
42.8811913240531,24.3638718031725,Concordant decreases,1.3179254376188256e-70,69.8801091595043,False
42.8811913240531,25.7882809970864,Concordant decreases,7.687765045636937e-71,70.1141998980948,False
42.8811913240531,27.2126901910003,Concordant decreases,7.502131272442798e-76,75.1248153408253,False
42.8811913240531,28.6370993849142,Concordant decreases,1.5339927749524033e-77,76.8141766858927,False
42.8811913240531,30.0615085788281,Concordant decreases,2.193791050227317e-79,78.6588047395939,False
42.8811913240531,31.485917772742,Concordant decreases,3.182985685364271e-78,77.4971653144991,False
42.8811913240531,32.9103269666559,Concordant decreases,4.403230382789797e-80,79.356228591089,False
42.8811913240531,34.3347361605698,Concordant decreases,2.1871787077873414e-80,79.660115730618,False
42.8811913240531,35.7591453544836,Concordant decreases,1.1280300609866514e-83,82.9476793266411,False
42.8811913240531,37.1835545483975,Concordant decreases,3.933246970789494e-83,82.4052487831393,False
42.8811913240531,38.6079637423114,Concordant decreases,3.819339736573833e-86,85.4180117086974,False
42.8811913240531,40.0323729362253,Concordant decreases,1.332222936839946e-87,86.8754230933805,False
42.8811913240531,41.4567821301392,Concordant decreases,2.3878510549458425e-88,87.6219927663335,False
42.8811913240531,42.8811913240531,Concordant decreases,1.5716875490769526e-89,88.8036337873036,False
42.8811913240531,44.305600517967,Concordant decreases,2.76973137831795e-88,87.5575623488313,False
42.8811913240531,45.7300097118809,Concordant decreases,6.727898482542222e-89,88.1721205702429,False
42.8811913240531,47.1544189057948,Concordant decreases,2.2521099228100742e-89,88.6474104159056,False
42.8811913240531,48.5788280997086,Concordant decreases,1.9685416296284385e-91,90.7058553965574,False
42.8811913240531,49.9967627063775,Concordant decreases,1.691324075385353e-93,92.771773169063,False
44.305600517967,2.99773389446423,Concordant decreases,9.528515921541198e-32,31.0209747360118,False
44.305600517967,4.42214308837812,Concordant decreases,7.044718399905839e-33,32.1521363623575,False
44.305600517967,5.846552282292,Concordant decreases,4.047571905638532e-38,37.3928054272084,False
44.305600517967,7.27096147620589,Concordant decreases,4.773278541691848e-40,39.3211832219107,False
44.305600517967,8.69537067011978,Concordant decreases,2.5586443850269653e-45,44.5919900706398,False
44.305600517967,10.1197798640337,Concordant decreases,2.2616486879678143e-47,46.6455748550809,False
44.305600517967,11.5441890579476,Concordant decreases,4.3086312582108986e-51,50.3656606721629,False
44.305600517967,12.9685982518614,Concordant decreases,2.314268887389717e-55,54.6355861831866,False
44.305600517967,14.3930074457753,Concordant decreases,1.7554166513137826e-61,60.7556197863831,False
44.305600517967,15.8174166396892,Concordant decreases,1.710464144068783e-64,63.7668860253645,False
44.305600517967,17.2418258336031,Concordant decreases,3.3860269303261346e-64,63.4703095921085,False
44.305600517967,18.666235027517,Concordant decreases,7.430307348325297e-70,69.1289932216471,False
44.305600517967,20.0906442214309,Concordant decreases,7.520912926941867e-68,67.1237294393194,False
44.305600517967,21.5150534153448,Concordant decreases,1.0011238965716087e-70,69.9995121720035,False
44.305600517967,22.9394626092587,Concordant decreases,5.404477086820986e-75,74.2672463200815,False
44.305600517967,24.3638718031725,Concordant decreases,2.2443004674058337e-73,72.6489190000893,False
44.305600517967,25.7882809970864,Concordant decreases,1.684834268282904e-73,72.7734428128402,False
44.305600517967,27.2126901910003,Concordant decreases,1.7176478532080253e-78,77.7650658690756,False
44.305600517967,28.6370993849142,Concordant decreases,2.116594139059806e-80,79.6743624107879,False
44.305600517967,30.0615085788281,Concordant decreases,7.014524580010407e-82,81.1540017586021,False
44.305600517967,31.485917772742,Concordant decreases,3.4556883530833822e-81,80.4614654307299,False
44.305600517967,32.9103269666559,Concordant decreases,1.0707832198607196e-82,81.9702984432182,False
44.305600517967,34.3347361605698,Concordant decreases,2.337434507595062e-84,83.63126054875,False
44.305600517967,35.7591453544836,Concordant decreases,6.459387085074303e-88,87.1898086891564,False
44.305600517967,37.1835545483975,Concordant decreases,5.583183494293454e-87,86.253118098596,False
44.305600517967,38.6079637423114,Concordant decreases,1.1178665964879026e-89,88.9516100210167,False
44.305600517967,40.0323729362253,Concordant decreases,1.685635551989934e-90,89.7732363175339,False
44.305600517967,41.4567821301392,Concordant decreases,3.4865286995362284e-91,90.4576067555275,False
44.305600517967,42.8811913240531,Concordant decreases,1.3279643430317996e-92,91.8768135859864,False
44.305600517967,44.305600517967,Concordant decreases,1.4629549517280115e-91,90.8347690467504,False
44.305600517967,45.7300097118809,Concordant decreases,2.953034162648621e-91,90.5297315288006,False
44.305600517967,47.1544189057948,Concordant decreases,1.1199722770551217e-91,90.9507927273932,False
44.305600517967,48.5788280997086,Concordant decreases,4.072215484489492e-93,92.3901692490287,False
44.305600517967,49.9967627063775,Concordant decreases,1.950522441612792e-95,94.7098490485757,False
45.7300097118809,2.99773389446423,Concordant decreases,1.3130468484387645e-29,28.8817197783618,False
45.7300097118809,4.42214308837812,Concordant decreases,1.1884873047838011e-32,31.9250054529697,False
45.7300097118809,5.846552282292,Concordant decreases,1.8755613470702774e-37,36.7268687260969,False
45.7300097118809,7.27096147620589,Concordant decreases,2.726613116133909e-38,37.5643764804845,False
45.7300097118809,8.69537067011978,Concordant decreases,1.5482023869660044e-43,42.8101722672983,False
45.7300097118809,10.1197798640337,Concordant decreases,2.8229354123658724e-46,45.5492990582236,False
45.7300097118809,11.5441890579476,Concordant decreases,5.86714651840931e-50,49.2315730661484,False
45.7300097118809,12.9685982518614,Concordant decreases,1.6574815818324615e-54,53.7805512888375,False
45.7300097118809,14.3930074457753,Concordant decreases,6.801381944384961e-61,60.1674028358462,False
45.7300097118809,15.8174166396892,Concordant decreases,3.539097632033121e-64,63.4511074564446,False
45.7300097118809,17.2418258336031,Concordant decreases,3.851189102221018e-64,63.4144051559982,False
45.7300097118809,18.666235027517,Concordant decreases,4.6347951314346184e-70,69.3339694579065,False
45.7300097118809,20.0906442214309,Concordant decreases,5.590242223830793e-68,67.252569373832,False
45.7300097118809,21.5150534153448,Concordant decreases,2.095718926692906e-71,70.6786669644229,False
45.7300097118809,22.9394626092587,Concordant decreases,1.2875642911703675e-75,74.8902310763812,False
45.7300097118809,24.3638718031725,Concordant decreases,4.099290571005097e-75,74.3872912963916,False
45.7300097118809,25.7882809970864,Concordant decreases,3.807600239276619e-75,74.4193486545601,False
45.7300097118809,27.2126901910003,Concordant decreases,3.309875788314297e-79,78.4801883039469,False
45.7300097118809,28.6370993849142,Concordant decreases,9.354307555225085e-81,80.0289883552591,False
45.7300097118809,30.0615085788281,Concordant decreases,7.058260711354541e-82,81.1513023041212,False
45.7300097118809,31.485917772742,Concordant decreases,7.740657472329031e-81,80.1112221498497,False
45.7300097118809,32.9103269666559,Concordant decreases,5.323913085304725e-82,81.2737690431449,False
45.7300097118809,34.3347361605698,Concordant decreases,1.3326891519721622e-83,82.8752711374025,False
45.7300097118809,35.7591453544836,Concordant decreases,4.344953420341581e-87,86.3620148750029,False
45.7300097118809,37.1835545483975,Concordant decreases,2.9492310285374945e-87,86.5302912055801,False
45.7300097118809,38.6079637423114,Concordant decreases,3.4666095365022863e-90,89.46009507259,False
45.7300097118809,40.0323729362253,Concordant decreases,2.288653699410356e-90,89.640419916287,False
45.7300097118809,41.4567821301392,Concordant decreases,3.984465403361621e-90,89.3996299397496,False
45.7300097118809,42.8811913240531,Concordant decreases,3.421328187783377e-91,90.465805264515,False
45.7300097118809,44.305600517967,Concordant decreases,5.724904424520361e-91,90.2422317593374,False
45.7300097118809,45.7300097118809,Concordant decreases,4.858168484307576e-90,89.3135274276667,False
45.7300097118809,47.1544189057948,Concordant decreases,1.5075539096638682e-91,90.8217271486731,False
45.7300097118809,48.5788280997086,Concordant decreases,3.238070249211227e-93,92.4897137335586,False
45.7300097118809,49.9967627063775,Concordant decreases,1.7717515554348047e-95,94.7515971772957,False
47.1544189057948,2.99773389446423,Concordant decreases,4.847618348020286e-28,27.3144715794097,False
47.1544189057948,4.42214308837812,Concordant decreases,1.207067331269869e-31,30.9182685039015,False
47.1544189057948,5.846552282292,Concordant decreases,1.0866837920402064e-35,34.9638968104217,False
47.1544189057948,7.27096147620589,Concordant decreases,2.8246470025106367e-36,35.549035818443,False
47.1544189057948,8.69537067011978,Concordant decreases,7.945657608853903e-41,40.0998701533241,False
47.1544189057948,10.1197798640337,Concordant decreases,1.2279372258870258e-42,41.9108238344552,False
47.1544189057948,11.5441890579476,Concordant decreases,5.1223319234456595e-46,45.2905322829839,False
47.1544189057948,12.9685982518614,Concordant decreases,1.7424205741843085e-51,50.758847009488,False
47.1544189057948,14.3930074457753,Concordant decreases,4.153735209327733e-58,57.3815611921517,False
47.1544189057948,15.8174166396892,Concordant decreases,4.751523923852557e-61,60.3231670797275,False
47.1544189057948,17.2418258336031,Concordant decreases,1.9083390340775907e-60,59.7193444663463,False
47.1544189057948,18.666235027517,Concordant decreases,2.928555155442295e-66,65.5333465921999,False
47.1544189057948,20.0906442214309,Concordant decreases,1.4043544925816356e-64,63.8525232520783,False
47.1544189057948,21.5150534153448,Concordant decreases,1.1866625101791694e-67,66.9256727779345,False
47.1544189057948,22.9394626092587,Concordant decreases,4.3791248770090005e-72,71.358612670103,False
47.1544189057948,24.3638718031725,Concordant decreases,2.5775184541669997e-71,70.5887982166306,False
47.1544189057948,25.7882809970864,Concordant decreases,4.489932105949937e-71,70.3477602260867,False
47.1544189057948,27.2126901910003,Concordant decreases,1.2764123685454924e-75,74.8940089961073,False
47.1544189057948,28.6370993849142,Concordant decreases,3.9219252851660395e-77,76.4065006841382,False
47.1544189057948,30.0615085788281,Concordant decreases,1.6380969819119852e-78,77.7856603898391,False
47.1544189057948,31.485917772742,Concordant decreases,6.43977451617896e-77,76.1911293388659,False
47.1544189057948,32.9103269666559,Concordant decreases,3.333722264076564e-77,76.477070584533,False
47.1544189057948,34.3347361605698,Concordant decreases,9.438386717295861e-79,78.02510223236,False
47.1544189057948,35.7591453544836,Concordant decreases,1.0935454353608626e-82,81.9611631678924,False
47.1544189057948,37.1835545483975,Concordant decreases,1.495629360116452e-82,81.8251760179686,False
47.1544189057948,38.6079637423114,Concordant decreases,4.2955112237651966e-85,84.3669851418565,False
47.1544189057948,40.0323729362253,Concordant decreases,8.292676018354818e-86,85.08130530148,False
47.1544189057948,41.4567821301392,Concordant decreases,5.534455443661057e-85,84.2569251045861,False
47.1544189057948,42.8811913240531,Concordant decreases,2.177206375371931e-87,86.6621004026368,False
47.1544189057948,44.305600517967,Concordant decreases,7.549989906736895e-87,86.1220536289604,False
47.1544189057948,45.7300097118809,Concordant decreases,1.8610402311897194e-86,85.7302442383712,False
47.1544189057948,47.1544189057948,Concordant decreases,3.647935864035115e-88,87.4379528057988,False
47.1544189057948,48.5788280997086,Concordant decreases,4.976782154970091e-90,89.3030513688933,False
47.1544189057948,49.9967627063775,Concordant decreases,1.750484235218153e-92,91.7568417961178,False
48.5788280997086,2.99773389446423,Concordant decreases,4.39713521753051e-26,25.3568301790643,False
48.5788280997086,4.42214308837812,Concordant decreases,4.370776850213567e-29,28.3594413658267,False
48.5788280997086,5.846552282292,Concordant decreases,2.8838778406820313e-33,32.5400231400141,False
48.5788280997086,7.27096147620589,Concordant decreases,1.0746495704120094e-34,33.968733130583,False
48.5788280997086,8.69537067011978,Concordant decreases,3.0177721665674193e-40,39.5203135513522,False
48.5788280997086,10.1197798640337,Concordant decreases,2.3379689109394513e-42,41.6311612681516,False
48.5788280997086,11.5441890579476,Concordant decreases,4.533724327411765e-45,44.3435448906329,False
48.5788280997086,12.9685982518614,Concordant decreases,1.7023107672929514e-50,49.7689611538869,False
48.5788280997086,14.3930074457753,Concordant decreases,9.613442366774766e-57,56.0171210729767,False
48.5788280997086,15.8174166396892,Concordant decreases,1.1762697395581365e-59,58.9294930753953,False
48.5788280997086,17.2418258336031,Concordant decreases,9.558622752516631e-59,58.0196046782334,False
48.5788280997086,18.666235027517,Concordant decreases,3.486646635845927e-64,63.4575920652075,False
48.5788280997086,20.0906442214309,Concordant decreases,6.090495097994058e-62,61.2153474020162,False
48.5788280997086,21.5150534153448,Concordant decreases,5.684814487301321e-65,64.2452837030881,False
48.5788280997086,22.9394626092587,Concordant decreases,2.4762898651533384e-69,68.606198519802,False
48.5788280997086,24.3638718031725,Concordant decreases,1.0161677324501339e-67,66.993034599862,False
48.5788280997086,25.7882809970864,Concordant decreases,1.681655780082184e-67,66.7742628956426,False
48.5788280997086,27.2126901910003,Concordant decreases,6.022220644398777e-72,71.2202433366862,False
48.5788280997086,28.6370993849142,Concordant decreases,2.8023647383435934e-74,73.5524753403061,False
48.5788280997086,30.0615085788281,Concordant decreases,3.455249301969581e-76,75.4615206120919,False
48.5788280997086,31.485917772742,Concordant decreases,3.7759235783370525e-75,74.4229768040568,False
48.5788280997086,32.9103269666559,Concordant decreases,2.1143340108122961e-75,74.6748264041647,False
48.5788280997086,34.3347361605698,Concordant decreases,6.7174620200258144e-77,76.1727947803529,False
48.5788280997086,35.7591453544836,Concordant decreases,1.3499338665472287e-81,80.8696875071325,False
48.5788280997086,37.1835545483975,Concordant decreases,3.866435306265009e-81,80.412689252101,False
48.5788280997086,38.6079637423114,Concordant decreases,4.669711105576812e-83,82.3307099864863,False
48.5788280997086,40.0323729362253,Concordant decreases,7.689108540931384e-85,84.1141240084686,False
48.5788280997086,41.4567821301392,Concordant decreases,1.0713929179593354e-83,82.9700512286943,False
48.5788280997086,42.8811913240531,Concordant decreases,9.348768973568949e-86,85.0292455723557,False
48.5788280997086,44.305600517967,Concordant decreases,1.8819771259478142e-85,84.7253856594077,False
48.5788280997086,45.7300097118809,Concordant decreases,5.142669335249869e-85,84.2888113991658,False
48.5788280997086,47.1544189057948,Concordant decreases,1.7079591433054844e-87,86.7675225224346,False
48.5788280997086,48.5788280997086,Concordant decreases,2.6873487543531126e-89,88.5706759687501,False
48.5788280997086,49.9967627063775,Concordant decreases,5.6559670155358874e-92,91.247493131922,False
49.9967627063775,2.99773389446423,Concordant decreases,1.1325450054684884e-24,23.9459445308266,False
49.9967627063775,4.42214308837812,Concordant decreases,4.6854644001889225e-27,26.3292473575096,False
49.9967627063775,5.846552282292,Concordant decreases,2.869118405444575e-30,29.5422515285159,False
49.9967627063775,7.27096147620589,Concordant decreases,3.0107505204644677e-31,30.5213252298989,False
49.9967627063775,8.69537067011978,Concordant decreases,8.695814531488814e-37,36.0606897316644,False
49.9967627063775,10.1197798640337,Concordant decreases,1.2520429856794038e-39,38.9023807604843,False
49.9967627063775,11.5441890579476,Concordant decreases,1.1010711546309289e-42,41.9581846146658,False
49.9967627063775,12.9685982518614,Concordant decreases,1.2562226924239786e-49,48.9009333657596,False
49.9967627063775,14.3930074457753,Concordant decreases,1.7503686844429874e-56,55.756870465168,False
49.9967627063775,15.8174166396892,Concordant decreases,2.317014183272694e-59,58.63507130773,False
49.9967627063775,17.2418258336031,Concordant decreases,2.063523925952457e-58,57.6853904912407,False
49.9967627063775,18.666235027517,Concordant decreases,6.761744768133197e-63,62.1699412263362,False
49.9967627063775,20.0906442214309,Concordant decreases,5.963090904640949e-61,60.2245285699796,False
49.9967627063775,21.5150534153448,Concordant decreases,1.574643743517659e-64,63.8028176880493,False
49.9967627063775,22.9394626092587,Concordant decreases,1.916118862174043e-69,68.7175775539291,False
49.9967627063775,24.3638718031725,Concordant decreases,3.343587087934605e-67,66.4757873605703,False
49.9967627063775,25.7882809970864,Concordant decreases,4.525397021629682e-68,67.344343313312,False
49.9967627063775,27.2126901910003,Concordant decreases,1.2375039606427658e-71,70.9074534024287,False
49.9967627063775,28.6370993849142,Concordant decreases,1.2203696954900304e-73,72.9135085853994,False
49.9967627063775,30.0615085788281,Concordant decreases,6.100128266066209e-75,74.2146610330779,False
49.9967627063775,31.485917772742,Concordant decreases,3.718860211893617e-74,73.4295901460143,False
49.9967627063775,32.9103269666559,Concordant decreases,1.4898402409249087e-73,72.8268602995103,False
49.9967627063775,34.3347361605698,Concordant decreases,9.756779230618152e-75,74.010693521802,False
49.9967627063775,35.7591453544836,Concordant decreases,3.505007026200241e-80,79.4553111071019,False
49.9967627063775,37.1835545483975,Concordant decreases,6.487602317192103e-82,81.1879157797498,False
49.9967627063775,38.6079637423114,Concordant decreases,4.525935498637489e-84,83.3442916396843,False
49.9967627063775,40.0323729362253,Concordant decreases,4.289762670042464e-86,85.3675667343752,False
49.9967627063775,41.4567821301392,Concordant decreases,1.9149851216308196e-85,84.7178345959088,False
49.9967627063775,42.8811913240531,Concordant decreases,4.917828814493012e-88,87.3082265927618,False
49.9967627063775,44.305600517967,Concordant decreases,3.117345223662999e-88,87.5062151000556,False
49.9967627063775,45.7300097118809,Concordant decreases,9.874840813789773e-88,87.0054698966382,False
49.9967627063775,47.1544189057948,Concordant decreases,3.391836140540321e-90,89.4695651366565,False
49.9967627063775,48.5788280997086,Concordant decreases,5.655967015534592e-92,91.2474931319221,False
49.9967627063775,49.9967627063775,Concordant decreases,3.1714701775977356e-95,94.4987393680646,False
2.99773389446423,2.99773389446423,Concordant increases,2.4200432704227717e-41,40.616176868756,False
2.99773389446423,4.42214308837812,Concordant increases,2.9963052905005423e-53,52.5234139388948,False
2.99773389446423,5.846552282292,Concordant increases,1.4141842702934022e-61,60.8494939976413,False
2.99773389446423,7.27096147620589,Concordant increases,2.718879465575702e-66,65.565610045298,False
2.99773389446423,8.69537067011978,Concordant increases,7.117100359626864e-71,70.1476969100583,False
2.99773389446423,10.1197798640337,Concordant increases,5.39017198594451e-66,65.268397377419,False
2.99773389446423,11.5441890579476,Concordant increases,7.217439666474317e-63,62.141616837877,False
2.99773389446423,12.9685982518614,Concordant increases,3.567607291520694e-64,63.44762295713,False
2.99773389446423,14.3930074457753,Concordant increases,4.518327091259994e-62,61.345022332781,False
2.99773389446423,15.8174166396892,Concordant increases,5.976913282571846e-59,58.2235230451825,False
2.99773389446423,17.2418258336031,Concordant increases,6.15756895083973e-57,56.2105907163461,False
2.99773389446423,18.666235027517,Concordant increases,3.1557041220792215e-55,54.5009037228809,False
2.99773389446423,20.0906442214309,Concordant increases,1.9666349534371656e-54,53.7062762462936,False
2.99773389446423,21.5150534153448,Concordant increases,3.770314806507216e-55,54.4236223863934,False
2.99773389446423,22.9394626092587,Concordant increases,4.7063191102732796e-54,53.3273186289806,False
2.99773389446423,24.3638718031725,Concordant increases,7.552798347061552e-52,51.121892110421,False
2.99773389446423,25.7882809970864,Concordant increases,3.2173296912663867e-49,48.4925044331107,False
2.99773389446423,27.2126901910003,Concordant increases,3.40764299151969e-46,45.4675459112453,False
2.99773389446423,28.6370993849142,Concordant increases,2.202034747486047e-43,42.657175832266,False
2.99773389446423,30.0615085788281,Concordant increases,5.0813540929200056e-43,42.2940205403302,False
2.99773389446423,31.485917772742,Concordant increases,1.6840886506433737e-40,39.7736350509172,False
2.99773389446423,32.9103269666559,Concordant increases,1.1225548426363194e-38,37.9497924322645,False
2.99773389446423,34.3347361605698,Concordant increases,1.1672933521714325e-39,38.9328199878112,False
2.99773389446423,35.7591453544836,Concordant increases,5.390705556082137e-38,37.2683543889766,False
2.99773389446423,37.1835545483975,Concordant increases,5.888806719272637e-37,36.2299726997355,False
2.99773389446423,38.6079637423114,Concordant increases,5.439616133267017e-36,35.264431746825,False
2.99773389446423,40.0323729362253,Concordant increases,4.6315722304710574e-34,33.334271558634,False
2.99773389446423,41.4567821301392,Concordant increases,3.14986395827519e-32,31.50170820286,False
2.99773389446423,42.8811913240531,Concordant increases,1.7406976854397567e-30,29.7592766481508,False
2.99773389446423,44.305600517967,Concordant increases,7.937589610440773e-29,28.1003113587582,False
2.99773389446423,45.7300097118809,Concordant increases,3.5466653410544692e-28,27.4501797890838,False
2.99773389446423,47.1544189057948,Concordant increases,4.847618348020286e-28,27.3144715794097,False
2.99773389446423,48.5788280997086,Concordant increases,1.7833694190956637e-27,26.7487586848355,False
2.99773389446423,49.9967627063775,Concordant increases,1.9511372515251993e-27,26.7097121793582,False
4.42214308837812,2.99773389446423,Concordant increases,5.9672195634144e-57,56.2242279820277,False
4.42214308837812,4.42214308837812,Concordant increases,2.799002441784429e-69,68.5529967226653,False
4.42214308837812,5.846552282292,Concordant increases,3.6850005722330294e-81,80.4335624403646,False
4.42214308837812,7.27096147620589,Concordant increases,3.9938381970093393e-87,86.3986095337491,False
4.42214308837812,8.69537067011978,Concordant increases,2.218136780806421e-92,91.654011676709,False
4.42214308837812,10.1197798640337,Concordant increases,7.875172081497804e-88,87.1037399476046,False
4.42214308837812,11.5441890579476,Concordant increases,3.3989949631394185e-85,84.4686494789834,False
4.42214308837812,12.9685982518614,Concordant increases,7.809888724320572e-88,87.1073551539278,False
4.42214308837812,14.3930074457753,Concordant increases,9.756023242924865e-86,85.0107271736861,False
4.42214308837812,15.8174166396892,Concordant increases,2.3992206834249724e-81,80.6199298032261,False
4.42214308837812,17.2418258336031,Concordant increases,3.0822448861945456e-78,77.5111328592912,False
4.42214308837812,18.666235027517,Concordant increases,2.9323833164594985e-74,73.5327792600397,False
4.42214308837812,20.0906442214309,Concordant increases,6.133233805553689e-74,73.2123104792182,False
4.42214308837812,21.5150534153448,Concordant increases,3.150030646795604e-73,72.5016852209185,False
4.42214308837812,22.9394626092587,Concordant increases,4.02727307687244e-72,71.3949889212349,False
4.42214308837812,24.3638718031725,Concordant increases,5.357585704595856e-70,69.2710308728787,False
4.42214308837812,25.7882809970864,Concordant increases,1.6768203246378247e-67,66.7755134706073,False
4.42214308837812,27.2126901910003,Concordant increases,3.1048740127676603e-65,64.5079560176033,False
4.42214308837812,28.6370993849142,Concordant increases,1.3711665203801525e-62,61.8629097994113,False
4.42214308837812,30.0615085788281,Concordant increases,2.788793616554897e-61,60.5545836243169,False
4.42214308837812,31.485917772742,Concordant increases,1.4859365661465777e-59,58.8279997299836,False
4.42214308837812,32.9103269666559,Concordant increases,2.5257986830436173e-56,55.5976012675287,False
4.42214308837812,34.3347361605698,Concordant increases,5.615791463309984e-56,55.2505890276616,False
4.42214308837812,35.7591453544836,Concordant increases,1.3935434583213644e-53,52.8558794830577,False
4.42214308837812,37.1835545483975,Concordant increases,8.264749027539216e-51,50.0827703299461,False
4.42214308837812,38.6079637423114,Concordant increases,9.405347886047466e-51,50.0266251360842,False
4.42214308837812,40.0323729362253,Concordant increases,3.361793031553544e-47,46.4734290273692,False
4.42214308837812,41.4567821301392,Concordant increases,8.2292711135417e-45,44.0846386295976,False
4.42214308837812,42.8811913240531,Concordant increases,4.585344424526232e-42,41.3386280370816,False
4.42214308837812,44.305600517967,Concordant increases,1.8696304190303913e-39,38.7282442345538,False
4.42214308837812,45.7300097118809,Concordant increases,8.75444803790799e-39,38.0577712306939,False
4.42214308837812,47.1544189057948,Concordant increases,1.022140458513686e-37,36.9904894210643,False
4.42214308837812,48.5788280997086,Concordant increases,3.6396745156779393e-37,36.4389374521656,False
4.42214308837812,49.9967627063775,Concordant increases,1.0909478569767584e-36,35.9621960064863,False
5.846552282292,2.99773389446423,Concordant increases,5.471316167862917e-68,67.261908188167,False
5.846552282292,4.42214308837812,Concordant increases,2.1346408985107497e-79,78.6706751739937,False
5.846552282292,5.846552282292,Concordant increases,1.3786931186030411e-98,97.8605323920759,False
5.846552282292,7.27096147620589,Concordant increases,1.5750463264964035e-108,107.802706667877,False
5.846552282292,8.69537067011978,Concordant increases,4.574932462785984e-117,116.339615312801,False
5.846552282292,10.1197798640337,Concordant increases,3.477457498767748e-110,109.458738169219,False
5.846552282292,11.5441890579476,Concordant increases,1.679280511215516e-109,108.774876752166,False
5.846552282292,12.9685982518614,Concordant increases,1.9667449090157845e-110,109.706251965343,False
5.846552282292,14.3930074457753,Concordant increases,2.794711228667265e-111,110.553663060148,False
5.846552282292,15.8174166396892,Concordant increases,1.2448207021911722e-107,106.90489319769,False
5.846552282292,17.2418258336031,Concordant increases,1.4270477844392493e-102,101.845561484369,False
5.846552282292,18.666235027517,Concordant increases,1.622086913721229e-99,98.7899258793861,False
5.846552282292,20.0906442214309,Concordant increases,1.3495260707006172e-97,96.8698187211467,False
5.846552282292,21.5150534153448,Concordant increases,5.247895611323276e-98,97.2800148123285,False
5.846552282292,22.9394626092587,Concordant increases,2.0376152101253949e-97,96.6908778261673,False
5.846552282292,24.3638718031725,Concordant increases,3.354679899879775e-95,94.4743489134527,False
5.846552282292,25.7882809970864,Concordant increases,8.481386658781212e-91,90.0715331372451,False
5.846552282292,27.2126901910003,Concordant increases,2.3307088168921337e-87,86.6325119809265,False
5.846552282292,28.6370993849142,Concordant increases,8.412048649479796e-85,84.0750982243191,False
5.846552282292,30.0615085788281,Concordant increases,1.7609153862228126e-82,81.7542615118234,False
5.846552282292,31.485917772742,Concordant increases,1.17072942900613e-78,77.9315434645069,False
5.846552282292,32.9103269666559,Concordant increases,5.511994917768793e-74,73.2586911915333,False
5.846552282292,34.3347361605698,Concordant increases,2.711110267906874e-72,71.566852818174,False
5.846552282292,35.7591453544836,Concordant increases,1.2842304386524834e-68,67.8913570407097,False
5.846552282292,37.1835545483975,Concordant increases,3.4220243155382263e-66,65.4657169088608,False
5.846552282292,38.6079637423114,Concordant increases,1.8210047923508186e-65,64.7396889112678,False
5.846552282292,40.0323729362253,Concordant increases,2.7986831362638348e-61,60.5530462690801,False
5.846552282292,41.4567821301392,Concordant increases,2.584150549632883e-57,56.5876821884439,False
5.846552282292,42.8811913240531,Concordant increases,1.8618948931724694e-55,54.7300448392535,False
5.846552282292,44.305600517967,Concordant increases,9.239557146857428e-53,52.0343488440705,False
5.846552282292,45.7300097118809,Concordant increases,4.0531216106501903e-51,50.3922103654066,False
5.846552282292,47.1544189057948,Concordant increases,1.7160252312729406e-50,49.7654763308684,False
5.846552282292,48.5788280997086,Concordant increases,6.063709320267595e-50,49.2172616259165,False
5.846552282292,49.9967627063775,Concordant increases,1.4385683323581918e-48,47.8420695041864,False
7.27096147620589,2.99773389446423,Concordant increases,2.6809576084240787e-75,74.5717100530716,False
7.27096147620589,4.42214308837812,Concordant increases,1.3580064603617842e-90,89.8670981640078,False
7.27096147620589,5.846552282292,Concordant increases,7.172129025574835e-113,112.144351906144,False
7.27096147620589,7.27096147620589,Concordant increases,1e-120,120.0,False
7.27096147620589,8.69537067011978,Concordant increases,1e-120,120.0,False
7.27096147620589,10.1197798640337,Concordant increases,1e-120,120.0,False
7.27096147620589,11.5441890579476,Concordant increases,1e-120,120.0,False
7.27096147620589,12.9685982518614,Concordant increases,1e-120,120.0,False
7.27096147620589,14.3930074457753,Concordant increases,1e-120,120.0,False
7.27096147620589,15.8174166396892,Concordant increases,1e-120,120.0,False
7.27096147620589,17.2418258336031,Concordant increases,2.6900103914343795e-118,117.570246042327,False
7.27096147620589,18.666235027517,Concordant increases,4.3766282467233574e-113,112.358860341039,False
7.27096147620589,20.0906442214309,Concordant increases,4.461892298030687e-111,110.350480917005,False
7.27096147620589,21.5150534153448,Concordant increases,9.147128860416937e-111,110.038715202737,False
7.27096147620589,22.9394626092587,Concordant increases,1.3543411224344574e-114,113.868271934667,False
7.27096147620589,24.3638718031725,Concordant increases,8.721114647956448e-112,111.059428004228,False
7.27096147620589,25.7882809970864,Concordant increases,1.6627456485907257e-107,106.779174180042,False
7.27096147620589,27.2126901910003,Concordant increases,3.269178916631026e-104,103.485561310567,False
7.27096147620589,28.6370993849142,Concordant increases,3.076263991155634e-101,100.51197639807,False
7.27096147620589,30.0615085788281,Concordant increases,5.666027084555288e-98,97.2467213538105,False
7.27096147620589,31.485917772742,Concordant increases,2.7181064244033472e-93,92.5657335429581,False
7.27096147620589,32.9103269666559,Concordant increases,2.7014137071324386e-87,86.5684089008306,False
7.27096147620589,34.3347361605698,Concordant increases,7.652720058022362e-85,84.116184173183,False
7.27096147620589,35.7591453544836,Concordant increases,4.6465047204218626e-82,81.3328736173105,False
7.27096147620589,37.1835545483975,Concordant increases,1.8142087661298586e-79,78.7413127389069,False
7.27096147620589,38.6079637423114,Concordant increases,1.3775418691518368e-78,77.8608951922836,False
7.27096147620589,40.0323729362253,Concordant increases,2.695764735903785e-73,72.5693180121208,False
7.27096147620589,41.4567821301392,Concordant increases,2.7289270551109797e-68,67.5640080729729,False
7.27096147620589,42.8811913240531,Concordant increases,2.2867186639237765e-66,65.6407872635617,False
7.27096147620589,44.305600517967,Concordant increases,1.063418084871598e-62,61.9732959581904,False
7.27096147620589,45.7300097118809,Concordant increases,4.081137559614928e-60,59.3892187665659,False
7.27096147620589,47.1544189057948,Concordant increases,1.8329369077095783e-59,58.7368524838131,False
7.27096147620589,48.5788280997086,Concordant increases,8.043707317228211e-60,59.0945437402664,False
7.27096147620589,49.9967627063775,Concordant increases,1.4773727173480934e-57,56.8305099253601,False
8.69537067011978,2.99773389446423,Concordant increases,3.771706387326001e-76,75.4234621227553,False
8.69537067011978,4.42214308837812,Concordant increases,4.9443836700710935e-89,88.3058878365985,False
8.69537067011978,5.846552282292,Concordant increases,7.406514866631442e-113,112.130386101095,False
8.69537067011978,7.27096147620589,Concordant increases,1e-120,120.0,False
8.69537067011978,8.69537067011978,Concordant increases,1e-120,120.0,False
8.69537067011978,10.1197798640337,Concordant increases,1e-120,120.0,False
8.69537067011978,11.5441890579476,Concordant increases,1e-120,120.0,False
8.69537067011978,12.9685982518614,Concordant increases,1e-120,120.0,False
8.69537067011978,14.3930074457753,Concordant increases,1e-120,120.0,False
8.69537067011978,15.8174166396892,Concordant increases,1e-120,120.0,False
8.69537067011978,17.2418258336031,Concordant increases,1e-120,120.0,False
8.69537067011978,18.666235027517,Concordant increases,7.063081398713081e-117,116.151005788679,False
8.69537067011978,20.0906442214309,Concordant increases,5.6240379604637745e-115,114.249951756629,False
8.69537067011978,21.5150534153448,Concordant increases,1.5756697891770104e-113,112.802534791773,False
8.69537067011978,22.9394626092587,Concordant increases,3.274475686646632e-117,116.484858229909,False
8.69537067011978,24.3638718031725,Concordant increases,7.331209531425038e-116,115.134824367857,False
8.69537067011978,25.7882809970864,Concordant increases,2.2357761290594847e-111,110.650571685035,False
8.69537067011978,27.2126901910003,Concordant increases,9.461915072600517e-107,106.024020954371,False
8.69537067011978,28.6370993849142,Concordant increases,3.6916283263467066e-104,103.432782030274,False
8.69537067011978,30.0615085788281,Concordant increases,2.5995145206047327e-101,100.585107752302,False
8.69537067011978,31.485917772742,Concordant increases,1.2788665787315789e-96,95.8931747621227,False
8.69537067011978,32.9103269666559,Concordant increases,3.2445783785986203e-90,89.4888417302179,False
8.69537067011978,34.3347361605698,Concordant increases,1.1053784640368813e-87,86.9564890009819,False
8.69537067011978,35.7591453544836,Concordant increases,7.550317928572498e-86,85.1220347607261,False
8.69537067011978,37.1835545483975,Concordant increases,3.0169591772543533e-82,81.5204305662629,False
8.69537067011978,38.6079637423114,Concordant increases,9.93083120060567e-82,81.003014399971,False
8.69537067011978,40.0323729362253,Concordant increases,1.1126449134583175e-75,74.953643413141,False
8.69537067011978,41.4567821301392,Concordant increases,5.6460343862832485e-70,69.2482564811789,False
8.69537067011978,42.8811913240531,Concordant increases,1.2569912934936487e-67,66.9006677304292,False
8.69537067011978,44.305600517967,Concordant increases,2.8694045408950144e-63,62.5422082187484,False
8.69537067011978,45.7300097118809,Concordant increases,8.581336505426784e-61,60.0664450674276,False
8.69537067011978,47.1544189057948,Concordant increases,1.0951305021350408e-59,58.9605341246777,False
8.69537067011978,48.5788280997086,Concordant increases,2.3692226450469398e-60,59.6253941250215,False
8.69537067011978,49.9967627063775,Concordant increases,1.2602378972250981e-58,57.8995474646445,False
10.1197798640337,2.99773389446423,Concordant increases,8.282685556213792e-78,77.0818288258792,False
10.1197798640337,4.42214308837812,Concordant increases,3.0940474104348255e-90,89.5094730358427,False
10.1197798640337,5.846552282292,Concordant increases,5.539333936390266e-111,110.256542452806,False
10.1197798640337,7.27096147620589,Concordant increases,1e-120,120.0,False
10.1197798640337,8.69537067011978,Concordant increases,1e-120,120.0,False
10.1197798640337,10.1197798640337,Concordant increases,1e-120,120.0,False
10.1197798640337,11.5441890579476,Concordant increases,1e-120,120.0,False
10.1197798640337,12.9685982518614,Concordant increases,1e-120,120.0,False
10.1197798640337,14.3930074457753,Concordant increases,1e-120,120.0,False
10.1197798640337,15.8174166396892,Concordant increases,1e-120,120.0,False
10.1197798640337,17.2418258336031,Concordant increases,1e-120,120.0,False
10.1197798640337,18.666235027517,Concordant increases,3.362115210720949e-117,116.473387408528,False
10.1197798640337,20.0906442214309,Concordant increases,2.31039650813394e-118,117.63631348049,False
10.1197798640337,21.5150534153448,Concordant increases,3.4445039141621287e-118,117.462873317401,False
10.1197798640337,22.9394626092587,Concordant increases,1e-120,120.0,False
10.1197798640337,24.3638718031725,Concordant increases,1e-120,120.0,False
10.1197798640337,25.7882809970864,Concordant increases,2.2910045038289905e-115,114.639974057041,False
10.1197798640337,27.2126901910003,Concordant increases,4.785989841335951e-110,109.320028227548,False
10.1197798640337,28.6370993849142,Concordant increases,9.932370869165354e-107,106.002947072502,False
10.1197798640337,30.0615085788281,Concordant increases,9.848909431961693e-104,103.006611856193,False
10.1197798640337,31.485917772742,Concordant increases,5.0888373582826756e-99,98.2933814291678,False
10.1197798640337,32.9103269666559,Concordant increases,1.1235868132588938e-93,92.9493933664467,False
10.1197798640337,34.3347361605698,Concordant increases,1.4281501941324738e-90,89.8452261167525,False
10.1197798640337,35.7591453544836,Concordant increases,1.2385246388882912e-88,87.9070953492503,False
10.1197798640337,37.1835545483975,Concordant increases,1.4004486774947397e-84,83.8537328022201,False
10.1197798640337,38.6079637423114,Concordant increases,6.271657512619477e-84,83.2026176659551,False
10.1197798640337,40.0323729362253,Concordant increases,4.610261894993024e-78,77.3362744029575,False
10.1197798640337,41.4567821301392,Concordant increases,4.159025545371364e-72,71.3810084121237,False
10.1197798640337,42.8811913240531,Concordant increases,3.417047985510474e-70,69.466348922373,False
10.1197798640337,44.305600517967,Concordant increases,1.4929048545354768e-65,64.8259678697478,False
10.1197798640337,45.7300097118809,Concordant increases,4.0294971064161016e-63,62.3947491517588,False
10.1197798640337,47.1544189057948,Concordant increases,1.3240226541799349e-61,60.8781045840042,False
10.1197798640337,48.5788280997086,Concordant increases,5.789379552549869e-63,62.2373679770916,False
10.1197798640337,49.9967627063775,Concordant increases,1.75144002873451e-60,59.7566047288205,False
11.5441890579476,2.99773389446423,Concordant increases,2.2955973373919174e-78,77.6391042876525,False
11.5441890579476,4.42214308837812,Concordant increases,3.400009163747595e-92,91.4685199124402,False
11.5441890579476,5.846552282292,Concordant increases,4.784176364238478e-111,110.32019281886,False
11.5441890579476,7.27096147620589,Concordant increases,1e-120,120.0,False
11.5441890579476,8.69537067011978,Concordant increases,1e-120,120.0,False
11.5441890579476,10.1197798640337,Concordant increases,1e-120,120.0,False
11.5441890579476,11.5441890579476,Concordant increases,1e-120,120.0,False
11.5441890579476,12.9685982518614,Concordant increases,1e-120,120.0,False
11.5441890579476,14.3930074457753,Concordant increases,1e-120,120.0,False
11.5441890579476,15.8174166396892,Concordant increases,1e-120,120.0,False
11.5441890579476,17.2418258336031,Concordant increases,1e-120,120.0,False
11.5441890579476,18.666235027517,Concordant increases,1e-120,120.0,False
11.5441890579476,20.0906442214309,Concordant increases,1e-120,120.0,False
11.5441890579476,21.5150534153448,Concordant increases,1e-120,120.0,False
11.5441890579476,22.9394626092587,Concordant increases,1e-120,120.0,False
11.5441890579476,24.3638718031725,Concordant increases,1e-120,120.0,False
11.5441890579476,25.7882809970864,Concordant increases,1e-120,120.0,False
11.5441890579476,27.2126901910003,Concordant increases,8.485440715388186e-115,114.071325596447,False
11.5441890579476,28.6370993849142,Concordant increases,9.038364663987013e-111,110.043910140504,False
11.5441890579476,30.0615085788281,Concordant increases,4.168419789394507e-107,106.380028550976,False
11.5441890579476,31.485917772742,Concordant increases,7.616018503167076e-102,101.118272009501,False
11.5441890579476,32.9103269666559,Concordant increases,4.937054776291531e-96,95.3065320542856,False
11.5441890579476,34.3347361605698,Concordant increases,7.280542798162862e-93,92.1378362408162,False
11.5441890579476,35.7591453544836,Concordant increases,2.2058525119223803e-90,89.656423528795,False
11.5441890579476,37.1835545483975,Concordant increases,6.4012563054315085e-86,85.1937347833641,False
11.5441890579476,38.6079637423114,Concordant increases,1.384584193746847e-85,84.8586806305519,False
11.5441890579476,40.0323729362253,Concordant increases,1.917108059723655e-79,78.7173534069868,False
11.5441890579476,41.4567821301392,Concordant increases,1.1650289016823817e-73,72.933663300659,False
11.5441890579476,42.8811913240531,Concordant increases,1.5755640702091044e-72,71.8025639315744,False
11.5441890579476,44.305600517967,Concordant increases,2.2279357248904156e-68,67.6520973425504,False
11.5441890579476,45.7300097118809,Concordant increases,5.828842821994173e-66,65.2344176555162,False
11.5441890579476,47.1544189057948,Concordant increases,1.12048229713754e-63,62.9505950006338,False
11.5441890579476,48.5788280997086,Concordant increases,1.5724230263972993e-64,63.8034306050427,False
11.5441890579476,49.9967627063775,Concordant increases,9.693822165677279e-62,61.0135049517242,False
12.9685982518614,2.99773389446423,Concordant increases,4.0036865928499905e-76,75.3975399262784,False
12.9685982518614,4.42214308837812,Concordant increases,1.1893435872000673e-91,90.9246926647511,False
12.9685982518614,5.846552282292,Concordant increases,3.4593404011657825e-111,110.461006701046,False
12.9685982518614,7.27096147620589,Concordant increases,1e-120,120.0,False
12.9685982518614,8.69537067011978,Concordant increases,1e-120,120.0,False
12.9685982518614,10.1197798640337,Concordant increases,1e-120,120.0,False
12.9685982518614,11.5441890579476,Concordant increases,1e-120,120.0,False
12.9685982518614,12.9685982518614,Concordant increases,1e-120,120.0,False
12.9685982518614,14.3930074457753,Concordant increases,1e-120,120.0,False
12.9685982518614,15.8174166396892,Concordant increases,1e-120,120.0,False
12.9685982518614,17.2418258336031,Concordant increases,1e-120,120.0,False
12.9685982518614,18.666235027517,Concordant increases,1e-120,120.0,False
12.9685982518614,20.0906442214309,Concordant increases,1e-120,120.0,False
12.9685982518614,21.5150534153448,Concordant increases,1e-120,120.0,False
12.9685982518614,22.9394626092587,Concordant increases,1e-120,120.0,False
12.9685982518614,24.3638718031725,Concordant increases,1e-120,120.0,False
12.9685982518614,25.7882809970864,Concordant increases,1e-120,120.0,False
12.9685982518614,27.2126901910003,Concordant increases,3.1077980642395865e-118,117.507547208158,False
12.9685982518614,28.6370993849142,Concordant increases,1.3822010643844553e-112,111.859428776932,False
12.9685982518614,30.0615085788281,Concordant increases,2.7667789491939196e-109,108.558025537274,False
12.9685982518614,31.485917772742,Concordant increases,5.507903521299722e-104,103.259013675629,False
12.9685982518614,32.9103269666559,Concordant increases,3.511058086489069e-98,97.4545619855637,False
12.9685982518614,34.3347361605698,Concordant increases,2.2170691386237534e-95,94.6542207633336,False
12.9685982518614,35.7591453544836,Concordant increases,8.137942474143533e-93,92.0894853844324,False
12.9685982518614,37.1835545483975,Concordant increases,2.3432612812250312e-88,87.6301792834612,False
12.9685982518614,38.6079637423114,Concordant increases,2.6002212402958444e-88,87.5849896984323,False
12.9685982518614,40.0323729362253,Concordant increases,1.1861072997498467e-82,81.9258760212741,False
12.9685982518614,41.4567821301392,Concordant increases,1.5424335335792585e-76,75.8117935414741,False
12.9685982518614,42.8811913240531,Concordant increases,2.4075328768786177e-75,74.6184277735079,False
12.9685982518614,44.305600517967,Concordant increases,5.435088021185412e-72,71.2647934181268,False
12.9685982518614,45.7300097118809,Concordant increases,3.460958155356842e-69,68.4608036515026,False
12.9685982518614,47.1544189057948,Concordant increases,2.8779950176830938e-67,66.5409099622391,False
12.9685982518614,48.5788280997086,Concordant increases,2.6517060805903413e-67,66.5764746155055,False
12.9685982518614,49.9967627063775,Concordant increases,1.1976998331523135e-65,64.9216520109448,False
14.3930074457753,2.99773389446423,Concordant increases,1.0762250805207266e-77,76.9680968913038,False
14.3930074457753,4.42214308837812,Concordant increases,1.8837755834057194e-92,91.7249708365186,False
14.3930074457753,5.846552282292,Concordant increases,5.070020215479427e-112,111.294990309019,False
14.3930074457753,7.27096147620589,Concordant increases,1e-120,120.0,False
14.3930074457753,8.69537067011978,Concordant increases,1e-120,120.0,False
14.3930074457753,10.1197798640337,Concordant increases,1e-120,120.0,False
14.3930074457753,11.5441890579476,Concordant increases,1e-120,120.0,False
14.3930074457753,12.9685982518614,Concordant increases,1e-120,120.0,False
14.3930074457753,14.3930074457753,Concordant increases,1e-120,120.0,False
14.3930074457753,15.8174166396892,Concordant increases,1e-120,120.0,False
14.3930074457753,17.2418258336031,Concordant increases,1e-120,120.0,False
14.3930074457753,18.666235027517,Concordant increases,1e-120,120.0,False
14.3930074457753,20.0906442214309,Concordant increases,1e-120,120.0,False
14.3930074457753,21.5150534153448,Concordant increases,1e-120,120.0,False
14.3930074457753,22.9394626092587,Concordant increases,1e-120,120.0,False
14.3930074457753,24.3638718031725,Concordant increases,1e-120,120.0,False
14.3930074457753,25.7882809970864,Concordant increases,1e-120,120.0,False
14.3930074457753,27.2126901910003,Concordant increases,1.912157843670985e-118,117.718476260697,False
14.3930074457753,28.6370993849142,Concordant increases,2.239809916510739e-111,110.649788836895,False
14.3930074457753,30.0615085788281,Concordant increases,6.417313354950735e-109,108.192646753758,False
14.3930074457753,31.485917772742,Concordant increases,2.6382730797991145e-106,105.578680253933,False
14.3930074457753,32.9103269666559,Concordant increases,6.518916190633587e-101,100.185824602359,False
14.3930074457753,34.3347361605698,Concordant increases,1.3752552221617573e-97,96.8616166972586,False
14.3930074457753,35.7591453544836,Concordant increases,6.095315480120052e-95,94.2150038113369,False
14.3930074457753,37.1835545483975,Concordant increases,2.9258519305661407e-89,88.5337476561209,False
14.3930074457753,38.6079637423114,Concordant increases,4.378522248564444e-89,88.3586724391722,False
14.3930074457753,40.0323729362253,Concordant increases,3.8972950650702566e-83,82.4092367124314,False
14.3930074457753,41.4567821301392,Concordant increases,2.0427337816577786e-76,75.6897882289087,False
14.3930074457753,42.8811913240531,Concordant increases,8.224813075910341e-75,74.0848739634112,False
14.3930074457753,44.305600517967,Concordant increases,8.242688643357629e-71,70.0839311047451,False
14.3930074457753,45.7300097118809,Concordant increases,5.078197812483908e-67,66.2942903859363,False
14.3930074457753,47.1544189057948,Concordant increases,1.888103307870133e-64,63.7239742468968,False
14.3930074457753,48.5788280997086,Concordant increases,9.500773665528732e-65,64.0222410278702,False
14.3930074457753,49.9967627063775,Concordant increases,1.6451421472027964e-64,63.7837965712224,False
15.8174166396892,2.99773389446423,Concordant increases,4.078388133751929e-82,81.3895114454717,False
15.8174166396892,4.42214308837812,Concordant increases,5.55481430214951e-96,95.2553304549769,False
15.8174166396892,5.846552282292,Concordant increases,6.686536671447326e-115,114.174798769219,False
15.8174166396892,7.27096147620589,Concordant increases,1e-120,120.0,False
15.8174166396892,8.69537067011978,Concordant increases,1e-120,120.0,False
15.8174166396892,10.1197798640337,Concordant increases,1e-120,120.0,False
15.8174166396892,11.5441890579476,Concordant increases,1e-120,120.0,False
15.8174166396892,12.9685982518614,Concordant increases,1e-120,120.0,False
15.8174166396892,14.3930074457753,Concordant increases,1e-120,120.0,False
15.8174166396892,15.8174166396892,Concordant increases,1e-120,120.0,False
15.8174166396892,17.2418258336031,Concordant increases,1e-120,120.0,False
15.8174166396892,18.666235027517,Concordant increases,1e-120,120.0,False
15.8174166396892,20.0906442214309,Concordant increases,1e-120,120.0,False
15.8174166396892,21.5150534153448,Concordant increases,1e-120,120.0,False
15.8174166396892,22.9394626092587,Concordant increases,1e-120,120.0,False
15.8174166396892,24.3638718031725,Concordant increases,1e-120,120.0,False
15.8174166396892,25.7882809970864,Concordant increases,1e-120,120.0,False
15.8174166396892,27.2126901910003,Concordant increases,7.584738148135249e-120,119.120059407993,False
15.8174166396892,28.6370993849142,Concordant increases,3.408674082083909e-113,112.46741452154,False
15.8174166396892,30.0615085788281,Concordant increases,8.295642565137481e-113,112.081149968689,False
15.8174166396892,31.485917772742,Concordant increases,1.369362284511916e-109,108.863481637805,False
15.8174166396892,32.9103269666559,Concordant increases,2.148946342993853e-105,104.667774428265,False
15.8174166396892,34.3347361605698,Concordant increases,4.1601746843852724e-101,100.380888433106,False
15.8174166396892,35.7591453544836,Concordant increases,6.044803920162495e-98,97.2186177821105,False
15.8174166396892,37.1835545483975,Concordant increases,1.2207796515306277e-92,91.9133627183322,False
15.8174166396892,38.6079637423114,Concordant increases,2.4399725438321776e-92,91.6126150605995,False
15.8174166396892,40.0323729362253,Concordant increases,6.395395766482449e-88,87.1941325748943,False
15.8174166396892,41.4567821301392,Concordant increases,6.71008844323024e-82,81.173271755516,False
15.8174166396892,42.8811913240531,Concordant increases,7.610041502055332e-80,79.1186129747584,False
15.8174166396892,44.305600517967,Concordant increases,3.8184498180341755e-76,75.4181129125104,False
15.8174166396892,45.7300097118809,Concordant increases,1.2089405367431546e-72,71.9175950599328,False
15.8174166396892,47.1544189057948,Concordant increases,4.744925079181321e-71,70.3237706405507,False
15.8174166396892,48.5788280997086,Concordant increases,2.5986617776530247e-71,70.5852502413368,False
15.8174166396892,49.9967627063775,Concordant increases,2.3940603117804183e-70,69.620864912934,False
17.2418258336031,2.99773389446423,Concordant increases,4.641247493961946e-77,76.3333652722627,False
17.2418258336031,4.42214308837812,Concordant increases,5.99113807678631e-91,90.2224906711799,False
17.2418258336031,5.846552282292,Concordant increases,1.4126448004813887e-109,108.849967024693,False
17.2418258336031,7.27096147620589,Concordant increases,1e-120,120.0,False
17.2418258336031,8.69537067011978,Concordant increases,1e-120,120.0,False
17.2418258336031,10.1197798640337,Concordant increases,1e-120,120.0,False
17.2418258336031,11.5441890579476,Concordant increases,1e-120,120.0,False
17.2418258336031,12.9685982518614,Concordant increases,1e-120,120.0,False
17.2418258336031,14.3930074457753,Concordant increases,1e-120,120.0,False
17.2418258336031,15.8174166396892,Concordant increases,1e-120,120.0,False
17.2418258336031,17.2418258336031,Concordant increases,1e-120,120.0,False
17.2418258336031,18.666235027517,Concordant increases,1e-120,120.0,False
17.2418258336031,20.0906442214309,Concordant increases,1e-120,120.0,False
17.2418258336031,21.5150534153448,Concordant increases,1e-120,120.0,False
17.2418258336031,22.9394626092587,Concordant increases,1e-120,120.0,False
17.2418258336031,24.3638718031725,Concordant increases,1e-120,120.0,False
17.2418258336031,25.7882809970864,Concordant increases,1e-120,120.0,False
17.2418258336031,27.2126901910003,Concordant increases,3.4742996527567712e-118,117.459132727073,False
17.2418258336031,28.6370993849142,Concordant increases,1.8690511008500136e-112,111.728378824617,False
17.2418258336031,30.0615085788281,Concordant increases,9.266037605512351e-113,112.033105941578,False
17.2418258336031,31.485917772742,Concordant increases,1.8274519975375302e-109,108.738154022019,False
17.2418258336031,32.9103269666559,Concordant increases,7.912490197884314e-105,104.101686814985,False
17.2418258336031,34.3347361605698,Concordant increases,3.732459372563473e-102,101.428004910828,False
17.2418258336031,35.7591453544836,Concordant increases,1.5371717850152617e-98,97.8132775956653,False
17.2418258336031,37.1835545483975,Concordant increases,8.328281913184276e-95,94.0794445823366,False
17.2418258336031,38.6079637423114,Concordant increases,5.285164429362718e-94,93.2769414965961,False
17.2418258336031,40.0323729362253,Concordant increases,1.394199037083546e-89,88.8556752215489,False
17.2418258336031,41.4567821301392,Concordant increases,5.707527014341439e-84,83.2435520242702,False
17.2418258336031,42.8811913240531,Concordant increases,3.1464072251329264e-82,81.5021850693215,False
17.2418258336031,44.305600517967,Concordant increases,3.6047272995770625e-78,77.4431275844171,False
17.2418258336031,45.7300097118809,Concordant increases,1.133514592660434e-74,73.9455728844734,False
17.2418258336031,47.1544189057948,Concordant increases,1.042261634545616e-72,71.9820232482374,False
17.2418258336031,48.5788280997086,Concordant increases,6.656333023039505e-73,72.1767649579838,False
17.2418258336031,49.9967627063775,Concordant increases,1.4214995934041315e-71,70.8472532601961,False
18.666235027517,2.99773389446423,Concordant increases,1.1748065275864353e-75,74.9300336490688,False
18.666235027517,4.42214308837812,Concordant increases,6.1211598272879e-88,87.2131662806539,False
18.666235027517,5.846552282292,Concordant increases,5.9305666187017246e-105,104.226903811253,False
18.666235027517,7.27096147620589,Concordant increases,1e-120,120.0,False
18.666235027517,8.69537067011978,Concordant increases,1e-120,120.0,False
18.666235027517,10.1197798640337,Concordant increases,1e-120,120.0,False
18.666235027517,11.5441890579476,Concordant increases,1e-120,120.0,False
18.666235027517,12.9685982518614,Concordant increases,1e-120,120.0,False
18.666235027517,14.3930074457753,Concordant increases,1e-120,120.0,False
18.666235027517,15.8174166396892,Concordant increases,1e-120,120.0,False
18.666235027517,17.2418258336031,Concordant increases,1e-120,120.0,False
18.666235027517,18.666235027517,Concordant increases,1e-120,120.0,False
18.666235027517,20.0906442214309,Concordant increases,1e-120,120.0,False
18.666235027517,21.5150534153448,Concordant increases,1e-120,120.0,False
18.666235027517,22.9394626092587,Concordant increases,1e-120,120.0,False
18.666235027517,24.3638718031725,Concordant increases,1e-120,120.0,False
18.666235027517,25.7882809970864,Concordant increases,1e-120,120.0,False
18.666235027517,27.2126901910003,Concordant increases,3.0003100357815208e-120,119.522833865323,False
18.666235027517,28.6370993849142,Concordant increases,2.0688649065804913e-114,113.684267867112,False
18.666235027517,30.0615085788281,Concordant increases,4.325395398505075e-114,113.363974186109,False
18.666235027517,31.485917772742,Concordant increases,1.0856119547042469e-110,109.964325382893,False
18.666235027517,32.9103269666559,Concordant increases,2.1186685348464954e-106,105.673936983236,False
18.666235027517,34.3347361605698,Concordant increases,1.2396115889479817e-103,102.906714372258,False
18.666235027517,35.7591453544836,Concordant increases,2.396192741694621e-100,99.6204782516885,False
18.666235027517,37.1835545483975,Concordant increases,1.0576471227548122e-97,96.9756592077294,False
18.666235027517,38.6079637423114,Concordant increases,3.605344106295389e-97,96.4430532784249,False
18.666235027517,40.0323729362253,Concordant increases,1.945243028885386e-93,92.7110261323792,False
18.666235027517,41.4567821301392,Concordant increases,8.947738375547338e-88,87.0482867228004,False
18.666235027517,42.8811913240531,Concordant increases,2.5765811460938255e-86,85.588956175444,False
18.666235027517,44.305600517967,Concordant increases,3.000582493069336e-83,82.5227944289571,False
18.666235027517,45.7300097118809,Concordant increases,2.2872837820327652e-80,79.6406799493744,False
18.666235027517,47.1544189057948,Concordant increases,1.1229406771586428e-78,77.9496431860922,False
18.666235027517,48.5788280997086,Concordant increases,3.598436397725463e-79,78.4438861690529,False
18.666235027517,49.9967627063775,Concordant increases,1.8739560317649944e-77,76.7272406030885,False
20.0906442214309,2.99773389446423,Concordant increases,1.7175488625034993e-71,70.7650908988601,False
20.0906442214309,4.42214308837812,Concordant increases,2.775527273480578e-83,82.5566545007537,False
20.0906442214309,5.846552282292,Concordant increases,2.988473864605183e-102,101.524550537892,False
20.0906442214309,7.27096147620589,Concordant increases,1e-120,120.0,False
20.0906442214309,8.69537067011978,Concordant increases,1e-120,120.0,False
20.0906442214309,10.1197798640337,Concordant increases,1e-120,120.0,False
20.0906442214309,11.5441890579476,Concordant increases,1e-120,120.0,False
20.0906442214309,12.9685982518614,Concordant increases,1e-120,120.0,False
20.0906442214309,14.3930074457753,Concordant increases,1e-120,120.0,False
20.0906442214309,15.8174166396892,Concordant increases,1e-120,120.0,False
20.0906442214309,17.2418258336031,Concordant increases,1e-120,120.0,False
20.0906442214309,18.666235027517,Concordant increases,1e-120,120.0,False
20.0906442214309,20.0906442214309,Concordant increases,1e-120,120.0,False
20.0906442214309,21.5150534153448,Concordant increases,1e-120,120.0,False
20.0906442214309,22.9394626092587,Concordant increases,1e-120,120.0,False
20.0906442214309,24.3638718031725,Concordant increases,1e-120,120.0,False
20.0906442214309,25.7882809970864,Concordant increases,1e-120,120.0,False
20.0906442214309,27.2126901910003,Concordant increases,1e-120,120.0,False
20.0906442214309,28.6370993849142,Concordant increases,2.6598477240077207e-119,118.575143225969,False
20.0906442214309,30.0615085788281,Concordant increases,4.939109283271521e-120,119.306351364485,False
20.0906442214309,31.485917772742,Concordant increases,5.185279878497688e-116,115.285227797345,False
20.0906442214309,32.9103269666559,Concordant increases,6.005288942021195e-112,111.221466091857,False
20.0906442214309,34.3347361605698,Concordant increases,1.2845521817112278e-108,107.891248248915,False
20.0906442214309,35.7591453544836,Concordant increases,1.413832783334473e-105,104.849601952328,False
20.0906442214309,37.1835545483975,Concordant increases,3.54512972277844e-103,102.450367868561,False
20.0906442214309,38.6079637423114,Concordant increases,6.755548537012369e-103,102.170339381368,False
20.0906442214309,40.0323729362253,Concordant increases,4.8428860363044375e-99,98.3148957507318,False
20.0906442214309,41.4567821301392,Concordant increases,2.918656347327686e-93,92.5348170373331,False
20.0906442214309,42.8811913240531,Concordant increases,5.401239568311607e-91,90.2675065594549,False
20.0906442214309,44.305600517967,Concordant increases,7.509588710079654e-88,87.1243838480603,False
20.0906442214309,45.7300097118809,Concordant increases,3.2610761552355346e-84,83.4866390590866,False
20.0906442214309,47.1544189057948,Concordant increases,8.290379722261926e-83,82.0814255771088,False
20.0906442214309,48.5788280997086,Concordant increases,3.0196988518547063e-83,82.5200363661485,False
20.0906442214309,49.9967627063775,Concordant increases,3.7461885223341186e-81,80.4264103710747,False
21.5150534153448,2.99773389446423,Concordant increases,2.9294473429817755e-66,65.5332143040596,False
21.5150534153448,4.42214308837812,Concordant increases,1.9799360283321087e-80,79.7033488415522,False
21.5150534153448,5.846552282292,Concordant increases,2.571115912086258e-99,98.5898783438765,False
21.5150534153448,7.27096147620589,Concordant increases,3.981229823268766e-119,118.399982751304,False
21.5150534153448,8.69537067011978,Concordant increases,1e-120,120.0,False
21.5150534153448,10.1197798640337,Concordant increases,1e-120,120.0,False
21.5150534153448,11.5441890579476,Concordant increases,1e-120,120.0,False
21.5150534153448,12.9685982518614,Concordant increases,1e-120,120.0,False
21.5150534153448,14.3930074457753,Concordant increases,1e-120,120.0,False
21.5150534153448,15.8174166396892,Concordant increases,1e-120,120.0,False
21.5150534153448,17.2418258336031,Concordant increases,1e-120,120.0,False
21.5150534153448,18.666235027517,Concordant increases,1e-120,120.0,False
21.5150534153448,20.0906442214309,Concordant increases,1e-120,120.0,False
21.5150534153448,21.5150534153448,Concordant increases,1e-120,120.0,False
21.5150534153448,22.9394626092587,Concordant increases,1e-120,120.0,False
21.5150534153448,24.3638718031725,Concordant increases,1e-120,120.0,False
21.5150534153448,25.7882809970864,Concordant increases,1e-120,120.0,False
21.5150534153448,27.2126901910003,Concordant increases,1e-120,120.0,False
21.5150534153448,28.6370993849142,Concordant increases,2.1361417218220065e-117,116.670369937522,False
21.5150534153448,30.0615085788281,Concordant increases,2.2815496539412446e-118,117.641770075128,False
21.5150534153448,31.485917772742,Concordant increases,1.5863685912657353e-115,114.799595897375,False
21.5150534153448,32.9103269666559,Concordant increases,2.0189104938598753e-111,110.69488293459,False
21.5150534153448,34.3347361605698,Concordant increases,1.9804310431708626e-108,107.70324027474,False
21.5150534153448,35.7591453544836,Concordant increases,5.832725311441399e-105,104.234128475916,False
21.5150534153448,37.1835545483975,Concordant increases,6.97064279597487e-103,102.156727171705,False
21.5150534153448,38.6079637423114,Concordant increases,3.0454072055576667e-103,102.51635462904,False
21.5150534153448,40.0323729362253,Concordant increases,9.808677565864115e-100,99.0083895415051,False
21.5150534153448,41.4567821301392,Concordant increases,1.0918768705952666e-94,93.9618263336423,False
21.5150534153448,42.8811913240531,Concordant increases,5.057644974331634e-92,91.2960516595903,False
21.5150534153448,44.305600517967,Concordant increases,6.829437680723857e-90,89.165615053597,False
21.5150534153448,45.7300097118809,Concordant increases,6.57190813098305e-87,86.1823085162178,False
21.5150534153448,47.1544189057948,Concordant increases,4.0894124739719386e-85,84.3883390826138,False
21.5150534153448,48.5788280997086,Concordant increases,1.734790733887165e-85,84.760752906233,False
21.5150534153448,49.9967627063775,Concordant increases,2.272716562163772e-83,82.643454723168,False
22.9394626092587,2.99773389446423,Concordant increases,1.0220535912925229e-65,64.9905263314103,False
22.9394626092587,4.42214308837812,Concordant increases,3.19938906660685e-79,78.4949329436589,False
22.9394626092587,5.846552282292,Concordant increases,8.997418353993019e-97,96.045882085611,False
22.9394626092587,7.27096147620589,Concordant increases,7.150888570063099e-116,115.145639989374,False
22.9394626092587,8.69537067011978,Concordant increases,1e-120,120.0,False
22.9394626092587,10.1197798640337,Concordant increases,1e-120,120.0,False
22.9394626092587,11.5441890579476,Concordant increases,1e-120,120.0,False
22.9394626092587,12.9685982518614,Concordant increases,1e-120,120.0,False
22.9394626092587,14.3930074457753,Concordant increases,1e-120,120.0,False
22.9394626092587,15.8174166396892,Concordant increases,1e-120,120.0,False
22.9394626092587,17.2418258336031,Concordant increases,1e-120,120.0,False
22.9394626092587,18.666235027517,Concordant increases,1e-120,120.0,False
22.9394626092587,20.0906442214309,Concordant increases,1e-120,120.0,False
22.9394626092587,21.5150534153448,Concordant increases,1e-120,120.0,False
22.9394626092587,22.9394626092587,Concordant increases,1e-120,120.0,False
22.9394626092587,24.3638718031725,Concordant increases,1e-120,120.0,False
22.9394626092587,25.7882809970864,Concordant increases,1e-120,120.0,False
22.9394626092587,27.2126901910003,Concordant increases,2.3515397165861682e-120,119.628647681792,False
22.9394626092587,28.6370993849142,Concordant increases,2.21762704086628e-116,115.654111491421,False
22.9394626092587,30.0615085788281,Concordant increases,8.605452966577392e-119,118.065226264708,False
22.9394626092587,31.485917772742,Concordant increases,1.8668078432460643e-115,114.728900383129,False
22.9394626092587,32.9103269666559,Concordant increases,2.6756758901787708e-111,110.572566494653,False
22.9394626092587,34.3347361605698,Concordant increases,1.2718576070576364e-108,107.89556150813,False
22.9394626092587,35.7591453544836,Concordant increases,7.632739435410525e-106,105.117319563204,False
22.9394626092587,37.1835545483975,Concordant increases,2.535079295784803e-103,102.596008451643,False
22.9394626092587,38.6079637423114,Concordant increases,2.685763100124292e-104,103.570932297269,False
22.9394626092587,40.0323729362253,Concordant increases,1.8294139422379377e-101,100.737688015415,False
22.9394626092587,41.4567821301392,Concordant increases,1.9221003327385911e-97,96.7162239461069,False
22.9394626092587,42.8811913240531,Concordant increases,4.6685253640874496e-95,94.3308202773298,False
22.9394626092587,44.305600517967,Concordant increases,7.3469972572241474e-93,92.1338901222861,False
22.9394626092587,45.7300097118809,Concordant increases,3.767270418914334e-89,88.4239732045307,False
22.9394626092587,47.1544189057948,Concordant increases,2.615535439289586e-87,86.5824393911083,False
22.9394626092587,48.5788280997086,Concordant increases,2.783709920651824e-87,86.5553760228057,False
22.9394626092587,49.9967627063775,Concordant increases,1.797742182416666e-85,84.7452725911246,False
24.3638718031725,2.99773389446423,Concordant increases,1.5665765884898704e-62,61.8050483680051,False
24.3638718031725,4.42214308837812,Concordant increases,5.019793746953468e-75,74.2993141267594,False
24.3638718031725,5.846552282292,Concordant increases,1.4438207671290798e-94,93.8404867158232,False
24.3638718031725,7.27096147620589,Concordant increases,2.064350056686573e-112,111.685216656465,False
24.3638718031725,8.69537067011978,Concordant increases,1e-120,120.0,False
24.3638718031725,10.1197798640337,Concordant increases,4.599503461903472e-120,119.337289049926,False
24.3638718031725,11.5441890579476,Concordant increases,1e-120,120.0,False
24.3638718031725,12.9685982518614,Concordant increases,1e-120,120.0,False
24.3638718031725,14.3930074457753,Concordant increases,1e-120,120.0,False
24.3638718031725,15.8174166396892,Concordant increases,1e-120,120.0,False
24.3638718031725,17.2418258336031,Concordant increases,1e-120,120.0,False
24.3638718031725,18.666235027517,Concordant increases,1e-120,120.0,False
24.3638718031725,20.0906442214309,Concordant increases,1e-120,120.0,False
24.3638718031725,21.5150534153448,Concordant increases,1e-120,120.0,False
24.3638718031725,22.9394626092587,Concordant increases,1e-120,120.0,False
24.3638718031725,24.3638718031725,Concordant increases,1e-120,120.0,False
24.3638718031725,25.7882809970864,Concordant increases,1e-120,120.0,False
24.3638718031725,27.2126901910003,Concordant increases,5.5548481122632296e-117,116.255327811594,False
24.3638718031725,28.6370993849142,Concordant increases,3.447947286834048e-114,113.46243938241,False
24.3638718031725,30.0615085788281,Concordant increases,2.2177829901945855e-118,117.654080951772,False
24.3638718031725,31.485917772742,Concordant increases,9.523737856336162e-116,115.021192567185,False
24.3638718031725,32.9103269666559,Concordant increases,1.5735321683011144e-111,110.803124374217,False
24.3638718031725,34.3347361605698,Concordant increases,2.0882977421684818e-108,107.680207581071,False
24.3638718031725,35.7591453544836,Concordant increases,6.1824329885526e-106,105.208840582263,False
24.3638718031725,37.1835545483975,Concordant increases,2.353009881678837e-103,102.628376248961,False
24.3638718031725,38.6079637423114,Concordant increases,1.4432398604302884e-104,103.840661484981,False
24.3638718031725,40.0323729362253,Concordant increases,5.510133450236497e-101,100.258837882818,False
24.3638718031725,41.4567821301392,Concordant increases,5.335734325291343e-98,97.272805802767,False
24.3638718031725,42.8811913240531,Concordant increases,2.9679545769408702e-96,95.5275427500018,False
24.3638718031725,44.305600517967,Concordant increases,1.0968789371631949e-94,93.9598413029844,False
24.3638718031725,45.7300097118809,Concordant increases,2.803694868530203e-92,91.5522692532319,False
24.3638718031725,47.1544189057948,Concordant increases,4.816661250258672e-91,90.3172538959975,False
24.3638718031725,48.5788280997086,Concordant increases,5.853424981903493e-91,90.2325899432367,False
24.3638718031725,49.9967627063775,Concordant increases,4.117239063255094e-88,87.3853939154076,False
25.7882809970864,2.99773389446423,Concordant increases,5.671662649202143e-61,60.2462896089158,False
25.7882809970864,4.42214308837812,Concordant increases,2.028614217845169e-72,71.6928005350223,False
25.7882809970864,5.846552282292,Concordant increases,1.168681131550933e-92,91.932303967622,False
25.7882809970864,7.27096147620589,Concordant increases,5.874538116517771e-110,109.231026273964,False
25.7882809970864,8.69537067011978,Concordant increases,1e-120,120.0,False
25.7882809970864,10.1197798640337,Concordant increases,1.4272917538111174e-117,116.84548724334,False
25.7882809970864,11.5441890579476,Concordant increases,2.6792719437003562e-120,119.571983203654,False
25.7882809970864,12.9685982518614,Concordant increases,1e-120,120.0,False
25.7882809970864,14.3930074457753,Concordant increases,1e-120,120.0,False
25.7882809970864,15.8174166396892,Concordant increases,1e-120,120.0,False
25.7882809970864,17.2418258336031,Concordant increases,1e-120,120.0,False
25.7882809970864,18.666235027517,Concordant increases,1e-120,120.0,False
25.7882809970864,20.0906442214309,Concordant increases,1e-120,120.0,False
25.7882809970864,21.5150534153448,Concordant increases,1.2224339463043491e-119,118.912774598487,False
25.7882809970864,22.9394626092587,Concordant increases,1e-120,120.0,False
25.7882809970864,24.3638718031725,Concordant increases,1e-120,120.0,False
25.7882809970864,25.7882809970864,Concordant increases,3.8342546352664576e-120,119.41631904873,False
25.7882809970864,27.2126901910003,Concordant increases,1.0650769929697486e-113,112.972618996532,False
25.7882809970864,28.6370993849142,Concordant increases,1.2034614757400333e-111,110.919567807459,False
25.7882809970864,30.0615085788281,Concordant increases,1.2965403266260139e-115,114.887213970712,False
25.7882809970864,31.485917772742,Concordant increases,2.5289947903599047e-113,112.597052065286,False
25.7882809970864,32.9103269666559,Concordant increases,4.0923646408316868e-109,108.388025676415,False
25.7882809970864,34.3347361605698,Concordant increases,2.437637248348796e-106,105.613030922492,False
25.7882809970864,35.7591453544836,Concordant increases,3.418920593464239e-104,103.466110985843,False
25.7882809970864,37.1835545483975,Concordant increases,1.2393301034185775e-102,101.906813001131,False
25.7882809970864,38.6079637423114,Concordant increases,1.0035176681874741e-103,102.99847497681,False
25.7882809970864,40.0323729362253,Concordant increases,8.659823642201474e-100,99.0624909523243,False
25.7882809970864,41.4567821301392,Concordant increases,8.343213085769185e-98,97.0786666643879,False
25.7882809970864,42.8811913240531,Concordant increases,5.077679430989132e-97,96.2943347208997,False
25.7882809970864,44.305600517967,Concordant increases,4.560152825869508e-96,95.3410206024409,False
25.7882809970864,45.7300097118809,Concordant increases,5.915745982367209e-93,92.2279904825495,False
25.7882809970864,47.1544189057948,Concordant increases,1.1978990168179182e-93,92.9215797915354,False
25.7882809970864,48.5788280997086,Concordant increases,1.6747544159649369e-93,92.7760488683948,False
25.7882809970864,49.9967627063775,Concordant increases,5.761196781838396e-90,89.2394872905768,False
27.2126901910003,2.99773389446423,Concordant increases,5.892330653549857e-61,60.2297128903116,False
27.2126901910003,4.42214308837812,Concordant increases,4.769866107167457e-75,74.3214938116799,False
27.2126901910003,5.846552282292,Concordant increases,9.538680318029329e-95,94.0205117060341,False
27.2126901910003,7.27096147620589,Concordant increases,1.1680029656873408e-109,108.932556054501,False
27.2126901910003,8.69537067011978,Concordant increases,2.0840195638484895e-119,118.68109820839,False
27.2126901910003,10.1197798640337,Concordant increases,2.3903225937551704e-114,113.621543483473,False
27.2126901910003,11.5441890579476,Concordant increases,2.3828798096865567e-116,115.622897862524,False
27.2126901910003,12.9685982518614,Concordant increases,3.058307329925007e-120,119.51451887439,False
27.2126901910003,14.3930074457753,Concordant increases,1e-120,120.0,False
27.2126901910003,15.8174166396892,Concordant increases,1e-120,120.0,False
27.2126901910003,17.2418258336031,Concordant increases,1e-120,120.0,False
27.2126901910003,18.666235027517,Concordant increases,1e-120,120.0,False
27.2126901910003,20.0906442214309,Concordant increases,3.959610291007582e-120,119.402347555689,False
27.2126901910003,21.5150534153448,Concordant increases,1e-120,120.0,False
27.2126901910003,22.9394626092587,Concordant increases,1e-120,120.0,False
27.2126901910003,24.3638718031725,Concordant increases,1e-120,120.0,False
27.2126901910003,25.7882809970864,Concordant increases,1e-120,120.0,False
27.2126901910003,27.2126901910003,Concordant increases,1.2654722906551579e-116,115.897747359907,False
27.2126901910003,28.6370993849142,Concordant increases,2.109982252078487e-114,113.675721197715,False
27.2126901910003,30.0615085788281,Concordant increases,1.390892429351259e-118,117.856706456741,False
27.2126901910003,31.485917772742,Concordant increases,6.746611762631567e-117,116.170914280833,False
27.2126901910003,32.9103269666559,Concordant increases,3.604667871635616e-112,111.443134744304,False
27.2126901910003,34.3347361605698,Concordant increases,1.2600803322178534e-109,108.899601767004,False
27.2126901910003,35.7591453544836,Concordant increases,5.3101007415373355e-107,106.274897239544,False
27.2126901910003,37.1835545483975,Concordant increases,2.2025862227666417e-106,105.657067081627,False
27.2126901910003,38.6079637423114,Concordant increases,1.1504093955675187e-106,105.939147579998,False
27.2126901910003,40.0323729362253,Concordant increases,2.6919764872824676e-102,101.56992873772,False
27.2126901910003,41.4567821301392,Concordant increases,6.809118525324567e-100,99.1669091060557,False
27.2126901910003,42.8811913240531,Concordant increases,1.0720542427036306e-98,97.9697832400995,False
27.2126901910003,44.305600517967,Concordant increases,1.131400880449681e-98,97.94638348763,False
27.2126901910003,45.7300097118809,Concordant increases,3.7105911152499546e-96,95.4305568996459,False
27.2126901910003,47.1544189057948,Concordant increases,4.0122214663923595e-96,95.3966151028257,False
27.2126901910003,48.5788280997086,Concordant increases,2.9512076632480774e-95,94.5300002300698,False
27.2126901910003,49.9967627063775,Concordant increases,4.7499256990962054e-91,90.3233131837909,False
28.6370993849142,2.99773389446423,Concordant increases,1.1031564968313034e-57,56.9573628729731,False
28.6370993849142,4.42214308837812,Concordant increases,3.494929554817845e-72,71.4565615736414,False
28.6370993849142,5.846552282292,Concordant increases,7.862811475594219e-91,90.1044221371648,False
28.6370993849142,7.27096147620589,Concordant increases,8.63194214870407e-105,104.063891478958,False
28.6370993849142,8.69537067011978,Concordant increases,1.4284571465003062e-112,111.845132783855,False
28.6370993849142,10.1197798640337,Concordant increases,7.951388858575763e-109,108.099557007075,False
28.6370993849142,11.5441890579476,Concordant increases,2.833375513431197e-111,110.547695863671,False
28.6370993849142,12.9685982518614,Concordant increases,1.567713128165905e-114,113.804733404823,False
28.6370993849142,14.3930074457753,Concordant increases,4.740493307374566e-116,115.324176462224,False
28.6370993849142,15.8174166396892,Concordant increases,1.3853744317246245e-119,118.858432831903,False
28.6370993849142,17.2418258336031,Concordant increases,5.673254143180198e-120,119.246167761031,False
28.6370993849142,18.666235027517,Concordant increases,2.0302391726694665e-117,116.692452796938,False
28.6370993849142,20.0906442214309,Concordant increases,1.6713647219611718e-115,114.776928768867,False
28.6370993849142,21.5150534153448,Concordant increases,2.1361417218220065e-117,116.670369937522,False
28.6370993849142,22.9394626092587,Concordant increases,1e-120,120.0,False
28.6370993849142,24.3638718031725,Concordant increases,1e-120,120.0,False
28.6370993849142,25.7882809970864,Concordant increases,3.2865402682277184e-120,119.483261042172,False
28.6370993849142,27.2126901910003,Concordant increases,3.632554987905374e-115,114.439787802835,False
28.6370993849142,28.6370993849142,Concordant increases,7.147020422373582e-113,112.145874976915,False
28.6370993849142,30.0615085788281,Concordant increases,3.0666379458290747e-117,116.513337494774,False
28.6370993849142,31.485917772742,Concordant increases,3.2210506207455275e-116,115.492002449928,False
28.6370993849142,32.9103269666559,Concordant increases,1.856324403692037e-111,110.73134612595,False
28.6370993849142,34.3347361605698,Concordant increases,1.6800240711033795e-108,107.774684495731,False
28.6370993849142,35.7591453544836,Concordant increases,3.5196682624315035e-106,105.453498267938,False
28.6370993849142,37.1835545483975,Concordant increases,3.585810781446682e-106,105.445412631322,False
28.6370993849142,38.6079637423114,Concordant increases,2.3369565838898627e-106,105.63134935588,False
28.6370993849142,40.0323729362253,Concordant increases,5.6761324740451344e-102,101.24594747719,False
28.6370993849142,41.4567821301392,Concordant increases,7.367942043709657e-100,99.1326537989616,False
28.6370993849142,42.8811913240531,Concordant increases,1.3313405504636492e-98,97.87571083989,False
28.6370993849142,44.305600517967,Concordant increases,8.01801079339342e-100,99.0959333634624,False
28.6370993849142,45.7300097118809,Concordant increases,1.315679752098624e-96,95.880849808915,False
28.6370993849142,47.1544189057948,Concordant increases,7.429317629660465e-96,95.129051073626,False
28.6370993849142,48.5788280997086,Concordant increases,1.2937548484118044e-94,93.8881480096554,False
28.6370993849142,49.9967627063775,Concordant increases,9.501566642846709e-91,90.0222047812113,False
30.0615085788281,2.99773389446423,Concordant increases,6.154584989109037e-56,55.2108012267321,False
30.0615085788281,4.42214308837812,Concordant increases,9.175574416914772e-71,70.0373667381617,False
30.0615085788281,5.846552282292,Concordant increases,2.0392925580094423e-88,87.6905204656319,False
30.0615085788281,7.27096147620589,Concordant increases,2.0647893921889584e-104,103.685124239637,False
30.0615085788281,8.69537067011978,Concordant increases,7.655092470462258e-112,111.11604955883,False
30.0615085788281,10.1197798640337,Concordant increases,1.9282219853295564e-109,108.714842969679,False
30.0615085788281,11.5441890579476,Concordant increases,4.37186204138838e-112,111.359333551116,False
30.0615085788281,12.9685982518614,Concordant increases,1.4532882801027296e-114,113.837648228758,False
30.0615085788281,14.3930074457753,Concordant increases,2.2445607796128465e-115,114.648868630007,False
30.0615085788281,15.8174166396892,Concordant increases,3.160909798232322e-118,117.500187897292,False
30.0615085788281,17.2418258336031,Concordant increases,5.238728664128924e-118,117.280774094914,False
30.0615085788281,18.666235027517,Concordant increases,4.325395398505075e-114,113.363974186109,False
30.0615085788281,20.0906442214309,Concordant increases,1.013859203535177e-111,110.994022352077,False
30.0615085788281,21.5150534153448,Concordant increases,6.835047947100948e-114,113.165258434558,False
30.0615085788281,22.9394626092587,Concordant increases,2.2048693670237344e-116,115.656617136292,False
30.0615085788281,24.3638718031725,Concordant increases,1.431956947507074e-119,118.84407003911,False
30.0615085788281,25.7882809970864,Concordant increases,5.341379369893394e-116,115.272346575298,False
30.0615085788281,27.2126901910003,Concordant increases,1.1854347728825861e-110,109.926122337558,False
30.0615085788281,28.6370993849142,Concordant increases,1.0008801261041034e-108,107.999617934198,False
30.0615085788281,30.0615085788281,Concordant increases,1.2605315062167335e-113,112.899446294926,False
30.0615085788281,31.485917772742,Concordant increases,6.486023635593935e-113,112.188021473056,False
30.0615085788281,32.9103269666559,Concordant increases,1.500215334640063e-108,107.823846399655,False
30.0615085788281,34.3347361605698,Concordant increases,6.682699060911599e-105,104.175048095831,False
30.0615085788281,35.7591453544836,Concordant increases,1.4121579784048098e-102,101.850116715953,False
30.0615085788281,37.1835545483975,Concordant increases,1.693370126289616e-102,101.771248106134,False
30.0615085788281,38.6079637423114,Concordant increases,2.8394561517329145e-102,101.546764833516,False
30.0615085788281,40.0323729362253,Concordant increases,1.2942534557627762e-98,97.8879806667427,False
30.0615085788281,41.4567821301392,Concordant increases,1.6999598131106012e-96,95.7695613451809,False
30.0615085788281,42.8811913240531,Concordant increases,7.563731818882006e-96,95.121263877982,False
30.0615085788281,44.305600517967,Concordant increases,5.798149349013755e-97,96.2367106022585,False
30.0615085788281,45.7300097118809,Concordant increases,1.860994878303003e-93,92.7302548221018,False
30.0615085788281,47.1544189057948,Concordant increases,5.65245363354149e-93,92.2477629914381,False
30.0615085788281,48.5788280997086,Concordant increases,2.4948058327119325e-92,91.6029632492643,False
30.0615085788281,49.9967627063775,Concordant increases,1.9592203563398162e-89,88.7079167155313,False
31.485917772742,2.99773389446423,Concordant increases,5.53954330789204e-55,54.256526037986,False
31.485917772742,4.42214308837812,Concordant increases,1.6516267677949675e-69,68.7820880871612,False
31.485917772742,5.846552282292,Concordant increases,3.155193367588238e-86,85.5009740196518,False
31.485917772742,7.27096147620589,Concordant increases,6.7389750299464126e-102,101.171406152825,False
31.485917772742,8.69537067011978,Concordant increases,4.148473457912519e-109,108.382111684196,False
31.485917772742,10.1197798640337,Concordant increases,3.7231446568678326e-107,106.429090089632,False
31.485917772742,11.5441890579476,Concordant increases,1.2309941828587857e-109,108.90974399935,False
31.485917772742,12.9685982518614,Concordant increases,5.251820854594356e-111,110.279690096594,False
31.485917772742,14.3930074457753,Concordant increases,9.881785819880535e-112,111.005164563344,False
31.485917772742,15.8174166396892,Concordant increases,1.465253547581726e-113,112.834087218458,False
31.485917772742,17.2418258336031,Concordant increases,2.6298256681495187e-113,112.580073040054,False
31.485917772742,18.666235027517,Concordant increases,1.8750786110665213e-109,108.72698052013,False
31.485917772742,20.0906442214309,Concordant increases,4.160905937584547e-107,106.380812101859,False
31.485917772742,21.5150534153448,Concordant increases,8.813837635346225e-109,108.054834954135,False
31.485917772742,22.9394626092587,Concordant increases,1.521779014422395e-111,110.817648409185,False
31.485917772742,24.3638718031725,Concordant increases,3.350180854651376e-114,113.474931747573,False
31.485917772742,25.7882809970864,Concordant increases,1.0720998825680226e-110,109.969764751558,False
31.485917772742,27.2126901910003,Concordant increases,1.4771917213975574e-106,105.830563134924,False
31.485917772742,28.6370993849142,Concordant increases,2.8454697526988273e-104,103.545846026575,False
31.485917772742,30.0615085788281,Concordant increases,9.442785044830519e-111,110.024899896463,False
31.485917772742,31.485917772742,Concordant increases,2.4823384468118766e-110,109.605139006253,False
31.485917772742,32.9103269666559,Concordant increases,5.904464349004193e-105,104.228819495311,False
31.485917772742,34.3347361605698,Concordant increases,5.2342015075350154e-101,100.281149561802,False
31.485917772742,35.7591453544836,Concordant increases,2.4068448700678846e-99,98.6185519006866,False
31.485917772742,37.1835545483975,Concordant increases,3.347082806218521e-99,98.475333543143,False
31.485917772742,38.6079637423114,Concordant increases,1.5266717471372325e-100,99.8162543314647,False
31.485917772742,40.0323729362253,Concordant increases,3.3142201146080043e-97,96.4796186512018,False
31.485917772742,41.4567821301392,Concordant increases,1.0890304656600098e-95,94.9629599706731,False
31.485917772742,42.8811913240531,Concordant increases,5.555110103110772e-95,94.2553073288564,False
31.485917772742,44.305600517967,Concordant increases,5.217503246156257e-96,95.2825372720589,False
31.485917772742,45.7300097118809,Concordant increases,7.007650857448891e-92,91.1544275441774,False
31.485917772742,47.1544189057948,Concordant increases,2.005664346691835e-90,89.6977417455811,False
31.485917772742,48.5788280997086,Concordant increases,2.4127609357763144e-90,89.6174857072734,False
31.485917772742,49.9967627063775,Concordant increases,2.2744463502539568e-88,87.6431243028716,False
32.9103269666559,2.99773389446423,Concordant increases,1.410536822743475e-51,50.8506155718939,False
32.9103269666559,4.42214308837812,Concordant increases,1.3365358307487198e-66,65.8740193938937,False
32.9103269666559,5.846552282292,Concordant increases,6.694613953634696e-82,81.1742744616154,False
32.9103269666559,7.27096147620589,Concordant increases,9.503140757466095e-97,96.0221328380574,False
32.9103269666559,8.69537067011978,Concordant increases,2.8935315638441503e-102,101.53857177581,False
32.9103269666559,10.1197798640337,Concordant increases,4.5746771396966163e-101,100.339639551083,False
32.9103269666559,11.5441890579476,Concordant increases,3.870661920644604e-102,101.412214760071,False
32.9103269666559,12.9685982518614,Concordant increases,1.3397765341847006e-103,102.872967633026,False
32.9103269666559,14.3930074457753,Concordant increases,1.5820845795883996e-103,102.800770302465,False
32.9103269666559,15.8174166396892,Concordant increases,2.148946342993853e-105,104.667774428265,False
32.9103269666559,17.2418258336031,Concordant increases,4.563131056314818e-106,105.340737057807,False
32.9103269666559,18.666235027517,Concordant increases,8.364719406308747e-103,102.077548622823,False
32.9103269666559,20.0906442214309,Concordant increases,2.468887736378534e-101,100.607498657569,False
32.9103269666559,21.5150534153448,Concordant increases,2.5160137573317923e-103,102.599286988538,False
32.9103269666559,22.9394626092587,Concordant increases,4.1402542395243186e-107,106.382972989451,False
32.9103269666559,24.3638718031725,Concordant increases,1.5735321683011144e-111,110.803124374217,False
32.9103269666559,25.7882809970864,Concordant increases,9.531687664319904e-109,108.020830197115,False
32.9103269666559,27.2126901910003,Concordant increases,5.9960066065358255e-105,104.222137897308,False
32.9103269666559,28.6370993849142,Concordant increases,2.609593568591924e-103,102.583427126632,False
32.9103269666559,30.0615085788281,Concordant increases,2.563721211029613e-110,109.591129203449,False
32.9103269666559,31.485917772742,Concordant increases,1.872307007550044e-109,108.727622937247,False
32.9103269666559,32.9103269666559,Concordant increases,4.6294161984276113e-104,103.334473773083,False
32.9103269666559,34.3347361605698,Concordant increases,9.301764942174436e-100,99.0314346394113,False
32.9103269666559,35.7591453544836,Concordant increases,5.123828842559779e-99,98.2904053859479,False
32.9103269666559,37.1835545483975,Concordant increases,1.7872731231568952e-98,97.7478090754651,False
32.9103269666559,38.6079637423114,Concordant increases,4.829585048188669e-100,99.3160901816757,False
32.9103269666559,40.0323729362253,Concordant increases,2.6248169604490886e-97,96.580900976387,False
32.9103269666559,41.4567821301392,Concordant increases,2.3258424603976254e-96,95.6334197052985,False
32.9103269666559,42.8811913240531,Concordant increases,5.7943935002378296e-95,94.2369920149695,False
32.9103269666559,44.305600517967,Concordant increases,6.5423955018529046e-96,95.1842632053837,False
32.9103269666559,45.7300097118809,Concordant increases,9.104191263002684e-92,91.040758627092,False
32.9103269666559,47.1544189057948,Concordant increases,5.774282744053188e-90,89.2385019542316,False
32.9103269666559,48.5788280997086,Concordant increases,4.899555084596783e-91,90.3098433552934,False
32.9103269666559,49.9967627063775,Concordant increases,2.5085125516686363e-89,88.6005837215819,False
34.3347361605698,2.99773389446423,Concordant increases,1.326388849202769e-49,48.8773291378418,False
34.3347361605698,4.42214308837812,Concordant increases,1.028503031715362e-62,61.9877944237988,False
34.3347361605698,5.846552282292,Concordant increases,7.660839562704767e-78,77.1157236327865,False
34.3347361605698,7.27096147620589,Concordant increases,1.7586712410564935e-92,91.7548153382227,False
34.3347361605698,8.69537067011978,Concordant increases,5.828367312002083e-98,97.2344530861833,False
34.3347361605698,10.1197798640337,Concordant increases,2.3696141628886163e-96,95.6253223630911,False
34.3347361605698,11.5441890579476,Concordant increases,1.8711807114131767e-97,96.7278842679892,False
34.3347361605698,12.9685982518614,Concordant increases,2.3253196271079802e-99,98.6335173426671,False
34.3347361605698,14.3930074457753,Concordant increases,2.7174436709259388e-99,98.5658394495083,False
34.3347361605698,15.8174166396892,Concordant increases,2.8147224147195287e-100,99.5505644284147,False
34.3347361605698,17.2418258336031,Concordant increases,2.262050483854982e-103,102.645497706831,False
34.3347361605698,18.666235027517,Concordant increases,4.2090263164092683e-100,99.3758183588717,False
34.3347361605698,20.0906442214309,Concordant increases,1.7348590400948084e-100,99.7607358065192,False
34.3347361605698,21.5150534153448,Concordant increases,3.104614710276723e-101,100.507992289073,False
34.3347361605698,22.9394626092587,Concordant increases,1.2696989475583144e-105,104.896299240393,False
34.3347361605698,24.3638718031725,Concordant increases,5.169874022450931e-111,110.286520039502,False
34.3347361605698,25.7882809970864,Concordant increases,2.010394695758583e-107,106.69671867026,False
34.3347361605698,27.2126901910003,Concordant increases,1.3783272973888568e-103,102.860647642681,False
34.3347361605698,28.6370993849142,Concordant increases,1.5124879659653997e-101,100.820308072104,False
34.3347361605698,30.0615085788281,Concordant increases,5.153333946844811e-108,107.287911713434,False
34.3347361605698,31.485917772742,Concordant increases,3.987174696480323e-108,107.39933473548,False
34.3347361605698,32.9103269666559,Concordant increases,9.914590782057324e-103,102.003725206296,False
34.3347361605698,34.3347361605698,Concordant increases,8.991145913647858e-98,97.0461849542891,False
34.3347361605698,35.7591453544836,Concordant increases,1.160970346257803e-96,95.9351788729583,False
34.3347361605698,37.1835545483975,Concordant increases,1.0691585007904806e-96,95.9709579066565,False
34.3347361605698,38.6079637423114,Concordant increases,1.737583549300865e-98,97.7600543037865,False
34.3347361605698,40.0323729362253,Concordant increases,9.871671377244538e-96,95.0056093105054,False
34.3347361605698,41.4567821301392,Concordant increases,2.3595961065604177e-95,94.6271623291077,False
34.3347361605698,42.8811913240531,Concordant increases,1.896353188761064e-95,94.7220807737252,False
34.3347361605698,44.305600517967,Concordant increases,5.183312254199696e-96,95.2853926275118,False
34.3347361605698,45.7300097118809,Concordant increases,3.0460708081071054e-91,90.516260005395,False
34.3347361605698,47.1544189057948,Concordant increases,1.3444363566732624e-90,89.871459751715,False
34.3347361605698,48.5788280997086,Concordant increases,5.315600490798893e-91,90.2744476671502,False
34.3347361605698,49.9967627063775,Concordant increases,2.943141277682103e-89,88.5311888902466,False
35.7591453544836,2.99773389446423,Concordant increases,2.4195166962328712e-45,44.6162713766317,False
35.7591453544836,4.42214308837812,Concordant increases,6.182793197285677e-58,57.2088152795855,False
35.7591453544836,5.846552282292,Concordant increases,6.306590226796917e-73,72.2002053865463,False
35.7591453544836,7.27096147620589,Concordant increases,2.156755425320913e-87,86.6661991008204,False
35.7591453544836,8.69537067011978,Concordant increases,7.039643620410454e-92,91.1524493263134,False
35.7591453544836,10.1197798640337,Concordant increases,4.810257426608608e-90,89.317831681222,False
35.7591453544836,11.5441890579476,Concordant increases,2.8091729626127436e-91,90.5514215201805,False
35.7591453544836,12.9685982518614,Concordant increases,8.137942474143533e-93,92.0894853844324,False
35.7591453544836,14.3930074457753,Concordant increases,1.0770359694975036e-93,92.967769792437,False
35.7591453544836,15.8174166396892,Concordant increases,1.637785531083692e-95,94.7857429699536,False
35.7591453544836,17.2418258336031,Concordant increases,6.172548383136565e-99,98.2095354971924,False
35.7591453544836,18.666235027517,Concordant increases,5.4196535831751034e-95,94.2660284720822,False
35.7591453544836,20.0906442214309,Concordant increases,1.7451084004126062e-96,95.7581775909175,False
35.7591453544836,21.5150534153448,Concordant increases,7.903241000896438e-97,96.1021947745123,False
35.7591453544836,22.9394626092587,Concordant increases,1.020386606715315e-100,99.9912352504423,False
35.7591453544836,24.3638718031725,Concordant increases,3.2926519743440303e-105,104.482454170779,False
35.7591453544836,25.7882809970864,Concordant increases,1.9906833850413445e-102,101.700997808312,False
35.7591453544836,27.2126901910003,Concordant increases,5.073462099673876e-99,98.294695579591,False
35.7591453544836,28.6370993849142,Concordant increases,1.1217405623583246e-96,95.9501075756687,False
35.7591453544836,30.0615085788281,Concordant increases,1.367180082493187e-103,102.864174277179,False
35.7591453544836,31.485917772742,Concordant increases,1.1767715416460607e-103,102.929307842877,False
35.7591453544836,32.9103269666559,Concordant increases,2.427308253501045e-99,98.6148750673872,False
35.7591453544836,34.3347361605698,Concordant increases,9.116255736795617e-95,94.0401835001304,False
35.7591453544836,35.7591453544836,Concordant increases,6.142948769974491e-94,93.2116231065281,False
35.7591453544836,37.1835545483975,Concordant increases,1.3110970707818016e-93,92.8823651528986,False
35.7591453544836,38.6079637423114,Concordant increases,5.447075807694142e-95,94.2638365805495,False
35.7591453544836,40.0323729362253,Concordant increases,1.4746626151237354e-92,91.8313073296182,False
35.7591453544836,41.4567821301392,Concordant increases,9.775665491581775e-93,92.0098536677445,False
35.7591453544836,42.8811913240531,Concordant increases,4.513762769028358e-93,92.3454612699834,False
35.7591453544836,44.305600517967,Concordant increases,2.9196529903409776e-93,92.5346687627076,False
35.7591453544836,45.7300097118809,Concordant increases,7.67275260602269e-89,88.1150488046106,False
35.7591453544836,47.1544189057948,Concordant increases,1.2732592747124462e-89,88.8950831516397,False
35.7591453544836,48.5788280997086,Concordant increases,2.957052591448122e-90,89.5291409514385,False
35.7591453544836,49.9967627063775,Concordant increases,1.7494304941910372e-88,87.7571033075903,False
37.1835545483975,2.99773389446423,Concordant increases,1.754324438337765e-42,41.7558900867111,False
37.1835545483975,4.42214308837812,Concordant increases,5.654962872326729e-54,53.2475702420907,False
37.1835545483975,5.846552282292,Concordant increases,2.711892665184193e-68,67.5667275035368,False
37.1835545483975,7.27096147620589,Concordant increases,3.976393298543531e-83,82.4005106667949,False
37.1835545483975,8.69537067011978,Concordant increases,3.7655872122645546e-88,87.4241672895401,False
37.1835545483975,10.1197798640337,Concordant increases,5.880182471856406e-86,85.2306091968336,False
37.1835545483975,11.5441890579476,Concordant increases,3.1451526418039965e-87,86.502358272354,False
37.1835545483975,12.9685982518614,Concordant increases,1.2810128446621432e-89,88.8924465155809,False
37.1835545483975,14.3930074457753,Concordant increases,1.785687708237277e-90,89.7481944908272,False
37.1835545483975,15.8174166396892,Concordant increases,1.965420458935875e-93,92.706544527496,False
37.1835545483975,17.2418258336031,Concordant increases,9.441452086325257e-97,96.0249612064879,False
37.1835545483975,18.666235027517,Concordant increases,3.5168559309741658e-93,92.4538454223184,False
37.1835545483975,20.0906442214309,Concordant increases,7.358771408078963e-94,93.1331946877319,False
37.1835545483975,21.5150534153448,Concordant increases,3.747324902388365e-94,93.4262786508621,False
37.1835545483975,22.9394626092587,Concordant increases,1.2313379817767556e-98,97.9096227241004,False
37.1835545483975,24.3638718031725,Concordant increases,1.03179799493633e-103,102.986405320414,False
37.1835545483975,25.7882809970864,Concordant increases,3.083478641170353e-101,100.510959055525,False
37.1835545483975,27.2126901910003,Concordant increases,8.35929336476674e-99,98.0778304331774,False
37.1835545483975,28.6370993849142,Concordant increases,2.174519254645403e-96,95.6626367424483,False
37.1835545483975,30.0615085788281,Concordant increases,3.608486455791058e-103,102.442674920458,False
37.1835545483975,31.485917772742,Concordant increases,1.748295515181811e-103,102.757385156504,False
37.1835545483975,32.9103269666559,Concordant increases,4.3549292463885757e-100,99.3610188964893,False
37.1835545483975,34.3347361605698,Concordant increases,1.9348629007488586e-95,94.7133498025095,False
37.1835545483975,35.7591453544836,Concordant increases,3.733897653704093e-95,94.4278375902543,False
37.1835545483975,37.1835545483975,Concordant increases,4.716465492726381e-95,94.3263833386605,False
37.1835545483975,38.6079637423114,Concordant increases,2.771184447958745e-97,96.5573345669407,False
37.1835545483975,40.0323729362253,Concordant increases,2.277295092501849e-95,94.6425806897443,False
37.1835545483975,41.4567821301392,Concordant increases,1.7995998493275947e-95,94.744824051868,False
37.1835545483975,42.8811913240531,Concordant increases,3.9554275223486915e-95,94.4028065689141,False
37.1835545483975,44.305600517967,Concordant increases,7.408372199460075e-96,95.1302772066567,False
37.1835545483975,45.7300097118809,Concordant increases,4.746936961394897e-91,90.3235865356084,False
37.1835545483975,47.1544189057948,Concordant increases,4.5347121070324324e-92,91.3434502795622,False
37.1835545483975,48.5788280997086,Concordant increases,1.1916549878900237e-92,91.9238494648509,False
37.1835545483975,49.9967627063775,Concordant increases,3.126189402081288e-90,89.5049847135251,False
38.6079637423114,2.99773389446423,Concordant increases,3.426015429626925e-43,42.4652106854491,False
38.6079637423114,4.42214308837812,Concordant increases,6.286657209258148e-54,53.201580219654,False
38.6079637423114,5.846552282292,Concordant increases,4.318493111200821e-68,67.3646677688461,False
38.6079637423114,7.27096147620589,Concordant increases,9.173691057233092e-83,82.0374558897107,False
38.6079637423114,8.69537067011978,Concordant increases,1.2628277456184625e-87,86.8986558847806,False
38.6079637423114,10.1197798640337,Concordant increases,2.1936387859493056e-84,83.658834883682,False
38.6079637423114,11.5441890579476,Concordant increases,1.384584193747164e-85,84.8586806305518,False
38.6079637423114,12.9685982518614,Concordant increases,1.2091083690181757e-86,85.917534772789,False
38.6079637423114,14.3930074457753,Concordant increases,1.096578856627289e-86,85.9599601320971,False
38.6079637423114,15.8174166396892,Concordant increases,7.995628509293535e-89,88.0971473921567,False
38.6079637423114,17.2418258336031,Concordant increases,1.8005691974697628e-92,91.7445901836502,False
38.6079637423114,18.666235027517,Concordant increases,5.272449082656978e-89,88.2779876056573,False
38.6079637423114,20.0906442214309,Concordant increases,2.5483473374324877e-89,88.593741378358,False
38.6079637423114,21.5150534153448,Concordant increases,2.8626717854047847e-89,88.5432284423936,False
38.6079637423114,22.9394626092587,Concordant increases,5.619889901087617e-94,93.2502721925837,False
38.6079637423114,24.3638718031725,Concordant increases,2.61501076706776e-100,99.5825265186252,False
38.6079637423114,25.7882809970864,Concordant increases,3.601753366652319e-97,96.4434860292092,False
38.6079637423114,27.2126901910003,Concordant increases,8.993626546367936e-95,94.046065150148,False
38.6079637423114,28.6370993849142,Concordant increases,1.0311873984521342e-92,91.9866624028852,False
38.6079637423114,30.0615085788281,Concordant increases,2.69095770537926e-99,98.5700931281243,False
38.6079637423114,31.485917772742,Concordant increases,6.848787332869985e-100,99.1643863192033,False
38.6079637423114,32.9103269666559,Concordant increases,7.582205474184946e-97,96.1202044505749,False
38.6079637423114,34.3347361605698,Concordant increases,1.7400469407472325e-93,92.7594390357217,False
38.6079637423114,35.7591453544836,Concordant increases,9.236791100006731e-94,93.0344788783042,False
38.6079637423114,37.1835545483975,Concordant increases,2.686410742012796e-93,92.5708275846115,False
38.6079637423114,38.6079637423114,Concordant increases,9.672621892398288e-96,95.0144557886822,False
38.6079637423114,40.0323729362253,Concordant increases,2.135262982252277e-94,93.6705486289727,False
38.6079637423114,41.4567821301392,Concordant increases,9.748223241124475e-95,94.0110745337263,False
38.6079637423114,42.8811913240531,Concordant increases,4.876780245252458e-94,93.3118668139029,False
38.6079637423114,44.305600517967,Concordant increases,1.0718766794968563e-94,93.9698551777914,False
38.6079637423114,45.7300097118809,Concordant increases,1.1926942715552753e-91,90.9234708666336,False
38.6079637423114,47.1544189057948,Concordant increases,2.5998204006530977e-92,91.5850566526828,False
38.6079637423114,48.5788280997086,Concordant increases,2.012115186377788e-93,92.696347161103,False
38.6079637423114,49.9967627063775,Concordant increases,2.9688428412893415e-91,90.5274127916149,False
40.0323729362253,2.99773389446423,Concordant increases,5.890795399914977e-40,39.2298260609902,False
40.0323729362253,4.42214308837812,Concordant increases,9.554895213374585e-50,49.0197740714036,False
40.0323729362253,5.846552282292,Concordant increases,2.7343880734217367e-62,61.5631398488811,False
40.0323729362253,7.27096147620589,Concordant increases,8.341015098163524e-76,75.0787810926831,False
40.0323729362253,8.69537067011978,Concordant increases,2.145498223676151e-80,79.6684718406969,False
40.0323729362253,10.1197798640337,Concordant increases,1.2653170988853906e-77,76.8978006230743,False
40.0323729362253,11.5441890579476,Concordant increases,5.0061754230553146e-79,78.300493936204,False
40.0323729362253,12.9685982518614,Concordant increases,3.052141599398619e-80,79.5153953218276,False
40.0323729362253,14.3930074457753,Concordant increases,1.9325700935065722e-80,79.7138647454453,False
40.0323729362253,15.8174166396892,Concordant increases,9.592330427317926e-84,83.0180758694954,False
40.0323729362253,17.2418258336031,Concordant increases,1.0203554564439558e-87,86.9912485087479,False
40.0323729362253,18.666235027517,Concordant increases,4.278878995402196e-85,84.3686699949772,False
40.0323729362253,20.0906442214309,Concordant increases,9.277697155349547e-86,85.0325598079228,False
40.0323729362253,21.5150534153448,Concordant increases,4.8279537858955636e-86,85.3162368957053,False
40.0323729362253,22.9394626092587,Concordant increases,1.2779718831646564e-89,88.8934787010452,False
40.0323729362253,24.3638718031725,Concordant increases,4.208736894137405e-95,94.3758482229799,False
40.0323729362253,25.7882809970864,Concordant increases,1.0124453348087866e-92,91.994628416441,False
40.0323729362253,27.2126901910003,Concordant increases,1.067406948772405e-90,89.9716699742852,False
40.0323729362253,28.6370993849142,Concordant increases,1.131618802263255e-88,87.9462998451923,False
40.0323729362253,30.0615085788281,Concordant increases,1.0534649710269645e-95,94.9773799006279,False
40.0323729362253,31.485917772742,Concordant increases,6.914046984082133e-97,96.1602676735558,False
40.0323729362253,32.9103269666559,Concordant increases,1.7583171919060906e-94,93.7549027775736,False
40.0323729362253,34.3347361605698,Concordant increases,3.9586099306201186e-91,90.4024572901966,False
40.0323729362253,35.7591453544836,Concordant increases,1.1885069451705497e-91,90.924998276081,False
40.0323729362253,37.1835545483975,Concordant increases,6.07820577169161e-93,92.2162246013937,False
40.0323729362253,38.6079637423114,Concordant increases,1.3132291466480082e-95,94.8816594868261,False
40.0323729362253,40.0323729362253,Concordant increases,4.1409865749210264e-95,94.3828961774781,False
40.0323729362253,41.4567821301392,Concordant increases,1.3763436301181168e-96,95.8612731227628,False
40.0323729362253,42.8811913240531,Concordant increases,2.038244886036183e-96,95.690743638649,False
40.0323729362253,44.305600517967,Concordant increases,5.189361358389684e-97,96.2848860863892,False
40.0323729362253,45.7300097118809,Concordant increases,4.555557768396744e-95,94.341458441763,False
40.0323729362253,47.1544189057948,Concordant increases,1.1236575343321774e-95,94.9493660318385,False
40.0323729362253,48.5788280997086,Concordant increases,2.417321610596028e-97,96.6166655653907,False
40.0323729362253,49.9967627063775,Concordant increases,4.3051140085681585e-95,94.3660153430172,False
41.4567821301392,2.99773389446423,Concordant increases,6.7970760231792395e-37,36.167677872602,False
41.4567821301392,4.42214308837812,Concordant increases,8.506457669000786e-46,45.0702512548486,False
41.4567821301392,5.846552282292,Concordant increases,2.800167669232781e-59,58.5528159630712,False
41.4567821301392,7.27096147620589,Concordant increases,1.0668899369830485e-71,70.9718803811626,False
41.4567821301392,8.69537067011978,Concordant increases,2.9772937068809747e-78,77.5261783205478,False
41.4567821301392,10.1197798640337,Concordant increases,4.2983215586912606e-75,74.3667010979322,False
41.4567821301392,11.5441890579476,Concordant increases,6.53536208019254e-77,76.1847303460982,False
41.4567821301392,12.9685982518614,Concordant increases,4.390428270127209e-80,79.3574931138624,False
41.4567821301392,14.3930074457753,Concordant increases,8.419330573064632e-80,79.0747224381894,False
41.4567821301392,15.8174166396892,Concordant increases,2.174545677407194e-83,82.6626314653325,False
41.4567821301392,17.2418258336031,Concordant increases,2.8914208783494134e-87,86.5388886873536,False
41.4567821301392,18.666235027517,Concordant increases,3.223773441136328e-84,83.4916354869419,False
41.4567821301392,20.0906442214309,Concordant increases,8.195150640459499e-85,84.0864430589673,False
41.4567821301392,21.5150534153448,Concordant increases,4.9414003340002933e-85,84.3061499597507,False
41.4567821301392,22.9394626092587,Concordant increases,1.576295375207361e-89,88.8023623986466,False
41.4567821301392,24.3638718031725,Concordant increases,3.0840805829630465e-94,93.5108742829301,False
41.4567821301392,25.7882809970864,Concordant increases,3.7601327501195547e-91,90.4247968221929,False
41.4567821301392,27.2126901910003,Concordant increases,4.701548795904101e-90,89.3277590521255,False
41.4567821301392,28.6370993849142,Concordant increases,5.612661613491587e-88,87.2508311405388,False
41.4567821301392,30.0615085788281,Concordant increases,3.247497773616746e-95,94.4884511379936,False
41.4567821301392,31.485917772742,Concordant increases,1.2199971074336413e-96,95.9136411990196,False
41.4567821301392,32.9103269666559,Concordant increases,8.488167414593913e-95,94.0711860633059,False
41.4567821301392,34.3347361605698,Concordant increases,2.2224406104161567e-91,90.653169835718,False
41.4567821301392,35.7591453544836,Concordant increases,7.833418250206474e-92,91.106048684525,False
41.4567821301392,37.1835545483975,Concordant increases,2.3594076509162013e-93,92.6271970166183,False
41.4567821301392,38.6079637423114,Concordant increases,3.001556426570288e-96,95.5226534878844,False
41.4567821301392,40.0323729362253,Concordant increases,5.528213211011745e-96,95.2574152155289,False
41.4567821301392,41.4567821301392,Concordant increases,1.3146578952092846e-98,97.8811872460734,False
41.4567821301392,42.8811913240531,Concordant increases,5.683799878613701e-99,98.2453612215862,False
41.4567821301392,44.305600517967,Concordant increases,8.34090625713848e-100,99.0787867597829,False
41.4567821301392,45.7300097118809,Concordant increases,2.2277594153299308e-98,97.6521317121681,False
41.4567821301392,47.1544189057948,Concordant increases,2.5063908895220427e-98,97.6009511967401,False
41.4567821301392,48.5788280997086,Concordant increases,1.7952049475091623e-101,100.745885963525,False
41.4567821301392,49.9967627063775,Concordant increases,3.912198272449912e-99,98.4075791430335,False
42.8811913240531,2.99773389446423,Concordant increases,4.875617005767832e-35,34.3119704168384,False
42.8811913240531,4.42214308837812,Concordant increases,1.6672318501236906e-43,42.778004001715,False
42.8811913240531,5.846552282292,Concordant increases,2.0169231384884268e-56,55.6953106516962,False
42.8811913240531,7.27096147620589,Concordant increases,2.542869575079148e-67,66.5946759144118,False
42.8811913240531,8.69537067011978,Concordant increases,2.148846104422296e-74,73.6677946865995,False
42.8811913240531,10.1197798640337,Concordant increases,1.8896235001123248e-71,70.7236247186374,False
42.8811913240531,11.5441890579476,Concordant increases,9.863950197531539e-74,73.0059491291325,False
42.8811913240531,12.9685982518614,Concordant increases,1.1017223847267045e-77,76.95792782651,False
42.8811913240531,14.3930074457753,Concordant increases,1.533013170404192e-78,77.8144541140241,False
42.8811913240531,15.8174166396892,Concordant increases,4.668550296838668e-82,81.3308179579406,False
42.8811913240531,17.2418258336031,Concordant increases,1.3601960603906453e-86,85.8663984873586,False
42.8811913240531,18.666235027517,Concordant increases,1.7313199227381524e-83,82.761622673406,False
42.8811913240531,20.0906442214309,Concordant increases,2.335225180910002e-84,83.6316712349645,False
42.8811913240531,21.5150534153448,Concordant increases,7.689905906308405e-84,83.1140789741935,False
42.8811913240531,22.9394626092587,Concordant increases,1.3902767777320081e-88,87.856898731346,False
42.8811913240531,24.3638718031725,Concordant increases,7.259995220998733e-93,92.1390636651807,False
42.8811913240531,25.7882809970864,Concordant increases,8.731367453112085e-89,88.0589177344349,False
42.8811913240531,27.2126901910003,Concordant increases,2.3436211885575585e-87,86.6301125842129,False
42.8811913240531,28.6370993849142,Concordant increases,6.743629579253957e-86,85.1711062930844,False
42.8811913240531,30.0615085788281,Concordant increases,1.2673775368139302e-93,92.8970939946419,False
42.8811913240531,31.485917772742,Concordant increases,1.3037709041804388e-95,94.8847987151925,False
42.8811913240531,32.9103269666559,Concordant increases,4.928047345725253e-94,93.3073251283825,False
42.8811913240531,34.3347361605698,Concordant increases,5.570425234270208e-90,89.254111650455,False
42.8811913240531,35.7591453544836,Concordant increases,4.432542210732127e-90,89.353347119957,False
42.8811913240531,37.1835545483975,Concordant increases,1.5661848832511896e-91,90.8051569721399,False
42.8811913240531,38.6079637423114,Concordant increases,3.078632775666158e-95,94.5116421113609,False
42.8811913240531,40.0323729362253,Concordant increases,6.437337072851376e-95,94.19129374968,False
42.8811913240531,41.4567821301392,Concordant increases,3.701315794475468e-97,96.4316438595287,False
42.8811913240531,42.8811913240531,Concordant increases,1.1502863764987686e-98,97.9391940237768,False
42.8811913240531,44.305600517967,Concordant increases,3.9412906542847246e-99,98.4043615364875,False
42.8811913240531,45.7300097118809,Concordant increases,1.177438129737291e-97,96.9290619042582,False
42.8811913240531,47.1544189057948,Concordant increases,7.621712562601818e-98,97.1179474337887,False
42.8811913240531,48.5788280997086,Concordant increases,1.62773697827295e-101,100.788415770278,False
42.8811913240531,49.9967627063775,Concordant increases,9.802113641938103e-100,99.0086802667509,False
44.305600517967,2.99773389446423,Concordant increases,9.304797033779462e-33,32.0312930957273,False
44.305600517967,4.42214308837812,Concordant increases,2.205572742561653e-40,39.6564786140714,False
44.305600517967,5.846552282292,Concordant increases,9.239557146857428e-53,52.0343488440705,False
44.305600517967,7.27096147620589,Concordant increases,1.0634180848718416e-62,61.9732959581903,False
44.305600517967,8.69537067011978,Concordant increases,7.878628524592018e-70,69.1035493759166,False
44.305600517967,10.1197798640337,Concordant increases,8.003250698551886e-69,68.0967335787961,False
44.305600517967,11.5441890579476,Concordant increases,2.5525307300550904e-72,71.5930290207149,False
44.305600517967,12.9685982518614,Concordant increases,7.889838369496129e-76,75.1029318936163,False
44.305600517967,14.3930074457753,Concordant increases,8.572330755943713e-78,77.0669010804312,False
44.305600517967,15.8174166396892,Concordant increases,5.566927382256588e-82,81.2543844438073,False
44.305600517967,17.2418258336031,Concordant increases,8.365419203926965e-87,86.0775122909968,False
44.305600517967,18.666235027517,Concordant increases,2.6489562069180048e-84,83.576925221488,False
44.305600517967,20.0906442214309,Concordant increases,4.4900399399637707e-85,84.3477497958277,False
44.305600517967,21.5150534153448,Concordant increases,1.8318496423874474e-85,84.7371101759527,False
44.305600517967,22.9394626092587,Concordant increases,8.424094122229422e-90,89.0744767894322,False
44.305600517967,24.3638718031725,Concordant increases,5.344076141881837e-93,92.2721273627025,False
44.305600517967,25.7882809970864,Concordant increases,8.28210179591682e-90,89.0818594358557,False
44.305600517967,27.2126901910003,Concordant increases,5.723464209845389e-88,87.2423410285808,False
44.305600517967,28.6370993849142,Concordant increases,1.1613479952332724e-87,86.9350376254259,False
44.305600517967,30.0615085788281,Concordant increases,9.967845696237231e-95,94.0013986935773,False
44.305600517967,31.485917772742,Concordant increases,5.86630777732104e-97,96.2316351553879,False
44.305600517967,32.9103269666559,Concordant increases,1.340536752207651e-95,94.8727212748835,False
44.305600517967,34.3347361605698,Concordant increases,4.849699010317041e-92,91.3142852144317,False
44.305600517967,35.7591453544836,Concordant increases,9.253965016770417e-92,91.0336721466183,False
44.305600517967,37.1835545483975,Concordant increases,3.7980603815136573e-93,92.4204381351362,False
44.305600517967,38.6079637423114,Concordant increases,1.6802017960350945e-96,95.7746385553923,False
44.305600517967,40.0323729362253,Concordant increases,1.0379069498683375e-96,95.9838415799848,False
44.305600517967,41.4567821301392,Concordant increases,3.3780865847016145e-99,98.4713292230965,False
44.305600517967,42.8811913240531,Concordant increases,5.964687845885242e-101,100.224412279631,False
44.305600517967,44.305600517967,Concordant increases,2.3749009284570396e-101,100.624354502722,False
44.305600517967,45.7300097118809,Concordant increases,2.114805347938044e-100,99.6747296000179,False
44.305600517967,47.1544189057948,Concordant increases,3.1630445961336386e-100,99.4998946848727,False
44.305600517967,48.5788280997086,Concordant increases,8.644071480073866e-105,104.06328165048,False
44.305600517967,49.9967627063775,Concordant increases,2.53665601302728e-102,101.595738421928,False
45.7300097118809,2.99773389446423,Concordant increases,4.413790551497078e-31,30.35518827935,False
45.7300097118809,4.42214308837812,Concordant increases,2.513548433590258e-38,37.5997127419305,False
45.7300097118809,5.846552282292,Concordant increases,3.40450515520153e-50,49.4679460038637,False
45.7300097118809,7.27096147620589,Concordant increases,1.4288641883947586e-60,59.8450090483495,False
45.7300097118809,8.69537067011978,Concordant increases,2.2822117844128085e-66,65.641644056441,False
45.7300097118809,10.1197798640337,Concordant increases,1.5803897960450092e-65,64.8012357830501,False
45.7300097118809,11.5441890579476,Concordant increases,4.675796797331008e-69,68.3301443708454,False
45.7300097118809,12.9685982518614,Concordant increases,3.3920399816393755e-72,71.4695390373991,False
45.7300097118809,14.3930074457753,Concordant increases,3.3966400140456355e-74,73.4689504785047,False
45.7300097118809,15.8174166396892,Concordant increases,1.8859842892478236e-79,78.7244619293725,False
45.7300097118809,17.2418258336031,Concordant increases,3.236939234582566e-84,83.4898654533108,False
45.7300097118809,18.666235027517,Concordant increases,3.790135415759179e-83,82.4213452730751,False
45.7300097118809,20.0906442214309,Concordant increases,7.176436699540041e-84,83.1440911415317,False
45.7300097118809,21.5150534153448,Concordant increases,1.5060956963766515e-84,83.8221474324594,False
45.7300097118809,22.9394626092587,Concordant increases,1.7654976543270942e-88,87.7531328551122,False
45.7300097118809,24.3638718031725,Concordant increases,6.05786695062501e-91,90.2176802693399,False
45.7300097118809,25.7882809970864,Concordant increases,9.32426686559338e-88,87.0303853052291,False
45.7300097118809,27.2126901910003,Concordant increases,2.758129067160134e-85,84.559385414794,False
45.7300097118809,28.6370993849142,Concordant increases,4.746763753232832e-84,83.3236023826108,False
45.7300097118809,30.0615085788281,Concordant increases,2.4759014031528554e-90,89.6062666540458,False
45.7300097118809,31.485917772742,Concordant increases,1.6896241459517766e-92,91.7722098927195,False
45.7300097118809,32.9103269666559,Concordant increases,9.10419126300477e-92,91.0407586270919,False
45.7300097118809,34.3347361605698,Concordant increases,5.735930786111407e-88,87.2413960978199,False
45.7300097118809,35.7591453544836,Concordant increases,5.803949816582373e-88,87.2362763513128,False
45.7300097118809,37.1835545483975,Concordant increases,2.7385507359842973e-89,88.5624792086684,False
45.7300097118809,38.6079637423114,Concordant increases,1.5583575558548172e-92,91.8073328889492,False
45.7300097118809,40.0323729362253,Concordant increases,1.3830342416244549e-93,92.8591670673495,False
45.7300097118809,41.4567821301392,Concordant increases,1.0993786737650288e-95,94.9588526919255,False
45.7300097118809,42.8811913240531,Concordant increases,1.177438129737291e-97,96.9290619042582,False
45.7300097118809,44.305600517967,Concordant increases,2.111167292594645e-97,96.6754773510732,False
45.7300097118809,45.7300097118809,Concordant increases,2.0075552066953606e-96,95.6973325030189,False
45.7300097118809,47.1544189057948,Concordant increases,6.611791575642698e-96,95.1796808452057,False
45.7300097118809,48.5788280997086,Concordant increases,1.0672805228800133e-99,98.9717214160707,False
45.7300097118809,49.9967627063775,Concordant increases,1.5303768090947403e-97,96.8152016241089,False
47.1544189057948,2.99773389446423,Concordant increases,5.378470690263801e-29,28.2693411937008,False
47.1544189057948,4.42214308837812,Concordant increases,1.7717236513564596e-35,34.7516040172404,False
47.1544189057948,5.846552282292,Concordant increases,2.080398943190613e-46,45.6818533755118,False
47.1544189057948,7.27096147620589,Concordant increases,6.945613451979571e-56,55.1582893903808,False
47.1544189057948,8.69537067011978,Concordant increases,2.2893949928763998e-61,60.6402792713589,False
47.1544189057948,10.1197798640337,Concordant increases,4.852898622786615e-60,59.3139987810161,False
47.1544189057948,11.5441890579476,Concordant increases,4.700219066101889e-64,63.3278819001532,False
47.1544189057948,12.9685982518614,Concordant increases,9.537901902543496e-69,68.0205471486041,False
47.1544189057948,14.3930074457753,Concordant increases,3.1075154689251e-72,71.5075867008031,False
47.1544189057948,15.8174166396892,Concordant increases,1.9382486266043753e-77,76.7125905150888,False
47.1544189057948,17.2418258336031,Concordant increases,3.7439887020887134e-82,81.4266654704649,False
47.1544189057948,18.666235027517,Concordant increases,4.366570727880857e-81,80.3598595009287,False
47.1544189057948,20.0906442214309,Concordant increases,1.8153200128692353e-82,81.7410468044722,False
47.1544189057948,21.5150534153448,Concordant increases,8.967695887559866e-84,83.0473191279548,False
47.1544189057948,22.9394626092587,Concordant increases,2.615535439289586e-87,86.5824393911083,False
47.1544189057948,24.3638718031725,Concordant increases,1.0238633122976795e-89,88.9897580186309,False
47.1544189057948,25.7882809970864,Concordant increases,8.0306707472564884e-87,86.0952481795449,False
47.1544189057948,27.2126901910003,Concordant increases,1.2697204636806943e-84,83.8962918809681,False
47.1544189057948,28.6370993849142,Concordant increases,1.2152239948447598e-83,82.9153436638278,False
47.1544189057948,30.0615085788281,Concordant increases,1.50872648891054e-89,88.8213894846268,False
47.1544189057948,31.485917772742,Concordant increases,2.8635894435908604e-92,91.5430892472455,False
47.1544189057948,32.9103269666559,Concordant increases,8.76739262777361e-92,91.0571295441178,False
47.1544189057948,34.3347361605698,Concordant increases,6.347421100933186e-88,87.1974026887437,False
47.1544189057948,35.7591453544836,Concordant increases,3.743794701138393e-88,87.4266879747329,False
47.1544189057948,37.1835545483975,Concordant increases,3.9591159749704015e-89,88.4024017762089,False
47.1544189057948,38.6079637423114,Concordant increases,6.673746344723895e-93,92.1756303040013,False
47.1544189057948,40.0323729362253,Concordant increases,1.7393880365452764e-94,93.7596035213145,False
47.1544189057948,41.4567821301392,Concordant increases,1.5725193227372743e-96,95.8034040093443,False
47.1544189057948,42.8811913240531,Concordant increases,1.202385254403003e-99,98.9199563584114,False
47.1544189057948,44.305600517967,Concordant increases,2.527861540850597e-99,98.5972467174511,False
47.1544189057948,45.7300097118809,Concordant increases,2.8395946479263924e-98,97.5467436510562,False
47.1544189057948,47.1544189057948,Concordant increases,2.77280455359143e-98,97.5570807414168,False
47.1544189057948,48.5788280997086,Concordant increases,9.426934681195502e-102,101.025629502115,False
47.1544189057948,49.9967627063775,Concordant increases,1.0098657552213994e-100,99.9957363545753,False
48.5788280997086,2.99773389446423,Concordant increases,5.248273390177592e-27,26.2799835500133,False
48.5788280997086,4.42214308837812,Concordant increases,3.3927497471795936e-33,32.4694481731952,False
48.5788280997086,5.846552282292,Concordant increases,8.226224149952651e-43,42.0847994609147,False
48.5788280997086,7.27096147620589,Concordant increases,7.353169627530606e-52,51.1335254153351,False
48.5788280997086,8.69537067011978,Concordant increases,1.9453228530272548e-57,56.7110083112265,False
48.5788280997086,10.1197798640337,Concordant increases,2.3756465831979375e-56,55.6242181673875,False
48.5788280997086,11.5441890579476,Concordant increases,2.081676263723578e-60,59.6815868097969,False
48.5788280997086,12.9685982518614,Concordant increases,9.645594558787112e-65,64.0156709970878,False
48.5788280997086,14.3930074457753,Concordant increases,2.982201119717635e-68,67.5254630710647,False
48.5788280997086,15.8174166396892,Concordant increases,1.0273952980713321e-72,71.9882624261787,False
48.5788280997086,17.2418258336031,Concordant increases,4.777236387902748e-77,76.3208232683625,False
48.5788280997086,18.666235027517,Concordant increases,1.7474955651708391e-78,77.7575839177421,False
48.5788280997086,20.0906442214309,Concordant increases,1.6075779368777487e-79,78.7938279628918,False
48.5788280997086,21.5150534153448,Concordant increases,3.7993094194949257e-81,80.4202953356353,False
48.5788280997086,22.9394626092587,Concordant increases,1.2443010991322876e-84,83.905074515249,False
48.5788280997086,24.3638718031725,Concordant increases,2.5172324736366607e-87,86.5990766742588,False
48.5788280997086,25.7882809970864,Concordant increases,2.1445221009801597e-85,84.668669473657,False
48.5788280997086,27.2126901910003,Concordant increases,3.5592500085745455e-83,82.448641505244,False
48.5788280997086,28.6370993849142,Concordant increases,2.867964772290753e-81,80.542426187486,False
48.5788280997086,30.0615085788281,Concordant increases,9.055530427619372e-87,86.0430861058092,False
48.5788280997086,31.485917772742,Concordant increases,4.008627181265856e-89,88.3970043330356,False
48.5788280997086,32.9103269666559,Concordant increases,1.5927406396022496e-89,88.7978549385492,False
48.5788280997086,34.3347361605698,Concordant increases,2.921514834784543e-86,85.5343919041,False
48.5788280997086,35.7591453544836,Concordant increases,1.900531533280722e-86,85.7211249202644,False
48.5788280997086,37.1835545483975,Concordant increases,3.058629209237011e-88,87.5144731683709,False
48.5788280997086,38.6079637423114,Concordant increases,1.1887513414525952e-91,90.9249089799724,False
48.5788280997086,40.0323729362253,Concordant increases,9.159269032478471e-94,93.038139184392,False
48.5788280997086,41.4567821301392,Concordant increases,1.8934315192876005e-95,94.7227503976112,False
48.5788280997086,42.8811913240531,Concordant increases,6.798065568644419e-98,97.1676146508793,False
48.5788280997086,44.305600517967,Concordant increases,1.6012118184202915e-97,96.7955512130612,False
48.5788280997086,45.7300097118809,Concordant increases,3.9068692628667925e-96,95.4081711215025,False
48.5788280997086,47.1544189057948,Concordant increases,4.315335458282992e-96,95.3649854381832,False
48.5788280997086,48.5788280997086,Concordant increases,7.278502314037312e-99,98.1379579755859,False
48.5788280997086,49.9967627063775,Concordant increases,8.486159371105658e-98,97.0712888163896,False
49.9967627063775,2.99773389446423,Concordant increases,4.0331183535056123e-25,24.3943590332564,False
49.9967627063775,4.42214308837812,Concordant increases,1.2690572175180296e-30,29.8965187965876,False
49.9967627063775,5.846552282292,Concordant increases,7.935156599925638e-40,39.1004444980443,False
49.9967627063775,7.27096147620589,Concordant increases,1.8119691621473027e-48,47.741849197842,False
49.9967627063775,8.69537067011978,Concordant increases,1.00308824083343e-53,52.9986608607768,False
49.9967627063775,10.1197798640337,Concordant increases,5.614765267186786e-54,53.2506683952879,False
49.9967627063775,11.5441890579476,Concordant increases,2.471249127394113e-57,56.607083471029,False
49.9967627063775,12.9685982518614,Concordant increases,9.48917164125277e-63,62.0227716977239,False
49.9967627063775,14.3930074457753,Concordant increases,1.4869538571985266e-65,64.8277025081929,False
49.9967627063775,15.8174166396892,Concordant increases,1.1844156584051944e-69,68.926495859714,False
49.9967627063775,17.2418258336031,Concordant increases,2.815894292141151e-73,72.5503836525134,False
49.9967627063775,18.666235027517,Concordant increases,4.3990697365567923e-75,74.3566391532853,False
49.9967627063775,20.0906442214309,Concordant increases,3.981714054542622e-78,77.3999299319011,False
49.9967627063775,21.5150534153448,Concordant increases,2.1333030947268563e-79,78.67094743662,False
49.9967627063775,22.9394626092587,Concordant increases,7.249699569836419e-82,81.139679990376,False
49.9967627063775,24.3638718031725,Concordant increases,7.52672610205718e-85,84.1233938876763,False
49.9967627063775,25.7882809970864,Concordant increases,3.0036142639951222e-83,82.5223558418992,False
49.9967627063775,27.2126901910003,Concordant increases,9.825307679405799e-81,80.0076538408125,False
49.9967627063775,28.6370993849142,Concordant increases,1.5108142073642425e-78,77.8207889398156,False
49.9967627063775,30.0615085788281,Concordant increases,1.1767316429211604e-83,82.9293225679865,False
49.9967627063775,31.485917772742,Concordant increases,1.1613249694760525e-85,84.9350462361597,False
49.9967627063775,32.9103269666559,Concordant increases,9.485056139015353e-86,85.0229600943175,False
49.9967627063775,34.3347361605698,Concordant increases,4.075009369896588e-83,82.3898713883253,False
49.9967627063775,35.7591453544836,Concordant increases,1.0320865631409684e-82,81.9862838760442,False
49.9967627063775,37.1835545483975,Concordant increases,3.625678088124214e-84,83.4406107580887,False
49.9967627063775,38.6079637423114,Concordant increases,2.4125476386176335e-88,87.6175241022393,False
49.9967627063775,40.0323729362253,Concordant increases,2.168714454723019e-90,89.6637976259027,False
49.9967627063775,41.4567821301392,Concordant increases,6.906218653927726e-93,92.1607596758141,False
49.9967627063775,42.8811913240531,Concordant increases,1.4873318339225591e-95,94.8275921265931,False
49.9967627063775,44.305600517967,Concordant increases,9.906521085061893e-96,95.004078831773,False
49.9967627063775,45.7300097118809,Concordant increases,3.47809464828338e-95,94.4586586038549,False
49.9967627063775,47.1544189057948,Concordant increases,1.6500319003912236e-94,93.7825076594043,False
49.9967627063775,48.5788280997086,Concordant increases,1.2830861872440978e-96,95.8917441702912,False
49.9967627063775,49.9967627063775,Concordant increases,3.1714701775977356e-95,94.4987393680646,False
