library,direction,term,overlap,query_size,term_size,p,genes,fdr
GO_BP_2025,down,Metal Ion Transport (GO:0030001),11,335,105,1.7175020796023114e-05,ATP2A3;CACNA2D1;CACNB4;CAV1;CCL5;KCNAB1;KCNC4;KCNMA1;KCNN4;RYR3;SLC5A1,0.004542755645140118
GO_BP_2025,down,Macrophage Chemotaxis (GO:0048246),4,335,10,4.1173011889487476e-05,CCL2;CCL5;EDNRB;SFTPD,0.004542755645140118
GO_BP_2025,down,Macrophage Migration (GO:1905517),4,335,10,4.1173011889487476e-05,CCL2;CCL5;EDNRB;SFTPD,0.004542755645140118
GO_BP_2025,down,Antimicrobial Humoral Response (GO:0019730),8,335,64,6.926619876432212e-05,CCL2;CCL28;CCL5;CXCL12;CXCL5;DMBT1;TF;TSLP,0.005731777947747656
GO_BP_2025,down,Antimicrobial Humoral Immune Response Mediated by Antimicrobial Peptide (GO:0061844),7,335,52,0.0001226772660736304,CCL2;CCL28;CCL5;CXCL12;CXCL5;DMBT1;TSLP,0.008121235014074333
GO_BP_2025,down,Regulation of Calcium Ion Import (GO:0090279),4,335,16,0.00032185113347076933,CCL2;CXCL12;EGF;KCNN4,0.01704694236487005
GO_BP_2025,down,Regulation of Vasculature Development (GO:1901342),5,335,29,0.0003605093551483092,CXCL12;ETS1;PDE3B;RAPGEF3;SFRP1,0.01704694236487005
GO_BP_2025,down,cAMP-mediated Signaling (GO:0019933),4,335,18,0.0005228908545069284,CGAS;PDE11A;PDE3B;PDE4B,0.019230763649088142
GO_BP_2025,down,Cardiac Epithelial to Mesenchymal Transition (GO:0060317),4,335,18,0.0005228908545069284,HAS2;OLFM1;TBX3;TGFBR3,0.019230763649088142
GO_BP_2025,down,Positive Regulation of Multicellular Organismal Process (GO:0051240),16,335,296,0.0007676785283469323,CADM1;CAV1;CXCL12;EGF;FOXC1;GATM;LDLR;LOXL2;OLFM1;PLA2R1;PLCB1;PRLR;PTH2R;SMOX;SOX8;ZBED3,0.02541015928828346
GO_BP_2025,down,Intracellular Monoatomic Cation Homeostasis (GO:0030003),10,335,143,0.0011267408505295181,ATP2A3;CAV1;CCL5;CXCL12;KCNMA1;MYC;SLC22A17;SLC39A8;SMAD9;TF,0.028638676390447627
GO_BP_2025,down,Calcium Ion Transport (GO:0006816),7,335,76,0.0012868337187405706,ATP2A3;CACNA2D1;CACNB4;CAV1;CCL5;KCNN4;RYR3,0.028638676390447627
GO_BP_2025,down,Cellular Response to Growth Factor Stimulus (GO:0071363),9,335,122,0.0013594148690060088,ACVR1C;CCL2;CCL5;ERN1;FOXC1;HAS2;MAPT;SFRP1;SMAD9,0.028638676390447627
GO_BP_2025,down,"GPCR Sgnlng Pway, Coupled to Cyclic Nucleotide Second Messenger (GO:0007187)",3,335,11,0.0014661187561847257,CCL2;CHRM3;NPY1R,0.028638676390447627
GO_BP_2025,down,Anterograde Trans-Synaptic Signaling (GO:0098916),7,335,78,0.0014989084925722976,CACNB4;CHRM3;CPLX1;GLRB;GRIA2;KCNC4;MPP3,0.028638676390447627
GO_BP_2025,down,Cellular Response to Oxygen-Containing Compound (GO:1901701),15,335,287,0.001552913048964184,CACNA2D1;CAV1;CCL2;CCL28;CXCL5;ITGA4;MAPT;NRIP1;PDE4B;RAPGEF3;RORB;RYR3;SFRP1;SLIT2;TESC,0.028638676390447627
GO_BP_2025,down,Cell-Matrix Adhesion (GO:0007160),7,335,79,0.0016146768652875838,CD96;COL17A1;DLC1;ITGA4;ITGA6;RNASE1;SGCE,0.028638676390447627
GO_BP_2025,down,Chemokine-Mediated Signaling Pathway (GO:0070098),4,335,24,0.0016387300849726107,CCL2;CCL5;CXCL12;FOXC1,0.028638676390447627
GO_BP_2025,down,Granulocyte Chemotaxis (GO:0071621),5,335,40,0.0016439119378202564,CCL2;CCL28;CCL5;CXCL5;PDE4B,0.028638676390447627
GO_BP_2025,down,Cell-Substrate Junction Assembly (GO:0007044),4,335,26,0.0022282920594073885,COL17A1;DLC1;DST;ITGA6,0.03300908421447048
GO_BP_2025,down,Transition Metal Ion Transport (GO:0000041),4,335,26,0.0022282920594073885,SLC31A2;SLC39A8;TF;TTYH1,0.03300908421447048
GO_BP_2025,down,Vasculogenesis (GO:0001570),4,335,26,0.0022282920594073885,CAV1;EGFL7;HAS2;TGFBR3,0.03300908421447048
GO_BP_2025,down,Negative Regulation of Cell Population Proliferation (GO:0008285),15,335,300,0.0023854867294576753,ACVR1C;ADAMTS1;APOD;AZGP1;DLC1;ETS1;FRZB;MPP3;MYC;RUNX3;SFRP1;SFRP4;TBX3;TESC;TGFBR3,0.03300908421447048
GO_BP_2025,down,Positive Regulation of Apoptotic Process (GO:0043065),14,335,272,0.0025342244765336384,ACVR1C;CCL2;DLC1;EPHA7;FRZB;HTRA1;ITGA4;ITGA6;KCNMA1;OLFM1;PHLDA1;SFRP1;SFRP4;SLIT2,0.03300908421447048
GO_BP_2025,down,Cellular Response to Chemokine (GO:1990869),4,335,27,0.002571656985699405,CCL2;CCL5;CXCL12;FOXC1,0.03300908421447048
GO_BP_2025,down,Negative Regulation of Epithelial Cell Proliferation (GO:0050680),6,335,64,0.0025928585787801583,CAV1;CEACAM1;RUNX3;SFRP1;SPARC;TGFBR3,0.03300908421447048
GO_BP_2025,down,Axon Guidance (GO:0007411),8,335,112,0.003035953906461868,ARHGEF40;CNTN4;CXCL12;EFNB2;EPHA7;RNASE1;SLIT2;SMOX,0.03517546844338574
GO_BP_2025,down,Chemical Synaptic Transmission (GO:0007268),8,335,112,0.003035953906461868,CACNB4;CHRM3;CPLX1;GLRB;GRIA2;KCNC4;MPP3;SNPH,0.03517546844338574
GO_BP_2025,down,Hexose Transmembrane Transport (GO:0008645),3,335,14,0.003081838624949204,SLC2A3;SLC2A9;SLC5A1,0.03517546844338574
GO_BP_2025,down,Inflammatory Response (GO:0006954),10,335,167,0.0035393319693596786,CCL2;CCL28;CCL5;CD96;CHI3L1;CXCL5;ODAM;PTGER3;RNASE1;SERPINA3,0.03827616750071803
GO_BP_2025,down,D-glucose Transmembrane Transport (GO:1904659),3,335,15,0.0037909063404588978,SLC2A3;SLC2A9;SLC5A1,0.03827616750071803
GO_BP_2025,down,Negative Regulation of G Protein-Coupled Receptor Signaling Pathway (GO:0045744),4,335,30,0.003816052953243791,CCL5;PADI2;PDE3B;SLIT2,0.03827616750071803
GO_BP_2025,down,Organic Hydroxy Compound Transport (GO:0015850),4,335,30,0.003816052953243791,CEACAM1;SLC22A3;SLC5A1;SLCO1A2,0.03827616750071803
GO_BP_2025,down,Organic Anion Transport (GO:0015711),6,335,70,0.004069977327795042,SLC22A3;SLC2A3;SLC2A9;SLC37A2;SLC39A8;SLCO1A2,0.039622426338239966
GO_BP_2025,down,Adenylate Cyclase-Modulating G Protein-Coupled Receptor Signaling Pathway (GO:0007188),7,335,95,0.004590603637304926,ADGRG2;ADGRG6;C1QTNF1;NPY1R;PTGER3;PTH2R;RAPGEF3,0.041274843299556614
GO_BP_2025,down,Regulation of Receptor Signaling Pathway via STAT (GO:1904892),3,335,16,0.004591457542071542,EGF;IL7R;TSLP,0.041274843299556614
GO_BP_2025,down,Response to Interleukin-1 (GO:0070555),5,335,51,0.0048354171323148065,CCL2;CCL5;CHI3L1;HAS2;SFRP1,0.041274843299556614
GO_BP_2025,down,Integrin-Mediated Signaling Pathway (GO:0007229),6,335,73,0.005006747662457717,ADAMTS1;CEACAM1;DST;ITGA4;ITGA6;TEC,0.041274843299556614
GO_BP_2025,down,Regulation of Endothelial Cell Migration (GO:0010594),6,335,73,0.005006747662457717,CEACAM1;EGF;ETS1;RNASE1;SLIT2;SPARC,0.041274843299556614
GO_BP_2025,down,Cellular Response to Interleukin-1 (GO:0071347),5,335,52,0.005256774882443349,CCL2;CCL5;HAS2;PLCB1;SFRP1,0.041274843299556614
GO_BP_2025,down,Negative Regulation of Protein Phosphorylation (GO:0001933),6,335,74,0.005351550083352171,CEACAM1;DEPTOR;SFRP1;SLIT2;SMOX;ZBED3,0.041274843299556614
GO_BP_2025,down,Negative Regulation of Lipid Metabolic Process (GO:0045833),3,335,17,0.005486686118370063,APOD;CEACAM1;PDE3B,0.041274843299556614
GO_BP_2025,down,Receptor Clustering (GO:0043113),3,335,17,0.005486686118370063,ITGA4;MPP3;PIGR,0.041274843299556614
GO_BP_2025,down,Regulation of Monocyte Chemotaxis (GO:0090025),3,335,17,0.005486686118370063,CCL5;CXCL12;SLIT2,0.041274843299556614
GO_BP_2025,down,Chloride Transport (GO:0006821),5,335,53,0.0057034598110495376,ANO5;CLIC2;GLRB;SLC5A1;TTYH1,0.04195211549905326
GO_BP_2025,down,Nervous System Development (GO:0007399),15,335,334,0.006423927288541229,ACVR1C;ADGRG6;C3ORF70;CHRM3;CNTN4;EDNRB;GLRB;MAPT;MPP3;NRGN;OLFM1;S100B;SERPINI1;SMOX;SOX8,0.046224346358851025
GO_BP_2025,down,Potassium Ion Transport (GO:0006813),5,335,55,0.006675915786602897,KCNAB1;KCNC4;KCNMA1;KCNN4;LRRC26,0.047015492029054445
GO_BP_2025,down,Generation of Neurons (GO:0048699),8,335,129,0.0071048203536230635,ID3;ID4;IRX5;MAPT;RNASE1;RTN1;RUNX3;SNPH,0.04899365702185904
GO_BP_2025,down,Peripheral Nervous System Development (GO:0007422),3,335,19,0.0075722636153835125,ADGRG6;SERPINI1;SOX8,0.050128385133838854
GO_BP_2025,down,Positive Regulation of Morphogenesis of an Epithelium (GO:1905332),3,335,19,0.0075722636153835125,EGF;SMOX;SOX8,0.050128385133838854
GO_BP_2025,down,Regulation of Angiogenesis (GO:0045765),9,335,159,0.007923941840227659,ADAMTS1;CEACAM1;CHI3L1;ETS1;FOXC1;PDE3B;RAPGEF3;SFRP1;SPARC,0.05103280700997811
GO_BP_2025,down,Non-Canonical Wnt Signaling Pathway (GO:0035567),4,335,37,0.008168408279450931,FRZB;RNASE1;SFRP1;SFRP4,0.05103280700997811
GO_BP_2025,down,Regulation of Anatomical Structure Morphogenesis (GO:0022603),7,335,106,0.008283612630567826,CEACAM1;ETS1;MAPT;PDE3B;RAPGEF3;SFRP1;SPARC,0.05103280700997811
GO_BP_2025,down,Positive Regulation of Gene Expression (GO:0010628),15,335,344,0.00832559389286652,ACTA2;C1QTNF1;CADM1;CCL2;EGF;ERN1;ETS1;MYC;ODAM;OLFM1;PLA2R1;SFRP4;SMOX;TESC;TGFBR3,0.05103280700997811
GO_BP_2025,down,Regulation of Calcium Ion Transmembrane Transport (GO:1903169),3,335,20,0.008767362151659339,CACNA2D1;KCNN4;PDE4B,0.051821372717843595
GO_BP_2025,down,Response to Ketone (GO:1901654),3,335,20,0.008767362151659339,CAV1;SLIT2;TGFBR3,0.051821372717843595
GO_BP_2025,down,Blood Vessel Morphogenesis (GO:0048514),4,335,38,0.008976560063561685,CAV1;EFNB2;EGFL7;HAS2,0.05212704177261259
GO_BP_2025,down,Heart Morphogenesis (GO:0003007),4,335,39,0.009835131694815832,DLC1;OLFM1;TBX3;TGFBR3,0.054624054378118105
GO_BP_2025,down,Protein Localization to Membrane (GO:0072657),9,335,165,0.009974930528766869,ANO1;CAV1;EPB41L3;ITGA4;MPP3;PIGR;TESC;TSPAN33;WDR72,0.054624054378118105
GO_BP_2025,down,Positive Regulation of Calcium Ion Transport (GO:0051928),3,335,21,0.010066668631616931,CCL2;CCL5;CXCL12,0.054624054378118105
GO_BP_2025,down,Regulation of Neutrophil Chemotaxis (GO:0090022),3,335,21,0.010066668631616931,DPP4;RNASE1;SLIT2,0.054624054378118105
GO_BP_2025,down,Regulation of Insulin Secretion (GO:0050796),5,335,61,0.010280053379147624,C1QTNF1;CCL5;FAM3D;RAPGEF3;SFRP1,0.05488222045964296
GO_BP_2025,down,Calcium Ion Transmembrane Import Into Cytosol (GO:0097553),4,335,40,0.010745267223370904,CACNA2D1;ITPR2;PLCB1;RYR3,0.05645529287199633
GO_BP_2025,down,Negative Regulation of Ossification (GO:0030279),3,335,22,0.011471832836771985,ENPP1;SFRP1;STATH,0.057866719889590426
GO_BP_2025,down,Negative Regulation of Protein Modification Process (GO:0031400),4,335,41,0.01170805627623644,MAPT;SLIT2;SMOX;ZBED3,0.057866719889590426
GO_BP_2025,down,Positive Regulation of Cell Junction Assembly (GO:1901890),4,335,41,0.01170805627623644,CAV1;RNASE1;SFRP1;SLITRK5,0.057866719889590426
GO_BP_2025,down,Positive Regulation of Cell Population Proliferation (GO:0008284),15,335,358,0.011713203119645191,CCL5;CXCL5;DPP4;EFNB2;EGF;HAS2;IL7R;MYC;PRLR;S100B;SFRP1;SOX8;TBX3;TGFBR3;TSLP,0.057866719889590426
GO_BP_2025,down,Regulation of T Cell Migration (GO:2000404),3,335,23,0.012984240690107536,APOD;CCL5;CXCL12,0.06241978986345742
GO_BP_2025,down,Axonogenesis (GO:0007409),8,335,144,0.013303256853766196,ARHGEF40;CNTN4;CXCL12;EFNB2;EPHA7;S100B;SLIT2;SLITRK5,0.06241978986345742
GO_BP_2025,down,Response to Tumor Necrosis Factor (GO:0034612),5,335,65,0.013311980418830392,CCL2;CCL5;CHI3L1;HAS2;SFRP1,0.06241978986345742
GO_BP_2025,down,Supramolecular Fiber Organization (GO:0097435),11,335,234,0.0133891392154244,COLGALT2;ELMO1;KRT14;LOXL2;MAPT;MYH11;PPP1R9A;RNASE1;RND1;SLAIN1;ZBED3,0.06241978986345742
GO_BP_2025,down,Regulation of Cell Migration (GO:0030334),15,335,370,0.015404008225034915,AMOTL1;CAV1;CCL2;CCL5;CEACAM1;CXCL12;DLC1;EGF;HAS2;ITGA6;RNASE1;SFRP1;SLIT2;SMOX;TGFBR3,0.07014695668697787
GO_BP_2025,down,Positive Regulation of Macromolecule Biosynthetic Process (GO:0010557),12,335,271,0.01548932068259317,ACTA2;C1QTNF1;CCL2;EGF;ETS1;MYC;ODAM;OLFM1;SFRP4;SMOX;TESC;TGFBR3,0.07014695668697787
GO_BP_2025,down,Receptor-Mediated Endocytosis (GO:0006898),7,335,120,0.015682401192859102,CAV1;DMBT1;DPP4;LDLR;LDLRAD3;PLA2R1;SFTPD,0.07014695668697787
GO_BP_2025,down,Digestive Tract Development (GO:0048565),3,335,25,0.016335093190711976,EDNRB;PKDCC;SMOX,0.07114362955428506
GO_BP_2025,down,Positive Regulation of Microtubule Polymerization or Depolymerization (GO:0031112),3,335,25,0.016335093190711976,MAPT;RNASE1;SLAIN1,0.07114362955428506
GO_BP_2025,down,Positive Regulation of Cellular Process (GO:0048522),18,335,478,0.016844947907348615,CAV1;CAVIN1;CCL5;CGAS;CXCL12;CXCL5;DPP4;EFNB2;EGF;HAS2;IL7R;MAPT;MYC;PRLR;S100B;SFRP1;TBX3;TSLP,0.07176930964806158
GO_BP_2025,down,Epithelial to Mesenchymal Transition (GO:0001837),4,335,46,0.017346056712522435,LOXL2;OLFM1;TBX3;TGFBR3,0.07176930964806158
GO_BP_2025,down,Intracellular Iron Ion Homeostasis (GO:0006879),4,335,46,0.017346056712522435,MYC;SLC22A17;SMAD9;TF,0.07176930964806158
GO_BP_2025,down,Negative Regulation of Cellular Response to Growth Factor Stimulus (GO:0090288),4,335,46,0.017346056712522435,CAV1;GPR155;SLIT2;SPRY4,0.07176930964806158
GO_BP_2025,down,Cellular Response to Topologically Incorrect Protein (GO:0035967),3,335,26,0.018175110729577785,CAV1;ERN1;HSPB8,0.07248146568060539
GO_BP_2025,down,Negative Regulation of Sequestering of Calcium Ion (GO:0051283),3,335,26,0.018175110729577785,ITPR2;PLCB1;RYR3,0.07248146568060539
GO_BP_2025,down,Vitamin Transport (GO:0051180),3,335,26,0.018175110729577785,SLC2A3;SLC2A9;TCN1,0.07248146568060539
GO_BP_2025,down,Cytokine-Mediated Signaling Pathway (GO:0019221),9,335,183,0.01854302863118493,CCL2;CCL5;CEACAM1;CXCL12;FOXC1;IL7R;PLCB1;PRLR;TSLP,0.072604002573339
GO_BP_2025,down,Regulation of Bone Mineralization (GO:0030500),4,335,47,0.018644532382881617,ANKH;ENPP1;PKDCC;STATH,0.072604002573339
GO_BP_2025,down,Neuron Projection Guidance (GO:0097485),6,335,97,0.018931553681895294,ARHGEF40;CNTN4;CXCL12;EFNB2;EPHA7;SLIT2,0.07286446824078306
GO_BP_2025,down,Inorganic Anion Transmembrane Transport (GO:0098661),4,335,48,0.0200017249455066,ANO5;GLRB;SLC37A2;SLC5A1,0.07484892752969907
GO_BP_2025,down,Regulation of Focal Adhesion Assembly (GO:0051893),4,335,48,0.0200017249455066,APOD;DLC1;RNASE1;SFRP1,0.07484892752969907
GO_BP_2025,down,Regulation of Lamellipodium Assembly (GO:0010591),3,335,27,0.02012554244756259,FSCN1;RNASE1;SLIT2,0.07484892752969907
GO_BP_2025,down,Adenylate Cyclase-Activating G Protein-Coupled Receptor Signaling Pathway (GO:0007189),5,335,73,0.02106827134121395,ADGRG2;ADGRG6;C1QTNF1;PTGER3;RAPGEF3,0.07631011378558264
GO_BP_2025,down,Cellular Response to Tumor Necrosis Factor (GO:0071356),5,335,73,0.02106827134121395,CCL2;CCL5;CHI3L1;HAS2;SFRP1,0.07631011378558264
GO_BP_2025,down,Regulation of G Protein-Coupled Receptor Signaling Pathway (GO:0008277),4,335,49,0.02141827540068674,CCL5;GNG7;PLCB1;RGS16,0.07631011378558264
GO_BP_2025,down,Positive Regulation of Programmed Cell Death (GO:0043068),10,335,219,0.021440605988094216,ACVR1C;FRZB;HTRA1;ITGA6;KCNMA1;OLFM1;PHLDA1;SFRP1;SFRP4;SLIT2,0.07631011378558264
GO_BP_2025,down,Positive Regulation of Microtubule Polymerization (GO:0031116),3,335,28,0.022186649590468305,MAPT;RNASE1;SLAIN1,0.07730295804678958
GO_BP_2025,down,Positive Regulation of Receptor Signaling Pathway via STAT (GO:1904894),3,335,28,0.022186649590468305,CCL5;IL7R;TSLP,0.07730295804678958
GO_BP_2025,down,Negative Regulation of Cellular Process (GO:0048523),16,335,424,0.0230275560027049,ADAMTS1;AZGP1;CRYAB;DLC1;ENPP1;ETS1;FRZB;MPP3;MYC;PDE3B;RND1;RUNX3;SFRP1;SFRP4;SLIT2;TESC,0.07939709413432627
GO_BP_2025,down,Positive Regulation of Cold-Induced Thermogenesis (GO:0120162),5,335,75,0.023385288537584283,CAV1;GATM;LDLR;PRLR;PTH2R,0.07979928356639586
GO_BP_2025,down,Negative Regulation of Endothelial Cell Proliferation (GO:0001937),3,335,29,0.02435850392464613,CAV1;CCL2;SPARC,0.08062664799057868
GO_BP_2025,down,Regulation of Potassium Ion Transmembrane Transport (GO:1901379),3,335,29,0.02435850392464613,CAV1;KCNAB1;KCNN4,0.08062664799057868
GO_BP_2025,down,Release of Sequestered Calcium Ion Into Cytosol (GO:0051209),3,335,29,0.02435850392464613,ITPR2;PLCB1;RYR3,0.08062664799057868
GO_BP_2025,down,Canonical Wnt Signaling Pathway (GO:0060070),4,335,52,0.026029648314573373,CAV1;FRZB;SFRP1;SFRP4,0.0847969272327651
GO_BP_2025,down,Regulation of Cell Adhesion Mediated by Integrin (GO:0033628),3,335,30,0.026640998477024173,DPP4;PDE3B;TESC,0.0847969272327651
GO_BP_2025,down,Regulation of Peptide Hormone Secretion (GO:0090276),3,335,30,0.026640998477024173,C1QTNF1;CCL5;RAPGEF3,0.0847969272327651
GO_BP_2025,down,Cellular Response to Cytokine Stimulus (GO:0071345),10,335,227,0.026643143299720756,CCL2;CCL5;CHI3L1;CXCL12;FOXC1;HAS2;IL7R;PRLR;SFRP1;TSLP,0.0847969272327651
GO_BP_2025,down,Cellular Response to Lipid (GO:0071396),8,335,165,0.027611621779859524,CCL2;CCL28;CXCL5;NRIP1;PDE4B;RORB;SFRP1;TESC,0.08704235056317622
GO_BP_2025,down,Neuron Differentiation (GO:0030182),6,335,107,0.029003580743658258,ID3;ID4;IRX5;RTN1;RUNX3;SNPH,0.09056778515236681
GO_BP_2025,down,Positive Regulation of Hydrolase Activity (GO:0051345),5,335,80,0.029878394530713517,ITGA6;ODAM;RAP1GAP;RAPGEF3;RGS16,0.09242755691276798
GO_BP_2025,down,Positive Regulation of Cell Motility (GO:2000147),9,335,201,0.03151167355930037,CAV1;CAVIN1;CCL2;CCL5;CXCL12;EGF;HAS2;ITGA6;SMOX,0.09489664105410842
GO_BP_2025,down,Neutrophil Chemotaxis (GO:0030593),3,335,32,0.03153664808444691,CCL28;CXCL5;PDE4B,0.09489664105410842
GO_BP_2025,down,Positive Regulation of Receptor-Mediated Endocytosis (GO:0048260),3,335,32,0.03153664808444691,EGF;SFRP4;TF,0.09489664105410842
GO_BP_2025,down,Potassium Ion Transmembrane Transport (GO:0071805),4,335,56,0.033038372592496035,KCNC4;KCNMA1;KCNN4;LRRC26,0.09744179513252278
GO_BP_2025,down,Regulation of Cell Population Proliferation (GO:0042127),20,335,591,0.033388538001288895,ADAMTS1;AZGP1;CXCL5;DLC1;DPP4;EFNB2;EGF;ETS1;FRZB;HAS2;IL7R;MPP3;MYC;PRLR;S100B;SFRP1;SFRP4;TBX3;TESC;TSLP,0.09744179513252278
GO_BP_2025,down,Chloride Transmembrane Transport (GO:1902476),3,335,33,0.03414878620958502,ANO5;GLRB;SLC5A1,0.09744179513252278
GO_BP_2025,down,Negative Regulation of Transport (GO:0051051),3,335,33,0.03414878620958502,CRYAB;EGF;SFRP4,0.09744179513252278
GO_BP_2025,down,Positive Regulation of Developmental Growth (GO:0048639),3,335,33,0.03414878620958502,MAPT;PLCB1;RASAL1,0.09744179513252278
GO_BP_2025,down,Regulation of Ossification (GO:0030278),3,335,33,0.03414878620958502,ANKH;ENPP1;SFRP1,0.09744179513252278
GO_BP_2025,down,Inorganic Anion Transport (GO:0015698),3,335,34,0.036869549286102136,CLIC2;ENPP1;TTYH1,0.10268459003952438
GO_BP_2025,down,Regulation of Cell-Cell Adhesion (GO:0022407),3,335,34,0.036869549286102136,CEACAM1;DPP4;EPHA7,0.10268459003952438
GO_BP_2025,down,Positive Regulation of Protein Polymerization (GO:0032273),4,335,58,0.03691681635862055,C15ORF62;MAPT;RNASE1;SLAIN1,0.10268459003952438
GO_BP_2025,down,Regulation of Actin Filament-Based Process (GO:0032970),5,335,86,0.039039088231738135,FSCN1;ODAM;RAPGEF3;RNASE1;RND1,0.10768281837254436
GO_BP_2025,down,Cellular Response to BMP Stimulus (GO:0071773),3,335,35,0.03969808316337983,SFRP1;SMAD9;TGFBR3,0.10859558286841922
GO_BP_2025,down,Positive Regulation of Epithelial Cell Proliferation (GO:0050679),5,335,87,0.04071467587555262,EGF;EGFL7;MYC;ODAM;SFRP1,0.11046358782629441
GO_BP_2025,down,Neutrophil Migration (GO:1990266),3,335,36,0.04263341083933948,CCL28;CXCL5;PDE4B,0.11380370151468847
GO_BP_2025,down,Regulation of DNA Binding (GO:0051101),3,335,36,0.04263341083933948,EGF;FOXC1;SMOX,0.11380370151468847
GO_BP_2025,down,Regulation of Fat Cell Differentiation (GO:0045598),4,335,61,0.04320538042118878,ADIRF;ENPP1;FRZB;SFRP1,0.11440784735530789
GO_BP_2025,down,Extracellular Matrix Organization (GO:0030198),6,335,118,0.04356783426495565,ADAMTS1;COL17A1;COLGALT2;HAS2;LOXL2;SLC39A8,0.11445200906111365
GO_BP_2025,down,Positive Regulation of Cell Migration (GO:0030335),11,335,282,0.04417851277314736,CAV1;CCL2;CCL5;CXCL12;EGF;ETS1;HAS2;ITGA6;RNASE1;SMOX;SPARC,0.11514242305442345
GO_BP_2025,down,Memory (GO:0007613),3,335,37,0.04567444047697666,LDLR;MAPT;PLCB1,0.11629415229137904
GO_BP_2025,down,Positive Regulation of Leukocyte Cell-Cell Adhesion (GO:1903039),3,335,37,0.04567444047697666,CCL2;ETS1;HAS2,0.11629415229137904
GO_BP_2025,down,Positive Regulation of Stress Fiber Assembly (GO:0051496),3,335,37,0.04567444047697666,RAPGEF3;RNASE1;SFRP1,0.11629415229137904
GO_BP_2025,down,Regulation of Cell Adhesion (GO:0030155),6,335,120,0.046630108616546685,CCL5;CXCL12;EPHA7;PDE3B;RND1;TESC,0.11782111413799201
GO_BP_2025,down,Negative Regulation of Signal Transduction (GO:0009968),9,335,217,0.047442369270048745,APOD;CCL5;EGFL7;ENPP1;FRZB;PTCH2;SFRP1;SFRP4;SPRY4,0.11785533813556677
GO_BP_2025,down,Positive Regulation of Cell Differentiation (GO:0045597),9,335,217,0.047442369270048745,ADIRF;CEACAM1;FOXC1;FRZB;LOXL2;OLFM1;PKDCC;PLCB1;SFRP1,0.11785533813556677
GO_BP_2025,down,Calcium-Mediated Signaling (GO:0019722),4,335,63,0.04771182873161918,CHRM3;EDNRB;NCALD;PPP1R9A,0.11785533813556677
GO_BP_2025,down,Endothelial Cell Migration (GO:0043542),3,335,38,0.04881997308384081,DPP4;LOXL2;STARD13,0.11835385269038269
GO_BP_2025,down,Positive Regulation of GTPase Activity (GO:0043547),5,335,92,0.04974021086676346,ITGA6;ODAM;RAP1GAP;RAPGEF3;RGS16,0.11835385269038269
GO_BP_2025,down,Regulation of Protein Phosphorylation (GO:0001932),6,335,122,0.04982282615122061,EPHA7;ODAM;RNASE1;SLIT2;SMOX;ZBED3,0.11835385269038269
GO_BP_2025,down,Axon Development (GO:0061564),4,335,64,0.05005903134940658,CNTN4;MAPT;S100B;SLITRK5,0.11835385269038269
GO_BP_2025,down,Calcium Ion Homeostasis (GO:0055074),4,335,64,0.05005903134940658,ATP2A3;CAV1;CCL5;CXCL12,0.11835385269038269
GO_BP_2025,down,Steroid Metabolic Process (GO:0008202),4,335,64,0.05005903134940658,CYP7B1;HSD11B2;HSD17B2;PRLR,0.11835385269038269
GO_BP_2025,down,Regulation of Cytoskeleton Organization (GO:0051493),6,335,123,0.05146835773628282,FSCN1;MAPT;ODAM;RAPGEF3;RNASE1;RND1,0.12045484287424336
GO_BP_2025,down,Regulation of Actin Cytoskeleton Organization (GO:0032956),5,335,93,0.051675491504962416,FSCN1;ODAM;RAPGEF3;RNASE1;RND1,0.12045484287424336
GO_BP_2025,down,Positive Regulation of Cell-Matrix Adhesion (GO:0001954),3,335,39,0.05206870986625955,CCL28;RNASE1;SFRP1,0.12052267808204134
GO_BP_2025,down,Vascular Transport (GO:0010232),4,335,65,0.05246867403337873,ATP2A3;SLC22A3;SLC2A3;SLC5A1,0.12060507711839137
GO_BP_2025,down,Protein Metabolic Process (GO:0019538),16,335,473,0.05346321592409466,ADAMTS1;CHRM3;CTSF;CYP2U1;DPP4;EEF1A2;ERN1;FOLH1;HTRA1;LOXL2;MAPT;PLAT;PRSS21;TESC;TMPRSS5;TSPAN33,0.12204361704051954
GO_BP_2025,down,Regulation of Apoptotic Process (GO:0042981),19,335,587,0.054126199442765144,ACVR1C;BEX2;CRYAB;ETS1;FRZB;HTRA1;IKZF3;ITGA6;KCNMA1;MYC;OLFM1;PHLDA1;PRLR;SFRP1;SFRP4;SLIT2;SOX8;TBX3;TSLP,0.12229183212188645
GO_BP_2025,down,Extracellular Structure Organization (GO:0043062),4,335,66,0.05494054400361804,ADAMTS1;COL17A1;SLC39A8;TEX14,0.12229183212188645
GO_BP_2025,down,Monoatomic Anion Transmembrane Transport (GO:0098656),3,335,40,0.05541925926973706,ANO5;GLRB;SLC5A1,0.12229183212188645
GO_BP_2025,down,Regulation of Receptor Signaling Pathway via JAK-STAT (GO:0046425),3,335,40,0.05541925926973706,CAV1;EGF;IL7R,0.12229183212188645
GO_BP_2025,down,Response to Peptide Hormone (GO:0043434),3,335,40,0.05541925926973706,CAV1;TGFBR3;ZBED3,0.12229183212188645
GO_BP_2025,down,Regulation of Stress Fiber Assembly (GO:0051492),4,335,67,0.05747438695231285,DLC1;RAPGEF3;RNASE1;SFRP1,0.12515804000799705
GO_BP_2025,down,Transport Across Blood-Brain Barrier (GO:0150104),4,335,67,0.05747438695231285,ATP2A3;SLC22A3;SLC2A3;SLC5A1,0.12515804000799705
GO_BP_2025,down,Positive Regulation of Fat Cell Differentiation (GO:0045600),3,335,41,0.058870143716592355,ADIRF;FRZB;SFRP1,0.12571624238833592
GO_BP_2025,down,Regulation of Calcium Ion Transport (GO:0051924),3,335,41,0.058870143716592355,CACNA2D1;CCL5;EGF,0.12571624238833592
GO_BP_2025,down,Response to Unfolded Protein (GO:0006986),3,335,41,0.058870143716592355,DNAJB5;ERN1;HSPB8,0.12571624238833592
GO_BP_2025,down,Monoatomic Cation Transmembrane Transport (GO:0098655),7,335,161,0.06157356391911188,ATP2A3;KCNC4;KCNMA1;KCNN4;LRRC26;RYR3;SLC39A8,0.13064647216170533
GO_BP_2025,down,Intracellular Signaling Cassette (GO:0141124),11,335,299,0.062016408979059044,CGAS;CHRM3;EDNRB;MYC;NCALD;PDE11A;PDE3B;PDE4B;PPP1R9A;RNASE1;SMAD9,0.13074797052272957
GO_BP_2025,down,Central Nervous System Development (GO:0007417),8,335,195,0.06264721319831972,APOD;CNTN4;EPHA7;RTN1;S100B;SERPINI1;SMOX;SOX8,0.13124194663698624
GO_BP_2025,down,Inorganic Cation Transmembrane Transport (GO:0098662),7,335,163,0.06489441963509437,ATP2A3;KCNC4;KCNMA1;KCNN4;LRRC26;RYR3;SLC39A8,0.13173523975051638
GO_BP_2025,down,Regulation of Endothelial Cell Proliferation (GO:0001936),4,335,70,0.06544461175934932,CAV1;EGF;EGFL7;SPARC,0.13173523975051638
GO_BP_2025,down,Response to Insulin (GO:0032868),4,335,70,0.06544461175934932,CEACAM1;ENPP1;PDE3B;ZBED3,0.13173523975051638
GO_BP_2025,down,Homophilic Cell Adhesion via Plasma Membrane Adhesion Molecules (GO:0007156),3,335,43,0.06606661570569704,CADM1;CEACAM1;CNTN4,0.13173523975051638
GO_BP_2025,down,Positive Regulation of Actin Filament Bundle Assembly (GO:0032233),3,335,43,0.06606661570569704,RAPGEF3;RNASE1;SFRP1,0.13173523975051638
GO_BP_2025,down,Positive Regulation of Epithelial to Mesenchymal Transition (GO:0010718),3,335,43,0.06606661570569704,FOXC1;LOXL2;OLFM1,0.13173523975051638
GO_BP_2025,down,Positive Regulation of Leukocyte Chemotaxis (GO:0002690),3,335,43,0.06606661570569704,CCL2;CCL5;CXCL12,0.13173523975051638
GO_BP_2025,down,Response to Retinoic Acid (GO:0032526),3,335,43,0.06606661570569704,HSD17B2;RORB;TESC,0.13173523975051638
GO_BP_2025,down,Wnt Signaling Pathway (GO:0016055),4,335,71,0.06822301322908435,CAV1;FRZB;SFRP1;SFRP4,0.13522046334626897
GO_BP_2025,down,Cell Surface Receptor Protein Tyrosine Kinase Signaling Pathway (GO:0007169),9,335,234,0.06943116033752797,ANGPTL1;CD8A;EFNB2;EPHA7;FOXC1;PLAT;PLCB1;PRLR;RNASE1,0.1359219852286597
GO_BP_2025,down,Cellular Response to Nitrogen Compound (GO:1901699),6,335,133,0.06974066446287515,CACNA2D1;CAV1;ITGA4;RAPGEF3;RYR3;SLIT2,0.1359219852286597
GO_BP_2025,down,Monocarboxylic Acid Transport (GO:0015718),3,335,44,0.06980887458873761,CEACAM1;RBP7;SLCO1A2,0.1359219852286597
GO_BP_2025,down,Cellular Response to Alcohol (GO:0097306),3,335,45,0.07364482271946456,GPR155;SFRP1;SMOX,0.1406934403665869
GO_BP_2025,down,Regulation of Myoblast Differentiation (GO:0045661),3,335,45,0.07364482271946456,PLCB1;SOX8;TBX3,0.1406934403665869
GO_BP_2025,down,Negative Regulation of Cell Differentiation (GO:0045596),7,335,168,0.07366347301431778,CAV1;CNTN4;ENPP1;RORB;SFRP1;SOX8;TBX3,0.1406934403665869
GO_BP_2025,down,Regulation of Epithelial Cell Proliferation (GO:0050678),4,335,73,0.07395969372745051,MYC;RUNX3;SFRP1;TGFBR3,0.1406934403665869
GO_BP_2025,down,Skeletal System Development (GO:0001501),5,335,104,0.07582695719521074,ANKH;CHI3L1;FRZB;PKDCC;TBX3,0.14342127332351287
GO_BP_2025,down,Negative Regulation of Small GTPase Mediated Signal Transduction (GO:0051058),3,335,46,0.07757264360366986,DLC1;SLIT2;SPRY4,0.14588946041372
GO_BP_2025,down,Cellular Response to Peptide Hormone Stimulus (GO:0071375),4,335,75,0.0799328511350162,CAV1;CEACAM1;ENPP1;PDE3B,0.14838706242333782
GO_BP_2025,down,Cell-Cell Adhesion via Plasma-Membrane Adhesion Molecules (GO:0098742),5,335,106,0.08077626341477903,CADM1;CEACAM1;CLDN22;CNTN4;SLITRK5,0.14838706242333782
GO_BP_2025,down,Inorganic Cation Import Across Plasma Membrane (GO:0098659),3,335,47,0.08159046936872351,CACNA2D1;SLC39A8;SLC5A1,0.14838706242333782
GO_BP_2025,down,Negative Regulation of Phosphorylation (GO:0042326),3,335,47,0.08159046936872351,SLIT2;SMOX;ZBED3,0.14838706242333782
GO_BP_2025,down,Regulation of BMP Signaling Pathway (GO:0030510),3,335,47,0.08159046936872351,CAV1;GPR155;SFRP4,0.14838706242333782
GO_BP_2025,down,Regulation of Microtubule Polymerization (GO:0031113),3,335,47,0.08159046936872351,MAPT;RNASE1;SLAIN1,0.14838706242333782
GO_BP_2025,down,Cell Junction Assembly (GO:0034329),4,335,76,0.08300672807386818,FSCN1;ITGA6;MAPT;TLN2,0.15013785241776156
GO_BP_2025,down,Positive Regulation of Endothelial Cell Migration (GO:0010595),4,335,77,0.08613800644947275,EGF;ETS1;RNASE1;SPARC,0.15411718991770532
GO_BP_2025,down,Regulation of Epithelial to Mesenchymal Transition (GO:0010717),4,335,77,0.08613800644947275,FOXC1;LOXL2;OLFM1;SFRP1,0.15411718991770532
GO_BP_2025,down,Lipid Transport (GO:0006869),4,335,78,0.08932605210411072,CEACAM1;LDLR;RBP7;SLCO1A2,0.15742366363067878
GO_BP_2025,down,Cell-Cell Junction Assembly (GO:0007043),3,335,49,0.08988843633292534,EPB41L3;FSCN1;TLN2,0.15742366363067878
GO_BP_2025,down,Muscle Contraction (GO:0006936),3,335,49,0.08988843633292534,CRYAB;MYH11;RYR3,0.15742366363067878
GO_BP_2025,down,Sprouting Angiogenesis (GO:0002040),3,335,49,0.08988843633292534,EFNB2;LOXL2;SLIT2,0.15742366363067878
GO_BP_2025,down,Positive Regulation of Canonical Wnt Signaling Pathway (GO:0090263),4,335,79,0.09257020337902859,EGF;SFRP1;SFRP4;ZBED3,0.16042270847360451
GO_BP_2025,down,Positive Regulation of Supramolecular Fiber Organization (GO:1902905),4,335,79,0.09257020337902859,C15ORF62;MAPT;RNASE1;SLAIN1,0.16042270847360451
GO_BP_2025,down,Cholesterol Homeostasis (GO:0042632),3,335,50,0.09416462787321174,CAV1;CYP7B1;LDLR,0.16149477630068956
GO_BP_2025,down,Response to Reactive Oxygen Species (GO:0000302),3,335,50,0.09416462787321174,APOD;DLC1;MAPT,0.16149477630068956
GO_BP_2025,down,Proteolysis (GO:0006508),8,335,214,0.09494346313987197,ADAMTS1;CTSF;DPP4;FOLH1;HTRA1;PLAT;PRSS21;TMPRSS5,0.16199116649122486
GO_BP_2025,down,Regulation of GTPase Activity (GO:0043087),5,335,112,0.09662566727974879,ITGA6;ODAM;RAP1GAP;RAPGEF3;RGS16,0.16401587625434283
GO_BP_2025,down,Sterol Homeostasis (GO:0055092),3,335,51,0.098522933679435,CAV1;CYP7B1;LDLR,0.16618603654539524
GO_BP_2025,down,Positive Regulation of Phosphorylation (GO:0042327),4,335,81,0.09922404554793036,EGF;ITGA6;ODAM;RNASE1,0.16618603654539524
GO_BP_2025,down,Heart Development (GO:0007507),5,335,113,0.09941037835646,DLC1;FOXC1;PDLIM3;TBX3;TGFBR3,0.16618603654539524
GO_BP_2025,down,Defense Response to Bacterium (GO:0042742),5,335,114,0.10223514410377797,DMBT1;RNASE1;SFTPD;TF;TSLP,0.16871381023581167
GO_BP_2025,down,Positive Regulation of Metabolic Process (GO:0009893),5,335,114,0.10223514410377797,CAV1;GATM;LDLR;PRLR;PTH2R,0.16871381023581167
GO_BP_2025,down,Gland Development (GO:0048732),3,335,52,0.10296129808952859,CAV1;TBX3;TGFBR3,0.16871381023581167
GO_BP_2025,down,Mesenchymal Cell Differentiation (GO:0048762),3,335,52,0.10296129808952859,FOXC1;LOXL2;TGFBR3,0.16871381023581167
GO_BP_2025,down,Protein Localization to Cell Periphery (GO:1990778),5,335,115,0.10509961445867932,CAV1;EPB41L3;TESC;TSPAN33;WDR72,0.17136932209764952
GO_BP_2025,down,Hemopoiesis (GO:0030097),4,335,83,0.10609373316636798,IL7R;RUNX3;SFRP1;TGFBR3,0.17214228273562648
GO_BP_2025,down,Cell Chemotaxis (GO:0060326),3,335,53,0.10747764023437595,CCL28;CXCL12;RNASE1,0.17269465493970115
GO_BP_2025,down,Positive Regulation of Endothelial Cell Proliferation (GO:0001938),3,335,53,0.10747764023437595,EGF;EGFL7;ITGA4,0.17269465493970115
GO_BP_2025,down,Regulation of Cold-Induced Thermogenesis (GO:0120161),5,335,116,0.10800342513562108,CAV1;GATM;LDLR;PRLR;PTH2R,0.17270112908159702
GO_BP_2025,down,Calcium Ion Transmembrane Transport (GO:0070588),3,335,54,0.11206985770050852,ATP2A3;CACNA2D1;RYR3,0.17834193701379
GO_BP_2025,down,Phagocytosis (GO:0006909),3,335,55,0.11673583001251708,CD302;ELMO1;LDLR,0.1839979034959198
GO_BP_2025,down,Positive Regulation of Binding (GO:0051099),3,335,55,0.11673583001251708,CLIC2;EGF;FOXC1,0.1839979034959198
GO_BP_2025,down,Positive Regulation of Vasculature Development (GO:1904018),4,335,87,0.12045564361399562,CHI3L1;CXCL12;ETS1;RAPGEF3,0.18806989639732336
GO_BP_2025,down,Regulation of Cell Motility (GO:2000145),4,335,87,0.12045564361399562,AMOTL1;CAVIN1;CEACAM1;RNASE1,0.18806989639732336
GO_BP_2025,down,Neuron Development (GO:0048666),5,335,121,0.12309888715259117,CNTN4;ETV1;MAPT;PPP1R9A;RUNX3,0.19129451477703133
GO_BP_2025,down,Cellular Response to Hormone Stimulus (GO:0032870),3,335,57,0.12628048664926406,CAV1;SFRP1;SLIT2,0.19424927750056095
GO_BP_2025,down,Regulation of Extrinsic Apoptotic Signaling Pathway (GO:2001236),3,335,57,0.12628048664926406,CAV1;DEPTOR;ITGA6,0.19424927750056095
GO_BP_2025,down,Cellular Response to Molecule of Bacterial Origin (GO:0071219),4,335,89,0.12793456947166854,CCL2;CCL28;CXCL5;PDE4B,0.19424927750056095
GO_BP_2025,down,Intracellular Calcium Ion Homeostasis (GO:0006874),4,335,89,0.12793456947166854,ATP2A3;CAV1;CCL5;CXCL12,0.19424927750056095
GO_BP_2025,down,- Reg of Transmembrane Receptor Prot Serine/Threonine Kinase Sgnlng Pway (GO:0090101),4,335,89,0.12793456947166854,CAV1;GPR155;PEG10;TGFBR3,0.19424927750056095
GO_BP_2025,down,Negative Regulation of Blood Vessel Morphogenesis (GO:2000181),3,335,58,0.13115486866511716,FOXC1;PDE3B;SPARC,0.19732015011035095
GO_BP_2025,down,Negative Regulation of Canonical Wnt Signaling Pathway (GO:0090090),4,335,90,0.13174547786824037,CAV1;FRZB;SFRP1;SFRP4,0.19732015011035095
GO_BP_2025,down,Negative Regulation of Developmental Process (GO:0051093),4,335,90,0.13174547786824037,FOXC1;LOXL2;MAPT;RAPGEF3,0.19732015011035095
GO_BP_2025,down,Actin Filament Organization (GO:0007015),5,335,124,0.13260206544326375,ELMO1;PPP1R9A;RNASE1;RND1;ZBED3,0.19770848496270407
GO_BP_2025,down,Actomyosin Structure Organization (GO:0031032),3,335,59,0.1360944067172101,EPB41L3;FRMD3;MYH11,0.20200559920805625
GO_BP_2025,down,Cell Morphogenesis Involved in Neuron Differentiation (GO:0048667),3,335,60,0.14109693640851775,CNTN4;S100B;SLITRK5,0.20756927089430835
GO_BP_2025,down,Negative Regulation of Supramolecular Fiber Organization (GO:1902904),3,335,60,0.14109693640851775,CRYAB;LDLR;SLIT2,0.20756927089430835
GO_BP_2025,down,Negative Regulation of Growth (GO:0045926),4,335,93,0.14345308322475173,ENPP1;FRZB;SFRP1;SLIT2,0.21010163959023373
GO_BP_2025,down,Positive Regulation of Cell-Substrate Adhesion (GO:0010811),3,335,61,0.14616029275268977,CCL28;RNASE1;SFRP1,0.21312359868343753
GO_BP_2025,down,Cellular Response to Lipopolysaccharide (GO:0071222),4,335,95,0.1514778796356629,CCL2;CCL28;CXCL5;PDE4B,0.21990867613773868
GO_BP_2025,down,Negative Regulation of Cell Growth (GO:0030308),4,335,96,0.15555333519177938,ENPP1;FRZB;SFRP1;SLIT2,0.2248391002116986
GO_BP_2025,down,Monoatomic Cation Homeostasis (GO:0055080),3,335,64,0.16169371244029973,CAV1;SLC39A8;TF,0.2316909905529836
GO_BP_2025,down,Regulation of Rho Protein Signal Transduction (GO:0035023),3,335,64,0.16169371244029973,DLC1;RNASE1;STARD13,0.2316909905529836
GO_BP_2025,down,External Encapsulating Structure Organization (GO:0045229),3,335,65,0.1669787949438603,ADAMTS1;COL17A1;SLC39A8,0.23823267726904207
GO_BP_2025,down,Positive Regulation of Wnt Signaling Pathway (GO:0030177),4,335,99,0.16802023789781148,EGF;SFRP1;SFRP4;ZBED3,0.23868969418101116
GO_BP_2025,down,Cytoskeleton Organization (GO:0007010),4,335,100,0.1722527584129873,CCL2;DST;EPB41L3;RNASE1,0.24270603135075858
GO_BP_2025,down,Regulation of Plasma Membrane Bounded Cell Projection Assembly (GO:0120032),3,335,66,0.17231394975053857,CAV1;FSCN1;RNASE1,0.24270603135075858
GO_BP_2025,down,Epithelium Development (GO:0060429),4,335,101,0.1765220602114745,DMBT1;KRT14;SMOX;SOX8,0.2471332981469306
GO_BP_2025,down,Negative Regulation of Cell Cycle (GO:0045786),3,335,67,0.1776970542567054,ETS1;FOXC1;RUNX3,0.2471332981469306
GO_BP_2025,down,Wound Healing (GO:0042060),3,335,67,0.1776970542567054,ANO5;DST;ODAM,0.2471332981469306
GO_BP_2025,down,Negative Regulation of Angiogenesis (GO:0016525),3,335,68,0.18312599945992844,FOXC1;PDE3B;SPARC,0.2525612742551513
GO_BP_2025,down,Response to Calcium Ion (GO:0051592),3,335,68,0.18312599945992844,CAV1;KCNMA1;RYR3,0.2525612742551513
GO_BP_2025,down,Synapse Organization (GO:0050808),4,335,103,0.1851669842392523,CNTN4;MAPT;PDZRN3;SLITRK5,0.25431648042818467
GO_BP_2025,down,Regulation of Canonical Wnt Signaling Pathway (GO:0060828),6,335,177,0.1873100393076053,CAV1;EGF;FRZB;SFRP1;SFRP4;ZBED3,0.2561967893008982
GO_BP_2025,down,Regulation of Phosphatidylinositol 3-Kinase/Protein Kinase B Signal Transduction (GO:0051896),6,335,180,0.19722476086865487,CCL5;CEACAM1;CHI3L1;EGF;PDE3B;RAPGEF3,0.26864771953713895
GO_BP_2025,down,Regulation of Protein Secretion (GO:0050708),3,335,72,0.20525856880772508,C1QTNF1;CCL5;RAPGEF3,0.27844502571867624
GO_BP_2025,down,Negative Regulation of Cell Migration (GO:0030336),5,335,147,0.2150150524376516,DLC1;RNASE1;SFRP1;SLIT2;TGFBR3,0.29048972390556194
GO_BP_2025,down,T Cell Receptor Signaling Pathway (GO:0050852),3,335,74,0.2165463120029327,CD8A;PDE4B;TEC,0.2913692246868729
GO_BP_2025,down,Regulation of Cell Growth (GO:0001558),6,335,186,0.21761838946015283,CEACAM1;ENPP1;FRZB;PTCH2;SFRP1;SLIT2,0.2916262627988283
GO_BP_2025,down,Protein Localization to Plasma Membrane (GO:0072659),4,335,111,0.2210155381643795,EPB41L3;TESC;TSPAN33;WDR72,0.2949844481145549
GO_BP_2025,down,Macromolecule Modification (GO:0043412),3,335,76,0.22796039480479008,CHRM3;LOXL2;PLAT,0.3018195627215421
GO_BP_2025,down,Positive Regulation of Plasma Membrane Bounded Cell Projection Assembly (GO:0120034),3,335,76,0.22796039480479008,C15ORF62;FSCN1;RNASE1,0.3018195627215421
GO_BP_2025,down,Negative Regulation of Cell Motility (GO:2000146),4,335,113,0.23025421049506914,DLC1;SFRP1;SLIT2;TGFBR3,0.3036420066687963
GO_BP_2025,down,Positive Regulation of Cell Adhesion (GO:0045785),3,335,77,0.23370995108946488,CCL5;CXCL12;RNASE1,0.30612215633598916
GO_BP_2025,down,Negative Regulation of Wnt Signaling Pathway (GO:0030178),4,335,114,0.23490944927293428,CAV1;FRZB;SFRP1;SFRP4,0.30612215633598916
GO_BP_2025,down,Positive Regulation of Response to External Stimulus (GO:0032103),4,335,114,0.23490944927293428,CCL5;ETS1;PLAT;TSLP,0.30612215633598916
GO_BP_2025,down,Protein Homooligomerization (GO:0051260),4,335,115,0.23958728115813224,KCNN4;MAPT;PEG10;RYR3,0.3109936865229089
GO_BP_2025,down,Cellular Response to Transforming Growth Factor Beta Stimulus (GO:0071560),3,335,80,0.2511059438929173,SFRP1;SMAD9;TGFBR3,0.3246721383927954
GO_BP_2025,down,Neuron Projection Morphogenesis (GO:0048812),4,335,118,0.2537463429042377,CNTN4;EPB41L3;S100B;SLITRK5,0.3255427887647391
GO_BP_2025,down,Plasma Membrane Bounded Cell Projection Organization (GO:0120036),4,335,118,0.2537463429042377,CNTN4;MAPT;PPP1R9A;RNASE1,0.3255427887647391
GO_BP_2025,down,Cellular Response to Metal Ion (GO:0071248),3,335,81,0.25694755536772446,RYR3;SLC13A2;TF,0.3283769916089452
GO_BP_2025,down,Positive Regulation of Cytokine Production (GO:0001819),7,335,240,0.26613262463212023,CADM1;CGAS;CHI3L1;PDE4B;PLA2R1;PLCB1;TSLP,0.33880730289704536
GO_BP_2025,down,Brain Development (GO:0007420),4,335,121,0.26807298258794643,APOD;CNTN4;EPHA7;RTN1,0.3399699510981236
GO_BP_2025,down,Regulation of ERK1 and ERK2 Cascade (GO:0070372),5,335,162,0.2756184887520673,CEACAM1;CHI3L1;EPHA7;SPRY4;TGFBR3,0.348205037316543
GO_BP_2025,down,Response to Lipopolysaccharide (GO:0032496),4,335,123,0.2777041651191087,CCL2;CCL28;CXCL5;PDE4B,0.34950600248830793
GO_BP_2025,down,Negative Regulation of Macromolecule Biosynthetic Process (GO:0010558),5,335,163,0.27978747567773654,ENPP1;MAPT;OLFM1;SFRP1;SMOX,0.35033679788639077
GO_BP_2025,down,Positive Regulation of Cell Growth (GO:0030307),3,335,85,0.280481122174905,MAPT;RASAL1;SFRP1,0.35033679788639077
GO_BP_2025,down,Negative Regulation of Protein Metabolic Process (GO:0051248),4,335,124,0.2825409017749703,CRYAB;EDNRB;LDLR;PLAT,0.35158285145682394
GO_BP_2025,down,Regulation of Wnt Signaling Pathway (GO:0030111),3,335,87,0.29232419240997726,FRZB;SFRP1;SFRP4,0.36239441081536505
GO_BP_2025,down,Cellular Response to Starvation (GO:0009267),4,335,128,0.30200685735837485,CAV1;GPR155;PLIN2;SFRP1,0.373001006662769
GO_BP_2025,down,Positive Regulation of Defense Response (GO:0031349),3,335,90,0.31014728847302653,CCL5;ETS1;TSLP,0.3802176017947103
GO_BP_2025,down,Positive Regulation of Proteasomal Protein Catabolic Process (GO:1901800),3,335,90,0.31014728847302653,CAV1;NEURL3;TF,0.3802176017947103
GO_BP_2025,down,Positive Regulation of Cell Projection Organization (GO:0031346),3,335,91,0.3160976682739107,ITGA6;SERPINI1;SLIT2,0.3846629713186193
GO_BP_2025,down,Transforming Growth Factor Beta Receptor Superfamily Signaling Pathway (GO:0141091),3,335,91,0.3160976682739107,ACVR1C;SMAD9;TGFBR3,0.3846629713186193
GO_BP_2025,down,Small GTPase-mediated Signal Transduction (GO:0007264),5,335,172,0.31780212184390166,C15ORF62;ELMO1;MRAS;RAPGEF3;RNASE1,0.38532052135652545
GO_BP_2025,down,rRNA Metabolic Process (GO:0016072),3,335,93,0.3280034453697259,CAVIN1;MAPT;MYC,0.39623773874955937
GO_BP_2025,down,Cellular Response to Insulin Stimulus (GO:0032869),3,335,94,0.33395594990666716,CEACAM1;ENPP1;PDE3B,0.40196152516038847
GO_BP_2025,down,Cellular Component Assembly (GO:0022607),6,335,218,0.335601253489024,AIF1L;FSCN1;HAS2;KRT14;RNASE1;RTN1,0.4024783148727063
GO_BP_2025,down,Antigen Receptor-Mediated Signaling Pathway (GO:0050851),3,335,95,0.3399063217633305,CD8A;PDE4B;TEC,0.404708606128282
GO_BP_2025,down,Regulation of Primary Metabolic Process (GO:0080090),3,335,95,0.3399063217633305,LDLR;PRX;SERPINA3,0.404708606128282
GO_BP_2025,down,Phosphorylation (GO:0016310),7,335,265,0.3524243807373996,ACVR1C;CCL2;EPHA7;ERN1;MAP3K21;RUNX3;TEC,0.4181092115558397
GO_BP_2025,down,Regulation of Gene Expression (GO:0010468),21,335,882,0.36095337573846537,ACTA2;C1QTNF1;CCL2;EGF;ETS1;FOXC1;MAPT;MYC;ODAM;OLFM1;PERM1;PRX;RORB;RUNX3;SFRP1;SFRP4;SFTPD;SLC39A8;SMOX;TESC;TGFBR3,0.42379579179703214
GO_BP_2025,down,Positive Regulation of Protein Phosphorylation (GO:0001934),4,335,140,0.36105865041318147,CHI3L1;EGF;ODAM;RNASE1,0.42379579179703214
GO_BP_2025,down,Regulation of Cellular Component Organization (GO:0051128),4,335,140,0.36105865041318147,CEACAM1;PTCH2;SPARC;SPARCL1,0.42379579179703214
GO_BP_2025,down,Positive Regulation of Angiogenesis (GO:0045766),3,335,100,0.3695793731653553,CHI3L1;ETS1;RAPGEF3,0.4307421567525796
GO_BP_2025,down,Regulation of G1/S Transition of Mitotic Cell Cycle (GO:2000045),3,335,100,0.3695793731653553,ADAMTS1;CCL2;PLCB1,0.4307421567525796
GO_BP_2025,down,Regulation of Small GTPase Mediated Signal Transduction (GO:0051056),4,335,142,0.3709245719767029,ARHGEF40;DLC1;SLIT2;STARD13,0.430793099383469
GO_BP_2025,down,Regulation of Intracellular Signal Transduction (GO:1902531),7,335,273,0.38076799587380866,ARHGEF40;CEACAM1;DLC1;MAPT;PDE3B;RAPGEF3;STARD13,0.43985880023851764
GO_BP_2025,down,Negative Regulation of MAPK Cascade (GO:0043409),3,335,102,0.3813881440134579,CAV1;MYC;SPRY4,0.43985880023851764
GO_BP_2025,down,Negative Regulation of Cytokine Production (GO:0001818),4,335,145,0.38570260341335727,APOD;CEACAM1;RNASE1;SFTPD,0.4432901448952127
GO_BP_2025,down,Positive Regulation of Developmental Process (GO:0051094),5,335,194,0.4123632946770974,CXCL12;PLCB1;RAPGEF3;SOX8;ZBED3,0.47229152435335375
GO_BP_2025,down,Regulation of MAPK Cascade (GO:0043408),5,335,196,0.420932603481005,CAV1;CEACAM1;EGF;EPHA7;TGFBR3,0.48044376466280225
GO_BP_2025,down,Regulation of Programmed Cell Death (GO:0043067),4,335,155,0.43455023462118186,BEX2;CRYAB;ETS1;IKZF3,0.49428222563440277
GO_BP_2025,down,Neuron Projection Development (GO:0031175),4,335,156,0.43938304480271256,CNTN4;EPB41L3;MAPT;PPP1R9A,0.4965327701432466
GO_BP_2025,down,Cellular Response to Oxidative Stress (GO:0034599),3,335,112,0.4395290080119978,MAPT;PLA2R1;PYCR1,0.4965327701432466
GO_BP_2025,down,Negative Regulation of Intracellular Signal Transduction (GO:1902532),6,335,247,0.44764321577183563,CAV1;DEPTOR;PDE11A;SLC39A8;SLIT2;TGFBR3,0.5039792667363183
GO_BP_2025,down,Regulation of Signal Transduction (GO:0009966),4,335,164,0.47756943896881815,GNG7;NCALD;PLCB1;RGS16,0.5354624819545359
GO_BP_2025,down,Negative Regulation of RNA Biosynthetic Process (GO:1902679),9,335,392,0.47884258204997776,CRYAB;ID3;ID4;LOXL2;PLCB1;RORB;SFRP1;SOX8;TBX3,0.5354624819545359
GO_BP_2025,down,Negative Regulation of Apoptotic Process (GO:0043066),9,335,395,0.4879866781404137,CAV1;CCL2;CRYAB;MYC;PRLR;SFRP1;SOX8;TBX3;TSLP,0.5438504729443668
GO_BP_2025,down,Protein Glycosylation (GO:0006486),3,335,122,0.4954781264506103,GALNT6;SLC39A8;ST3GAL5,0.550346509581047
GO_BP_2025,down,Regulation of Cytokine Production (GO:0001817),3,335,127,0.5223950778880018,CADM1;PLA2R1;SFTPD,0.578303581207119
GO_BP_2025,down,Nitrogen Compound Transport (GO:0071705),3,335,128,0.5276843951807125,SLC22A3;SLC2A9;TCN1,0.5822117826827194
GO_BP_2025,down,Regulation of Inflammatory Response (GO:0050727),4,335,178,0.5417731045832749,CCL5;ETS1;SLC39A8;TSLP,0.5955320297881436
GO_BP_2025,down,+ Reg of Phosphatidylinositol 3-Kinase/Prot Kinase B Signal Transduction (GO:0051897),3,335,131,0.5433555075408439,CCL5;CHI3L1;EGF,0.5955320297881436
GO_BP_2025,down,DNA-templated Transcription (GO:0006351),4,335,179,0.5462068928038665,CAVIN1;ETS1;ETV1;XAB2,0.5966814571553789
GO_BP_2025,down,Positive Regulation of Signal Transduction (GO:0009967),4,335,181,0.5550075677757181,CCL5;IL7R;SFRP1;TSLP,0.6032174337398084
GO_BP_2025,down,Negative Regulation of Programmed Cell Death (GO:0043069),7,335,324,0.5576572046053818,CRYAB;MYC;PRLR;SFRP1;SOX8;TBX3;TSLP,0.6032174337398084
GO_BP_2025,down,Protein Phosphorylation (GO:0006468),7,335,324,0.5576572046053818,ACVR1C;CCL2;ERN1;MAP3K21;PKDCC;RUNX3;TEC,0.6032174337398084
GO_BP_2025,down,Negative Regulation of Multicellular Organismal Process (GO:0051241),4,335,185,0.572332972512595,ACVR1C;ITGA4;LOXL2;SFRP1,0.6163787780198442
GO_BP_2025,down,Regulation of Neuron Projection Development (GO:0010975),3,335,137,0.5737755426116184,EFNB2;ITGA6;SERPINI1,0.6163787780198442
GO_BP_2025,down,Positive Regulation of RNA Biosynthetic Process (GO:1902680),10,335,472,0.5754110042541748,EGF;ETS1;FOXC1;MYC;PLCB1;RORB;RUNX3;SFRP1;SOX8;TESC,0.6163787780198442
GO_BP_2025,down,Protein Modification Process (GO:0036211),10,335,474,0.5808132488928487,ACVR1C;CCL2;CHRM3;ERN1;LOXL2;MAP3K21;PLAT;RUNX3;ST3GAL5;TEC,0.6201586625275255
GO_BP_2025,down,Regulation of Cell Cycle (GO:0051726),6,335,287,0.5935839442004138,BEX2;ETS1;MYC;RUNX3;SFRP1;TBX3,0.6317565451136238
GO_BP_2025,down,Positive Regulation of Transcription by RNA Polymerase II (GO:0045944),16,335,783,0.6337034623766813,ADIRF;BARX2;BEX2;ETS1;ETV1;FOXC1;ITGA6;KLF15;MYC;NRIP1;RORB;SMAD9;SMOX;SOX8;TBX3;ZBED3,0.6722943783547485
GO_BP_2025,down,Regulation of Autophagy (GO:0010506),4,335,210,0.6714558860112148,DEPTOR;EEF1A2;ERN1;MAPT,0.7100699625230418
GO_BP_2025,down,Negative Regulation of Transcription by RNA Polymerase II (GO:0000122),11,335,579,0.7157597097193799,CAV1;EDNRB;FOXC1;ID3;ID4;LOXL2;MYC;NRIP1;RUNX3;SOX8;TBX3,0.7545110315831679
GO_BP_2025,down,Macromolecule Biosynthetic Process (GO:0009059),3,335,173,0.7281105874261099,EEF1A2;ENPP1;HAS2,0.7650939823429916
GO_BP_2025,down,Protein-Containing Complex Assembly (GO:0065003),5,335,283,0.738527473420524,CXCL12;MAPT;PRLR;SRPRA;TSPAN33,0.7735841572854224
GO_BP_2025,down,Response to Endoplasmic Reticulum Stress (GO:0034976),3,335,177,0.7422242828975836,ATP2A3;DNAJB9;ERN1,0.7750039042242907
GO_BP_2025,down,Lipid Metabolic Process (GO:0006629),3,335,178,0.7456605888115428,APOD;HSD17B2;LDLR,0.7761435688572977
GO_BP_2025,down,Gene Expression (GO:0010467),6,335,339,0.7480207373938017,ADARB2;EEF1A2;ENPP1;TESC;TSPAN33;XAB2,0.7761594485183335
GO_BP_2025,down,Negative Regulation of DNA-templated Transcription (GO:0045892),15,335,811,0.7736144805836269,CAV1;CRYAB;EDNRB;FOXC1;ID3;ID4;LOXL2;MYC;NRIP1;PLCB1;RORB;RUNX3;SFRP1;SOX8;TBX3,0.8002074783536891
GO_BP_2025,down,Protein Stabilization (GO:0050821),3,335,189,0.7810889735016017,CRYAB;TESC;ZBED3,0.805421963330312
GO_BP_2025,down,Regulation of Canonical NF-kappaB Signal Transduction (GO:0043122),4,335,246,0.7843684240330246,CAV1;S100B;SLC39A8;TGFBR3,0.806291765077426
GO_BP_2025,down,Negative Regulation of Gene Expression (GO:0010629),5,335,304,0.792444202273763,ERN1;MAPT;OLFM1;SFRP1;SMOX,0.8120713032588718
GO_BP_2025,down,Positive Regulation of MAPK Cascade (GO:0043410),4,335,259,0.8167125171200373,CHI3L1;DIRAS1;EGF;PLCB1,0.8343575406380629
GO_BP_2025,down,mRNA Processing (GO:0006397),3,335,213,0.8443710871826261,ERN1;KCNN4;XAB2,0.8579353053852273
GO_BP_2025,down,Chromatin Organization (GO:0006325),4,335,272,0.8449755575697406,LOXL2;MYC;NAP1L2;PADI2,0.8579353053852273
GO_BP_2025,down,Plasma Membrane Bounded Cell Projection Assembly (GO:0120031),3,335,241,0.8976378406731802,AIF1L;FSCN1;RNASE1,0.9086181200697941
GO_BP_2025,down,Organelle Organization (GO:0006996),5,335,381,0.9194396837971344,CAV1;CCL2;DST;MYC;SPTBN5,0.927849193100157
GO_BP_2025,down,Regulation of RNA Biosynthetic Process (GO:2001141),5,335,388,0.9265777912500979,FOXC1;PERM1;RORB;RUNX3;SLC39A8,0.93221048299022
GO_BP_2025,down,Positive Regulation of Intracellular Signal Transduction (GO:1902533),7,335,523,0.93961432500029,CAV1;CCL5;CHI3L1;EGF;ERN1;S100B;TGFBR3,0.9424616411366545
GO_BP_2025,down,DNA Damage Response (GO:0006974),4,335,394,0.9734267962039937,CGAS;LDLR;MAPT;MYC,0.9734267962039937
GO_BP_2025,up,Cilium Assembly (GO:0060271),106,2300,209,1.6414881535808273e-34,ALPK3;ARL3;ARL6;ARMC9;B9D1;B9D2;BBIP1;BBOF1;BBS2;BBS4;BBS5;CC2D2A;CCDC13;CCDC39;CCDC40;CCDC57;CCDC65;CCNO;CDC14A;CEP126;CEP162;CEP164;CEP19;CEP290;CEP89;CFAP20;CFAP206;CFAP221;CFAP298;CFAP43;CFAP46;CFAP53;CFAP54;CFAP58;CFAP70;CFAP74;CLUAP1;CPLANE2;DNAAF1;DNAH5;DNAI2;DYNC2H1;DYNC2LI1;DYNLL1;ENKD1;FAM161A;FBF1;FOXJ1;FUZ;GAS8;GORAB;GSN;HYLS1;IFT122;IFT140;IFT172;IFT22;IFT27;IFT43;IFT46;IFT52;IFT80;IFT81;IFT88;INTU;IQUB;KIAA0753;KIF27;KIF3B;LRGUK;MKS1;NUDT19;PLK4;POC1A;POC1B;RAB34;RABL2B;RFX2;RFX3;RPGRIP1L;RSPH1;RSPH4A;RSPH9;SNAP29;SPACA9;SPAG16;SPAG17;SPATA6;STK36;TCTN1;TCTN2;TEKT2;TEKT3;TMEM107;TMEM138;TMEM231;TMEM67;TOGARAM1;TRAF3IP1;TTC8;UBXN10;UNC119B;WDR19;WDR35;WDR90;ZMYND10,2.696965036333299e-31
GO_BP_2025,up,Cilium Organization (GO:0044782),93,2300,199,6.0046526595361476e-27,ALPK3;ARL3;ARL6;ARMC2;ARMC9;B9D1;B9D2;BBIP1;BBS2;BBS4;BBS5;CATIP;CC2D2A;CCDC57;CCDC65;CCNO;CDC14A;CEP126;CEP162;CEP164;CEP19;CEP290;CEP78;CEP89;CFAP126;CFAP20;CFAP221;CFAP298;CFAP43;CFAP53;CFAP54;CFAP58;CFAP61;CFAP70;CLUAP1;CPLANE2;DNAAF1;DNAH5;DNAI2;DYNC2H1;FAM161A;FBF1;FOXJ1;FUZ;GSN;HYLS1;IFT122;IFT140;IFT172;IFT22;IFT27;IFT43;IFT46;IFT52;IFT80;IFT81;IFT88;INTU;IQCG;IQUB;KIAA0753;KIF27;KIF3B;MKS1;MNS1;NUDT19;PLK4;POC1A;POC1B;RAB34;RABL2B;RFX2;RFX3;SNAP29;SPAG16;STK36;TCTN1;TCTN2;TEKT2;TEKT3;TMEM107;TMEM138;TMEM231;TMEM67;TOGARAM1;TRAF3IP1;TTC29;TTC8;UBXN10;UNC119B;WDR19;WDR35;WDR90,4.9328221598089455e-24
GO_BP_2025,up,Cilium Movement (GO:0003341),34,2300,39,1.640235516106846e-23,CCDC39;CCDC40;CFAP206;CFAP53;CFAP54;CFAP61;CFAP70;CFAP73;DNAAF1;DNAAF4;DNAAF5;DNAH10;DNAH11;DNAH2;DNAH3;DNAH5;DNAH6;DNAH7;DNAH9;DNAI2;DYNC2H1;GAS8;HYDIN;NME5;ROPN1L;RSPH4A;RSPH9;SPA17;SPAG17;SPAG6;SPEF2;TEKT2;TEKT3;TTC29,8.983023176545159e-21
GO_BP_2025,up,Plasma Membrane Bounded Cell Projection Assembly (GO:0120031),96,2300,241,1.826882878166919e-21,ABLIM2;AIF1;ALPK3;ARHGEF6;ARL3;ARL6;ARMC9;B9D1;B9D2;BBIP1;BBS2;BBS4;BBS5;CC2D2A;CCDC57;CCDC65;CCNO;CDC14A;CEP126;CEP162;CEP164;CEP19;CEP290;CEP89;CFAP20;CFAP221;CFAP298;CFAP43;CFAP53;CFAP54;CFAP58;CFAP70;CLUAP1;CPLANE2;DNAAF1;DNAH5;DNAI2;DYNC2H1;EMP2;FAM161A;FBF1;FOXJ1;FUZ;GSN;HYLS1;IFT122;IFT140;IFT172;IFT22;IFT27;IFT43;IFT46;IFT52;IFT80;IFT81;IFT88;INTU;IQUB;KIAA0753;KIF27;KIF3B;MKS1;MTSS1;NTN1;NUDT19;PLK4;POC1A;POC1B;PPP1R9B;PTPRU;RAB34;RABL2B;RFX2;RFX3;RHOD;SNAP29;SPAG16;SPAG6;SRGAP2;STK36;TCTN1;TCTN2;TEKT2;TEKT3;TMEM107;TMEM138;TMEM231;TMEM67;TOGARAM1;TRAF3IP1;TTC8;UBXN10;UNC119B;WDR19;WDR35;WDR90,7.50392142207062e-19
GO_BP_2025,up,Organelle Assembly (GO:0070925),104,2300,303,1.4074523949020074e-17,ALPK3;AP4M1;ARL3;ARL6;ARMC9;ATG2B;ATG9B;B9D1;B9D2;BBIP1;BBS2;BBS4;BBS5;BECN1;CAPRIN1;CC2D2A;CCDC57;CCDC65;CCNO;CDC14A;CEP126;CEP162;CEP164;CEP19;CEP290;CEP89;CFAP20;CFAP221;CFAP298;CFAP43;CFAP53;CFAP54;CFAP58;CFAP70;CHMP5;CLUAP1;CPLANE2;DNAAF1;DNAH5;DNAI2;DYNC2H1;EMC6;FAM161A;FBF1;FOXJ1;FUZ;GSN;HPS3;HYLS1;IFT122;IFT140;IFT172;IFT22;IFT27;IFT43;IFT46;IFT52;IFT80;IFT81;IFT88;INTU;IQUB;KIAA0753;KIF27;KIF3B;MKS1;MVB12B;NUDT19;PACS2;PDCD6IP;PLK4;POC1A;POC1B;RAB11A;RAB34;RABL2B;RFX2;RFX3;SNAP29;SPAG16;STK36;TCTN1;TCTN2;TEKT2;TEKT3;TMEM107;TMEM138;TMEM231;TMEM67;TOGARAM1;TP53INP1;TRAF3IP1;TRIM32;TSG101;TTC8;UBQLN2;UBXN10;ULK2;UNC119B;VPS25;VPS37D;WDR19;WDR35;WDR90,4.6248885696479964e-15
GO_BP_2025,up,Axoneme Assembly (GO:0035082),22,2300,27,2.207481318508002e-14,CCDC40;CCDC65;CFAP206;CFAP46;CFAP74;DNAAF1;DNAJB13;DRC1;FOXJ1;GAS8;HYDIN;LRGUK;LRRC23;RSPH1;RSPH4A;RSPH9;SPACA9;SPAG16;SPAG17;STK36;TOGARAM1;TTC12,6.0448196771810785e-12
GO_BP_2025,up,Cilium-Dependent Cell Motility (GO:0060285),19,2300,21,2.8122581794448215e-14,CCDC65;CFAP54;DNAH1;DNAH10;DNAH11;DNAH2;DNAH3;DNAH5;DNAH6;DNAH7;DNAH9;DRC1;DYNC2H1;EFHC1;GAS8;RFX3;RSPH9;TEKT2;TEKT3,6.600771698325488e-12
GO_BP_2025,up,Axonemal Dynein Complex Assembly (GO:0070286),16,2300,18,6.340291075317012e-12,CCDC40;CCDC65;CFAP73;DNAAF1;DNAAF4;DNAAF5;DNAH1;DNAH2;DNAH5;DNAH7;DNAI2;DNAL1;DRC1;LRRC61;TTC12;ZMYND10,1.3021372795932313e-09
GO_BP_2025,up,Cilium Movement Involved in Cell Motility (GO:0060294),13,2300,14,2.0772469336983056e-10,DNAH10;DNAH11;DNAH2;DNAH3;DNAH5;DNAH6;DNAH7;DNAH9;DYNC2H1;GAS8;RSPH9;TEKT2;TEKT3,3.792129680073685e-08
GO_BP_2025,up,Motile Cilium Assembly (GO:0044458),12,2300,14,7.86914267896286e-09,BBOF1;BBS5;CCDC39;CCDC40;CFAP221;DNAAF1;DYNLL1;ENKD1;RSPH9;SPAG17;SPATA6;ZMYND10,1.2929001421535978e-06
GO_BP_2025,up,Microtubule Bundle Formation (GO:0001578),21,2300,41,5.145839928409634e-08,CCDC40;CFAP206;CFAP46;CFAP74;DNAAF1;FOXJ1;GAS8;KIF20A;LRGUK;NAV1;PLK1;PSRC1;RSPH1;RSPH4A;RSPH9;SPACA9;SPAG16;STK36;TOGARAM1;TPPP3;TTLL6,7.686013638524572e-06
GO_BP_2025,up,Intraciliary Anterograde Transport (GO:0035720),11,2300,14,1.8383072692474564e-07,CLUAP1;IFT122;IFT172;IFT22;IFT27;IFT46;IFT52;IFT80;IFT81;IFT88;TRAF3IP1,2.5169490361446424e-05
GO_BP_2025,up,Intraciliary Retrograde Transport (GO:0035721),9,2300,10,3.078899592877532e-07,DYNC2H1;DYNC2LI1;DYNLL1;IFT122;IFT140;IFT43;TTC21A;WDR19;WDR35,3.891255408536758e-05
GO_BP_2025,up,Epithelial Cilium Movement Involved in Extracellular Fluid Movement (GO:0003351),12,2300,17,3.445533183215138e-07,CCDC39;CCDC40;CFAP53;DNAAF1;DNAAF4;NEK10;RFX3;ROPN1L;SPA17;SPAG17;SPAG6;SPEF2,4.0435793000160514e-05
GO_BP_2025,up,Determination of Left/Right Symmetry (GO:0007368),16,2300,32,3.0808787441240806e-06,CCDC39;CCDC40;CFAP45;CFAP52;CFAP53;DNAAF1;DNAAF4;DNAH11;DNAH5;DNAI2;ENKUR;FOXJ1;KIF3B;MEGF8;RFX3;STIL,0.0003374589184397243
GO_BP_2025,up,Protein Localization to Cilium (GO:0061512),16,2300,37,3.143640839733644e-05,ARL6;BBS4;CC2D2A;CEP78;CFAP58;DNAH11;IFT122;IFT140;NPHP4;RAB11A;TCTN1;TCTN2;TMEM107;TTC21A;WDR19;WDR35,0.0032281261873014855
GO_BP_2025,up,Non-Motile Cilium Assembly (GO:1905515),14,2300,30,3.476255905046956e-05,BBS4;CC2D2A;CCDC13;CEP290;CEP89;ENKD1;FUZ;GORAB;IFT122;IFT88;RPGRIP1L;TMEM107;TOGARAM1;TTC8,0.0033596990894071465
GO_BP_2025,up,Extracellular Transport (GO:0006858),8,2300,12,6.737297868459295e-05,CCDC40;DNAAF4;ROPN1L;SPA17;SPAG17;SPAG6;SPEF2;TSG101,0.006149655776599235
GO_BP_2025,up,Left/Right Pattern Formation (GO:0060972),11,2300,22,0.00011169810388234564,CFAP53;DNAAF1;DNAAF4;DNAH11;DNAH5;DNAI2;FOXJ1;IFT122;KIF3B;MEGF8;STIL,0.00965894656203652
GO_BP_2025,up,Renal System Development (GO:0072001),15,2300,38,0.00019289600266713674,ARL3;CEP290;HNF1B;IFT27;IFT88;KCTD11;PCSK5;PKD1;PROX1;STRA6;SULF1;TBX18;TGFB2;TRAF3IP1;WNT4,0.01584640661910528
GO_BP_2025,up,Kidney Development (GO:0001822),17,2300,47,0.000257495863821109,ARL3;BMP7;CEP290;GDNF;HNF1B;IFT27;IFT88;KCTD11;PCSK5;PKD1;PRKX;PROX1;STRA6;SULF1;TGFB2;TRAF3IP1;WNT4,0.02014598591705153
GO_BP_2025,up,Microtubule-Based Transport (GO:0099111),7,2300,11,0.0003053382765180045,CCDC40;DNAAF4;ROPN1L;SPA17;SPAG17;SPAG6;SPEF2,0.022803217650867336
GO_BP_2025,up,Respiratory Tube Development (GO:0030323),9,2300,20,0.001249760226199742,CCDC39;CCDC40;DNAAF1;ITGA3;LOXL3;PCSK5;PROX1;STRA6;WNT7B,0.08927635007157288
GO_BP_2025,up,Respiratory System Development (GO:0060541),10,2300,24,0.0013872651000646618,BASP1;CCDC39;CCDC40;DNAAF1;ITGA3;LOXL3;PROX1;SPEF2;STRA6;WNT7B,0.09496985664192664
GO_BP_2025,up,Determination of Bilateral Symmetry (GO:0009855),8,2300,18,0.00257769282302384,CFAP53;DNAAF4;DNAH11;DNAH5;DNAI2;FOXJ1;KIF3B;STIL,0.16940597232912677
GO_BP_2025,up,Positive Regulation of Cilium Assembly (GO:0045724),9,2300,22,0.002795241210224036,BBS4;CEP120;CROCC;ENTR1;FUZ;IFT88;KCTD17;WRAP73;ZMYND10,0.17224059948128687
GO_BP_2025,up,Lung Development (GO:0030324),10,2300,26,0.002830490679242085,CCDC39;CCDC40;DNAAF1;FOXJ1;ITGA3;LOXL3;PKD1;PROX1;STRA6;WNT7B,0.17224059948128687
GO_BP_2025,up,Mitotic Spindle Organization (GO:0007052),23,2300,86,0.0030333577713973184,ABRAXAS1;CCNB1;CEP126;DLGAP5;EFHC1;EML1;GPSM2;KIF11;KIF15;KIF23;KIF3B;KIF4A;MAP9;MISP;NUF2;PLK1;RAB11A;RANGRF;STIL;TTK;TUBG1;UHRF1;WRAP73,0.17262671464999615
GO_BP_2025,up,ATP Metabolic Process (GO:0046034),15,2300,48,0.003160332064289958,BAD;CTNS;ENO2;ENO4;FIGNL1;GAPDH;NADK;NMNAT1;NUDT2;NUDT5;PFKM;PGK1;PKM;TPI1;UCP2,0.17262671464999615
GO_BP_2025,up,Regulation of Cytokinesis (GO:0032465),19,2300,67,0.003331013641224493,BBS4;BCL2L1;BECN1;CALM3;CDC14A;CETN2;DCDC1;E2F7;ECT2;ENTR1;GIPC1;KIF20A;KIF23;KLHL13;MAP9;PLK1;RAB11A;RAB11FIP4;RACGAP1,0.17262671464999615
GO_BP_2025,up,Regulation of Organelle Assembly (GO:1902115),21,2300,77,0.003500519429973495,C9ORF72;DYNC2LI1;FUZ;GSN;HCK;IFT140;IFT88;INTU;KIF9;PDCD6IP;RAB11A;SDCCAG8;STIL;STX18;TBC1D10C;TBC1D14;TBC1D22A;TRAPPC12;TSG101;UBQLN2;VPS11,0.17262671464999615
GO_BP_2025,up,ADP Catabolic Process (GO:0046032),8,2300,19,0.003876885024492613,ENO2;ENO4;GAPDH;PFKM;PGK1;PKM;TPI1;UCP2,0.17262671464999615
GO_BP_2025,up,Glycolytic Process (GO:0006096),8,2300,19,0.003876885024492613,ENO2;ENO4;GAPDH;PFKM;PGK1;PKM;TPI1;UCP2,0.17262671464999615
GO_BP_2025,up,Positive Regulation of G2/M Transition of Mitotic Cell Cycle (GO:0010971),8,2300,19,0.003876885024492613,CCNB1;CDC25A;CDK1;DTL;RAB11A;RCC2;RRM2B;STOX1,0.17262671464999615
GO_BP_2025,up,Prostanoid Metabolic Process (GO:0006692),8,2300,19,0.003876885024492613,AKR1C3;CBR1;CES2;CYP2S1;GSTP1;HPGDS;PTGES;PTGR1,0.17262671464999615
GO_BP_2025,up,Mitotic Spindle Assembly Checkpoint Signaling (GO:0007094),9,2300,23,0.00399258378374915,BUB1;BUB1B;CDC20;MAD2L1;NUF2;PLK1;TRIP13;TTK;ZWINT,0.17262671464999615
GO_BP_2025,up,Mitotic Spindle Checkpoint Signaling (GO:0071174),9,2300,23,0.00399258378374915,BUB1;BUB1B;CDC20;MAD2L1;NUF2;PLK1;TRIP13;TTK;ZWINT,0.17262671464999615
GO_BP_2025,up,Spindle Assembly Checkpoint Signaling (GO:0071173),9,2300,23,0.00399258378374915,BUB1;BUB1B;CDC20;MAD2L1;NUF2;PLK1;TRIP13;TTK;ZWINT,0.17262671464999615
GO_BP_2025,up,Regulation of Mitotic Spindle Organization (GO:0060236),12,2300,37,0.005703303002854927,BORA;CHMP5;CLTC;EML3;GPSM2;MAP9;PDCD6IP;PLK1;PSRC1;RIPOR2;STIL;TACC3,0.24026991881258064
GO_BP_2025,up,Epithelium Development (GO:0060429),25,2300,101,0.006180026811731614,ACD;ANXA4;BDH2;CBR1;CDK1;CLDN3;DAG1;DHRS9;DNPH1;FOXJ1;FUZ;IFT122;INTU;LOXL3;PCNA;PGK1;PKD1;PROX1;RIPK4;STIL;TGFB2;TNNC1;UPK1B;WNT4;WNT7B,0.2505639122125944
GO_BP_2025,up,Microtubule Cytoskeleton Organization Involved in Mitosis (GO:1902850),16,2300,56,0.006252660012608867,CCNB1;CDK1;CEP126;DLGAP5;EFHC1;EML1;GPSM2;KIF11;KIF3B;KIF4A;NUF2;PLK1;STIL;TACC3;TTK;TUBG1,0.2505639122125944
GO_BP_2025,up,Superoxide Metabolic Process (GO:0006801),10,2300,29,0.00699349328368704,CYB5R4;CYBB;DUOX1;MB;NCF1;NCF2;NCF4;NQO1;PRDX1;RAC2,0.27357879678804303
GO_BP_2025,up,Negative Regulation of Mitotic Metaphase/Anaphase Transition (GO:0045841),9,2300,25,0.007552211728613861,BUB1;BUB1B;CDC20;MAD2L1;NUF2;PLK1;TRIP13;TTK;ZWINT,0.28200645159346754
GO_BP_2025,up,Prostaglandin Metabolic Process (GO:0006693),9,2300,25,0.007552211728613861,AKR1C3;CES2;CYP2S1;EDN2;GSTP1;HPGDS;PTGES;PTGR1;PTGS1,0.28200645159346754
GO_BP_2025,up,Spermatid Development (GO:0007286),13,2300,43,0.007902474829402695,ADGB;ARMC3;BBS4;CCDC146;CFAP53;CIB1;IQCG;NME5;RFX2;RSPH1;SPAG17;STK33;TTC21A,0.28285632537674404
GO_BP_2025,up,Regulation of Spindle Organization (GO:0090224),7,2300,17,0.007919288476768245,BORA;CLTC;GPSM2;MAP9;PSRC1;STIL;TACC3,0.28285632537674404
GO_BP_2025,up,Cellular Component Assembly (GO:0022607),46,2300,218,0.008150597902688182,ACD;AIF1;BAIAP2;BECN1;CALML4;CCDC146;CCDC40;CEP290;CFAP206;CFAP46;CFAP53;CFAP58;CFAP74;CLDN3;DET1;DNAAF1;DNAJB13;DPYSL3;ESPN;FOXJ1;GAS8;GSN;HAS3;HYDIN;JCHAIN;LRGUK;NCKAP1L;OTX2;PLS1;POT1;PTK2B;RHOD;RSPH1;RSPH4A;RSPH9;SPACA9;SPAG16;SPAG17;STK33;STK36;SYCE3;TOGARAM1;TRIP13;TUBGCP2;VDAC3;WDR19,0.2849240926407805
GO_BP_2025,up,"Regulation of Phagocytosis, Engulfment (GO:0060099)",5,2300,10,0.009546775519121793,APPL2;C3;NCKAP1L;PLCG2;RAB31,0.32010922812075726
GO_BP_2025,up,Thyroid Hormone Generation (GO:0006590),5,2300,10,0.009546775519121793,CTSK;DUOX1;FOXE1;SLC5A5;TPO,0.32010922812075726
GO_BP_2025,up,Establishment of Spindle Orientation (GO:0051294),11,2300,35,0.01032613776557925,DYNLT1;ENKD1;GPSM2;LLGL2;MAD2L1;MISP;MOCOS;NDE1;PLK1;SKA2;SKA3,0.32921686231379715
GO_BP_2025,up,Positive Regulation of Cell Cycle G2/M Phase Transition (GO:1902751),8,2300,22,0.010852228344376656,CCNB1;CDC25A;CDK1;DTL;RAB11A;RCC2;RRM2B;STOX1,0.32921686231379715
GO_BP_2025,up,Negative Regulation of Chemokine Production (GO:0032682),6,2300,14,0.011093151693672865,C1QTNF3;GSTP1;IL10;OAS1;OAS3;SIGIRR,0.32921686231379715
GO_BP_2025,up,Negative Regulation of Viral Transcription (GO:0032897),6,2300,14,0.011093151693672865,IFITM3;TRIM13;TRIM14;TRIM31;TRIM32;TRIM62,0.32921686231379715
GO_BP_2025,up,Superoxide Anion Generation (GO:0042554),6,2300,14,0.011093151693672865,CYBB;DUOX1;NCF1;NCF2;NCF4;RAC2,0.32921686231379715
GO_BP_2025,up,Thyroid Hormone Metabolic Process (GO:0042403),6,2300,14,0.011093151693672865,CRYM;CTSK;DUOX1;FOXE1;SLC5A5;TPO,0.32921686231379715
GO_BP_2025,up,Negative Regulation of Viral Genome Replication (GO:0045071),12,2300,40,0.011221025130598078,APOBEC3D;APOBEC3G;BST2;FAM111A;HMGA2;IFIT1;IFITM2;IFITM3;OAS1;OAS2;OAS3;PROX1,0.32921686231379715
GO_BP_2025,up,Positive Regulation of Organelle Assembly (GO:1902117),16,2300,60,0.012574451538899,BBS4;CAPRIN1;CEP120;CNOT6;CROCC;ENTR1;FUZ;GPSM2;IFT88;KCTD17;PDCD6IP;PLK4;SDC1;STIL;STX18;TRIM32,0.3624530504984396
GO_BP_2025,up,G2/M Transition of Mitotic Cell Cycle (GO:0000086),11,2300,36,0.01291369235871186,CCDC57;CCNA2;CCNB1;CCNY;CDC25A;CDK1;FBXL7;FOXM1;KDM8;MELK;PLK1,0.3658137335407515
GO_BP_2025,up,Mitotic Spindle Assembly (GO:0090307),13,2300,46,0.014321441246557492,ABRAXAS1;KIF11;KIF15;KIF23;KIF3B;KIF4A;MAP9;MISP;RAB11A;RACGAP1;RANGRF;UHRF1;WRAP73,0.39139554296487405
GO_BP_2025,up,Pyridine Nucleotide Catabolic Process (GO:0019364),8,2300,23,0.014510705443378005,ENO2;ENO4;GAPDH;PFKM;PGK1;PKM;TPI1;UCP2,0.39139554296487405
GO_BP_2025,up,Positive Regulation of Mitotic Cell Cycle Phase Transition (GO:1901992),16,2300,61,0.014750868357174724,AIF1;CCNB1;CDC16;CDC20;CDC25A;CDK1;CPSF3;DLGAP5;DTL;RAB11A;RCC2;RRM2;RRM2B;STIL;STOX1;UBE2C,0.39139554296487405
GO_BP_2025,up,Negative Regulation of Viral Process (GO:0048525),15,2300,56,0.014769643130749964,APOBEC3G;BST2;FAM111A;IFIT1;IFITM2;IFITM3;OAS1;OAS2;OAS3;PROX1;TRIM13;TRIM14;TRIM31;TRIM32;TRIM62,0.39139554296487405
GO_BP_2025,up,Cardiac Atrium Morphogenesis (GO:0003209),5,2300,11,0.01538010814955912,HEY2;MESP1;PROX1;TGFB2;ZFPM1,0.4011034553924704
GO_BP_2025,up,Glycerolipid Catabolic Process (GO:0046503),6,2300,15,0.01619569667600065,ABHD2;ABHD6;GDPD3;LYPLA2;PNPLA6;PRDX5,0.4157739006042042
GO_BP_2025,up,Carbohydrate Catabolic Process (GO:0016052),9,2300,28,0.01684568316134554,ENO2;ENO4;GAPDH;NAGA;PFKM;PGK1;PKM;TPI1;UCP2,0.4258070374475496
GO_BP_2025,up,Pyruvate Metabolic Process (GO:0006090),10,2300,33,0.018467022211268978,DLAT;ENO2;ENO4;GAPDH;PCDHGA5;PFKM;PGK1;PKM;TPI1;UCP2,0.4597169317138626
GO_BP_2025,up,Macrophage Activation (GO:0042116),9,2300,29,0.021279168606291875,AIF1;AZU1;C1QA;C5AR1;EDN2;IL13;NMI;PLCG2;SYK,0.5218160301513067
GO_BP_2025,up,Interstrand Cross-Link Repair (GO:0036297),10,2300,34,0.022763510279669563,DCLRE1A;ERCC4;FAAP100;FAAP20;FAAP24;FANCF;FANCI;RAD51AP1;RFWD3;XRCC3,0.5441548356555433
GO_BP_2025,up,Positive Regulation of Mitotic Metaphase/Anaphase Transition (GO:0045842),5,2300,12,0.02318371180516618,CDC16;CDC20;DLGAP5;SKA3;UBE2C,0.5441548356555433
GO_BP_2025,up,Regulation of Attachment of Spindle Microtubules to Kinetochore (GO:0051988),5,2300,12,0.02318371180516618,CDK1;ECT2;NEK2;RACGAP1;RCC2,0.5441548356555433
GO_BP_2025,up,Cell Cycle G2/M Phase Transition (GO:0044839),11,2300,39,0.023636465617577457,CCDC57;CCNA2;CCNB1;CCNY;CDC25A;CDK1;FBXL7;FOXM1;KDM8;MELK;PLK1,0.546967788868729
GO_BP_2025,up,Digestive Tract Development (GO:0048565),8,2300,25,0.024369798404309757,CCDC39;CCDC40;DNAAF1;MEGF8;PCSK5;PKD1;STRA6;TGFB2,0.5484873805243964
GO_BP_2025,up,Neutral Amino Acid Transport (GO:0015804),8,2300,25,0.024369798404309757,LLGL2;SLC38A6;SLC38A7;SLC38A9;SLC6A14;SLC6A6;SLC7A6;SLC7A7,0.5484873805243964
GO_BP_2025,up,Regulation of Cilium Assembly (GO:1902017),18,2300,75,0.024774972239179162,BBS4;CEP120;CROCC;DYNC2LI1;ENTR1;FUZ;IFT140;IFT88;INTU;KCTD17;LIMK2;RAB11A;SDCCAG8;TBC1D10C;TBC1D14;TBC1D22A;TCHP;TRIM32,0.5500713430942076
GO_BP_2025,up,DNA Repair (GO:0006281),54,2300,280,0.02560864198926719,ABRAXAS1;ACTR8;ARTN;ASCC1;BRCA1;CDK1;CENPS-CORT;CETN2;CIB1;DCLRE1A;DDB2;ERCC3;ERCC4;FAAP100;FAAP20;FAAP24;FAM111A;FANCF;FANCI;GTF2H5;HMGA2;KMT5C;MGME1;MGMT;MSH3;PARP4;PCNA;PLK1;PMS1;PNKP;POLD3;POLI;PPP5C;RAD51AP1;RAD51D;REC8;RECQL5;RFC5;RFWD3;RMI2;RPA3;RRAD;RRM2B;SMUG1;TP73;TRAIP;TRIP13;UBE2T;UBE2V2;UPF1;XRCC1;XRCC3;XRCC4;ZRANB3,0.5609999838448799
GO_BP_2025,up,Diterpenoid Metabolic Process (GO:0016101),7,2300,21,0.027629978502336935,AKR1B1;AKR1C3;CYP4V2;DHRS3;LRP8;PLB1;RDH10,0.5862529195074877
GO_BP_2025,up,Negative Regulation of Small Molecule Metabolic Process (GO:0062014),7,2300,21,0.027629978502336935,ATP2B4;C1QTNF3;PGK1;PGP;TELO2;UGT1A6;WNT4,0.5862529195074877
GO_BP_2025,up,Mitotic Sister Chromatid Segregation (GO:0000070),25,2300,114,0.027831848887147924,ABRAXAS1;BECN1;CCNB1;CENPI;CENPK;CHMP5;DLGAP5;EML3;KIF11;KIF15;KIF23;KIF3B;MAP9;MISP;PDCD6IP;PLK1;PSRC1;RAB11A;RANGRF;SKA2;SKA3;TUBG1;UHRF1;WRAP73;ZWINT,0.5862529195074877
GO_BP_2025,up,Regulation of Smoothened Signaling Pathway (GO:0008589),12,2300,45,0.028487113648368218,ARMC9;FUZ;GAS8;GPC3;IFT122;IFT81;INTU;MEGF8;OTX2;RAB34;STK36;TEDC1,0.5924598446109998
GO_BP_2025,up,Long-Term Synaptic Potentiation (GO:0060291),6,2300,17,0.030780149387514895,CALM3;NFATC4;NPTN;PTK2B;RGS14;TSHZ3,0.6321473180460871
GO_BP_2025,up,Regulation of Lymphocyte Activation (GO:0051249),5,2300,13,0.03314843786238437,CD19;CD4;DCAF15;SPNS1;THEMIS2,0.67238127664071
GO_BP_2025,up,Retinoid Metabolic Process (GO:0001523),11,2300,41,0.033691848270590574,AKR1B1;AKR1C3;BCO2;CYP26A1;CYP2S1;CYP4V2;DHRS3;DHRS9;LRP8;PLB1;RDH10,0.675069594007077
GO_BP_2025,up,Proteoglycan Metabolic Process (GO:0006029),7,2300,22,0.035459595242718425,B3GALT6;CHST10;CHST11;CHST9;HS3ST4;IGF1;SULF1,0.7019290961901973
GO_BP_2025,up,Negative Regulation of Peptidase Activity (GO:0010466),6,2300,18,0.04051098122578774,CSTA;CSTB;EPPIN;GAPDH;SERPINB13;SERPINB6,0.7739481645810378
GO_BP_2025,up,Positive Regulation of Epithelial Cell Differentiation (GO:0030858),6,2300,18,0.04051098122578774,BAD;FOXJ1;IL13;MESP1;RFX3;TP73,0.7739481645810378
GO_BP_2025,up,Regulation of Viral Transcription (GO:0046782),6,2300,18,0.04051098122578774,IFITM3;TRIM13;TRIM14;TRIM31;TRIM32;TRIM62,0.7739481645810378
GO_BP_2025,up,Mitotic Cytokinesis (GO:0000281),14,2300,58,0.042371181207604344,ANLN;ARL3;BBS4;ECT2;EFHC1;KIF20A;KIF23;KIF4A;KLHDC8B;PDCD6IP;PLK1;RACGAP1;SNX33;SYNGAP1,0.8001821922309648
GO_BP_2025,up,Androgen Metabolic Process (GO:0008209),5,2300,14,0.045401374622779656,CHST10;DHRS9;SRD5A1;SRD5A2;SRD5A3,0.8175049921570001
GO_BP_2025,up,Metanephros Development (GO:0001656),5,2300,14,0.045401374622779656,BMP7;GDNF;PKD1;SIX4;WNT7B,0.8175049921570001
GO_BP_2025,up,Neural Tube Development (GO:0021915),5,2300,14,0.045401374622779656,FUZ;INTU;PKD1;PROX1;STIL,0.8175049921570001
GO_BP_2025,up,Response to Axon Injury (GO:0048678),5,2300,14,0.045401374622779656,DHFR;DPYSL3;MAPK8IP3;NREP;PLCG2,0.8175049921570001
GO_BP_2025,up,Organic Cation Transport (GO:0015695),11,2300,43,0.04643878826712742,LLGL2;SLC19A2;SLC22A16;SLC22A4;SLC29A4;SLC38A9;SLC44A4;SLC6A14;SLC6A6;SLC7A6;SLC7A7,0.8175049921570001
GO_BP_2025,up,Regulation of Cell Cycle Process (GO:0010564),27,2300,131,0.04679203631141318,ANKK1;ARID1A;BBS4;BCL2L1;BCL7A;BECN1;BORA;BUB1;CALM3;CDK5;CETN2;CUL9;ECT2;ENTR1;HMGA2;KIF11;KIF20A;KLHL13;MAP9;MKI67;NEK2;PLK1;RAB11A;RAB11FIP4;RACGAP1;USP19;USP51,0.8175049921570001
GO_BP_2025,up,Nicotinamide Nucleotide Metabolic Process (GO:0046496),10,2300,38,0.04719480217077924,CD38;ENO2;ENO4;GAPDH;MDH1B;PFKM;PGK1;PKM;TPI1;UCP2,0.8175049921570001
GO_BP_2025,up,RNA Localization to Cajal Body (GO:0090670),4,2300,10,0.048761709818250766,RUVBL1;RUVBL2;SHQ1;WRAP53,0.8175049921570001
GO_BP_2025,up,Myeloid Cell Activation Involved in Immune Response (GO:0002275),4,2300,10,0.048761709818250766,FCER1G;NMI;PLCG2;SYK,0.8175049921570001
GO_BP_2025,up,Positive Regulation of B Cell Differentiation (GO:0045579),4,2300,10,0.048761709818250766,IL10;NCKAP1L;SPI1;SYK,0.8175049921570001
GO_BP_2025,up,Regulation of Cellular Response to Oxidative Stress (GO:1900407),4,2300,10,0.048761709818250766,ALOX5;BMP7;DHFR;SLC25A14,0.8175049921570001
GO_BP_2025,up,Morphogenesis of an Epithelium (GO:0002009),6,2300,19,0.051980932817037195,DAG1;PRKX;RIPK4;TBX18;TNNC1;TRAF3IP1,0.8373007119450208
GO_BP_2025,up,Neuropeptide Signaling Pathway (GO:0007218),6,2300,19,0.051980932817037195,CYSLTR1;LTB4R2;NMU;NXPH4;SORCS2;SORL1,0.8373007119450208
GO_BP_2025,up,Regulation of Vacuole Organization (GO:0044088),6,2300,19,0.051980932817037195,C9ORF72;IFT88;LAPTM4B;MTM1;TBC1D14;UBQLN2,0.8373007119450208
GO_BP_2025,up,Sensory Perception (GO:0007600),6,2300,19,0.051980932817037195,BBS4;C5AR1;GNAL;GPNMB;PTGES;TTC8,0.8373007119450208
GO_BP_2025,up,Positive Regulation of Plasma Membrane Bounded Cell Projection Assembly (GO:0120034),17,2300,76,0.05255760393194186,ANLN;ARAP1;BBS4;BRK1;CEP120;CROCC;DPYSL3;ENTR1;EPS8L1;FUZ;IFT88;KCTD17;MYO3A;NEURL1;PLCE1;RAC2;RIPOR2,0.8383703229143735
GO_BP_2025,up,Mitotic Nuclear Division (GO:0140014),11,2300,44,0.0539015717800572,CENPI;CENPK;KIF3B;KLHDC8B;NDE1;PLK1;SKA2;SKA3;TUBG1;UBE2C;ZWINT,0.8434312612822283
GO_BP_2025,up,Positive Regulation of Phagocytosis (GO:0050766),11,2300,44,0.0539015717800572,APPL2;ARAP1;AZU1;C3;CAMK1D;CD300LF;FCER1G;FCGR2A;NCKAP1L;PLCG2;RAB31,0.8434312612822283
GO_BP_2025,up,DNA Recombination (GO:0006310),10,2300,39,0.05531836649946949,BRCA1;ENDOG;HMGB3;MSH3;RAD51D;RAD54B;RMI1;RMI2;UHRF1;XRCC3,0.857434680741777
GO_BP_2025,up,O-glycan Processing (GO:0016266),9,2300,34,0.05622878270474957,B3GNT2;B4GALT5;CHST4;GALNT12;GALNT14;GALNT18;GCNT1;ST3GAL2;XXYLT1,0.8634008409710612
GO_BP_2025,up,Bicarbonate Transport (GO:0015701),5,2300,15,0.06000421359616915,CYB5R1;CYB5R4;CYB5RL;SLC26A6;SLC4A8,0.8845717809368974
GO_BP_2025,up,Establishment of Chromosome Localization (GO:0051303),5,2300,15,0.06000421359616915,CENPQ;FAM83D;NDE1;SKA3;TRAPPC12,0.8845717809368974
GO_BP_2025,up,Hormone Biosynthetic Process (GO:0042446),5,2300,15,0.06000421359616915,AKR1B1;CHST9;SRD5A1;SRD5A2;SRD5A3,0.8845717809368974
GO_BP_2025,up,Positive Regulation of Neutrophil Chemotaxis (GO:0090023),5,2300,15,0.06000421359616915,CAMK1D;MOSPD2;NCKAP1L;RAC2;RIPOR2,0.8845717809368974
GO_BP_2025,up,Spindle Assembly (GO:0051225),16,2300,72,0.06183437436011804,ABRAXAS1;HAUS3;HAUS5;KIF11;KIF15;KIF3B;MAP9;MAPRE3;MISP;NEK2;RAB11A;RANGRF;SAC3D1;TUBGCP2;UHRF1;WRAP73,0.8845717809368974
GO_BP_2025,up,Embryonic Organ Development (GO:0048568),13,2300,56,0.06473115613019653,ERCC3;FOXE1;GDNF;HEY2;IFT122;PCSK5;PKD1;STIL;STRA6;TGFB2;TPO;WNT7B;ZFPM1,0.8845717809368974
GO_BP_2025,up,Anaphase-Promoting Complex-Dependent Catabolic Process (GO:0031145),6,2300,20,0.06523242233209277,ANAPC10;CDC16;CDC20;CDC20B;CDC26;UBE2C,0.8845717809368974
GO_BP_2025,up,Embryonic Organ Morphogenesis (GO:0048562),6,2300,20,0.06523242233209277,EFEMP1;FOXE1;FUZ;MEGF8;MESP1;MFAP2,0.8845717809368974
GO_BP_2025,up,Skeletal Muscle Organ Development (GO:0060538),6,2300,20,0.06523242233209277,LARGE1;MYL6;SIX4;STRA6;VRK3;ZBTB18,0.8845717809368974
GO_BP_2025,up,Negative Regulation of Interleukin-6 Production (GO:0032715),7,2300,25,0.06716308771545688,C1QTNF3;FOXJ1;GPNMB;IL10;IRAK3;NCKAP1L;PTPN6,0.8845717809368974
GO_BP_2025,up,Regulation of DNA Recombination (GO:0000018),7,2300,25,0.06716308771545688,FIGNL1;IL10;MSH3;PPP4C;RAD51AP1;USP51;ZCWPW1,0.8845717809368974
GO_BP_2025,up,Smoothened Signaling Pathway (GO:0007224),7,2300,25,0.06716308771545688,B9D1;CC2D2A;IFT27;STIL;STK36;TCTN2;TMEM231,0.8845717809368974
GO_BP_2025,up,Actin-Mediated Cell Contraction (GO:0070252),4,2300,11,0.06783691077178884,CCDC88C;EMP2;GSN;KCNE1,0.8845717809368974
GO_BP_2025,up,Female Meiotic Nuclear Division (GO:0007143),4,2300,11,0.06783691077178884,HSF2BP;SKA2;SKA3;SPIRE2,0.8845717809368974
GO_BP_2025,up,Morphogenesis of a Polarized Epithelium (GO:0001738),4,2300,11,0.06783691077178884,FUZ;INTU;TRAF3IP1;ZDHHC7,0.8845717809368974
GO_BP_2025,up,Peptide Cross-Linking (GO:0018149),4,2300,11,0.06783691077178884,CSTA;EVPL;F13A1;TGM1,0.8845717809368974
GO_BP_2025,up,Positive Regulation of Metaphase/Anaphase Transition of Cell Cycle (GO:1902101),4,2300,11,0.06783691077178884,CDC16;CDC20;DLGAP5;UBE2C,0.8845717809368974
GO_BP_2025,up,Regulation of Insulin-Like Growth Factor Receptor Signaling Pathway (GO:0043567),4,2300,11,0.06783691077178884,IGF1;IGFBP2;IGFBP5;MYORG,0.8845717809368974
GO_BP_2025,up,Renal Filtration (GO:0097205),4,2300,11,0.06783691077178884,ITGA3;JCHAIN;SULF1;TMEM63C,0.8845717809368974
GO_BP_2025,up,Response to Light Stimulus (GO:0009416),11,2300,46,0.07112413850177758,CPT1B;DDB2;DTL;ERCC3;ERCC4;MAPK10;RHOD;RPAIN;SERPINB13;TRIM32;ZRANB3,0.9190643858730289
GO_BP_2025,up,Regulation of Double-Strand Break Repair (GO:2000779),17,2300,79,0.07160087729260359,ARID1A;ARTN;BCL7A;FIGNL1;FOXM1;MGMT;OTUB1;POT1;PPP4C;RAD51AP1;RUVBL1;RUVBL2;SPIRE2;UBE2V2;USP51;WRAP53;ZCWPW1,0.9190643858730289
GO_BP_2025,up,Positive Regulation of Cell Cycle (GO:0045787),13,2300,57,0.07291274102650415,CCDC57;CCNB1;CCNY;FOXA1;MAPRE3;PROX1;PSMD10;PSRC1;TGFB2;TGM1;TRIM32;USP19;USP2,0.9286483217561731
GO_BP_2025,up,Metaphase Chromosome Alignment (GO:0051310),12,2300,52,0.07687543207204314,BECN1;CCNB1;CENPQ;CHMP5;EML3;FAM83D;PDCD6IP;PSRC1;RAB11A;SKA2;SKA3;TRAPPC12,0.9365756827431548
GO_BP_2025,up,Establishment of Protein Localization to Peroxisome (GO:0072663),5,2300,16,0.07695539693872544,PEX16;PEX19;PEX6;TRIM37;ZNF260,0.9365756827431548
GO_BP_2025,up,Nuclear Chromosome Segregation (GO:0098813),5,2300,16,0.07695539693872544,CENPQ;FAM83D;KLHDC8B;SKA3;TRAPPC12,0.9365756827431548
GO_BP_2025,up,Positive Regulation of Granulocyte Chemotaxis (GO:0071624),5,2300,16,0.07695539693872544,CAMK1D;MOSPD2;NCKAP1L;RAC2;RIPOR2,0.9365756827431548
GO_BP_2025,up,Positive Regulation of Striated Muscle Cell Differentiation (GO:0051155),5,2300,16,0.07695539693872544,IGF1;MAPK14;MESP1;PROX1;RBM24,0.9365756827431548
GO_BP_2025,up,Regulation of DNA Strand Elongation (GO:0060382),5,2300,16,0.07695539693872544,ACTR8;POT1;RUVBL1;RUVBL2;TFPT,0.9365756827431548
GO_BP_2025,up,Regulation of Axonogenesis (GO:0050770),8,2300,31,0.07924427093814089,EFNB3;EPHA4;FYCO1;GDI1;MAP6;NTRK2;PLXNB1;PLXNB2,0.952521481875775
GO_BP_2025,up,Sulfur Compound Catabolic Process (GO:0044273),6,2300,21,0.08027339986399504,GNS;MLYCD;NUDT19;NUDT7;NUDT8;SGSH,0.952521481875775
GO_BP_2025,up,Cellular Response to Type I Interferon (GO:0071357),7,2300,26,0.08058459280628893,IFI27;IFIT1;IFITM2;IFITM3;OAS1;OAS2;OAS3,0.952521481875775
GO_BP_2025,up,Determination of Heart Left/Right Asymmetry (GO:0061371),7,2300,26,0.08058459280628893,BBS5;CCDC39;CCDC40;DNAAF1;MEGF8;MESP1;STIL,0.952521481875775
GO_BP_2025,up,Antiviral Innate Immune Response (GO:0140374),12,2300,53,0.0865228576159616,DHX58;DUS2;GPNMB;IFIT1;OAS1;OAS2;OAS3;RNF135;TRIM31;TRIM7;USP18;ZDHHC1,0.9999999989852337
GO_BP_2025,up,Nitric Oxide Biosynthetic Process (GO:0006809),4,2300,12,0.09016351025510018,CYB5B;NQO1;SLC7A6;TACR1,0.9999999989852337
GO_BP_2025,up,Phagosome Maturation (GO:0090382),4,2300,12,0.09016351025510018,MREG;RAB20;RAB31;RAB34,0.9999999989852337
GO_BP_2025,up,Protein Import Into Peroxisome Matrix (GO:0016558),4,2300,12,0.09016351025510018,PEX16;PEX6;TRIM37;ZNF260,0.9999999989852337
GO_BP_2025,up,Purine-Containing Compound Catabolic Process (GO:0072523),4,2300,12,0.09016351025510018,MLYCD;NUDT19;NUDT7;NUDT8,0.9999999989852337
GO_BP_2025,up,Sensory Perception of Chemical Stimulus (GO:0007606),4,2300,12,0.09016351025510018,BBS4;C5AR1;GNAL;ITPR3,0.9999999989852337
GO_BP_2025,up,Protein Polymerization (GO:0051258),11,2300,48,0.09150314672152375,ARL6;CATIP;GPX4;GSN;MICALL2;MSRB1;RNF135;TPPP3;TRIM32;UBE2C;WASHC3,0.9999999989852337
GO_BP_2025,up,Embryonic Heart Tube Morphogenesis (GO:0003143),7,2300,27,0.09543781795506269,BBS5;CCDC39;CCDC40;DNAAF1;MEGF8;MESP1;STIL,0.9999999989852337
GO_BP_2025,up,Heme Metabolic Process (GO:0042168),7,2300,27,0.09543781795506269,ABCC1;ALAS1;ATP5IF1;BDH2;BLVRA;HPX;PPOX,0.9999999989852337
GO_BP_2025,up,Melanosome Localization (GO:0032400),5,2300,17,0.09619508341839647,BBS2;BBS5;MREG;RAB11A;VPS33A,0.9999999989852337
GO_BP_2025,up,Membrane Lipid Catabolic Process (GO:0046466),5,2300,17,0.09619508341839647,ALDH3B1;ALDH3B2;NAGA;SGPP2;SMPD2,0.9999999989852337
GO_BP_2025,up,Peroxisomal Membrane Transport (GO:0015919),5,2300,17,0.09619508341839647,PEX16;PEX19;PEX6;TRIM37;ZNF260,0.9999999989852337
GO_BP_2025,up,Regulation of Centriole Replication (GO:0046599),5,2300,17,0.09619508341839647,BRCA1;MDM1;PLK4;STIL;TRIM37,0.9999999989852337
GO_BP_2025,up,Regulation of Myotube Differentiation (GO:0010830),5,2300,17,0.09619508341839647,BDNF;CEACAM5;HDAC9;MAPK14;RBM24,0.9999999989852337
GO_BP_2025,up,Mitotic Metaphase Chromosome Alignment (GO:0007080),12,2300,54,0.09688732154490087,BECN1;CCNB1;CDT1;CHMP5;EML3;NUF2;PDCD6IP;PSRC1;RAB11A;SKA2;SKA3;TTK,0.9999999989852337
GO_BP_2025,up,Mismatch Repair (GO:0006298),6,2300,22,0.09707857659697376,MSH3;PCNA;PMS1;POLD3;RPA3;TP73,0.9999999989852337
GO_BP_2025,up,Postreplication Repair (GO:0006301),6,2300,22,0.09707857659697376,BRCA1;DTL;FAAP20;PCNA;POLI;UBE2V2,0.9999999989852337
GO_BP_2025,up,Endothelial Cell Migration (GO:0043542),9,2300,38,0.1018258609277111,EMP2;GIPC1;PIGU;PLEKHG5;PRKX;PRSS3;PXDN;S100A8;S100P,0.9999999989852337
GO_BP_2025,up,Negative Regulation of Innate Immune Response (GO:0045824),11,2300,49,0.10288935274912614,DHX58;DTX4;EIF4E2;IRAK3;NMI;OAS1;OAS3;PTPN6;SAMHD1;TRAFD1;USP18,0.9999999989852337
GO_BP_2025,up,Positive Regulation of Protein Localization to Cell Periphery (GO:1904377),11,2300,49,0.10288935274912614,ARHGEF16;ATP2B4;CIB1;CNPY4;EFCAB7;GPSM2;ITGA3;PLS1;PTPN9;RANGRF;VPS35,0.9999999989852337
GO_BP_2025,up,Cytoskeleton-Dependent Cytokinesis (GO:0061640),14,2300,66,0.1049992050560714,ANLN;ARL3;BBS4;ECT2;EFHC1;KIF20A;KIF23;KIF4A;PDCD6IP;PLK1;RACGAP1;SNX33;SPIRE2;SYNGAP1,0.9999999989852337
GO_BP_2025,up,Regulation of G2/M Transition of Mitotic Cell Cycle (GO:0010389),8,2300,33,0.10693686411263188,CCNB1;CDC25A;CDK1;DTL;RAB11A;RCC2;RRM2B;STOX1,0.9999999989852337
GO_BP_2025,up,Regulation of Cell Division (GO:0051302),15,2300,72,0.10803023484822415,BBS4;BCL2L1;BECN1;CALM3;CETN2;CIB1;EFHC1;ENTR1;KAT14;KIF20A;KLHL13;PLK1;PRDM15;RAB11A;RAB11FIP4,0.9999999989852337
GO_BP_2025,up,B Cell Receptor Signaling Pathway (GO:0050853),7,2300,28,0.11169467191702642,BLNK;BMX;CD19;CD38;NCKAP1L;PLCG2;SYK,0.9999999989852337
GO_BP_2025,up,Establishment of Mitotic Spindle Orientation (GO:0000132),7,2300,28,0.11169467191702642,DYNLT1;ENKD1;GPSM2;MAD2L1;MISP;NDE1;PLK1,0.9999999989852337
GO_BP_2025,up,Regulation of Insulin Secretion (GO:0050796),13,2300,61,0.11210131815928774,ADRA2A;ALOX5;BAD;CAPN10;DOC2B;EIPR1;GIPR;INHBB;IRS1;NNAT;RFX3;SRI;STXBP4,0.9999999989852337
GO_BP_2025,up,Cytoplasmic Microtubule Organization (GO:0031122),11,2300,50,0.1150681922708557,CCDC13;CCDC88C;CEP126;CIB1;KATNAL2;LIMK2;RAB11A;STMN3;TBCB;TUBGCP2;WDR73,0.9999999989852337
GO_BP_2025,up,Cell-Cell Adhesion Mediated by Cadherin (GO:0044331),4,2300,13,0.11550354242964053,CDH2;CDH24;CDH26;CDHR3,0.9999999989852337
GO_BP_2025,up,Homologous Chromosome Pairing at Meiosis (GO:0007129),4,2300,13,0.11550354242964053,PSMC3IP;SYCE3;TRIP13;ZCWPW1,0.9999999989852337
GO_BP_2025,up,Mitotic Recombination (GO:0006312),4,2300,13,0.11550354242964053,MSH3;RAD51D;RAD54B;XRCC3,0.9999999989852337
GO_BP_2025,up,Negative Regulation of Protein Tyrosine Kinase Activity (GO:0061099),4,2300,13,0.11550354242964053,MVP;SRCIN1;TSG101;VPS25,0.9999999989852337
GO_BP_2025,up,Neuron Maturation (GO:0042551),4,2300,13,0.11550354242964053,ANKS1A;B4GALT5;C1QA;C3,0.9999999989852337
GO_BP_2025,up,Positive Regulation of Exosomal Secretion (GO:1903543),4,2300,13,0.11550354242964053,PDCD6IP;SDC1;SMPD3;TSG101,0.9999999989852337
GO_BP_2025,up,Regulation of Peptidase Activity (GO:0052547),4,2300,13,0.11550354242964053,CSTA;CSTB;EPPIN;SVBP,0.9999999989852337
GO_BP_2025,up,Regulation of Response to Oxidative Stress (GO:1902882),4,2300,13,0.11550354242964053,ALOX5;RBX1;SLC25A14;STOX1,0.9999999989852337
GO_BP_2025,up,Adherens Junction Organization (GO:0034332),6,2300,23,0.11559169732651876,CDH2;CDH24;CDH26;CDHR3;CSK;MTSS1,0.9999999989852337
GO_BP_2025,up,Regulation of Actin Polymerization or Depolymerization (GO:0008064),6,2300,23,0.11559169732651876,ARHGAP28;BRK1;COTL1;NAA80;PFN2;SYNGAP1,0.9999999989852337
GO_BP_2025,up,Recombinational Repair (GO:0000725),19,2300,96,0.11559611129796227,ARTN;ASTE1;BRCA1;ERCC4;PPP4C;RAD51AP1;RAD51D;RAD54B;RECQL5;RFWD3;RMI1;RMI2;RPA3;SAMHD1;SEM1;SWSAP1;UHRF1;XRCC3;ZMYND8,0.9999999989852337
GO_BP_2025,up,Negative Regulation of Response to Biotic Stimulus (GO:0002832),9,2300,39,0.11577810925618359,DHX58;DTX4;IRAK3;NMI;PTPN6;RNF26;SIGIRR;TRAF3IP1;TRAFD1,0.9999999989852337
GO_BP_2025,up,Negative Regulation of Rho Protein Signal Transduction (GO:0035024),5,2300,18,0.11761204580016905,CCDC125;ITGA3;RASIP1;RIPOR2;SCAI,0.9999999989852337
GO_BP_2025,up,Negative Regulation of Type I Interferon-Mediated Signaling Pathway (GO:0060339),5,2300,18,0.11761204580016905,EIF4E2;OAS1;OAS3;SAMHD1;USP18,0.9999999989852337
GO_BP_2025,up,Positive Regulation of Neutrophil Migration (GO:1902624),5,2300,18,0.11761204580016905,CAMK1D;MOSPD2;NCKAP1L;RAC2;RIPOR2,0.9999999989852337
GO_BP_2025,up,Positive Regulation of Neuron Projection Development (GO:0010976),15,2300,73,0.11820164075134695,BDNF;BMP7;CAMK1D;CAPRIN1;DPYSL3;FBXO38;LRP8;LTK;NPTN;NTRK2;P3H1;PLXNB2;PTK2B;STYXL1;TUBB2B,0.9999999989852337
GO_BP_2025,up,Epithelial Cell Differentiation (GO:0030855),17,2300,85,0.12219142169641672,ACD;ANXA4;BASP1;BDH2;CBR1;CDK1;DHRS9;DNPH1;E2F7;MESP1;OVOL2;PCNA;PGK1;PROX1;TGFB2;UPK1B;ZDHHC7,0.9999999989852337
GO_BP_2025,up,Inorganic Anion Transport (GO:0015698),8,2300,34,0.1225393506996726,CLCN6;CLIC5;FXYD1;MFSD5;SLC25A14;SLC26A6;SLC34A2;SLC5A5,0.9999999989852337
GO_BP_2025,up,Chordate Embryonic Development (GO:0043009),11,2300,51,0.12802823374306976,BMP7;BRCA1;FUZ;INTU;PCSK5;PKD1;PROX1;SIX4;STIL;SULF1;WNT7B,0.9999999989852337
GO_BP_2025,up,Multivesicular Body Assembly (GO:0036258),7,2300,29,0.12930786938826752,CHMP5;MVB12B;PDCD6IP;RAB11A;TSG101;VPS25;VPS37D,0.9999999989852337
GO_BP_2025,up,Positive Regulation of Axonogenesis (GO:0050772),7,2300,29,0.12930786938826752,BDNF;FYCO1;MAP6;NTN1;NTRK2;PLXNB1;PLXNB2,0.9999999989852337
GO_BP_2025,up,Regulation of Spindle Assembly (GO:0090169),7,2300,29,0.12930786938826752,CHMP5;EML3;GPSM2;PDCD6IP;PLK1;RIPOR2;STIL,0.9999999989852337
GO_BP_2025,up,Carbohydrate Derivative Biosynthetic Process (GO:1901137),9,2300,40,0.1307206865852692,B4GALT5;GCNT1;LARGE1;RRM2;RRM2B;SRD5A3;ST3GAL2;TKT;TPI1,0.9999999989852337
GO_BP_2025,up,post-Golgi Vesicle-Mediated Transport (GO:0006892),12,2300,57,0.13225283225039688,AP1G2;AP2A1;AP4M1;ARL3;GGA3;LLGL2;NUDT19;OSBPL5;RABIF;SCAMP2;SORL1;VPS52,0.9999999989852337
GO_BP_2025,up,Epithelial Tube Morphogenesis (GO:0060562),6,2300,24,0.13572860753257976,MEGF8;MESP1;MTSS1;PKD1;PRKX;RASIP1,0.9999999989852337
GO_BP_2025,up,Negative Regulation of Protein Localization to Membrane (GO:1905476),6,2300,24,0.13572860753257976,BCL2L1;CLTC;GDI1;KCNE1;LZTFL1;MRAP2,0.9999999989852337
GO_BP_2025,up,Negative Regulation of Small GTPase Mediated Signal Transduction (GO:0051058),10,2300,46,0.13696215354122315,CCDC125;GMIP;ITGA3;RASAL3;RASIP1;RIPOR2;SCAI;STMN3;SYNGAP1;TGFB2,0.9999999989852337
GO_BP_2025,up,Glycerophospholipid Catabolic Process (GO:0046475),5,2300,19,0.14105172900843044,ABHD12B;GDPD3;PLA2G10;PNPLA6;PRDX5,0.9999999989852337
GO_BP_2025,up,Regulation of Calcium Ion-Dependent Exocytosis (GO:0017158),5,2300,19,0.14105172900843044,BAIAP3;DOC2A;DOC2B;SYT17;SYT8,0.9999999989852337
GO_BP_2025,up,acetyl-CoA Metabolic Process (GO:0006084),4,2300,14,0.14354440955238482,MLYCD;MVK;NUDT7;NUDT8,0.9999999989852337
GO_BP_2025,up,Acylglycerol Catabolic Process (GO:0046464),4,2300,14,0.14354440955238482,ABHD12B;ABHD2;ABHD6;LYPLA2,0.9999999989852337
GO_BP_2025,up,Coenzyme A Metabolic Process (GO:0015936),4,2300,14,0.14354440955238482,COASY;NUDT19;NUDT7;NUDT8,0.9999999989852337
GO_BP_2025,up,Melanosome Transport (GO:0032402),4,2300,14,0.14354440955238482,BBS2;BBS5;MREG;RAB11A,0.9999999989852337
GO_BP_2025,up,Peptidyl-Glutamic Acid Modification (GO:0018200),4,2300,14,0.14354440955238482,CFAP20;NAA80;TTLL10;TTLL6,0.9999999989852337
GO_BP_2025,up,Pigment Granule Transport (GO:0051904),4,2300,14,0.14354440955238482,BBS2;BBS5;MREG;RAB11A,0.9999999989852337
GO_BP_2025,up,Positive Regulation of Cell Adhesion Mediated by Integrin (GO:0033630),4,2300,14,0.14354440955238482,CIB1;NCKAP1L;SYK;TGFB2,0.9999999989852337
GO_BP_2025,up,Positive Regulation of Telomere Maintenance in Response to DNA Damage (GO:1904507),4,2300,14,0.14354440955238482,ACTR8;RUVBL1;RUVBL2;TFPT,0.9999999989852337
GO_BP_2025,up,Regulation of Telomere Maintenance in Response to DNA Damage (GO:1904505),4,2300,14,0.14354440955238482,ACTR8;RUVBL1;RUVBL2;TFPT,0.9999999989852337
GO_BP_2025,up,Organophosphate Metabolic Process (GO:0019637),12,2300,58,0.14543117327897362,AGPAT1;GPX4;INPP4A;INPP4B;MOCOS;NUDT14;NUDT5;PFKFB4;PFKM;PLB1;PLCB2;PPIP5K1,0.9999999989852337
GO_BP_2025,up,Double-Strand Break Repair (GO:0006302),30,2300,166,0.1476692878774617,ACTR8;ARTN;ASTE1;BRCA1;CIB1;DCLRE1A;ERCC4;PLK1;PNKP;PPP4C;PPP5C;RAD51AP1;RAD51D;RAD54B;REC8;RECQL5;RFWD3;RMI1;RMI2;RPA3;SAMHD1;SEM1;SWSAP1;TRIP13;UBE2V2;UHRF1;XRCC1;XRCC3;XRCC4;ZMYND8,0.9999999989852337
GO_BP_2025,up,Multivesicular Body Organization (GO:0036257),7,2300,30,0.1482125695361594,CHMP5;MVB12B;PDCD6IP;RAB11A;TSG101;VPS25;VPS37D,0.9999999989852337
GO_BP_2025,up,Regulation of Protein Polymerization (GO:0032271),7,2300,30,0.1482125695361594,ARHGAP28;COTL1;MAPRE3;PFN2;PRUNE1;SYNGAP1;TPPP3,0.9999999989852337
GO_BP_2025,up,Establishment of Protein Localization to Membrane (GO:0090150),13,2300,64,0.14824342339592986,ARL6;ICMT;NCF1;PEX16;PEX19;RAB11A;REEP1;RTP4;VPS37D;ZDHHC1;ZDHHC20;ZDHHC24;ZDHHC7,0.9999999989852337
GO_BP_2025,up,Glycerophospholipid Metabolic Process (GO:0006650),10,2300,47,0.15211004027925445,ABHD6;ACP6;GDPD3;PGP;PLA2G10;PLCB2;PLCE1;PLCG2;PNPLA6;PRDX5,0.9999999989852337
GO_BP_2025,up,Establishment of Protein Localization to Organelle (GO:0072594),16,2300,82,0.15306485554766433,APPL2;FAM53B;HEATR3;IFT122;IPO11;IPO13;IPO9;NEURL1B;NUP133;NUP50;NUP93;PEX19;RAB11A;RPAIN;SYK;TSPAN17,0.9999999989852337
GO_BP_2025,up,DNA Synthesis Involved in DNA Repair (GO:0000731),6,2300,25,0.15738087694851327,DTL;FAAP20;PCNA;POLD3;POLI;RRM2B,0.9999999989852337
GO_BP_2025,up,Arachidonate Metabolic Process (GO:0019369),6,2300,25,0.15738087694851327,ABHD6;ALOX5;CYP2S1;GPX4;PLA2G10;PTGS1,0.9999999989852337
GO_BP_2025,up,Heart Looping (GO:0001947),6,2300,25,0.15738087694851327,BBS5;CCDC39;CCDC40;DNAAF1;MESP1;STIL,0.9999999989852337
GO_BP_2025,up,Negative Regulation of Notch Signaling Pathway (GO:0045746),6,2300,25,0.15738087694851327,ARRB1;HEY2;HIF1AN;NEURL1;OVOL2;RITA1,0.9999999989852337
GO_BP_2025,up,Peroxisome Organization (GO:0007031),6,2300,25,0.15738087694851327,ACOT8;PEX11G;PEX16;PEX19;PEX6;ZNF260,0.9999999989852337
GO_BP_2025,up,Regulation of Centrosome Duplication (GO:0010824),6,2300,25,0.15738087694851327,CEP120;CHMP5;PDCD6IP;STIL;TMEM67;XRCC3,0.9999999989852337
GO_BP_2025,up,Type I Interferon-Mediated Signaling Pathway (GO:0060337),6,2300,25,0.15738087694851327,IFI27;IFITM2;IFITM3;OAS1;OAS2;OAS3,0.9999999989852337
GO_BP_2025,up,Replication Fork Processing (GO:0031297),9,2300,42,0.1634380806074232,BRCA1;CARM1;CENPS-CORT;FAM111A;PCNA;RFWD3;SAMHD1;TRAIP;ZRANB3,0.9999999989852337
GO_BP_2025,up,Protein O-linked Glycosylation (GO:0006493),15,2300,77,0.1642295927267318,B3GALT6;B3GNT2;B4GALT5;CHST4;FUT3;GALNT12;GALNT14;GALNT18;GCNT1;LARGE1;ST3GAL2;TMTC2;TMTC3;TRAK1;XXYLT1,0.9999999989852337
GO_BP_2025,up,Negative Regulation of Amide Metabolic Process (GO:0034249),5,2300,20,0.1663248312338763,GGA3;IGF1;NTRK2;PGK1;SORL1,0.9999999989852337
GO_BP_2025,up,Positive Regulation of Leukocyte Migration (GO:0002687),5,2300,20,0.1663248312338763,ADAM8;AIF1;EDN2;NCKAP1L;TNFRSF18,0.9999999989852337
GO_BP_2025,up,Positive Regulation of Reproductive Process (GO:2000243),5,2300,20,0.1663248312338763,CFAP69;CIB1;INHBB;PLA2G10;TACR1,0.9999999989852337
GO_BP_2025,up,Regulation of Plasma Membrane Bounded Cell Projection Organization (GO:0120035),5,2300,20,0.1663248312338763,CAMK1D;EFHC2;FBXO7;ULK4;VPS35,0.9999999989852337
GO_BP_2025,up,Striated Muscle Tissue Development (GO:0014706),5,2300,20,0.1663248312338763,BMP7;MYL6;SIX4;VRK3;ZBTB18,0.9999999989852337
GO_BP_2025,up,Inorganic Anion Transmembrane Transport (GO:0098661),10,2300,48,0.16805922279444643,APOL1;GABRB2;GABRE;GABRP;RACGAP1;SLC12A4;SLC26A6;SLC37A1;SLC4A8;SLC5A5,0.9999999989852337
GO_BP_2025,up,Purine Ribonucleotide Metabolic Process (GO:0009150),10,2300,48,0.16805922279444643,AK3;AMPD3;BAD;BPNT1;CTNS;EFL1;FIGNL1;GMPR2;NADK;TPST1,0.9999999989852337
GO_BP_2025,up,Gonad Development (GO:0008406),7,2300,31,0.16832832329391487,AKR1C3;BASP1;MEA1;SIX4;SRD5A2;TGFB2;WNT4,0.9999999989852337
GO_BP_2025,up,Regulation of Type I Interferon-Mediated Signaling Pathway (GO:0060338),7,2300,31,0.16832832329391487,EIF4E2;OAS1;OAS3;PTPN6;SAMHD1;TRIM56;USP18,0.9999999989852337
GO_BP_2025,up,Secondary Alcohol Metabolic Process (GO:1902652),7,2300,31,0.16832832329391487,ABCA5;ABCG1;IDH3G;OSBPL5;SCAP;SQLE;STARD3,0.9999999989852337
GO_BP_2025,up,Attachment of Mitotic Spindle Microtubules to Kinetochore (GO:0051315),4,2300,15,0.17392266262737222,CDT1;NUF2;SKA2;SKA3,0.9999999989852337
GO_BP_2025,up,Establishment of Melanosome Localization (GO:0032401),4,2300,15,0.17392266262737222,BBS2;BBS5;MREG;RAB11A,0.9999999989852337
GO_BP_2025,up,Immune Response-Activating Cell Surface Receptor Signaling Pathway (GO:0002429),4,2300,15,0.17392266262737222,C5AR1;CD19;FCER1G;FPR3,0.9999999989852337
GO_BP_2025,up,Negative Regulation of Amyloid-Beta Formation (GO:1902430),4,2300,15,0.17392266262737222,GGA3;IGF1;NTRK2;SORL1,0.9999999989852337
GO_BP_2025,up,Nucleotide Biosynthetic Process (GO:0009165),4,2300,15,0.17392266262737222,COASY;NMNAT1;RRM2;RRM2B,0.9999999989852337
GO_BP_2025,up,Positive Regulation of Dendritic Spine Development (GO:0060999),4,2300,15,0.17392266262737222,CAPRIN1;FOXO6;LRP8;NEURL1,0.9999999989852337
GO_BP_2025,up,Positive Regulation of Mitotic Sister Chromatid Separation (GO:1901970),4,2300,15,0.17392266262737222,CDC16;CDC20;DLGAP5;UBE2C,0.9999999989852337
GO_BP_2025,up,Positive Regulation of Smoothened Signaling Pathway (GO:0045880),4,2300,15,0.17392266262737222,GAS8;RAB34;STK36;TEDC1,0.9999999989852337
GO_BP_2025,up,Positive Regulation of Ubiquitin-Protein Transferase Activity (GO:0051443),4,2300,15,0.17392266262737222,CDC20;PLK1;UBE2C;UBE2L3,0.9999999989852337
GO_BP_2025,up,Prostanoid Biosynthetic Process (GO:0046457),4,2300,15,0.17392266262737222,CBR1;EDN2;PTGES;PTGS1,0.9999999989852337
GO_BP_2025,up,Prot Transport to Vacuole Inv in Ub-dep Prot Cat Proc via Multivsiclr Bdy Sorting Pway (GO:0043328),4,2300,15,0.17392266262737222,MVB12B;TSG101;VPS25;VPS37D,0.9999999989852337
GO_BP_2025,up,Erythrocyte Development (GO:0048821),3,2300,10,0.1769400845321647,ALAS1;HEATR3;NCKAP1L,0.9999999989852337
GO_BP_2025,up,Hydrogen Peroxide Catabolic Process (GO:0042744),3,2300,10,0.1769400845321647,PRDX1;PRDX5;PXDN,0.9999999989852337
GO_BP_2025,up,Mitotic DNA Replication (GO:1902969),3,2300,10,0.1769400845321647,GINS1;RECQL5;TK1,0.9999999989852337
GO_BP_2025,up,Negative Regulation of Receptor Internalization (GO:0002091),3,2300,10,0.1769400845321647,ANKRD13D;UBQLN2;WDR54,0.9999999989852337
GO_BP_2025,up,Negative Regulation of Reproductive Process (GO:2000242),3,2300,10,0.1769400845321647,EPPIN;IGF1;SULF1,0.9999999989852337
GO_BP_2025,up,Pharyngeal System Development (GO:0060037),3,2300,10,0.1769400845321647,BMP7;SIX4;TGFB2,0.9999999989852337
GO_BP_2025,up,Positive Regulation of Adenylate Cyclase Activity (GO:0045762),3,2300,10,0.1769400845321647,CACNA1D;GIPR;TMPRSS4,0.9999999989852337
GO_BP_2025,up,Positive Regulation of Attachment of Spindle Microtubules to Kinetochore (GO:0051987),3,2300,10,0.1769400845321647,BECN1;CCNB1;RCC2,0.9999999989852337
GO_BP_2025,up,Positive Regulation of Heterotypic Cell-Cell Adhesion (GO:0034116),3,2300,10,0.1769400845321647,BMP7;CEACAM6;IL10,0.9999999989852337
GO_BP_2025,up,Protein Hydroxylation (GO:0018126),3,2300,10,0.1769400845321647,JMJD4;P3H1;VIPAS39,0.9999999989852337
GO_BP_2025,up,Regulation of Gastrulation (GO:0010470),3,2300,10,0.1769400845321647,DAG1;OTX2;TENM4,0.9999999989852337
GO_BP_2025,up,Regulation of Neurotransmitter Receptor Activity (GO:0099601),3,2300,10,0.1769400845321647,CNIH2;CNIH3;PSCA,0.9999999989852337
GO_BP_2025,up,Toll-Like Receptor 3 Signaling Pathway (GO:0034138),3,2300,10,0.1769400845321647,OAS1;TLR3;UNC93B1,0.9999999989852337
GO_BP_2025,up,Ubiquitin-Dependent Protein Catabolic Process via the C-end Degron Rule Pathway (GO:0140627),3,2300,10,0.1769400845321647,KLHDC10;KLHDC3;RBX1,0.9999999989852337
GO_BP_2025,up,Xenobiotic Transport (GO:0042908),3,2300,10,0.1769400845321647,ABCC1;SLC22A4;SLC29A4,0.9999999989852337
GO_BP_2025,up,Positive Regulation of DNA Repair (GO:0045739),16,2300,84,0.17723083342386634,ACTR8;ARID1A;ARTN;BCL7A;BRCA1;EYA4;FOXM1;MGMT;PCNA;RUVBL1;RUVBL2;SPIRE2;TFPT;UBE2V2;WRAP53;ZCWPW1,0.9999999989852337
GO_BP_2025,up,Actin Filament Bundle Assembly (GO:0051017),6,2300,26,0.1804197621911807,AIF1;BAIAP2;DPYSL3;ESPN;PLS1;RHOD,0.9999999989852337
GO_BP_2025,up,Anterior/Posterior Pattern Specification (GO:0009952),6,2300,26,0.1804197621911807,BASP1;HES2;HES6;HEY2;PCSK5;TBX18,0.9999999989852337
GO_BP_2025,up,Cytoplasmic Pattern Recognition Receptor Signaling Pathway (GO:0002753),6,2300,26,0.1804197621911807,BECN1;DDX41;DHX58;MAP2K6;OAS3;RNF135,0.9999999989852337
GO_BP_2025,up,Extracellular Matrix Disassembly (GO:0022617),6,2300,26,0.1804197621911807,ADAM8;CTSK;GSN;KIF9;MMP15;TPSAB1,0.9999999989852337
GO_BP_2025,up,Positive Regulation of Catalytic Activity (GO:0043085),6,2300,26,0.1804197621911807,AZIN2;CIB1;MAPK14;MSH3;UHRF1;XRCC4,0.9999999989852337
GO_BP_2025,up,Regulation of Double-Strand Break Repair via Nonhomologous End Joining (GO:2001032),6,2300,26,0.1804197621911807,HMGA2;KMT5C;PNKP;POT1;USP51;WRAP53,0.9999999989852337
GO_BP_2025,up,Defense Response to Virus (GO:0051607),29,2300,164,0.1828357877478298,APOBEC3D;APOBEC3G;AZIN2;AZU1;BCL2L1;BST2;DHX58;DUS2;GPNMB;IFI27;IFIT1;IFITM2;IFITM3;OAS1;OAS2;OAS3;PLA2G10;RNF135;RTP4;SAMHD1;SLFN13;TLR3;TRIM13;TRIM31;TRIM32;TRIM56;TRIM7;USP18;ZDHHC1,0.9999999989852337
GO_BP_2025,up,Proteolysis (GO:0006508),37,2300,214,0.18395076232838375,ACD;ADAM8;AZU1;BPNT1;CAPN10;CAPN13;CAPN14;CAPN5;CAPN9;CAPNS1;CASP2;CASP7;CNDP2;CTSK;DPP8;F12;FAM111A;FBXO2;KCTD11;LRP8;MMP15;NPEPL1;PCOLCE;PCSK4;PCSK5;PHEX;PRSS3;PSEN2;PSENEN;PSMB5;RNPEP;SPPL2B;SVBP;TMPRSS4;TPSAB1;TPSB2;XPNPEP1,0.9999999989852337
GO_BP_2025,up,Interferon-Mediated Signaling Pathway (GO:0140888),7,2300,32,0.18956123611789505,HCK;IFI27;IFITM2;IFITM3;OAS1;OAS2;OAS3,0.9999999989852337
GO_BP_2025,up,Primary Alcohol Metabolic Process (GO:0034308),7,2300,32,0.18956123611789505,AKR1B1;AKR1C3;DHRS3;DHRS9;GDPD3;IGF1;RDH10,0.9999999989852337
GO_BP_2025,up,Negative Regulation of Lipid Biosynthetic Process (GO:0051055),5,2300,21,0.19321590353696416,AKR1C3;BRCA1;PRMT3;WDTC1;WNT4,0.9999999989852337
GO_BP_2025,up,Negative Regulation of Neurogenesis (GO:0050768),5,2300,21,0.19321590353696416,DYNLT1;EFNB3;FYCO1;GDI1;SORL1,0.9999999989852337
GO_BP_2025,up,Nucleoside Phosphate Metabolic Process (GO:0006753),5,2300,21,0.19321590353696416,ACOT4;ACOT8;MLYCD;NUDT14;NUDT5,0.9999999989852337
GO_BP_2025,up,Positive Regulation of Filopodium Assembly (GO:0051491),5,2300,21,0.19321590353696416,ARAP1;DPYSL3;MYO3A;NEURL1;RIPOR2,0.9999999989852337
GO_BP_2025,up,Regulation of Mitotic Spindle Assembly (GO:1901673),5,2300,21,0.19321590353696416,CHMP5;EML3;PDCD6IP;PLK1;RIPOR2,0.9999999989852337
GO_BP_2025,up,Regulation of Neutrophil Chemotaxis (GO:0090022),5,2300,21,0.19321590353696416,CAMK1D;MOSPD2;NCKAP1L;RAC2;RIPOR2,0.9999999989852337
GO_BP_2025,up,Protein Monoubiquitination (GO:0006513),8,2300,38,0.1956139455685379,DTL;NEURL1;RBX1;RNF220;TRIM37;TRIM56;UBE2T;UBE3D,0.9999999989852337
GO_BP_2025,up,Fatty Acid Catabolic Process (GO:0009062),11,2300,56,0.20374856194463184,ABHD2;ACAD10;ACAD11;ACBD5;ACOT8;BDH2;EHHADH;MCAT;NUDT19;NUDT7;NUDT8,0.9999999989852337
GO_BP_2025,up,Telomere Maintenance (GO:0000723),12,2300,62,0.20454557860202524,ACTR8;ARTN;ERCC4;POT1;RAD51D;RPA3;RUVBL1;RUVBL2;STN1;TFPT;XRCC3;ZBTB48,0.9999999989852337
GO_BP_2025,up,Development of Primary Male Sexual Characteristics (GO:0046546),6,2300,27,0.20470031768721436,AKR1C3;MEA1;SIX4;SRD5A2;TGFB2;WNT4,0.9999999989852337
GO_BP_2025,up,Liver Development (GO:0001889),6,2300,27,0.20470031768721436,CCDC39;CCDC40;DNAAF1;E2F7;PROX1;WNT4,0.9999999989852337
GO_BP_2025,up,Male Gonad Development (GO:0008584),6,2300,27,0.20470031768721436,AKR1C3;MEA1;SIX4;SRD5A2;TGFB2;WNT4,0.9999999989852337
GO_BP_2025,up,Primary Neural Tube Formation (GO:0014020),6,2300,27,0.20470031768721436,FUZ;IFT122;MTHFD1L;PLXNB2;STIL;TGFB2,0.9999999989852337
GO_BP_2025,up,Purine Ribonucleoside Triphosphate Metabolic Process (GO:0009205),6,2300,27,0.20470031768721436,AK3;BAD;CTNS;EFL1;FIGNL1;NADK,0.9999999989852337
GO_BP_2025,up,Tube Closure (GO:0060606),6,2300,27,0.20470031768721436,FUZ;IFT122;MTHFD1L;PLXNB2;STIL;TGFB2,0.9999999989852337
GO_BP_2025,up,Dicarboxylic Acid Transport (GO:0006835),4,2300,16,0.206245084523588,GIPC1;SLC13A3;SLC26A6;UCP2,0.9999999989852337
GO_BP_2025,up,Host-Mediated Suppression of Symbiont Invasion (GO:0046597),4,2300,16,0.206245084523588,GSN;IFITM2;IFITM3;TRIM31,0.9999999989852337
GO_BP_2025,up,Hydrogen Peroxide Metabolic Process (GO:0042743),4,2300,16,0.206245084523588,DUOX1;PRDX1;PRDX5;PXDN,0.9999999989852337
GO_BP_2025,up,Icosanoid Biosynthetic Process (GO:0046456),4,2300,16,0.206245084523588,AKR1C3;ALOX5;ALOX5AP;CBR1,0.9999999989852337
GO_BP_2025,up,Monocarboxylic Acid Catabolic Process (GO:0072329),4,2300,16,0.206245084523588,ACBD5;ACOT8;CYP26A1;NUDT19,0.9999999989852337
GO_BP_2025,up,Negative Regulation of Amyloid Precursor Protein Catabolic Process (GO:1902992),4,2300,16,0.206245084523588,GGA3;IGF1;NTRK2;SORL1,0.9999999989852337
GO_BP_2025,up,Nucleobase-Containing Small Molecule Metabolic Process (GO:0055086),4,2300,16,0.206245084523588,AK2;NME5;NUDT14;NUDT5,0.9999999989852337
GO_BP_2025,up,Peptidyl-Lysine Methylation (GO:0018022),4,2300,16,0.206245084523588,EEF1AKMT1;EEF2KMT;SETD7;SMYD2,0.9999999989852337
GO_BP_2025,up,Regulation of Endopeptidase Activity (GO:0052548),4,2300,16,0.206245084523588,GAPDH;PSENEN;SERPINB13;SERPINB6,0.9999999989852337
GO_BP_2025,up,Regulation of Exosomal Secretion (GO:1903541),4,2300,16,0.206245084523588,PDCD6IP;SDC1;SMPD3;TSG101,0.9999999989852337
GO_BP_2025,up,Chloride Transmembrane Transport (GO:1902476),7,2300,33,0.21180625935008127,APOL1;GABRB2;GABRE;GABRP;SLC12A4;SLC26A6;SLC4A8,0.9999999989852337
GO_BP_2025,up,Establishment of Mitotic Spindle Localization (GO:0040001),7,2300,33,0.21180625935008127,DYNLT1;ENKD1;GPSM2;MAD2L1;MISP;NDE1;PLK1,0.9999999989852337
GO_BP_2025,up,Negative Regulation of Proteolysis (GO:0045861),7,2300,33,0.21180625935008127,CDK5;CSTA;CSTB;EPHA4;EPPIN;IL10;TIMP4,0.9999999989852337
GO_BP_2025,up,Sister Chromatid Segregation (GO:0000819),7,2300,33,0.21180625935008127,CENPI;CENPK;PLK1;SKA2;SKA3;TUBG1;ZWINT,0.9999999989852337
GO_BP_2025,up,Carboxylic Acid Transport (GO:0046942),8,2300,39,0.21621674203624242,ABCC1;SLC13A3;SLC38A6;SLC38A7;SLC38A9;SLC6A14;SLC6A6;SLC7A6,0.9999999989852337
GO_BP_2025,up,Negative Regulation of Neuron Projection Development (GO:0010977),8,2300,39,0.21621674203624242,CIB1;DPYSL3;EFNB3;EPHA4;FYCO1;GDI1;PTPN9;PTPRU,0.9999999989852337
GO_BP_2025,up,Positive Regulation of Cell Cycle G1/S Phase Transition (GO:1902808),8,2300,39,0.21621674203624242,AIF1;CPSF3;FAM83D;PLCG2;RRM2;STIL;STOX1;STXBP4,0.9999999989852337
GO_BP_2025,up,Canonical Glycolysis (GO:0061621),3,2300,11,0.21785377469230563,ENO2;PFKM;PGK1,0.9999999989852337
GO_BP_2025,up,Embryonic Hemopoiesis (GO:0035162),3,2300,11,0.21785377469230563,THOC5;TPO;ZFPM1,0.9999999989852337
GO_BP_2025,up,Glucose Catabolic Process to Pyruvate (GO:0061718),3,2300,11,0.21785377469230563,ENO2;PFKM;PGK1,0.9999999989852337
GO_BP_2025,up,Glycoside Metabolic Process (GO:0016137),3,2300,11,0.21785377469230563,AKR1B1;AKR1C3;NAGA,0.9999999989852337
GO_BP_2025,up,"Mitochondrial Electron Transport, Cytochrome C to Oxygen (GO:0006123)",3,2300,11,0.21785377469230563,COX5A;COX6A1;COX7A2,0.9999999989852337
GO_BP_2025,up,Modified Amino Acid Catabolic Process (GO:0042219),3,2300,11,0.21785377469230563,ABHD12B;GGACT;PRODH,0.9999999989852337
GO_BP_2025,up,Muscle Tissue Morphogenesis (GO:0060415),3,2300,11,0.21785377469230563,HEY2;PROX1;ZFPM1,0.9999999989852337
GO_BP_2025,up,Negative Regulation of Gluconeogenesis (GO:0045721),3,2300,11,0.21785377469230563,C1QTNF3;PGP;TELO2,0.9999999989852337
GO_BP_2025,up,Pancreas Development (GO:0031016),3,2300,11,0.21785377469230563,CCDC40;DNAAF1;PROX1,0.9999999989852337
GO_BP_2025,up,Phagolysosome Assembly (GO:0001845),3,2300,11,0.21785377469230563,RAB20;RAB34;VIPAS39,0.9999999989852337
GO_BP_2025,up,Positive Regulation of DNA-templated DNA Replication (GO:2000105),3,2300,11,0.21785377469230563,CDT1;E2F7;ENDOG,0.9999999989852337
GO_BP_2025,up,Positive Regulation of Coagulation (GO:0050820),3,2300,11,0.21785377469230563,EMILIN2;ENPP4;F12,0.9999999989852337
GO_BP_2025,up,Purine Ribonucleoside Monophosphate Metabolic Process (GO:0009167),3,2300,11,0.21785377469230563,AK3;AMPD3;GMPR2,0.9999999989852337
GO_BP_2025,up,Regulation of SNARE Complex Assembly (GO:0035542),3,2300,11,0.21785377469230563,VPS11;VPS33A;VPS41,0.9999999989852337
GO_BP_2025,up,Regulation of Actin Filament Organization (GO:0110053),3,2300,11,0.21785377469230563,BRK1;C9ORF72;NAA80,0.9999999989852337
GO_BP_2025,up,Regulation of Endocytic Recycling (GO:2001135),3,2300,11,0.21785377469230563,EIPR1;RAB11A;SORL1,0.9999999989852337
GO_BP_2025,up,Regulation of Leukocyte Migration (GO:0002685),3,2300,11,0.21785377469230563,NCKAP1L;RAC2;TNFRSF18,0.9999999989852337
GO_BP_2025,up,Reg of Single Stranded Viral RNA Replication via Double Stranded DNA Intermediate (GO:0045091),3,2300,11,0.21785377469230563,APOBEC3D;APOBEC3G;HMGA2,0.9999999989852337
GO_BP_2025,up,Regulation of Transcription Regulatory Region DNA Binding (GO:2000677),3,2300,11,0.21785377469230563,HEY2;IGF1;RNF220,0.9999999989852337
GO_BP_2025,up,Regulation of Vasculogenesis (GO:2001212),3,2300,11,0.21785377469230563,EMP2;HEY2;HIF1AN,0.9999999989852337
GO_BP_2025,up,Resolution of Meiotic Recombination Intermediates (GO:0000712),3,2300,11,0.21785377469230563,CENPS-CORT;ERCC4;RMI1,0.9999999989852337
GO_BP_2025,up,Phospholipase C-activating G Protein-Coupled Receptor Signaling Pathway (GO:0007200),10,2300,51,0.2202841557599152,ADRA2A;AZU1;C5AR1;FPR3;GNA14;PLCB2;PLCE1;PTAFR;PTGER1;TACR1,0.9999999989852337
GO_BP_2025,up,Regulation of Embryonic Development (GO:0045995),10,2300,51,0.2202841557599152,ACTR8;B4GALT5;CDK1;DAG1;KAT14;OTX2;RACGAP1;RUVBL1;RUVBL2;TFPT,0.9999999989852337
GO_BP_2025,up,Telomere Organization (GO:0032200),10,2300,51,0.2202841557599152,ACTR8;ARTN;ERCC4;POT1;RAD51D;RPA3;RUVBL1;RUVBL2;STN1;TFPT,0.9999999989852337
GO_BP_2025,up,Positive Regulation of Tumor Necrosis Factor Superfamily Cytokine Production (GO:1903557),12,2300,63,0.2207752526437997,ADAM8;AZU1;C1QTNF4;FCGR2A;OAS1;OAS2;OAS3;PLCG2;PPP1R9B;SETD4;SYK;TLR3,0.9999999989852337
GO_BP_2025,up,Calcium-Dependent Cell-Cell Adhesion via Plasma Membrane Cell Adhesion Molecules (GO:0016339),5,2300,22,0.2214915879310789,CDH2;CDH24;CDH26;CDHR3;PCDHB4,0.9999999989852337
GO_BP_2025,up,Establishment of Protein Localization to Vacuole (GO:0072666),5,2300,22,0.2214915879310789,MVB12B;TSG101;VPS25;VPS37D;VPS41,0.9999999989852337
GO_BP_2025,up,Lamellipodium Assembly (GO:0030032),5,2300,22,0.2214915879310789,ABLIM2;ARHGEF6;PTPRU;RHOD;SRGAP2,0.9999999989852337
GO_BP_2025,up,Negative Regulation of Protein Localization to Plasma Membrane (GO:1903077),5,2300,22,0.2214915879310789,BCL2L1;CLTC;CSK;LYPLAL1;MRAP2,0.9999999989852337
GO_BP_2025,up,Phospholipid Catabolic Process (GO:0009395),5,2300,22,0.2214915879310789,GDPD3;PNPLA6;PRDX5;SMPD2;SMPD3,0.9999999989852337
GO_BP_2025,up,Regulation of Cytoplasmic Translation (GO:2000765),5,2300,22,0.2214915879310789,CPEB1;PKM;RBM24;UNK;ZNF385A,0.9999999989852337
GO_BP_2025,up,Regulation of Dendritic Spine Morphogenesis (GO:0061001),5,2300,22,0.2214915879310789,CAPRIN1;CDK5;EPHA4;LRP8;SRCIN1,0.9999999989852337
GO_BP_2025,up,Tricarboxylic Acid Cycle (GO:0006099),5,2300,22,0.2214915879310789,DLAT;IDH3G;MDH1B;SDHA;SDHAF4,0.9999999989852337
GO_BP_2025,up,Actin Filament Bundle Organization (GO:0061572),6,2300,28,0.23006549380635644,AIF1;BAIAP2;DPYSL3;ESPN;PLS1;RHOD,0.9999999989852337
GO_BP_2025,up,Cellular Component Disassembly (GO:0022411),6,2300,28,0.23006549380635644,ADAM8;CTSK;GSN;KIF9;MMP15;TPSAB1,0.9999999989852337
GO_BP_2025,up,Negative Regulation of Hydrolase Activity (GO:0051346),6,2300,28,0.23006549380635644,ATP5IF1;CSTA;CSTB;EPPIN;GMIP;RCC2,0.9999999989852337
GO_BP_2025,up,Neural Tube Closure (GO:0001843),6,2300,28,0.23006549380635644,FUZ;IFT122;MTHFD1L;PLXNB2;STIL;TGFB2,0.9999999989852337
GO_BP_2025,up,Regulation of Innate Immune Response (GO:0045088),14,2300,76,0.2345572344225794,ADAM8;APPL2;DHX58;DTX4;IRAK3;LRP8;NMI;PTPN6;RNF135;SAMHD1;SH2D1B;TKFC;TRAFD1;TRIM56,0.9999999989852337
GO_BP_2025,up,Double-Strand Break Repair via Homologous Recombination (GO:0000724),19,2300,107,0.2371872034375655,ARTN;ASTE1;BRCA1;ERCC4;PPP4C;RAD51AP1;RAD51D;RAD54B;RECQL5;RFWD3;RMI1;RMI2;RPA3;SAMHD1;SEM1;SWSAP1;UHRF1;XRCC3;ZMYND8,0.9999999989852337
GO_BP_2025,up,Phosphatidylinositol Metabolic Process (GO:0046488),12,2300,64,0.23751336708561585,BMX;FIG4;INPP4A;INPP4B;INPP5E;LCLAT1;MTM1;PI4KA;PITPNM1;PLCB2;PLCE1;PLCG2,0.9999999989852337
GO_BP_2025,up,Monoatomic Anion Transmembrane Transport (GO:0098656),8,2300,40,0.23759075589898568,APOL1;GABRB2;GABRE;GABRP;SLC12A4;SLC26A6;SLC4A8;SLC5A5,0.9999999989852337
GO_BP_2025,up,Negative Regulation of Organelle Assembly (GO:1902116),8,2300,40,0.23759075589898568,BRCA1;LIMK2;MDM1;MTM1;STYXL1;TCHP;TRIM32;TRIM37,0.9999999989852337
GO_BP_2025,up,Positive Regulation of Cytoskeleton Organization (GO:0051495),11,2300,58,0.23849549728678981,BAIAP2;GPSM2;GSN;HCK;MTSS1;NCKAP1L;PFN2;PLK4;PROX1;PTK2B;STIL,0.9999999989852337
GO_BP_2025,up,Synapse Assembly (GO:0007416),11,2300,58,0.23849549728678981,ADGRF1;BDNF;CDH2;CDK5;GABRB2;GABRE;LRRC4;PCDHB4;PLXNB1;PLXNB2;SRGAP2,0.9999999989852337
GO_BP_2025,up,Epithelial to Mesenchymal Transition (GO:0001837),9,2300,46,0.23877896186900288,BMP7;FAM83D;HEY2;HMGA2;IGF1;LOXL3;S100A4;TGFB2;WNT4,0.9999999989852337
GO_BP_2025,up,Regulation of Proteolysis (GO:0030162),9,2300,46,0.23877896186900288,BAD;CDK5;CSTA;CSTB;PLK1;RNF139;SERPINB13;TRIM32;TSPAN17,0.9999999989852337
GO_BP_2025,up,Camera-Type Eye Development (GO:0043010),4,2300,17,0.24010662332518537,CEP290;EFEMP1;IFT122;STRA6,0.9999999989852337
GO_BP_2025,up,Cellular Response to Steroid Hormone Stimulus (GO:0071383),4,2300,17,0.24010662332518537,AKR1C3;TRERF1;UBE2L3;ZDHHC7,0.9999999989852337
GO_BP_2025,up,Limb Development (GO:0060173),4,2300,17,0.24010662332518537,IFT122;INTU;MEGF8;PCSK5,0.9999999989852337
GO_BP_2025,up,Microglial Cell Activation (GO:0001774),4,2300,17,0.24010662332518537,AIF1;AZU1;C1QA;C5AR1,0.9999999989852337
GO_BP_2025,up,Myeloid Cell Development (GO:0061515),4,2300,17,0.24010662332518537,ALAS1;MYB;NCKAP1L;ZNF385A,0.9999999989852337
GO_BP_2025,up,Nucleoside Phosphate Catabolic Process (GO:1901292),4,2300,17,0.24010662332518537,MLYCD;NUDT19;NUDT7;NUDT8,0.9999999989852337
GO_BP_2025,up,Phosphatidylserine Metabolic Process (GO:0006658),4,2300,17,0.24010662332518537,ABHD12B;MBOAT2;OSBPL5;PLA2G10,0.9999999989852337
GO_BP_2025,up,Positive Regulation of Vascular Associated Smooth Muscle Cell Proliferation (GO:1904707),4,2300,17,0.24010662332518537,DNMT1;IGF1;IGFBP5;IL10,0.9999999989852337
GO_BP_2025,up,Potassium Ion Import Across Plasma Membrane (GO:1990573),4,2300,17,0.24010662332518537,ATP12A;KCNJ12;KCNJ16;SLC12A4,0.9999999989852337
GO_BP_2025,up,Regulation of Cellular Response to Growth Factor Stimulus (GO:0090287),4,2300,17,0.24010662332518537,HIF1AN;ITGA3;OTX2;SULF1,0.9999999989852337
GO_BP_2025,up,Regulation of Fibroblast Growth Factor Receptor Signaling Pathway (GO:0040036),4,2300,17,0.24010662332518537,DSTYK;NPTN;OTX2;SULF1,0.9999999989852337
GO_BP_2025,up,Regulation of Ubiquitin Protein Ligase Activity (GO:1904666),4,2300,17,0.24010662332518537,CDC20;MAD2L1;PLK1;UBE2C,0.9999999989852337
GO_BP_2025,up,Response to Interferon-Alpha (GO:0035455),4,2300,17,0.24010662332518537,BST2;IFITM2;IFITM3;OAS1,0.9999999989852337
GO_BP_2025,up,Zymogen Activation (GO:0031638),4,2300,17,0.24010662332518537,F12;PGK1;PRSS3;ZNF160,0.9999999989852337
GO_BP_2025,up,Protein Targeting (GO:0006605),22,2300,126,0.241058263207199,ANKRD6;AP4E1;AP4M1;ARL6;FBXO7;GIPC1;ICMT;NCF1;PEX16;PEX19;PEX6;RTP4;SORL1;TIMM17B;TRAK1;VPS37D;VPS41;ZDHHC1;ZDHHC20;ZDHHC24;ZDHHC7;ZNF260,0.9999999989852337
GO_BP_2025,up,Regulation of Microtubule Polymerization or Depolymerization (GO:0031110),5,2300,23,0.2509082242101234,MAPRE3;PRUNE1;SKA2;SKA3;STMN3,0.9999999989852337
GO_BP_2025,up,Regulation of Protein Localization to Cell Periphery (GO:1904375),5,2300,23,0.2509082242101234,CDK5;MISP;PLK1;VPS35;ZDHHC7,0.9999999989852337
GO_BP_2025,up,Ventricular Septum Development (GO:0003281),5,2300,23,0.2509082242101234,HEY2;PROX1;STRA6;TGFB2;ZFPM1,0.9999999989852337
GO_BP_2025,up,Regulation of Amyloid-Beta Formation (GO:1902003),6,2300,29,0.25635009148064053,ABCG1;EPHA4;GGA3;IGF1;NTRK2;SORL1,0.9999999989852337
GO_BP_2025,up,Chloride Transport (GO:0006821),10,2300,53,0.2582299900890982,APOL1;CLCN6;CLIC5;FXYD1;GABRB2;GABRE;GABRP;SLC12A4;SLC26A6;SLC4A8,0.9999999989852337
GO_BP_2025,up,Negative Regulation of NF-kappaB Transcription Factor Activity (GO:0032088),10,2300,53,0.2582299900890982,ANXA4;ARRB1;ARRB2;BMP7;FOXJ1;IRAK3;NWD1;PSMD10;SPI1;TRIM37,0.9999999989852337
GO_BP_2025,up,Bicellular Tight Junction Assembly (GO:0070830),7,2300,35,0.25887070446678867,CLDN3;ECT2;FRMPD2;MICALL2;OCEL1;PDCD6IP;POF1B,0.9999999989852337
GO_BP_2025,up,Energy Derivation by Oxidation of Organic Compounds (GO:0015980),7,2300,35,0.25887070446678867,ADGRF1;CHCHD5;COX5A;COX6A1;COX7A2;MRAP2;SDHAF4,0.9999999989852337
GO_BP_2025,up,Epidermal Cell Differentiation (GO:0009913),7,2300,35,0.25887070446678867,AKR1C3;CSTA;ERCC3;EVPL;OVOL2;POU2F3;TGM1,0.9999999989852337
GO_BP_2025,up,Unsaturated Fatty Acid Metabolic Process (GO:0033559),7,2300,35,0.25887070446678867,ABHD6;ACOT8;ALOX5;GPX4;GSTP1;PLA2G10;PTGR1,0.9999999989852337
GO_BP_2025,up,Regulation of Mitotic Cell Cycle (GO:0007346),20,2300,115,0.26019258490507563,ANAPC10;BORA;CCDC57;CCNB1;CDC16;CDC20;CDC26;CUL9;DLGAP5;ERCC3;FOXA1;IL10;MAD2L1;MKI67;NEK11;NEK2;PIM2;PLK1;TP73;USP2,0.9999999989852337
GO_BP_2025,up,L-amino Acid Metabolic Process (GO:0170033),3,2300,12,0.2604171961713742,ASPG;EGLN2;RIMKLA,0.9999999989852337
GO_BP_2025,up,Glycolytic Process Through Glucose-6-Phosphate (GO:0061620),3,2300,12,0.2604171961713742,ENO2;PFKM;PGK1,0.9999999989852337
GO_BP_2025,up,Leukotriene Metabolic Process (GO:0006691),3,2300,12,0.2604171961713742,ALOX5;ALOX5AP;PTGR1,0.9999999989852337
GO_BP_2025,up,Lipid Droplet Formation (GO:0140042),3,2300,12,0.2604171961713742,BSCL2;MOSPD2;SQLE,0.9999999989852337
GO_BP_2025,up,Mitochondrial DNA Metabolic Process (GO:0032042),3,2300,12,0.2604171961713742,ENDOG;MGME1;RRM2B,0.9999999989852337
GO_BP_2025,up,Mitochondrion Distribution (GO:0048311),3,2300,12,0.2604171961713742,MTM1;PKD1;TRAK1,0.9999999989852337
GO_BP_2025,up,Negative Regulation of Ras Protein Signal Transduction (GO:0046580),3,2300,12,0.2604171961713742,RASAL3;SYNGAP1;TGFB2,0.9999999989852337
GO_BP_2025,up,Positive Regulation of Autophagy of Mitochondrion (GO:1903599),3,2300,12,0.2604171961713742,CAMKK2;EIF2AK1;FBXO7,0.9999999989852337
GO_BP_2025,up,Positive Regulation of Lipid Storage (GO:0010884),3,2300,12,0.2604171961713742,C3;HILPDA;PLA2G10,0.9999999989852337
GO_BP_2025,up,Positive Regulation of Protein Processing (GO:0010954),3,2300,12,0.2604171961713742,BAG2;F12;GSN,0.9999999989852337
GO_BP_2025,up,Prostaglandin Biosynthetic Process (GO:0001516),3,2300,12,0.2604171961713742,EDN2;PTGES;PTGS1,0.9999999989852337
GO_BP_2025,up,Steroid Hormone Biosynthetic Process (GO:0120178),3,2300,12,0.2604171961713742,SRD5A1;SRD5A2;SRD5A3,0.9999999989852337
GO_BP_2025,up,Ureteric Bud Development (GO:0001657),3,2300,12,0.2604171961713742,BMP7;FOXJ1;GPC3,0.9999999989852337
GO_BP_2025,up,Ameboidal-Type Cell Migration (GO:0001667),4,2300,18,0.2751050740466187,GPC3;MEGF8;PDLIM1;SRGAP2,0.9999999989852337
GO_BP_2025,up,Glutamine Family Amino Acid Metabolic Process (GO:0009064),4,2300,18,0.2751050740466187,GCLC;PRODH;RIMKLA;UCP2,0.9999999989852337
GO_BP_2025,up,Negative Regulation of Axonogenesis (GO:0050771),4,2300,18,0.2751050740466187,EFNB3;FYCO1;GDI1;ULK2,0.9999999989852337
GO_BP_2025,up,Negative Regulation of Fatty Acid Metabolic Process (GO:0045922),4,2300,18,0.2751050740466187,APPL2;BRCA1;UGT1A6;WDTC1,0.9999999989852337
GO_BP_2025,up,Nitric Oxide Metabolic Process (GO:0046209),4,2300,18,0.2751050740466187,CYB5B;NQO1;SLC7A6;TACR1,0.9999999989852337
GO_BP_2025,up,Positive Regulation of Cell Development (GO:0010720),4,2300,18,0.2751050740466187,BAD;RFX3;RGS14;TRIM32,0.9999999989852337
GO_BP_2025,up,Regulation of B Cell Activation (GO:0050864),4,2300,18,0.2751050740466187,CD19;FOXJ1;IL10;THEMIS2,0.9999999989852337
GO_BP_2025,up,Regulation of Insulin Secretion Involved in Cellular Response to Glucose Stimulus (GO:0061178),4,2300,18,0.2751050740466187,ADRA2A;BAIAP3;SRI;STXBP4,0.9999999989852337
GO_BP_2025,up,Regulation of Mitotic Cell Cycle Spindle Assembly Checkpoint (GO:0090266),4,2300,18,0.2751050740466187,CCNB1;MAD2L1;SKA3;XRCC3,0.9999999989852337
GO_BP_2025,up,Reticulophagy (GO:0061709),4,2300,18,0.2751050740466187,ATG2B;ATG9B;UFC1;ULK2,0.9999999989852337
GO_BP_2025,up,Steroid Biosynthetic Process (GO:0006694),4,2300,18,0.2751050740466187,FDXR;SQLE;SRD5A1;SRD5A2,0.9999999989852337
GO_BP_2025,up,Positive Regulation of Tumor Necrosis Factor Production (GO:0032760),11,2300,60,0.27525754402957603,AZU1;C1QTNF4;FCGR2A;OAS1;OAS2;OAS3;PLCG2;PPP1R9B;SETD4;SYK;TLR3,0.9999999989852337
GO_BP_2025,up,Phospholipid Metabolic Process (GO:0006644),9,2300,48,0.2803627168556893,ACP6;AGPAT1;GPX4;PCYT2;PGP;PLB1;PLCB2;SMPD2;SMPD3,0.9999999989852337
GO_BP_2025,up,Actin Filament Polymerization (GO:0030041),5,2300,24,0.2812186496515824,CATIP;GSN;MICALL2;MSRB1;WASHC3,0.9999999989852337
GO_BP_2025,up,Organophosphate Ester Transport (GO:0015748),5,2300,24,0.2812186496515824,OSBPL5;PCTP;PITPNM1;PRELID2;SLC44A4,0.9999999989852337
GO_BP_2025,up,Protein Localization to Chromatin (GO:0071168),5,2300,24,0.2812186496515824,LRWD1;PLK1;RUVBL2;SPNS1;ZMYND8,0.9999999989852337
GO_BP_2025,up,Regulation of Membrane Protein Ectodomain Proteolysis (GO:0051043),5,2300,24,0.2812186496515824,ADRA2A;IL10;SNX33;TIMP4;TSPAN17,0.9999999989852337
GO_BP_2025,up,Mitotic Cell Cycle Phase Transition (GO:0044772),18,2300,104,0.28159280640720163,BCAT1;CCDC57;CCNA2;CCNB1;CCNB2;CCNO;CCNY;CDC25A;CDK1;FBXL7;FOXM1;KDM8;MELK;PHF8;PIM2;PLK1;TACC3;UBE2C,0.9999999989852337
GO_BP_2025,up,Apical Junction Assembly (GO:0043297),8,2300,42,0.2822806876785938,CLDN3;ECT2;FBF1;FRMPD2;MICALL2;OCEL1;PDCD6IP;POF1B,0.9999999989852337
GO_BP_2025,up,Proteoglycan Biosynthetic Process (GO:0030166),8,2300,42,0.2822806876785938,B3GALT6;B3GNT2;B4GALT4;CHST10;CHST11;CHST9;IGF1;ST3GAL2,0.9999999989852337
GO_BP_2025,up,"DNA Damage Response, Signal Transduction by P53 Class Mediator (GO:0030330)",6,2300,30,0.28338447196676075,ARTN;CASP2;E2F7;FOXM1;PIDD1;RBM38,0.9999999989852337
GO_BP_2025,up,Cellular Defense Response (GO:0006968),6,2300,30,0.28338447196676075,BECN1;C5AR1;NCF1;NCF2;PPP1R9B;PTK2B,0.9999999989852337
GO_BP_2025,up,Positive Regulation of Transferase Activity (GO:0051347),6,2300,30,0.28338447196676075,CD4;DSTYK;PCNA;PLK1;RFC5;UBE2L3,0.9999999989852337
GO_BP_2025,up,Cellular Response to Radiation (GO:0071478),7,2300,36,0.28344518742804986,BRCA1;ECT2;FIGNL1;MAPK14;RAD51AP1;RHOD;RRAD,0.9999999989852337
GO_BP_2025,up,Neutrophil Migration (GO:1990266),7,2300,36,0.28344518742804986,CKLF;EDN2;EMP2;FCER1G;S100A8;SYK;TGFB2,0.9999999989852337
GO_BP_2025,up,Protein K11-linked Ubiquitination (GO:0070979),7,2300,36,0.28344518742804986,ANAPC10;CDC16;CDC26;RNF26;UBE2C;UBE2L3;UBE2T,0.9999999989852337
GO_BP_2025,up,Regulation of Interleukin-12 Production (GO:0032655),7,2300,36,0.28344518742804986,IL10;IRAK3;MAPK14;MAST2;PLCG2;SYK;TLR3,0.9999999989852337
GO_BP_2025,up,Regulation of Protein Localization to Plasma Membrane (GO:1903076),13,2300,73,0.2864393449263997,ARHGEF16;ATP2B4;BCL2L1;CDK5;CIB1;CLTC;CNPY4;ITGA3;MRAP2;PLS1;PTPN9;RANGRF;ZDHHC7,0.9999999989852337
GO_BP_2025,up,Autophagosome Organization (GO:1905037),11,2300,61,0.2942643941505506,AP4M1;ATG2B;ATG9B;BECN1;DNAJC16;EMC6;PACS2;TP53INP1;TRIM32;UBQLN2;ULK2,0.9999999989852337
GO_BP_2025,up,Negative Regulation of Immune Response (GO:0050777),11,2300,61,0.2942643941505506,C9ORF72;DHX58;DTX4;HCK;IRAK3;MAPK14;NMI;PTPN6;SPI1;SYK;TRAFD1,0.9999999989852337
GO_BP_2025,up,Positive Regulation of Protein Serine/Threonine Kinase Activity (GO:0071902),10,2300,55,0.2981241516741268,ADRA2A;CCNY;CIB1;HMGA2;MAPRE3;NEK10;PIK3R5;PROX1;PSMD10;PSRC1,0.9999999989852337
GO_BP_2025,up,Regulation of Viral Genome Replication (GO:0045069),10,2300,55,0.2981241516741268,APOBEC3G;BST2;FAM111A;IFIT1;IFITM2;IFITM3;OAS1;OAS2;OAS3;PROX1,0.9999999989852337
GO_BP_2025,up,Intracellular Protein Transport (GO:0006886),48,2300,298,0.2992093082063518,ACD;AGK;AP2A1;AP4M1;APPL2;ARL11;ARL6;CFAP73;CLTC;COG7;FAM53B;GGA3;HEATR3;IFT22;IFT27;IPO11;IPO13;IPO9;MTCH2;MTX1;MVB12B;NUP133;NUP50;NUP93;PAM16;PDCD6;PEX16;PEX19;PKD1;RAB20;RAB28;RAB31;RABL2A;RABL2B;RANGRF;RPAIN;SYK;TIMM17B;TSG101;TSNARE1;UNC93B1;VIPAS39;VPS25;VPS33A;VPS35;VPS37D;VPS41;XPO7,0.9999999989852337
GO_BP_2025,up,Plasma Membrane Bounded Cell Projection Organization (GO:0120036),20,2300,118,0.3006072782213956,ADGRF1;ARMC2;BICDL1;BLOC1S4;CATIP;CDK5;CEP78;CFAP126;CFAP61;FAM161A;GDNF;IQCG;MICALL2;MNS1;PPP1R9B;PTPRU;RAB11A;STMN3;TTC29;VRK1,0.9999999989852337
GO_BP_2025,up,G Protein-Coupled Dopamine Receptor Signaling Pathway (GO:0007212),3,2300,13,0.30389129229389406,ARRB2;GNA14;GNAL,0.9999999989852337
GO_BP_2025,up,Cellular Response to Superoxide (GO:0071451),3,2300,13,0.30389129229389406,MB;NQO1;PRDX1,0.9999999989852337
GO_BP_2025,up,Clathrin Coat Assembly (GO:0048268),3,2300,13,0.30389129229389406,CLTA;CLTC;FCHO1,0.9999999989852337
GO_BP_2025,up,Endosomal Vesicle Fusion (GO:0034058),3,2300,13,0.30389129229389406,VPS11;VPS33A;VPS41,0.9999999989852337
GO_BP_2025,up,Leukocyte Tethering or Rolling (GO:0050901),3,2300,13,0.30389129229389406,GCNT1;PPP1R9B;SELPLG,0.9999999989852337
GO_BP_2025,up,Limb Morphogenesis (GO:0035108),3,2300,13,0.30389129229389406,MEGF8;PCSK5;TGFB2,0.9999999989852337
GO_BP_2025,up,Long-Chain Fatty Acid Biosynthetic Process (GO:0042759),3,2300,13,0.30389129229389406,ALOX5;GPX4;GSTP1,0.9999999989852337
GO_BP_2025,up,Mesoderm Formation (GO:0001707),3,2300,13,0.30389129229389406,HMGA2;ITGA3;MESP1,0.9999999989852337
GO_BP_2025,up,Negative Regulation of Cytokine Production Involved in Immune Response (GO:0002719),3,2300,13,0.30389129229389406,IL10;IRAK3;TGFB2,0.9999999989852337
GO_BP_2025,up,Positive Regulation of Transmembrane Transport (GO:0034764),3,2300,13,0.30389129229389406,AZIN2;C3;SLC26A6,0.9999999989852337
GO_BP_2025,up,Regulation of Acute Inflammatory Response (GO:0002673),3,2300,13,0.30389129229389406,F12;GSTP1;PTGES,0.9999999989852337
GO_BP_2025,up,Regulation of Cardiac Muscle Cell Membrane Repolarization (GO:0099623),3,2300,13,0.30389129229389406,CACNA1D;KCNE1;KCNE3,0.9999999989852337
GO_BP_2025,up,Regulation of Establishment of Cell Polarity (GO:2000114),3,2300,13,0.30389129229389406,FYCO1;GSN;RIPOR2,0.9999999989852337
GO_BP_2025,up,Regulation of Establishment or Maintenance of Cell Polarity (GO:0032878),3,2300,13,0.30389129229389406,FYCO1;LLGL2;RIPOR2,0.9999999989852337
GO_BP_2025,up,Regulation of Protein Autophosphorylation (GO:0031952),3,2300,13,0.30389129229389406,GPNMB;MVP;NEK10,0.9999999989852337
GO_BP_2025,up,Removal of Superoxide Radicals (GO:0019430),3,2300,13,0.30389129229389406,MB;NQO1;PRDX1,0.9999999989852337
GO_BP_2025,up,Retinal Metabolic Process (GO:0042574),3,2300,13,0.30389129229389406,AKR1C3;BCO2;RDH10,0.9999999989852337
GO_BP_2025,up,Retinol Metabolic Process (GO:0042572),3,2300,13,0.30389129229389406,DHRS3;DHRS9;RDH10,0.9999999989852337
GO_BP_2025,up,Thioester Metabolic Process (GO:0035383),3,2300,13,0.30389129229389406,ACOT4;ACOT8;MLYCD,0.9999999989852337
GO_BP_2025,up,Positive Regulation of Intrinsic Apoptotic Signaling Pathway (GO:2001244),7,2300,37,0.30854627784429234,BECN1;BOK;NACC2;RNF183;S100A8;STYXL1;TAF6,0.9999999989852337
GO_BP_2025,up,NADP Metabolic Process (GO:0006739),4,2300,19,0.3108526327234689,FDXR;KCNAB2;NADK;PRDX5,0.9999999989852337
GO_BP_2025,up,Epithelial Cell Development (GO:0002064),4,2300,19,0.3108526327234689,CDH2;CLDN3;POF1B;WNT7B,0.9999999989852337
GO_BP_2025,up,Negative Regulation of Non-Canonical NF-kappaB Signal Transduction (GO:1901223),4,2300,19,0.3108526327234689,BMP7;C1QTNF3;NMI;SPI1,0.9999999989852337
GO_BP_2025,up,Negative Regulation of Response to Wounding (GO:1903035),4,2300,19,0.3108526327234689,ALOX5;CD109;EPHA4;PTPN6,0.9999999989852337
GO_BP_2025,up,Peripheral Nervous System Development (GO:0007422),4,2300,19,0.3108526327234689,ADGRB2;ARTN;GDNF;GFRA3,0.9999999989852337
GO_BP_2025,up,Pore Complex Assembly (GO:0046931),4,2300,19,0.3108526327234689,BAD;GSDMD;NDC1;NUP93,0.9999999989852337
GO_BP_2025,up,Regulation of Meiotic Cell Cycle (GO:0051445),4,2300,19,0.3108526327234689,ANAPC10;CDC16;CDC20;CDC26,0.9999999989852337
GO_BP_2025,up,Ventricular Septum Morphogenesis (GO:0060412),4,2300,19,0.3108526327234689,HEY2;PROX1;TGFB2;ZFPM1,0.9999999989852337
GO_BP_2025,up,Positive Regulation of Actin Filament Polymerization (GO:0030838),6,2300,31,0.3109979476482439,BAIAP2;HCK;NCKAP1L;PFN2;PTK2B;WASHC2C,0.9999999989852337
GO_BP_2025,up,Protein Targeting to Vacuole (GO:0006623),6,2300,31,0.3109979476482439,AP4M1;BECN1;GGA3;SORL1;VPS37D;VPS41,0.9999999989852337
GO_BP_2025,up,Regulation of Cell Cycle Phase Transition (GO:1901987),6,2300,31,0.3109979476482439,ATP2B4;CDK5;ERCC3;NEK10;NEK11;PLK1,0.9999999989852337
GO_BP_2025,up,Regulation of Response to Biotic Stimulus (GO:0002831),6,2300,31,0.3109979476482439,APPL2;DHX58;LRP8;RNF135;SAMHD1;TKFC,0.9999999989852337
GO_BP_2025,up,Glutathione Metabolic Process (GO:0006749),5,2300,25,0.3121780928273497,CTNS;GCLC;GSTP1;HAGH;HPGDS,0.9999999989852337
GO_BP_2025,up,Late Endosome to Vacuole Transport via Multivesicular Body Sorting Pathway (GO:0032511),5,2300,25,0.3121780928273497,CHMP5;MVB12B;TSG101;VPS25;VPS37D,0.9999999989852337
GO_BP_2025,up,Negative Regulation of Carbohydrate Metabolic Process (GO:0045912),5,2300,25,0.3121780928273497,AP2A1;C1QTNF3;CLTC;PGP;TELO2,0.9999999989852337
GO_BP_2025,up,Positive Regulation of D-glucose Transmembrane Transport (GO:0010828),5,2300,25,0.3121780928273497,C3;CAPN10;CLTCL1;IGF1;IRS1,0.9999999989852337
GO_BP_2025,up,Regulation of Ras Protein Signal Transduction (GO:0046578),5,2300,25,0.3121780928273497,FOXM1;IGF1;RASAL3;SYNGAP1;TGFB2,0.9999999989852337
GO_BP_2025,up,Regulation of Neuron Migration (GO:2001222),5,2300,25,0.3121780928273497,NEXMIF;PLXNB2;SRGAP2;ULK4;VRK1,0.9999999989852337
GO_BP_2025,up,Regulation of Potassium Ion Transport (GO:0043266),5,2300,25,0.3121780928273497,ADRA2A;CACNA1D;KCNAB2;KCNE1;PTK2B,0.9999999989852337
GO_BP_2025,up,Negative Regulation of Cell Motility (GO:2000146),19,2300,113,0.3199271360714458,ARHGAP4;BST2;CCDC125;CLDN3;DAG1;DPYSL3;DUSP22;EMILIN2;EPHA4;FBLN1;FUZ;IGFBP5;PTPRU;SAP30;SCAI;SRGAP2;SULF1;TP53INP1;ZMYND8,0.9999999989852337
GO_BP_2025,up,Regulation of Interleukin-6 Production (GO:0032675),15,2300,88,0.32729555596345866,AIF1;ARRB1;C1QTNF3;C1QTNF4;FOXJ1;GPNMB;IL10;IRAK3;NCKAP1L;PLCG2;POU2AF1;PTPN6;SETD4;SYK;TLR3,0.9999999989852337
GO_BP_2025,up,Positive Regulation of DNA Metabolic Process (GO:0051054),17,2300,101,0.33142560066091786,ACD;ACTR8;ARTN;BRCA1;CDC25A;CDT1;EYA4;NEK2;PCNA;PNKP;POT1;RUVBL1;RUVBL2;STN1;TFPT;WRAP53;ZCWPW1,0.9999999989852337
GO_BP_2025,up,Blood Vessel Morphogenesis (GO:0048514),7,2300,38,0.33404712706784967,HEY2;LOX;PROX1;RASIP1;STRA6;SYK;SYNGAP1,0.9999999989852337
GO_BP_2025,up,Regulation of Cytokine Production (GO:0001817),21,2300,127,0.3367253254339277,ADRA2A;AGPAT1;ALOX5;C1QTNF3;DTX4;GAPDH;GPNMB;HDAC9;HILPDA;IGF2BP3;IL10;MAPK14;MAST2;NPTN;PER1;PLD4;RNF26;TRIM56;UFC1;ZBTB12;ZBTB26,0.9999999989852337
GO_BP_2025,up,Cognition (GO:0050890),6,2300,32,0.3390218041552475,BBS4;C5AR1;CTNS;STRA6;TTC8;TUSC3,0.9999999989852337
GO_BP_2025,up,Cortical Cytoskeleton Organization (GO:0030865),6,2300,32,0.3390218041552475,LLGL2;NCKAP1L;PTK2B;RAC2;RHOBTB1;STRIP1,0.9999999989852337
GO_BP_2025,up,Icosanoid Metabolic Process (GO:0006690),6,2300,32,0.3390218041552475,ABHD6;ALOX5;CYP2S1;GPX4;PLA2G10;PTGR1,0.9999999989852337
GO_BP_2025,up,Neutrophil Chemotaxis (GO:0030593),6,2300,32,0.3390218041552475,CKLF;EDN2;FCER1G;S100A8;SYK;TGFB2,0.9999999989852337
GO_BP_2025,up,Protein Transmembrane Import Into Intracellular Organelle (GO:0044743),6,2300,32,0.3390218041552475,PAM16;PEX16;PEX6;TIMM17B;TRIM37;ZNF260,0.9999999989852337
GO_BP_2025,up,Regulation of Microtubule Cytoskeleton Organization (GO:0070507),6,2300,32,0.3390218041552475,MAP6;MAPRE3;SKA2;SKA3;STMN3;TRAF3IP1,0.9999999989852337
GO_BP_2025,up,Regulation of Mitochondrial Membrane Potential (GO:0051881),6,2300,32,0.3390218041552475,ATP5IF1;BAD;BCL2L1;BCO2;STOX1;TUSC2,0.9999999989852337
GO_BP_2025,up,Transcription by RNA Polymerase III (GO:0006383),6,2300,32,0.3390218041552475,GTF3C2;GTF3C3;POLR3K;SNAPC1;SNAPC2;SNAPC3,0.9999999989852337
GO_BP_2025,up,Cellular Response to Acid Chemical (GO:0071229),5,2300,26,0.34354912393119946,CPEB1;NEURL1;RBX1;RRAGA;SLC38A9,0.9999999989852337
GO_BP_2025,up,Keratinocyte Differentiation (GO:0030216),5,2300,26,0.34354912393119946,AKR1C3;CSTA;EVPL;POU2F3;TGM1,0.9999999989852337
GO_BP_2025,up,Mitochondrial Membrane Organization (GO:0007006),5,2300,26,0.34354912393119946,BAD;BCL2L1;CHCHD3;MTX1;MTX3,0.9999999989852337
GO_BP_2025,up,Regulation of Proteolysis Involved in Protein Catabolic Process (GO:1903050),5,2300,26,0.34354912393119946,ATP5IF1;DNAAF4;EPHA4;PKD1;PTK2B,0.9999999989852337
GO_BP_2025,up,Regulation of Stress-Activated MAPK Cascade (GO:0032872),5,2300,26,0.34354912393119946,FOXM1;GSTP1;KLHDC10;NBR1;TGFB2,0.9999999989852337
GO_BP_2025,up,Response to Amino Acid (GO:0043200),5,2300,26,0.34354912393119946,CPEB1;NEURL1;RBX1;RRAGA;SLC38A9,0.9999999989852337
GO_BP_2025,up,Response to Steroid Hormone (GO:0048545),5,2300,26,0.34354912393119946,ABHD2;PAQR7;PAQR8;TGFB2;UBE2L3,0.9999999989852337
GO_BP_2025,up,Skeletal Muscle Tissue Development (GO:0007519),5,2300,26,0.34354912393119946,MYL6;MYORG;SIX4;VRK3;ZBTB18,0.9999999989852337
GO_BP_2025,up,Positive Regulation of Double-Strand Break Repair (GO:2000781),15,2300,89,0.34394779949167525,ARID1A;ARTN;BCL7A;FOXM1;HDGFL2;KMT5C;MGMT;PNKP;RAD51AP1;RUVBL1;RUVBL2;SPIRE2;UBE2V2;WRAP53;ZCWPW1,0.9999999989852337
GO_BP_2025,up,Nucleotide-Excision Repair (GO:0006289),9,2300,51,0.34592294960214925,CETN2;DDB2;ERCC3;ERCC4;GTF2H5;PNKP;POLD3;POLR2I;RPA3,0.9999999989852337
GO_BP_2025,up,Phospholipid Transport (GO:0015914),9,2300,51,0.34592294960214925,ABCC1;ABCG1;ATP10B;OSBPL5;PCTP;PITPNM1;PLA2G10;PRELID2;SPNS1,0.9999999989852337
GO_BP_2025,up,Regulation of Neurogenesis (GO:0050767),9,2300,51,0.34592294960214925,APPL2;DYNLT1;HES2;HES6;HEY2;PRUNE1;RGS14;SORL1;TRIM32,0.9999999989852337
GO_BP_2025,up,Heparan Sulfate Proteoglycan Metabolic Process (GO:0030201),4,2300,20,0.34698458309586705,GNS;HS3ST4;SGSH;SULF1,0.9999999989852337
GO_BP_2025,up,Membrane Protein Ectodomain Proteolysis (GO:0006509),4,2300,20,0.34698458309586705,DAG1;PSEN2;PSENEN;SPPL2B,0.9999999989852337
GO_BP_2025,up,Microautophagy (GO:0016237),4,2300,20,0.34698458309586705,ATG2B;ATG9B;ULK2;ZNF418,0.9999999989852337
GO_BP_2025,up,Negative Regulation of Protein Localization to Cell Periphery (GO:1904376),4,2300,20,0.34698458309586705,BCL2L1;CLTC;LZTFL1;MRAP2,0.9999999989852337
GO_BP_2025,up,Amyloid Precursor Protein Catabolic Process (GO:0042987),3,2300,14,0.3476222603143058,ABCG1;PSEN2;PSENEN,0.9999999989852337
GO_BP_2025,up,Embryonic Digestive Tract Development (GO:0048566),3,2300,14,0.3476222603143058,PCSK5;STRA6;TGFB2,0.9999999989852337
GO_BP_2025,up,Extrinsic Apoptotic Signaling Pathway in Absence of Ligand (GO:0097192),3,2300,14,0.3476222603143058,BCL2L1;BOK;CASP2,0.9999999989852337
GO_BP_2025,up,Filopodium Assembly (GO:0046847),3,2300,14,0.3476222603143058,PPP1R9B;SPAG6;SRGAP2,0.9999999989852337
GO_BP_2025,up,Negative Regulation of Cation Channel Activity (GO:2001258),3,2300,14,0.3476222603143058,CALM3;KCNE3;SRI,0.9999999989852337
GO_BP_2025,up,Negative Regulation of Endopeptidase Activity (GO:0010951),3,2300,14,0.3476222603143058,GAPDH;SERPINB13;SERPINB6,0.9999999989852337
GO_BP_2025,up,Negative Regulation of Establishment of Protein Localization (GO:1904950),3,2300,14,0.3476222603143058,GDI1;KCNE1;NDFIP2,0.9999999989852337
GO_BP_2025,up,Nuclear Pore Organization (GO:0006999),3,2300,14,0.3476222603143058,NDC1;NUP133;NUP93,0.9999999989852337
GO_BP_2025,up,Positive Regulation of Cell Migration Involved in Sprouting Angiogenesis (GO:0090050),3,2300,14,0.3476222603143058,CIB1;HDAC9;SRPX2,0.9999999989852337
GO_BP_2025,up,Positive Regulation of Double-Strand Break Repair via Nonhomologous End Joining (GO:2001034),3,2300,14,0.3476222603143058,KMT5C;PNKP;WRAP53,0.9999999989852337
GO_BP_2025,up,Positive Regulation of Embryonic Development (GO:0040019),3,2300,14,0.3476222603143058,OTX2;TENM4;WNT4,0.9999999989852337
GO_BP_2025,up,Positive Regulation of Mitochondrial Translation (GO:0070131),3,2300,14,0.3476222603143058,COA3;NGRN;RMND1,0.9999999989852337
GO_BP_2025,up,Positive Regulation of Smooth Muscle Cell Migration (GO:0014911),3,2300,14,0.3476222603143058,AIF1;IGF1;IGFBP5,0.9999999989852337
GO_BP_2025,up,Positive Regulation of Stem Cell Differentiation (GO:2000738),3,2300,14,0.3476222603143058,MTCH2;RBM24;TGFB2,0.9999999989852337
GO_BP_2025,up,Protein Autoprocessing (GO:0016540),3,2300,14,0.3476222603143058,F12;FAM111A;PIDD1,0.9999999989852337
GO_BP_2025,up,Regulation of Exit From Mitosis (GO:0007096),3,2300,14,0.3476222603143058,CDC14A;PPP1R9B;UBE2C,0.9999999989852337
GO_BP_2025,up,Regulation of Leukocyte Chemotaxis (GO:0002688),3,2300,14,0.3476222603143058,CAMK1D;EDN2;PTK2B,0.9999999989852337
GO_BP_2025,up,Regulation of Macrophage Cytokine Production (GO:0010935),3,2300,14,0.3476222603143058,IRAK3;PLCG2;TGFB2,0.9999999989852337
GO_BP_2025,up,Striated Muscle Cell Differentiation (GO:0051146),3,2300,14,0.3476222603143058,CBY1;MESP1;SDC1,0.9999999989852337
GO_BP_2025,up,Telomere Capping (GO:0016233),3,2300,14,0.3476222603143058,ARTN;POT1;STN1,0.9999999989852337
GO_BP_2025,up,Phosphate-Containing Compound Metabolic Process (GO:0006796),19,2300,115,0.34917151467898233,ACP6;ACYP1;AGPAT1;CDK5;DUSP18;GPX4;INPP4A;INPP4B;LHPP;MOCOS;NADK;NT5C;NUDT14;NUDT5;PFKFB4;PFKM;PLB1;PLCB2;PPIP5K1,0.9999999989852337
GO_BP_2025,up,Positive Regulation of Protein Localization to Plasma Membrane (GO:1903078),8,2300,45,0.35270578211375636,ARHGEF16;ATP2B4;CIB1;CNPY4;ITGA3;PLS1;PTPN9;RANGRF,0.9999999989852337
GO_BP_2025,up,Calcium Ion Homeostasis (GO:0055074),11,2300,64,0.35312565944982477,ATP13A1;ATP13A4;ATP13A5;ATP2B4;ATP2C2;CCL15;EDN2;ITPR3;NPTN;PSEN2;TMTC2,0.9999999989852337
GO_BP_2025,up,Glycoprotein Biosynthetic Process (GO:0009101),11,2300,64,0.35312565944982477,B3GALT6;B4GALT5;CHST10;CHST11;CHST9;COG7;GCNT1;IGF1;LARGE1;MGAT4B;ST3GAL2,0.9999999989852337
GO_BP_2025,up,Lysosomal Transport (GO:0007041),11,2300,64,0.35312565944982477,ANKFY1;AP4M1;BECN1;C9ORF72;CHMP5;GGA3;SLC17A9;SORL1;VPS35;VPS41;VPS52,0.9999999989852337
GO_BP_2025,up,Steroid Metabolic Process (GO:0008202),11,2300,64,0.35312565944982477,AKR1C3;BDH1;CBR1;CHST10;CYP4V2;DHRS9;FDXR;SRD5A1;SRD5A2;STARD3;STS,0.9999999989852337
GO_BP_2025,up,Heart Morphogenesis (GO:0003007),7,2300,39,0.3598225237935139,ACVR1;EMP2;HEY2;MEGF8;MESP1;TGFB2;ZFPM1,0.9999999989852337
GO_BP_2025,up,Sterol Metabolic Process (GO:0016125),7,2300,39,0.3598225237935139,ABCA5;ABCG1;CYP4V2;OSBPL5;SCAP;SQLE;STARD3,0.9999999989852337
GO_BP_2025,up,Generation of Neurons (GO:0048699),21,2300,129,0.3647441814597573,AIFM1;ARTN;ATP2B4;CDK5;CTF1;DNAAF4;EML1;NAV1;NGRN;NIF3L1;NTRK2;PLXNB2;RACGAP1;SDCCAG8;SIX4;SOX21;TGFB2;TUBB2B;TUBGCP2;WNT4;WNT7B,0.9999999989852337
GO_BP_2025,up,Nucleobase-Containing Compound Metabolic Process (GO:0006139),6,2300,33,0.3672919252230621,BPNT1;NUDT2;NUDT5;OAS2;OAS3;TK1,0.9999999989852337
GO_BP_2025,up,Positive Regulation of Interferon-Beta Production (GO:0032728),6,2300,33,0.3672919252230621,OAS1;OAS2;OAS3;RNF135;TLR3;TRIM56,0.9999999989852337
GO_BP_2025,up,Regulation of Erythrocyte Differentiation (GO:0045646),6,2300,33,0.3672919252230621,ANKRD54;MAPK14;NCKAP1L;P4HTM;SPI1;ZFPM1,0.9999999989852337
GO_BP_2025,up,Fat Cell Differentiation (GO:0045444),9,2300,52,0.3683058865383657,BBS2;BBS4;BSCL2;C1QTNF3;CBY1;FAM120B;HMGA2;INHBB;TRIM32,0.9999999989852337
GO_BP_2025,up,Mesenchymal Cell Differentiation (GO:0048762),9,2300,52,0.3683058865383657,BMP7;FAM83D;HEY2;HMGA2;IGF1;LOXL3;S100A4;TGFB2;WNT4,0.9999999989852337
GO_BP_2025,up,Regulation of Tumor Necrosis Factor Production (GO:0032680),16,2300,97,0.3700413869902152,AZU1;C1QTNF4;FCGR2A;GSTP1;IGF1;IL10;IRAK3;OAS1;OAS2;OAS3;PLCG2;PPP1R9B;PTPN6;SETD4;SYK;TLR3,0.9999999989852337
GO_BP_2025,up,Regulation of Monoatomic Ion Transmembrane Transporter Activity (GO:0032412),5,2300,27,0.3751056708048324,CACNA1D;CNIH2;CNIH3;FXYD1;RANGRF,0.9999999989852337
GO_BP_2025,up,Cell-Cell Junction Organization (GO:0045216),8,2300,46,0.376690375849494,CDH2;CDH24;CDH26;CDHR3;CLDN3;CSK;TGFB2;TJP3,0.9999999989852337
GO_BP_2025,up,Protein Homotetramerization (GO:0051289),8,2300,46,0.376690375849494,ACOT13;APPL2;AQP10;CBY1;ITPR3;KCNJ12;SAMHD1;TK1,0.9999999989852337
GO_BP_2025,up,Fc-epsilon Receptor Signaling Pathway (GO:0038095),4,2300,21,0.3831654488744323,FCER1G;MAPK10;PLCG2;SYK,0.9999999989852337
GO_BP_2025,up,NADH Metabolic Process (GO:0006734),4,2300,21,0.3831654488744323,ENO2;MDH1B;PFKM;PGK1,0.9999999989852337
GO_BP_2025,up,Muscle Cell Differentiation (GO:0042692),4,2300,21,0.3831654488744323,HDGFL2;HEY2;LBX2;TBX18,0.9999999989852337
GO_BP_2025,up,Negative Regulation of DNA Binding (GO:0043392),4,2300,21,0.3831654488744323,E2F1;HEY2;HMGA2;MDFI,0.9999999989852337
GO_BP_2025,up,Peptidyl-Tyrosine Dephosphorylation (GO:0035335),4,2300,21,0.3831654488744323,DUSP18;PTPN6;PTPN9;PTPRU,0.9999999989852337
GO_BP_2025,up,Positive Regulation of D-glucose Import (GO:0046326),4,2300,21,0.3831654488744323,CAPN10;CLTCL1;IGF1;IRS1,0.9999999989852337
GO_BP_2025,up,Regulation of Keratinocyte Proliferation (GO:0010837),4,2300,21,0.3831654488744323,EPB41L4B;OVOL2;STXBP4;TGM1,0.9999999989852337
GO_BP_2025,up,Vesicle Transport Along Microtubule (GO:0047496),4,2300,21,0.3831654488744323,FYCO1;KIF3B;NDE1;TRAK1,0.9999999989852337
GO_BP_2025,up,Regulation of Neuron Projection Development (GO:0010975),22,2300,137,0.38573907726163587,BDNF;CAMK1D;CDK5;CIB1;DPYSL3;EFHC2;EPHA4;FBXO38;FBXO7;FYCO1;KNDC1;LTK;NPTN;NTRK2;P3H1;PLXNB2;PTK2B;PTPN9;PTPRU;SRCIN1;STYXL1;ULK4,0.9999999989852337
GO_BP_2025,up,Nervous System Development (GO:0007399),52,2300,334,0.38597076761763527,ACD;ADGRB2;ADGRF1;ARTN;BDNF;BPNT1;BTBD3;CDH2;CDK5;CTF1;CYP26A1;DOC2A;ECT2;EFNB3;EIF2B2;FABP7;FGF11;FUZ;GDNF;GFRA3;GSN;GSTP1;HOXB2;IGF2BP3;INTU;LY6H;MESP1;MSI1;NAV1;NAV2;NEURL1;NINJ2;NPAS1;NR2F6;PAFAH1B3;PCDHB4;PKD1;PLXNB1;PLXNB2;PROX1;RAPGEFL1;RITA1;SDHA;SEMA4F;SNTG2;STIL;STMN3;TAGLN3;TRAK1;TRIM3;UNC119B;ZMYND8,0.9999999989852337
GO_BP_2025,up,Negative Regulation of Protein Metabolic Process (GO:0051248),20,2300,124,0.386284102216321,AZIN2;CAPRIN1;CDK5;CSTA;CSTB;DHFR;EIF2AK1;EIF4E2;EPHA4;GAPDH;IGF2BP3;IGFBP5;INHBB;IRAK3;MAD2L1;MRPL13;NQO1;RNF139;SORL1;TYMS,0.9999999989852337
GO_BP_2025,up,Positive Regulation of Neurogenesis (GO:0050769),9,2300,53,0.39082141081207944,CAPRIN1;MAP6;NEURL1;NPTN;NTRK2;PLXNB1;PLXNB2;RGS14;TRIM32,0.9999999989852337
GO_BP_2025,up,Regulation of Reactive Oxygen Species Metabolic Process (GO:2000377),9,2300,53,0.39082141081207944,AKR1C3;ALOX5;BCO2;BRCA1;CBR1;FOXM1;MAPK14;RAC2;SIRT5,0.9999999989852337
GO_BP_2025,up,DNA Biosynthetic Process (GO:0071897),3,2300,15,0.39104715973603915,POLD3;RRM2B;TYMS,0.9999999989852337
GO_BP_2025,up,Cardiac Muscle Cell Contraction (GO:0086003),3,2300,15,0.39104715973603915,CACNA1D;GSN;KCNE1,0.9999999989852337
GO_BP_2025,up,Centromere Complex Assembly (GO:0034508),3,2300,15,0.39104715973603915,CENPI;DLGAP5;HJURP,0.9999999989852337
GO_BP_2025,up,Cytoskeleton-Dependent Intracellular Transport (GO:0030705),3,2300,15,0.39104715973603915,CCDC88C;MAP6;TUBA1A,0.9999999989852337
GO_BP_2025,up,Endocrine System Development (GO:0035270),3,2300,15,0.39104715973603915,FOXE1;STRA6;WNT4,0.9999999989852337
GO_BP_2025,up,Epithelial Cell Morphogenesis (GO:0003382),3,2300,15,0.39104715973603915,CCDC88C;CLDN3;POF1B,0.9999999989852337
GO_BP_2025,up,Late Endosome to Lysosome Transport (GO:1902774),3,2300,15,0.39104715973603915,C9ORF72;CHMP5;VPS41,0.9999999989852337
GO_BP_2025,up,Leukocyte Adhesion to Vascular Endothelial Cell (GO:0061756),3,2300,15,0.39104715973603915,GCNT1;PPP1R9B;SELPLG,0.9999999989852337
GO_BP_2025,up,Lipopolysaccharide-Mediated Signaling Pathway (GO:0031663),3,2300,15,0.39104715973603915,HCK;IRAK3;PLCG2,0.9999999989852337
GO_BP_2025,up,Long-Term Memory (GO:0007616),3,2300,15,0.39104715973603915,CALB1;NFATC4;RGS14,0.9999999989852337
GO_BP_2025,up,Male Meiotic Nuclear Division (GO:0007140),3,2300,15,0.39104715973603915,FIGNL1;HSF2BP;TESMIN,0.9999999989852337
GO_BP_2025,up,Mesenchyme Development (GO:0060485),3,2300,15,0.39104715973603915,BMP7;HMGA2;MESP1,0.9999999989852337
GO_BP_2025,up,Mitochondrial Ribosome Assembly (GO:0061668),3,2300,15,0.39104715973603915,MCAT;NGRN;NOA1,0.9999999989852337
GO_BP_2025,up,Negative Regulation of Interleukin-8 Production (GO:0032717),3,2300,15,0.39104715973603915,ANXA4;ARRB1;IL10,0.9999999989852337
GO_BP_2025,up,Negative Regulation of Myeloid Cell Differentiation (GO:0045638),3,2300,15,0.39104715973603915,CIB1;MYB;PTK2B,0.9999999989852337
GO_BP_2025,up,Negative Regulation of Release of Cytochrome C From Mitochondria (GO:0090201),3,2300,15,0.39104715973603915,BCL2L1;IGF1;PSMD10,0.9999999989852337
GO_BP_2025,up,Positive Regulation of G Protein-Coupled Receptor Signaling Pathway (GO:0045745),3,2300,15,0.39104715973603915,C3;MRAP2;VPS35,0.9999999989852337
GO_BP_2025,up,Positive Regulation of Axon Extension (GO:0045773),3,2300,15,0.39104715973603915,FYCO1;MEGF8;NTN1,0.9999999989852337
GO_BP_2025,up,Positive Regulation of Muscle Hypertrophy (GO:0014742),3,2300,15,0.39104715973603915,ARRB1;ARRB2;IGF1,0.9999999989852337
GO_BP_2025,up,Protein K6-linked Ubiquitination (GO:0085020),3,2300,15,0.39104715973603915,BRCA1;UBE2T;WDR24,0.9999999989852337
GO_BP_2025,up,Protein O-linked Mannosylation (GO:0035269),3,2300,15,0.39104715973603915,LARGE1;TMTC2;TMTC3,0.9999999989852337
GO_BP_2025,up,Pulmonary Valve Morphogenesis (GO:0003184),3,2300,15,0.39104715973603915,HEY2;STRA6;TGFB2,0.9999999989852337
GO_BP_2025,up,rRNA Transcription (GO:0009303),3,2300,15,0.39104715973603915,GTF3C2;GTF3C3;SPNS1,0.9999999989852337
GO_BP_2025,up,Regulation of B Cell Differentiation (GO:0045577),3,2300,15,0.39104715973603915,NCKAP1L;SPI1;SYK,0.9999999989852337
GO_BP_2025,up,Regulation of DNA Damage Checkpoint (GO:2000001),3,2300,15,0.39104715973603915,BRCA1;RFWD3;TELO2,0.9999999989852337
GO_BP_2025,up,Regulation of Intrinsic Apoptotic Signaling Pathway in Response to DNA Damage (GO:1902229),3,2300,15,0.39104715973603915,BCL2L1;NACC2;TRIM32,0.9999999989852337
GO_BP_2025,up,Regulation of Mitochondrial Membrane Permeability (GO:0046902),3,2300,15,0.39104715973603915,BAD;BCL2L1;NAIF1,0.9999999989852337
GO_BP_2025,up,Regulation of Protein Processing (GO:0070613),3,2300,15,0.39104715973603915,ADAM8;BAG2;RNF139,0.9999999989852337
GO_BP_2025,up,Retinoic Acid Metabolic Process (GO:0042573),3,2300,15,0.39104715973603915,BCO2;CYP26A1;CYP2S1,0.9999999989852337
GO_BP_2025,up,Stress-Activated MAPK Cascade (GO:0051403),3,2300,15,0.39104715973603915,MAP2K6;MAPK14;PBK,0.9999999989852337
GO_BP_2025,up,Striated Muscle Cell Development (GO:0055002),3,2300,15,0.39104715973603915,ALPK3;IGF1;SDC1,0.9999999989852337
GO_BP_2025,up,Notch Signaling Pathway (GO:0007219),6,2300,34,0.39565100949304327,CFAP58;DTX2;DTX3;DTX4;HEY2;PSEN2,0.9999999989852337
GO_BP_2025,up,Regulation of Mitotic Metaphase/Anaphase Transition (GO:0030071),8,2300,47,0.4007692607992965,ARID1A;BCL7A;CCNB1;CDC16;CDC20;DLGAP5;PLK1;UBE2C,0.9999999989852337
GO_BP_2025,up,Positive Regulation of Protein Secretion (GO:0050714),10,2300,60,0.4029520370912305,ABCG1;ADAM8;BAD;C1QTNF3;CAPN10;DOC2B;IGF1;NNAT;SYTL4;TGFB2,0.9999999989852337
GO_BP_2025,up,Adenylate Cyclase-Activating G Protein-Coupled Receptor Signaling Pathway (GO:0007189),12,2300,73,0.4036762841099378,ADCY7;ADCY9;ADGRB2;ADGRF1;ADRA2A;ADRB1;GIPR;GNAL;PTGER1;PTGER2;RAMP1;UCN3,0.9999999989852337
GO_BP_2025,up,Regulation of Immune Response (GO:0050776),12,2300,73,0.4036762841099378,APPL2;C9ORF72;CSK;DHX58;LRP8;PPP1R9B;RNF135;SAMHD1;SPPL2B;SYK;TGFB2;TKFC,0.9999999989852337
GO_BP_2025,up,Cardiac Muscle Tissue Development (GO:0048738),5,2300,28,0.4066361440653708,BMP7;CBY1;HEY2;MESP1;ZFPM1,0.9999999989852337
GO_BP_2025,up,Positive Regulation of Cell Division (GO:0051781),5,2300,28,0.4066361440653708,CDC14A;ECT2;GIPC1;KIF23;RACGAP1,0.9999999989852337
GO_BP_2025,up,Positive Regulation of Cytokinesis (GO:0032467),5,2300,28,0.4066361440653708,CDC14A;ECT2;GIPC1;KIF23;RACGAP1,0.9999999989852337
GO_BP_2025,up,Positive Regulation of Mitotic Nuclear Division (GO:0045840),5,2300,28,0.4066361440653708,CDC16;CDC20;DLGAP5;IGF1;UBE2C,0.9999999989852337
GO_BP_2025,up,Regulation of calcineurin-NFAT Signaling Cascade (GO:0070884),5,2300,28,0.4066361440653708,ATP2B4;CIB1;EFHB;IGF1;PLCG2,0.9999999989852337
GO_BP_2025,up,Regulation of Postsynapse Organization (GO:0099175),5,2300,28,0.4066361440653708,ABHD17C;CDK5;EPHA4;SRCIN1;VPS35,0.9999999989852337
GO_BP_2025,up,Sphingolipid Catabolic Process (GO:0030149),5,2300,28,0.4066361440653708,ALDH3B1;ALDH3B2;SGPP2;SMPD2;SMPD3,0.9999999989852337
GO_BP_2025,up,Synaptic Vesicle Exocytosis (GO:0016079),5,2300,28,0.4066361440653708,CDK5;DOC2A;DOC2B;SNAP29;SYT8,0.9999999989852337
GO_BP_2025,up,Regulation of Chromosome Organization (GO:0033044),7,2300,41,0.4117135721352314,ACTR8;BUB1;RMI2;RUVBL1;RUVBL2;TFPT;UPF1,0.9999999989852337
GO_BP_2025,up,Tight Junction Assembly (GO:0120192),7,2300,41,0.4117135721352314,CLDN3;ECT2;FRMPD2;MICALL2;OCEL1;PDCD6IP;POF1B,0.9999999989852337
GO_BP_2025,up,Intracellular Protein Transmembrane Transport (GO:0065002),4,2300,22,0.41909297352851077,PEX16;PEX6;TRIM37;ZNF260,0.9999999989852337
GO_BP_2025,up,Phosphatidylinositol-Mediated Signaling (GO:0048015),4,2300,22,0.41909297352851077,PI4KA;PLCB2;PLCE1;PLCG2,0.9999999989852337
GO_BP_2025,up,Positive Regulation of DNA Replication (GO:0045740),4,2300,22,0.41909297352851077,CDC25A;CDT1;PCNA;STN1,0.9999999989852337
GO_BP_2025,up,Regulation of Kinase Activity (GO:0043549),4,2300,22,0.41909297352851077,CD4;DSTYK;ECT2;EMP2,0.9999999989852337
GO_BP_2025,up,Regulation of Mitochondrial Translation (GO:0070129),4,2300,22,0.41909297352851077,COA3;NGRN;NSUN3;RMND1,0.9999999989852337
GO_BP_2025,up,tRNA Metabolic Process (GO:0006399),4,2300,22,0.41909297352851077,DTD2;POP7;SLFN13;TSEN2,0.9999999989852337
GO_BP_2025,up,Regulation of Cell Motility (GO:2000145),14,2300,87,0.4213657325613706,CCDC125;CFAP20;DUOX1;FBLN1;FUT3;NTN1;PLXNB1;PLXNB2;PRKX;RCC2;SRCIN1;TMSB10;TNNC1;TRIM32,0.9999999989852337
GO_BP_2025,up,Positive Regulation of Protein Kinase Activity (GO:0045860),12,2300,74,0.42298992658025353,ADRA2A;CD4;CIB1;DUSP19;ECT2;HMGA2;MAPRE3;PTK2B;SPNS1;SRCIN1;STOX1;TGFB2,0.9999999989852337
GO_BP_2025,up,Nucleus Organization (GO:0006997),8,2300,48,0.4248505695880179,CHMP5;LMNB1;NDC1;NUP133;NUP93;PDCD6IP;REEP4;WDR73,0.9999999989852337
GO_BP_2025,up,Positive Regulation of Synaptic Transmission (GO:0050806),8,2300,48,0.4248505695880179,BAIAP3;CALM3;NFATC4;NMU;NPTN;PTK2B;RGS14;TSHZ3,0.9999999989852337
GO_BP_2025,up,Regulation of Mitotic Nuclear Division (GO:0007088),8,2300,48,0.4248505695880179,BMP7;BORA;CCNB1;CUL9;IGF1;MKI67;NEK2;NME6,0.9999999989852337
GO_BP_2025,up,Skin Development (GO:0043588),8,2300,48,0.4248505695880179,AKR1C3;CSTA;EVPL;ITGA3;PKD1;POU2F3;RIPK4;TGM1,0.9999999989852337
GO_BP_2025,up,Regulation of Mitotic Cell Cycle Phase Transition (GO:1901990),13,2300,81,0.4314647163781754,ANLN;APPL2;ARID1A;BCL7A;CDC14A;E2F1;ERCC3;NEK11;PKD1;PLK1;PPP1R9B;PTPN6;UBE2C,0.9999999989852337
GO_BP_2025,up,Golgi to Vacuole Transport (GO:0006896),3,2300,16,0.4336937924773741,AP1G2;AP4M1;VPS52,0.9999999989852337
GO_BP_2025,up,Cell Projection Organization (GO:0030030),3,2300,16,0.4336937924773741,GSN;NCKAP1L;NPHP1,0.9999999989852337
GO_BP_2025,up,Cellular Response to Nerve Growth Factor Stimulus (GO:1990090),3,2300,16,0.4336937924773741,BDNF;CIB1;NTRK2,0.9999999989852337
GO_BP_2025,up,Diol Biosynthetic Process (GO:0034312),3,2300,16,0.4336937924773741,AGK;DHFR;TACR1,0.9999999989852337
GO_BP_2025,up,Endolysosomal Toll-Like Receptor Signaling Pathway (GO:0140894),3,2300,16,0.4336937924773741,OAS1;TLR3;UNC93B1,0.9999999989852337
GO_BP_2025,up,fatty-acyl-CoA Metabolic Process (GO:0035337),3,2300,16,0.4336937924773741,FAR2;NUDT19;NUDT7,0.9999999989852337
GO_BP_2025,up,Keratan Sulfate Proteoglycan Metabolic Process (GO:0042339),3,2300,16,0.4336937924773741,B4GALT4;GNS;ST3GAL2,0.9999999989852337
GO_BP_2025,up,Polyol Metabolic Process (GO:0019751),3,2300,16,0.4336937924773741,INPP4A;INPP4B;PPIP5K1,0.9999999989852337
GO_BP_2025,up,Positive Regulation of Blood Coagulation (GO:0030194),3,2300,16,0.4336937924773741,EMILIN2;ENPP4;F12,0.9999999989852337
GO_BP_2025,up,Positive Regulation of Cardiac Muscle Hypertrophy (GO:0010613),3,2300,16,0.4336937924773741,ARRB1;ARRB2;IGF1,0.9999999989852337
GO_BP_2025,up,Positive Regulation of Cell Cycle Phase Transition (GO:1901989),3,2300,16,0.4336937924773741,FAM83D;PLCG2;STXBP4,0.9999999989852337
GO_BP_2025,up,Positive Regulation of Lymphocyte Migration (GO:2000403),3,2300,16,0.4336937924773741,AIF1;DOCK8;PPP1R9B,0.9999999989852337
GO_BP_2025,up,Positive Regulation of Mitophagy (GO:1901526),3,2300,16,0.4336937924773741,ATP5IF1;EIF2AK1;FBXO7,0.9999999989852337
GO_BP_2025,up,Positive Regulation of Natural Killer Cell Mediated Immunity (GO:0002717),3,2300,16,0.4336937924773741,RAET1E;RAET1G;SH2D1B,0.9999999989852337
GO_BP_2025,up,Protein Mannosylation (GO:0035268),3,2300,16,0.4336937924773741,LARGE1;TMTC2;TMTC3,0.9999999989852337
GO_BP_2025,up,Regulation of Actin Nucleation (GO:0051125),3,2300,16,0.4336937924773741,GSN;WASHC2C;WASHC3,0.9999999989852337
GO_BP_2025,up,Regulation of Cell-Cell Adhesion Mediated by Cadherin (GO:2000047),3,2300,16,0.4336937924773741,FOXA1;NEXMIF;PTPRU,0.9999999989852337
GO_BP_2025,up,Regulation of Inflammatory Response to Antigenic Stimulus (GO:0002861),3,2300,16,0.4336937924773741,HCK;MAPK14;SYK,0.9999999989852337
GO_BP_2025,up,Regulation of Smooth Muscle Cell Migration (GO:0014910),3,2300,16,0.4336937924773741,IGF1;IGFBP5;SORL1,0.9999999989852337
GO_BP_2025,up,Response to Exogenous dsRNA (GO:0043330),3,2300,16,0.4336937924773741,IFIT1;IRAK3;TLR3,0.9999999989852337
GO_BP_2025,up,Sulfur Compound Transport (GO:0072348),3,2300,16,0.4336937924773741,RACGAP1;SLC19A2;SLC26A6,0.9999999989852337
GO_BP_2025,up,Ubiquinone Metabolic Process (GO:0006743),3,2300,16,0.4336937924773741,COQ6;COQ9;NQO1,0.9999999989852337
GO_BP_2025,up,Negative Regulation of Cytokine-Mediated Signaling Pathway (GO:0001960),9,2300,55,0.43594514553829455,EIF4E2;GSTP1;IRAK3;OAS1;OAS3;SAMHD1;SIGIRR;TRAIP;USP18,0.9999999989852337
GO_BP_2025,up,Sensory Perception of Light Stimulus (GO:0050953),7,2300,42,0.437600149026559,BBS2;DHRS3;EFEMP1;EYA4;NUDT19;RABGGTA;RDH10,0.9999999989852337
GO_BP_2025,up,Golgi to Plasma Membrane Protein Transport (GO:0043001),5,2300,29,0.4379457383538562,BBS2;GGA3;RAB11A;RAB31;RAB34,0.9999999989852337
GO_BP_2025,up,Mitotic G2 DNA Damage Checkpoint Signaling (GO:0007095),5,2300,29,0.4379457383538562,ARTN;BRCA1;CDK1;DTL;PLK1,0.9999999989852337
GO_BP_2025,up,Organophosphate Biosynthetic Process (GO:0090407),5,2300,29,0.4379457383538562,MOCOS;PCYT2;PPIP5K1;TKT;TPI1,0.9999999989852337
GO_BP_2025,up,DNA Metabolic Process (GO:0006259),41,2300,267,0.44137040041940645,ACD;ACTR8;ARTN;BRCA1;CDK1;CENPS-CORT;DDB2;ENDOG;ERCC3;ERCC4;FAM111A;HMGB3;KMT5C;LRWD1;MGMT;MSH3;PARP4;PNKP;POLD3;POLI;PRIM2;RAD51AP1;RAD51D;RECQL5;RFC5;RMI1;RMI2;RPA3;RRAD;RRM2B;RUVBL1;RUVBL2;SAMHD1;STN1;TFPT;TYMS;UBE2T;UBE2V2;UPF1;XRCC3;ZRANB3,0.9999999989852337
GO_BP_2025,up,Regulation of G Protein-Coupled Receptor Signaling Pathway (GO:0008277),8,2300,49,0.44884654359064635,C3;DYNLT1;MRAP2;PPP1R9B;RGS14;RPGRIP1L;ULK4;ZDHHC7,0.9999999989852337
GO_BP_2025,up,Peptidyl-Tyrosine Modification (GO:0018212),6,2300,36,0.4520514220504912,EFEMP1;EPHA4;HCK;PTK2B;PTPN6;SYK,0.9999999989852337
GO_BP_2025,up,Positive Regulation of Wound Healing (GO:0090303),6,2300,36,0.4520514220504912,ADRA2A;CLDN3;DUOX1;EMILIN2;ENPP4;F12,0.9999999989852337
GO_BP_2025,up,Protein Destabilization (GO:0031648),6,2300,36,0.4520514220504912,CCDC88C;GGA3;GSN;KDM8;PLK1;RNF139,0.9999999989852337
GO_BP_2025,up,Regulation of DNA Binding (GO:0051101),6,2300,36,0.4520514220504912,E2F1;HJURP;HMGA2;IGF1;MDFI;RNF220,0.9999999989852337
GO_BP_2025,up,Embryonic Limb Morphogenesis (GO:0030326),4,2300,23,0.4545002891744869,IFT122;INTU;MEGF8;TGFB2,0.9999999989852337
GO_BP_2025,up,Embryonic Skeletal System Development (GO:0048706),4,2300,23,0.4545002891744869,FUZ;MEGF8;PCSK5;SULF1,0.9999999989852337
GO_BP_2025,up,Mitotic Cytokinetic Process (GO:1902410),4,2300,23,0.4545002891744869,CHMP5;KIF20A;KLHDC8B;PDCD6IP,0.9999999989852337
GO_BP_2025,up,Positive Regulation of Locomotion (GO:0040017),4,2300,23,0.4545002891744869,CFAP20;DUOX1;NTN1;TRIM32,0.9999999989852337
GO_BP_2025,up,Regulation of T Cell Migration (GO:2000404),4,2300,23,0.4545002891744869,AIF1;DOCK8;PPP1R9B;RIPOR2,0.9999999989852337
GO_BP_2025,up,Regulation of Toll-Like Receptor 4 Signaling Pathway (GO:0034143),4,2300,23,0.4545002891744869,APPL2;TRIM32;WDFY1;ZNRF1,0.9999999989852337
GO_BP_2025,up,Response to Interferon-Beta (GO:0035456),4,2300,23,0.4545002891744869,BST2;IFITM2;IFITM3;OAS1,0.9999999989852337
GO_BP_2025,up,Translesion Synthesis (GO:0019985),4,2300,23,0.4545002891744869,FAAP20;PCNA;POLD3;POLI,0.9999999989852337
GO_BP_2025,up,Positive Regulation of Protein Catabolic Process (GO:0045732),14,2300,89,0.4569362584534794,ADAM8;ADRA2A;ASB9;BAG2;DTL;EGLN2;GPC3;RBX1;SNX33;SORL1;TMTC3;TRIM32;VPS11;VPS35,0.9999999989852337
GO_BP_2025,up,Mitotic DNA Damage Checkpoint Signaling (GO:0044773),9,2300,56,0.45840772110911443,ARTN;BRCA1;CDK1;DTL;GDNF;NEK11;PLK1;RFWD3;STK33,0.9999999989852337
GO_BP_2025,up,Negative Regulation of Cell Adhesion (GO:0007162),9,2300,56,0.45840772110911443,EPHA4;FBLN1;NEXMIF;PLXNB1;PLXNB2;PPP1R9B;PTPRU;RIPOR2;SYNGAP1,0.9999999989852337
GO_BP_2025,up,Potassium Ion Transmembrane Transport (GO:0071805),9,2300,56,0.45840772110911443,ATP12A;CCDC51;KCNE1;KCNE3;KCNH3;KCNJ12;KCNJ16;SLC12A4;SLC9A3,0.9999999989852337
GO_BP_2025,up,Protein Autoubiquitination (GO:0051865),9,2300,56,0.45840772110911443,BRCA1;DDB2;RNF183;RNF220;TRIM13;TRIM37;UBE2T;UBE3D;UHRF1,0.9999999989852337
GO_BP_2025,up,Regulation of SMAD Protein Signal Transduction (GO:0060390),7,2300,43,0.4633052190488184,BMP7;EID2;GDF15;NUP93;OVOL2;TGFB2;TTK,0.9999999989852337
GO_BP_2025,up,Regulation of Hydrolase Activity (GO:0051336),7,2300,43,0.4633052190488184,ATP5IF1;EPHA4;NTRK2;OAS1;OAS3;PLXNB2;RASIP1,0.9999999989852337
GO_BP_2025,up,Regulation of Intrinsic Apoptotic Signaling Pathway (GO:2001242),7,2300,43,0.4633052190488184,BCL2L1;BECN1;BOK;RTKN2;S100A8;STYXL1;TAF6,0.9999999989852337
GO_BP_2025,up,Sodium Ion Transmembrane Transport (GO:0035725),7,2300,43,0.4633052190488184,ASIC1;ATP12A;SLC4A8;SLC6A14;SLC6A6;SLC6A8;SLC9A3,0.9999999989852337
GO_BP_2025,up,Negative Regulation of Epithelial to Mesenchymal Transition (GO:0010719),5,2300,30,0.4688579916312754,EPHA4;FOXA1;FUZ;OVOL2;ZNF750,0.9999999989852337
GO_BP_2025,up,Positive Regulation of Insulin Secretion (GO:0032024),5,2300,30,0.4688579916312754,BAD;BAIAP3;CAPN10;DOC2B;NNAT,0.9999999989852337
GO_BP_2025,up,Positive Regulation of Myoblast Differentiation (GO:0045663),5,2300,30,0.4688579916312754,ARID1A;HIF1AN;MAPK14;RBM24;RIPOR2,0.9999999989852337
GO_BP_2025,up,Regulation of D-glucose Import (GO:0046324),5,2300,30,0.4688579916312754,APPL2;CAPN10;CLTCL1;IGF1;IRS1,0.9999999989852337
GO_BP_2025,up,Regulation of Cell Adhesion Mediated by Integrin (GO:0033628),5,2300,30,0.4688579916312754,CIB1;NCKAP1L;NEXMIF;SYK;TGFB2,0.9999999989852337
GO_BP_2025,up,Regulation of Receptor Internalization (GO:0002090),5,2300,30,0.4688579916312754,ANKRD13D;ARAP1;ARRB1;ARRB2;WDR54,0.9999999989852337
GO_BP_2025,up,Regulation of Small Molecule Metabolic Process (GO:0062012),5,2300,30,0.4688579916312754,ABCG1;MLYCD;SIRT5;SLC7A7;TTC39B,0.9999999989852337
GO_BP_2025,up,Negative Regulation of Metabolic Process (GO:0009892),8,2300,50,0.47267419041788605,ACOT13;ACVR2B;BRCA1;IL18R1;MAP2K6;PCTP;SIRT5;ZDHHC7,0.9999999989852337
GO_BP_2025,up,Regulation of Multicellular Organismal Development (GO:2000026),8,2300,50,0.47267419041788605,ACTR8;CDK1;KAT14;OAS2;RACGAP1;RUVBL1;RUVBL2;TFPT,0.9999999989852337
GO_BP_2025,up,Import Into Nucleus (GO:0051170),11,2300,70,0.4740996994407264,APPL2;FAM53B;HEATR3;IPO11;IPO13;IPO9;NUP133;NUP50;NUP93;RPAIN;SYK,0.9999999989852337
GO_BP_2025,up,Protein Import Into Nucleus (GO:0006606),11,2300,70,0.4740996994407264,APPL2;FAM53B;HEATR3;IPO11;IPO13;IPO9;NUP133;NUP50;NUP93;RPAIN;SYK,0.9999999989852337
GO_BP_2025,up,Atrioventricular Valve Morphogenesis (GO:0003181),3,2300,17,0.47517675729570036,HEY2;TGFB2;ZFPM1,0.9999999989852337
GO_BP_2025,up,Cardiac Muscle Cell Differentiation (GO:0055007),3,2300,17,0.47517675729570036,ALPK3;CBY1;MESP1,0.9999999989852337
GO_BP_2025,up,Cortical Actin Cytoskeleton Organization (GO:0030866),3,2300,17,0.47517675729570036,LLGL2;NCKAP1L;STRIP1,0.9999999989852337
GO_BP_2025,up,Heme Biosynthetic Process (GO:0006783),3,2300,17,0.47517675729570036,ALAS1;ATP5IF1;PPOX,0.9999999989852337
GO_BP_2025,up,Negative Regulation of SMAD Protein Signal Transduction (GO:0060392),3,2300,17,0.47517675729570036,EID2;GDF15;OVOL2,0.9999999989852337
GO_BP_2025,up,Negative Regulation of Anoikis (GO:2000811),3,2300,17,0.47517675729570036,BCL2L1;CEACAM5;CEACAM6,0.9999999989852337
GO_BP_2025,up,Negative Regulation of Fibroblast Proliferation (GO:0048147),3,2300,17,0.47517675729570036,GSTP1;MED25;TRIM32,0.9999999989852337
GO_BP_2025,up,Negative Regulation of Inflammatory Response to Antigenic Stimulus (GO:0002862),3,2300,17,0.47517675729570036,HCK;MAPK14;SYK,0.9999999989852337
GO_BP_2025,up,Negative Regulation of Lipid Metabolic Process (GO:0045833),3,2300,17,0.47517675729570036,ADRA2A;BSCL2;UGT1A6,0.9999999989852337
GO_BP_2025,up,Negative Regulation of Osteoclast Differentiation (GO:0045671),3,2300,17,0.47517675729570036,GPR137;TLR3;TMEM178A,0.9999999989852337
GO_BP_2025,up,Nucleoside Phosphate Biosynthetic Process (GO:1901293),3,2300,17,0.47517675729570036,AK3;COASY;NMNAT1,0.9999999989852337
GO_BP_2025,up,Peptide Hormone Processing (GO:0016486),3,2300,17,0.47517675729570036,KCTD11;PCSK4;PCSK5,0.9999999989852337
GO_BP_2025,up,Piecemeal Microautophagy of the Nucleus (GO:0034727),3,2300,17,0.47517675729570036,ATG2B;ATG9B;ULK2,0.9999999989852337
GO_BP_2025,up,Protein Deacylation (GO:0035601),3,2300,17,0.47517675729570036,ABHD17C;LYPLA2;SIRT5,0.9999999989852337
GO_BP_2025,up,Receptor Recycling (GO:0001881),3,2300,17,0.47517675729570036,PEX6;SORL1;ZNF260,0.9999999989852337
GO_BP_2025,up,Regulation of Biosynthetic Process (GO:0009889),3,2300,17,0.47517675729570036,ALOX5;GCHFR;SIRT5,0.9999999989852337
GO_BP_2025,up,Regulation of Nuclear Division (GO:0051783),3,2300,17,0.47517675729570036,CUL9;MKI67;NEK2,0.9999999989852337
GO_BP_2025,up,Regulation of Nucleocytoplasmic Transport (GO:0046822),3,2300,17,0.47517675729570036,FRAT2;IFI27;TMEM53,0.9999999989852337
GO_BP_2025,up,Regulation of Viral Entry Into Host Cell (GO:0046596),3,2300,17,0.47517675729570036,CD4;TMPRSS4;TRIM62,0.9999999989852337
GO_BP_2025,up,Stress-Activated Protein Kinase Signaling Cascade (GO:0031098),3,2300,17,0.47517675729570036,MAP2K6;MAPK14;PBK,0.9999999989852337
GO_BP_2025,up,SCF-dependent Proteasomal Ubiquitin-Dependent Protein Catabolic Process (GO:0031146),6,2300,37,0.479826611251691,FBXL13;FBXL14;FBXL7;FBXO2;FBXO38;RBX1,0.9999999989852337
GO_BP_2025,up,Base-Excision Repair (GO:0006284),6,2300,37,0.479826611251691,HMGA2;PNKP;RPA3;SMUG1;XRCC1;XRCC4,0.9999999989852337
GO_BP_2025,up,Regulation of Synapse Assembly (GO:0051963),6,2300,37,0.479826611251691,BDNF;GPC4;LIN7B;LRFN4;SRPX2;VPS35,0.9999999989852337
GO_BP_2025,up,Regulation of Transport (GO:0051049),6,2300,37,0.479826611251691,CDK5;CLDN3;GAPVD1;ICA1L;PTPRN2;RAB11A,0.9999999989852337
GO_BP_2025,up,Autophagy of Mitochondrion (GO:0000422),9,2300,57,0.4807126543274967,ATG2B;ATG9B;BECN1;CTSK;FBXO7;SPATA18;SPATA33;ULK2;USP30,0.9999999989852337
GO_BP_2025,up,Autophagosome Assembly (GO:0000045),10,2300,64,0.4877654576703841,AP4M1;ATG2B;ATG9B;BECN1;EMC6;PACS2;TP53INP1;TRIM32;UBQLN2;ULK2,0.9999999989852337
GO_BP_2025,up,Regulation of Rho Protein Signal Transduction (GO:0035023),10,2300,64,0.4877654576703841,ARRB1;CCDC125;DOCK6;DOCK8;EPS8L1;ITGA3;PLXNB1;RASIP1;RIPOR2;SCAI,0.9999999989852337
GO_BP_2025,up,Neurogenesis (GO:0022008),7,2300,44,0.4887312146296606,BTBD3;FGF11;MESP1;RITA1;SIX4;TGFB2;TRAK1,0.9999999989852337
GO_BP_2025,up,Positive Regulation of Proteolysis (GO:0045862),7,2300,44,0.4887312146296606,ADRA2A;ATP5IF1;BAD;BAG2;PLK1;SNX33;TRIM32,0.9999999989852337
GO_BP_2025,up,Regulation of Phagocytosis (GO:0050764),7,2300,44,0.4887312146296606,ARAP1;AZU1;CAMK1D;FCER1G;FCGR2A;HCK;SYK,0.9999999989852337
GO_BP_2025,up,Visual Perception (GO:0007601),7,2300,44,0.4887312146296606,BBS2;DHRS3;EFEMP1;EYA4;NUDT19;RABGGTA;RDH10,0.9999999989852337
GO_BP_2025,up,Positive Regulation of Interleukin-12 Production (GO:0032735),4,2300,24,0.489156617079068,MAPK14;PLCG2;SYK;TLR3,0.9999999989852337
GO_BP_2025,up,Protein Targeting to Lysosome (GO:0006622),4,2300,24,0.489156617079068,AP4M1;BECN1;GGA3;SORL1,0.9999999989852337
GO_BP_2025,up,Regulation of Trans-Synaptic Signaling (GO:0099177),4,2300,24,0.489156617079068,BDNF;LRP8;LRRC4;SLC4A8,0.9999999989852337
GO_BP_2025,up,Skeletal System Morphogenesis (GO:0048705),4,2300,24,0.489156617079068,ATG9B;FUZ;MEGF8;SPEF2,0.9999999989852337
GO_BP_2025,up,Telomere Maintenance via Telomere Lengthening (GO:0010833),4,2300,24,0.489156617079068,POT1;STN1;WRAP53;ZBTB48,0.9999999989852337
GO_BP_2025,up,Positive Regulation of Cell Projection Organization (GO:0031346),14,2300,91,0.49227488234312794,BDNF;CAMK1D;CAPRIN1;DPYSL3;FBXO38;LTK;MAP6;NPTN;NTRK2;P3H1;PLXNB1;PLXNB2;PTK2B;STYXL1,0.9999999989852337
GO_BP_2025,up,Wnt Signaling Pathway (GO:0016055),11,2300,71,0.49406061771778237,ARL6;CCDC88C;FRAT2;GPC4;PKD1;PLCG2;SIAH2;TMEM67;VPS35;WNT4;WNT7B,0.9999999989852337
GO_BP_2025,up,DNA-templated DNA Replication (GO:0006261),8,2300,51,0.4962558166161628,LRWD1;MGME1;PNKP;POLD3;PRIM2;RFC5;RRM2B;WDR18,0.9999999989852337
GO_BP_2025,up,Negative Regulation of Cytokine Production (GO:0001818),22,2300,145,0.497861242905329,ADCY7;ANXA4;APPL2;ARRB1;C1QTNF3;DHX58;FBLN1;FOXJ1;GPNMB;HDAC9;IL10;INHBB;IRAK3;LGALS9C;NCKAP1L;NPTN;PTPN6;RBX1;SIGIRR;TRAF3IP1;TRIB2;ZFPM1,0.9999999989852337
GO_BP_2025,up,Apoptotic Mitochondrial Changes (GO:0008637),5,2300,31,0.49921569239724295,BAD;BCL2L1;BOK;NAIF1;VPS35,0.9999999989852337
GO_BP_2025,up,Negative Regulation of Cell Cycle Process (GO:0010948),5,2300,31,0.49921569239724295,BMP7;E2F7;NEK2;NME6;SKA3,0.9999999989852337
GO_BP_2025,up,Positive Regulation of G1/S Transition of Mitotic Cell Cycle (GO:1900087),5,2300,31,0.49921569239724295,AIF1;CPSF3;RRM2;STIL;STOX1,0.9999999989852337
GO_BP_2025,up,Positive Regulation of Epithelial Cell Migration (GO:0010634),5,2300,31,0.49921569239724295,EPB41L4B;IQSEC1;PLCG2;RAB11A;TGFB2,0.9999999989852337
GO_BP_2025,up,Response to cAMP (GO:0051591),5,2300,31,0.49921569239724295,DUOX1;IGFBP5;KCNE1;SLC26A6;SLC5A5,0.9999999989852337
GO_BP_2025,up,Long-Chain Fatty Acid Metabolic Process (GO:0001676),9,2300,58,0.5027962279186143,ABHD6;ACOT4;ACOT8;ALOX5;GPX4;GSTP1;PLA2G10;PTGR1;SLC27A3,0.9999999989852337
GO_BP_2025,up,Negative Regulation of Blood Vessel Morphogenesis (GO:2000181),9,2300,58,0.5027962279186143,ALOX5;ATP2B4;GDNF;PGK1;PTPN6;STAB1;SULF1;TGFB2;WNT4,0.9999999989852337
GO_BP_2025,up,Protein Targeting to Membrane (GO:0006612),9,2300,58,0.5027962279186143,ARL6;ICMT;NCF1;RTP4;VPS37D;ZDHHC1;ZDHHC20;ZDHHC24;ZDHHC7,0.9999999989852337
GO_BP_2025,up,DNA Damage Response (GO:0006974),59,2300,394,0.5035100314738726,ARMT1;ARTN;BCL2L1;BOK;BRCA1;CASP2;CCDC13;CDK1;CENPS-CORT;CIB1;CIDEB;DDB2;DTL;E2F1;ENDOG;ERCC3;ERCC4;FAAP20;FAM111A;FANCF;GDNF;HDGFL2;KMT5C;MAP2K6;MAPK14;MGMT;MSH3;NEK4;OTUB1;PARP4;PIDD1;PNKP;POLI;RAD51AP1;RAD51D;RBM24;RBX1;RECQL5;RFC5;RFWD3;RMI2;RPA3;RRAD;RRM2B;SAMHD1;SETD7;STXBP4;TP73;TRAIP;TTC5;UBE2T;UHRF1;UPF1;USP51;VRK1;VRK3;XRCC3;ZNF385A;ZRANB3,0.9999999989852337
GO_BP_2025,up,Positive Regulation of Cell Growth (GO:0030307),13,2300,85,0.5049659505701871,BDNF;CIB1;DNPH1;FYCO1;HDGFL2;IGF1;NTN1;PSMD10;S100A8;SLC44A4;SYT17;TGFB2;TRIM32,0.9999999989852337
GO_BP_2025,up,Regulation of Protein Catabolic Process (GO:0042176),17,2300,112,0.5066117054146149,ASB9;AZIN2;DNAAF4;DTL;EGLN2;FAM83D;GPC3;IRAK3;MAD2L1;NQO1;PKD1;RBX1;SORL1;TRIM32;TSPAN17;VPS11;VPS35,0.9999999989852337
GO_BP_2025,up,DNA-templated DNA Replication Maintenance of Fidelity (GO:0045005),6,2300,38,0.507160264536161,CENPS-CORT;FAM111A;PCNA;RFWD3;TRAIP;ZRANB3,0.9999999989852337
GO_BP_2025,up,Erythrocyte Differentiation (GO:0030218),6,2300,38,0.507160264536161,ALAS1;ATP5IF1;MYB;NCKAP1L;RACGAP1;ZFPM1,0.9999999989852337
GO_BP_2025,up,Establishment of Protein Localization to Plasma Membrane (GO:0061951),6,2300,38,0.507160264536161,AMN;BBS2;GGA3;RAB11A;RAB31;RAB34,0.9999999989852337
GO_BP_2025,up,Positive Regulation of Chemokine Production (GO:0032722),6,2300,38,0.507160264536161,AIF1;AZU1;OAS1;OAS3;SYK;TLR3,0.9999999989852337
GO_BP_2025,up,"Positive Regulation of Gene Expression, Epigenetic (GO:0141137)",6,2300,38,0.507160264536161,ARID1A;DPY30;GDNF;KDM1B;PRMT3;SPI1,0.9999999989852337
GO_BP_2025,up,Sphingolipid Metabolic Process (GO:0006665),10,2300,65,0.5086007219398245,ABCC1;ALDH3B1;ALDH3B2;CERKL;CERS6;FUT3;HACD4;SGPP2;SMPD2;SMPD3,0.9999999989852337
GO_BP_2025,up,Protein Autophosphorylation (GO:0046777),18,2300,119,0.5108112749775026,ALPK3;BMX;CAMKK2;EIF2AK1;EPHA4;HCK;LTK;MELK;MOCOS;MYO3A;NEK2;NTRK2;PRKX;PTK2B;STK33;TELO2;ULK2;VRK1,0.9999999989852337
GO_BP_2025,up,Double-Strand Break Repair via Nonhomologous End Joining (GO:0006303),7,2300,45,0.5137885311457487,ARTN;ASTE1;DCLRE1A;ERCC4;PLK1;PNKP;XRCC4,0.9999999989852337
GO_BP_2025,up,Peptidyl-Tyrosine Phosphorylation (GO:0018108),7,2300,45,0.5137885311457487,EFEMP1;EPHA4;HCK;LTK;PTK2B;PTPN6;SYK,0.9999999989852337
GO_BP_2025,up,Positive Regulation of Intracellular Transport (GO:0032388),7,2300,45,0.5137885311457487,CAPN10;CEP290;EIPR1;FYCO1;SORL1;STX18;VPS11,0.9999999989852337
GO_BP_2025,up,Signal Transduction by P53 Class Mediator (GO:0072331),7,2300,45,0.5137885311457487,ARTN;BOK;CASP2;E2F7;FOXM1;PIDD1;RBM38,0.9999999989852337
GO_BP_2025,up,Regulation of Double-Strand Break Repair via Homologous Recombination (GO:0010569),11,2300,72,0.5138346792177436,ARTN;FIGNL1;HDGFL2;PLK1;PPP4C;RAD51AP1;RMI2;RUVBL1;RUVBL2;USP51;WRAP53,0.9999999989852337
GO_BP_2025,up,Positive Regulation of Cell Cycle Process (GO:0090068),15,2300,99,0.5142456911246296,CDC14A;CEP120;E2F7;ECT2;GIPC1;GPSM2;IGF1;KIF23;MAD2L1;PLK4;RACGAP1;RRM2B;STIL;USP19;XRCC3,0.9999999989852337
GO_BP_2025,up,Axon Extension (GO:0048675),3,2300,18,0.5151910939455167,C9ORF72;CDK5;ULK2,0.9999999989852337
GO_BP_2025,up,Cardiac Muscle Cell Action Potential Involved in Contraction (GO:0086002),3,2300,18,0.5151910939455167,CACNA1D;KCNE1;KCNE3,0.9999999989852337
GO_BP_2025,up,Cardiac Muscle Contraction (GO:0060048),3,2300,18,0.5151910939455167,GSN;KCNE1;TNNI2,0.9999999989852337
GO_BP_2025,up,Defense Response to Fungus (GO:0050832),3,2300,18,0.5151910939455167,GAPDH;PLCG2;S100A8,0.9999999989852337
GO_BP_2025,up,Endoplasmic Reticulum Tubular Network Organization (GO:0071786),3,2300,18,0.5151910939455167,REEP1;REEP2;REEP4,0.9999999989852337
GO_BP_2025,up,Gluconeogenesis (GO:0006094),3,2300,18,0.5151910939455167,ENO2;PGK1;TPI1,0.9999999989852337
GO_BP_2025,up,Negative Regulation of Extrinsic Apoptotic Signaling Pathway via Death Domain Receptors (GO:1902042),3,2300,18,0.5151910939455167,BCL2L1;BRCA1;FAIM,0.9999999989852337
GO_BP_2025,up,Negative Regulation of Receptor-Mediated Endocytosis (GO:0048261),3,2300,18,0.5151910939455167,ANKRD13D;UBQLN2;WDR54,0.9999999989852337
GO_BP_2025,up,Nuclear Envelope Organization (GO:0006998),3,2300,18,0.5151910939455167,LMNB1;NUP93;REEP4,0.9999999989852337
GO_BP_2025,up,Nuclear Migration (GO:0007097),3,2300,18,0.5151910939455167,CLMN;LMNB1;TACC3,0.9999999989852337
GO_BP_2025,up,Positive Regulation of Chromosome Segregation (GO:0051984),3,2300,18,0.5151910939455167,CCNB1;CDK1;RCC2,0.9999999989852337
GO_BP_2025,up,Protein Branched Polyubiquitination (GO:0141198),3,2300,18,0.5151910939455167,ANAPC10;CDC16;CDC26,0.9999999989852337
GO_BP_2025,up,Purine Nucleotide Biosynthetic Process (GO:0006164),3,2300,18,0.5151910939455167,COASY;NADK;NMNAT1,0.9999999989852337
GO_BP_2025,up,Regulation of Heterotypic Cell-Cell Adhesion (GO:0034114),3,2300,18,0.5151910939455167,BMP7;CEACAM6;IL10,0.9999999989852337
GO_BP_2025,up,Regulation of Macrophage Derived Foam Cell Differentiation (GO:0010743),3,2300,18,0.5151910939455167,ABCA5;ABCG1;PLA2G10,0.9999999989852337
GO_BP_2025,up,Regulation of Microtubule Nucleation (GO:0010968),3,2300,18,0.5151910939455167,HAUS3;HAUS5;NME7,0.9999999989852337
GO_BP_2025,up,Regulation of Sodium Ion Transmembrane Transport (GO:1902305),3,2300,18,0.5151910939455167,ATP2B4;FXYD1;RANGRF,0.9999999989852337
GO_BP_2025,up,Regulation of Steroid Metabolic Process (GO:0019218),3,2300,18,0.5151910939455167,ABCB11;ABCG1;TTC39B,0.9999999989852337
GO_BP_2025,up,Sterol Transport (GO:0015918),3,2300,18,0.5151910939455167,GRAMD1C;OSBPL5;STARD3,0.9999999989852337
GO_BP_2025,up,tRNA Aminoacylation for Protein Translation (GO:0006418),3,2300,18,0.5151910939455167,IARS2;TARS2;VARS2,0.9999999989852337
GO_BP_2025,up,Protein Localization to Organelle (GO:0033365),20,2300,133,0.5185506257313155,ARL3;ARL6;BBS2;BBS4;CEP78;COG7;CROCC;EIF2AK1;IFT122;IFT140;MTCH2;NUAK2;RAB11A;SIX4;SORL1;TSPAN17;TTC21A;VPS35;WASHC2C;WDR35,0.9999999989852337
GO_BP_2025,up,Golgi to Plasma Membrane Transport (GO:0006893),8,2300,52,0.5195194402666716,ARL3;BBS2;GGA3;LLGL2;OSBPL5;RAB11A;RAB31;RAB34,0.9999999989852337
GO_BP_2025,up,Positive Regulation of DNA Recombination (GO:0045911),8,2300,52,0.5195194402666716,ARTN;HDGFL2;KMT5C;RAD51AP1;RUVBL1;RUVBL2;WRAP53;ZCWPW1,0.9999999989852337
GO_BP_2025,up,Positive Regulation of Telomere Maintenance (GO:0032206),8,2300,52,0.5195194402666716,ACTR8;ARTN;NEK2;PNKP;POT1;RUVBL1;RUVBL2;TFPT,0.9999999989852337
GO_BP_2025,up,Microtubule Nucleation (GO:0007020),4,2300,25,0.5228668121746334,CCDC57;NDE1;TUBG1;TUBGCP2,0.9999999989852337
GO_BP_2025,up,Negative Regulation of Mitotic Cell Cycle (GO:0045930),4,2300,25,0.5228668121746334,BMP7;IL10;MAD2L1;NME6,0.9999999989852337
GO_BP_2025,up,Negative Regulation of Myeloid Leukocyte Differentiation (GO:0002762),4,2300,25,0.5228668121746334,GPR137;TLR3;TMEM178A;ZFPM1,0.9999999989852337
GO_BP_2025,up,Organelle Fusion (GO:0048284),4,2300,25,0.5228668121746334,CHCHD3;CIDEB;USP30;VPS11,0.9999999989852337
GO_BP_2025,up,Positive Regulation of Receptor Signaling Pathway via JAK-STAT (GO:0046427),4,2300,25,0.5228668121746334,CRLF3;IL10;OCIAD2;PTK2B,0.9999999989852337
GO_BP_2025,up,Regulation of Metal Ion Transport (GO:0010959),4,2300,25,0.5228668121746334,CD4;KCNE1;PER1;SRI,0.9999999989852337
GO_BP_2025,up,Vesicle-Mediated Transport Between Endosomal Compartments (GO:0098927),4,2300,25,0.5228668121746334,BECN1;EMP2;RAB11A;WDR81,0.9999999989852337
GO_BP_2025,up,G1/S Transition of Mitotic Cell Cycle (GO:0000082),9,2300,59,0.5245990170593934,BCAT1;CCNA2;CCNB1;CCNB2;CCNO;CDC25A;CDK1;PHF8;PIM2,0.9999999989852337
GO_BP_2025,up,Sensory Perception of Mechanical Stimulus (GO:0050954),9,2300,59,0.5245990170593934,ATP2B4;CACNA1D;CDC14A;CLIC5;CRYM;KCNE1;MYO3A;RIPOR2;SERPINB6,0.9999999989852337
GO_BP_2025,up,Negative Regulation of Defense Response (GO:0031348),14,2300,93,0.5271190968565638,ALOX5;C1QTNF3;DHX58;DTX4;IL10;IL13;IRAK3;MVK;NMI;PTPN6;RNF26;TRAF3IP1;TRAFD1;VPS35,0.9999999989852337
GO_BP_2025,up,Negative Regulation of Translation (GO:0017148),14,2300,93,0.5271190968565638,AGO4;CAPRIN1;CPEB1;DHFR;EIF4E2;EPHA4;GAPDH;IGF2BP3;IGFBP5;MRPL13;RBM24;RNF139;TYMS;UNK,0.9999999989852337
GO_BP_2025,up,Negative Regulation of Biosynthetic Process (GO:0009890),5,2300,32,0.5288812272568718,ATP2B4;C1QTNF3;PGK1;PGP;TELO2,0.9999999989852337
GO_BP_2025,up,Positive Regulation of Response to Biotic Stimulus (GO:0002833),5,2300,32,0.5288812272568718,ADAM8;EMILIN2;NMI;SH2D1B;TRIM56,0.9999999989852337
GO_BP_2025,up,Regulation of Filopodium Assembly (GO:0051489),5,2300,32,0.5288812272568718,ARAP1;DPYSL3;MYO3A;NEURL1;RIPOR2,0.9999999989852337
GO_BP_2025,up,Substantia Nigra Development (GO:0021762),5,2300,32,0.5288812272568718,BASP1;CALM3;CKB;DYNLL1;RRAD,0.9999999989852337
GO_BP_2025,up,Ub-dep Prot Cat Proc via Multivsiclr Bdy Sorting Pway (GO:0043162),5,2300,32,0.5288812272568718,CHMP5;MVB12B;TSG101;VPS25;VPS37D,0.9999999989852337
GO_BP_2025,up,Positive Regulation of Proteasomal Ubiquitin-Dependent Protein Catabolic Process (GO:0032436),10,2300,66,0.5291836735974181,BAG2;CDC20;CDC20B;DET1;HSPBP1;PLK1;PSMD10;RBX1;TRIB2;ZYG11B,0.9999999989852337
GO_BP_2025,up,Regulation of Plasma Membrane Bounded Cell Projection Assembly (GO:0120032),10,2300,66,0.5291836735974181,DYNC2LI1;FUZ;IFT140;IFT88;INTU;RAB11A;SDCCAG8;TBC1D10C;TBC1D14;TBC1D22A,0.9999999989852337
GO_BP_2025,up,Regulation of G1/S Transition of Mitotic Cell Cycle (GO:2000045),15,2300,100,0.530956076369228,ACVR1;AIF1;APPL2;ARID1A;BCL7A;CPSF3;CRLF3;E2F1;E2F7;GPNMB;PKD1;PTPN6;RRM2;STIL;STOX1,0.9999999989852337
GO_BP_2025,up,Positive Regulation of Cell-Cell Adhesion (GO:0022409),6,2300,39,0.5339489446711879,BMP7;CEACAM6;FOXA1;FUT3;IL10;PTPRU,0.9999999989852337
GO_BP_2025,up,Positive Regulation of Double-Strand Break Repair via Homologous Recombination (GO:1905168),6,2300,39,0.5339489446711879,ARTN;HDGFL2;RAD51AP1;RUVBL1;RUVBL2;WRAP53,0.9999999989852337
GO_BP_2025,up,Positive Regulation of Osteoblast Differentiation (GO:0045669),6,2300,39,0.5339489446711879,ACVR2B;BMP7;IGF1;PRMT3;WNT4;WNT7B,0.9999999989852337
GO_BP_2025,up,Positive Regulation of Cellular Component Biogenesis (GO:0044089),12,2300,80,0.5372592253518393,BMF;BMP7;BRK1;HAS3;MTSS1;PDCD6IP;PFN2;SDC1;SMPD3;STX18;SYK;TSG101,0.9999999989852337
GO_BP_2025,up,Positive Regulation of Metabolic Process (GO:0009893),17,2300,114,0.5379882666957642,ADRB1;AKR1C3;ALMS1;APPL2;BSCL2;CAMK1D;CBR1;CCNB1;CDK1;IL13;JCHAIN;MAPK14;MFAP2;OAS1;PLAC8;SYK;UCP2,0.9999999989852337
GO_BP_2025,up,Fatty Acid Biosynthetic Process (GO:0006633),7,2300,46,0.5383958923527687,ABHD2;ALOX5;GPX4;HACD4;MCAT;MLYCD;NDUFAB1,0.9999999989852337
GO_BP_2025,up,Neuron Development (GO:0048666),18,2300,121,0.5412374220861218,ADGRF1;ARL3;B4GALT5;BICDL1;BLOC1S4;CDK5;GDNF;MICALL2;NTRK2;PPP1R9B;PTPRU;RAB11A;SLC44A4;STMN3;TENM4;TGFB2;UNK;VRK1,0.9999999989852337
GO_BP_2025,up,Cell Chemotaxis (GO:0060326),8,2300,53,0.5423990899474873,ACKR2;ARHGEF16;ARRB2;AZU1;CCL15;CNOT6;PIGU;PLEKHG5,0.9999999989852337
GO_BP_2025,up,Positive Regulation of Type I Interferon Production (GO:0032481),9,2300,60,0.5460661311714221,DHX58;GAPDH;GPNMB;OAS1;OAS2;OAS3;RNF135;TLR3;TRIM56,0.9999999989852337
GO_BP_2025,up,Sensory Perception of Sound (GO:0007605),9,2300,60,0.5460661311714221,ATP2B4;CACNA1D;CDC14A;CLIC5;CRYM;KCNE1;MYO3A;RIPOR2;SERPINB6,0.9999999989852337
GO_BP_2025,up,Lipid Biosynthetic Process (GO:0008610),10,2300,67,0.5494677437868336,ABO;FDXR;MCAT;MLYCD;MVK;NDUFAB1;PCYT2;SRD5A1;SRD5A2;ST3GAL2,0.9999999989852337
GO_BP_2025,up,Positive Regulation of Protein Ubiquitination (GO:0031398),10,2300,67,0.5494677437868336,CENPS-CORT;FANCI;HSPBP1;NDFIP2;PDCD6;PLK1;PSMD10;RBX1;TSPYL5;UBE2L3,0.9999999989852337
GO_BP_2025,up,Protein Deubiquitination (GO:0016579),10,2300,67,0.5494677437868336,CDK1;JOSD2;OTUB1;OTUD1;SENP8;USP18;USP19;USP2;USP30;USP49,0.9999999989852337
GO_BP_2025,up,Cytokine-Mediated Signaling Pathway (GO:0019221),27,2300,183,0.5530717657733641,APPL2;CCL15;CD300LF;CD4;DUOX1;EDA2R;EDN2;FCER1G;HCK;IL10;IL13;IL13RA1;IL18R1;IL20RA;IL5RA;IRAK3;IRS1;LRP8;OAS1;OAS2;OAS3;PTK2B;PTPN6;RRAGA;SPI1;SYK;TXNDC17,0.9999999989852337
GO_BP_2025,up,Negative Regulation of Response to External Stimulus (GO:0032102),17,2300,115,0.553453845651964,ALOX5;C1QTNF3;CD109;DHX58;DTX4;EPHA4;IL10;IL13;IRAK3;MVK;NMI;PTPN6;RNF26;SIGIRR;TRAF3IP1;TRAFD1;VPS35,0.9999999989852337
GO_BP_2025,up,Protein Homooligomerization (GO:0051260),17,2300,115,0.553453845651964,ACOT13;ALOX5AP;APPL2;AQP10;BASP1;CBY1;ECT2;GSDMD;ITPR3;KCNJ12;MOSPD2;NACC2;PDCD6IP;PXDN;RNF135;SAMHD1;TK1,0.9999999989852337
GO_BP_2025,up,Amino Acid Import Across Plasma Membrane (GO:0089718),3,2300,19,0.5535045554246508,SLC22A4;SLC6A14;SLC6A6,0.9999999989852337
GO_BP_2025,up,Entrainment of Circadian Clock by Photoperiod (GO:0043153),3,2300,19,0.5535045554246508,PDE6B;PER1;USP2,0.9999999989852337
GO_BP_2025,up,Modulation by Host of Viral Process (GO:0044788),3,2300,19,0.5535045554246508,IFI27;PI4KA;ZDHHC20,0.9999999989852337
GO_BP_2025,up,Negative Regulation of Catalytic Activity (GO:0043086),3,2300,19,0.5535045554246508,ATP5IF1;IFIT1;PRDX5,0.9999999989852337
GO_BP_2025,up,Negative Regulation of Cell Development (GO:0010721),3,2300,19,0.5535045554246508,DYNLT1;IGF1;SORL1,0.9999999989852337
GO_BP_2025,up,Negative Regulation of Endothelial Cell Apoptotic Process (GO:2000352),3,2300,19,0.5535045554246508,IL10;IL13;PAK4,0.9999999989852337
GO_BP_2025,up,Negative Regulation of Interleukin-1 Production (GO:0032692),3,2300,19,0.5535045554246508,GSTP1;IGF1;IL10,0.9999999989852337
GO_BP_2025,up,Porphyrin-Containing Compound Biosynthetic Process (GO:0006779),3,2300,19,0.5535045554246508,ALAS1;ATP5IF1;PPOX,0.9999999989852337
GO_BP_2025,up,Positive Regulation of Lamellipodium Assembly (GO:0010592),3,2300,19,0.5535045554246508,BRK1;PLCE1;RAC2,0.9999999989852337
GO_BP_2025,up,Positive Regulation of Morphogenesis of an Epithelium (GO:1905332),3,2300,19,0.5535045554246508,GDNF;LBX2;SIX4,0.9999999989852337
GO_BP_2025,up,Protein Localization to Microtubule Organizing Center (GO:1905508),3,2300,19,0.5535045554246508,CEP78;KIAA0753;STIL,0.9999999989852337
GO_BP_2025,up,Pulmonary Valve Development (GO:0003177),3,2300,19,0.5535045554246508,HEY2;STRA6;TGFB2,0.9999999989852337
GO_BP_2025,up,Regulation of Interleukin-4 Production (GO:0032673),3,2300,19,0.5535045554246508,FCER1G;SYK;ZFPM1,0.9999999989852337
GO_BP_2025,up,Signal Release From Synapse (GO:0099643),3,2300,19,0.5535045554246508,CDK5;LIN7B;PTPRN2,0.9999999989852337
GO_BP_2025,up,Fc Receptor Signaling Pathway (GO:0038093),4,2300,26,0.5554700282188942,FCER1G;MAPK10;PLCG2;SYK,0.9999999989852337
GO_BP_2025,up,Amino Acid Transport (GO:0006865),4,2300,26,0.5554700282188942,SLC6A14;SLC6A6;SLC6A8;SLC7A6,0.9999999989852337
GO_BP_2025,up,Cellular Response to cAMP (GO:0071320),4,2300,26,0.5554700282188942,IGFBP5;KCNE1;SLC26A6;SLC5A5,0.9999999989852337
GO_BP_2025,up,Negative Regulation of Cell-Matrix Adhesion (GO:0001953),4,2300,26,0.5554700282188942,DUSP22;NEXMIF;RCC2;SYNGAP1,0.9999999989852337
GO_BP_2025,up,Negative Regulation of Sequestering of Calcium Ion (GO:0051283),4,2300,26,0.5554700282188942,ITPR3;PLCB2;PLCE1;PLCG2,0.9999999989852337
GO_BP_2025,up,Positive Regulation of Mitotic Cell Cycle (GO:0045931),4,2300,26,0.5554700282188942,CCDC57;CCNB1;FOXA1;USP2,0.9999999989852337
GO_BP_2025,up,Regulation of Intracellular Estrogen Receptor Signaling Pathway (GO:0033146),4,2300,26,0.5554700282188942,CARM1;DNAAF4;FOXA1;VPS11,0.9999999989852337
GO_BP_2025,up,Vascular Endothelial Growth Factor Receptor Signaling Pathway (GO:0048010),4,2300,26,0.5554700282188942,MAPK14;PDCD6;PTK2B;SULF1,0.9999999989852337
GO_BP_2025,up,Vasculogenesis (GO:0001570),4,2300,26,0.5554700282188942,HEY2;RASIP1;SYNGAP1;WNT7B,0.9999999989852337
GO_BP_2025,up,Collagen Fibril Organization (GO:0030199),5,2300,33,0.5577364597629089,LOX;LOXL3;P4HA1;PXDN;TGFB2,0.9999999989852337
GO_BP_2025,up,Lipid Catabolic Process (GO:0016042),5,2300,33,0.5577364597629089,ABHD15;ACBD5;ACOT8;NUDT19;STS,0.9999999989852337
GO_BP_2025,up,Lipid Modification (GO:0030258),5,2300,33,0.5577364597629089,ABO;ALOX5;MBOAT2;SGPP2;ST3GAL2,0.9999999989852337
GO_BP_2025,up,Positive Regulation of Exocytosis (GO:0045921),5,2300,33,0.5577364597629089,PDCD6IP;SDC1;SMPD3;SYTL4;TSG101,0.9999999989852337
GO_BP_2025,up,Purine Ribonucleotide Biosynthetic Process (GO:0009152),5,2300,33,0.5577364597629089,ADCY7;ADCY9;AK2;AMPD3;NUDT2,0.9999999989852337
GO_BP_2025,up,Regulation of Nervous System Development (GO:0051960),5,2300,33,0.5577364597629089,HES2;HES6;HEY2;PRUNE1;TENM4,0.9999999989852337
GO_BP_2025,up,Regulation of Release of Cytochrome C From Mitochondria (GO:0090199),5,2300,33,0.5577364597629089,BAD;BCL2L1;BMF;IGF1;PSMD10,0.9999999989852337
GO_BP_2025,up,Granulocyte Chemotaxis (GO:0071621),6,2300,40,0.560101615867453,CKLF;EDN2;FCER1G;S100A8;SYK;TGFB2,0.9999999989852337
GO_BP_2025,up,Adenylate Cyclase-Modulating G Protein-Coupled Receptor Signaling Pathway (GO:0007188),14,2300,95,0.5612293445587128,ADCY7;ADCY9;ADGRB2;ADGRF1;ADRA2A;CACNA1D;GIPR;GNA14;GNAI2;GNAL;PTGER1;PTGER2;RAMP1;UCN3,0.9999999989852337
GO_BP_2025,up,Inorganic Cation Import Across Plasma Membrane (GO:0098659),7,2300,47,0.5624805528746261,ATP12A;ATP2B4;CACNA1D;KCNJ12;KCNJ16;SLC12A4;SLC9A3,0.9999999989852337
GO_BP_2025,up,Regulation of Microtubule Polymerization (GO:0031113),7,2300,47,0.5624805528746261,HAUS3;HAUS5;MAPRE3;NME7;PRUNE1;PSRC1;TOGARAM1,0.9999999989852337
GO_BP_2025,up,tRNA Processing (GO:0008033),7,2300,47,0.5624805528746261,B3GNTL1;DTWD2;POP7;PTCD1;TRMT61B;TRPT1;TSEN2,0.9999999989852337
GO_BP_2025,up,Protein K63-linked Ubiquitination (GO:0070534),8,2300,54,0.5648349978914654,ARTN;RNF135;TRIM3;TRIM31;TRIM32;TRIM56;UBE2T;UBE2V2,0.9999999989852337
GO_BP_2025,up,Regulation of Neuron Apoptotic Process (GO:0043523),16,2300,109,0.5663338699558151,BDNF;CASP2;CASP7;CDK5;EGLN2;EGLN3;GDNF;NFATC4;NTRK2;PRODH;PTK2B;SIX4;SYNGAP1;TGFB2;TOX3;VSTM2L,0.9999999989852337
GO_BP_2025,up,Cell Cycle G1/S Phase Transition (GO:0044843),9,2300,61,0.5671473835538301,BCAT1;CCNA2;CCNB1;CCNB2;CCNO;CDC25A;CDK1;PHF8;PIM2,0.9999999989852337
GO_BP_2025,up,Regulation of Notch Signaling Pathway (GO:0008593),9,2300,61,0.5671473835538301,ARRB1;HEY2;HIF1AN;LLGL2;MESP1;NEURL1;OVOL2;RITA1;TGFB2,0.9999999989852337
GO_BP_2025,up,Regulation of Cell Cycle G1/S Phase Transition (GO:1902806),10,2300,68,0.5694100483024848,APPL2;ARID1A;ATP2B4;BCL7A;E2F1;FAM83D;PKD1;PLCG2;PTPN6;STXBP4,0.9999999989852337
GO_BP_2025,up,Protein Transport (GO:0015031),40,2300,273,0.5710822791033152,ABCG1;ACD;AMN;AP2A1;AP4M1;ARL11;ARL6;BBS2;CEP290;CFAP73;CLTC;COG7;GGA3;GSDMD;IFT22;IFT27;KIF3B;NDC1;NEURL1B;PAM16;PDCD6;RAB11A;RAB20;RAB28;RAB31;RAB34;RABL2A;RABL2B;RAMP1;SCAMP2;SNX33;STEAP3;SVBP;TIMM17B;TSNARE1;UNC119B;UNC93B1;VIPAS39;VPS33A;VPS35,0.9999999989852337
GO_BP_2025,up,Signal Transduction in Response to DNA Damage (GO:0042770),11,2300,75,0.5716203084960569,ARTN;CASP2;E2F1;E2F7;FOXM1;MAP2K6;MAPK14;PIDD1;RBM38;RRAD;TIPRL,0.9999999989852337
GO_BP_2025,up,Synapse Organization (GO:0050808),15,2300,103,0.5799512152152462,ADGRF1;ARHGAP39;BDNF;C1QA;C5AR1;CDH2;CDK5;GPC4;LRFN4;LRRC4;PCDHB4;PLXNB1;PLXNB2;TNNC1;WNT7B,0.9999999989852337
GO_BP_2025,up,Apoptotic Process (GO:0006915),29,2300,199,0.5813430358350744,AIFM1;ARHGEF6;BAD;BCL2L1;BCL2L14;BMF;BOK;CASP2;CASP7;CDK5;CIB1;CIDEB;DDX41;EMP2;ERCC3;GAPDH;IFI27;IL10;MELK;NUDT2;PAK4;PDCD2L;PIDD1;PTK2B;TCHP;TNFRSF25;TP53AIP1;TRAIP;ZNF385A,0.9999999989852337
GO_BP_2025,up,Mitochondrial Transport (GO:0006839),6,2300,41,0.5855395662215481,AGK;BAD;BCL2L1;MTCH2;MTX1;STARD3,0.9999999989852337
GO_BP_2025,up,Negative Regulation of Protein Modification Process (GO:0031400),6,2300,41,0.5855395662215481,C9ORF72;CIB1;FBLN1;FXYD1;P3H1;TRAF3IP1,0.9999999989852337
GO_BP_2025,up,Positive Regulation of Kinase Activity (GO:0033674),6,2300,41,0.5855395662215481,CD4;DSTYK;DUSP19;MAPRE3;PTK2B;SPNS1,0.9999999989852337
GO_BP_2025,up,Regulation of Autophagosome Assembly (GO:2000785),6,2300,41,0.5855395662215481,C9ORF72;IFT88;MTM1;TBC1D14;TRIM32;UBQLN2,0.9999999989852337
GO_BP_2025,up,Regulation of Fibroblast Proliferation (GO:0048145),6,2300,41,0.5855395662215481,E2F1;FBLN1;GSTP1;IGF1;MED25;TRIM32,0.9999999989852337
GO_BP_2025,up,Negative Regulation of Cell-Substrate Adhesion (GO:0010812),5,2300,34,0.5856822270508169,FBLN1;NEXMIF;PTPRU;RCC2;SYNGAP1,0.9999999989852337
GO_BP_2025,up,Protein Localization to Lysosome (GO:0061462),5,2300,34,0.5856822270508169,AP4M1;BECN1;GGA3;RRAGA;SORL1,0.9999999989852337
GO_BP_2025,up,Regulation of Secretion by Cell (GO:1903530),5,2300,34,0.5856822270508169,CPLANE2;P3H1;RAB37;SNCAIP;TSPOAP1,0.9999999989852337
GO_BP_2025,up,Actin Filament Organization (GO:0007015),18,2300,124,0.5857194772454646,AIF1;ARAP1;BAIAP2;DPYSL3;EMP2;FYCO1;GSN;MYO15A;MYO1F;PLS1;POF1B;PPP1R9B;PROX1;RAC2;RHOBTB1;SPIRE2;TAGLN3;TMPRSS4,0.9999999989852337
GO_BP_2025,up,Endosome Organization (GO:0007032),7,2300,48,0.5859783548991693,ATP6V1F;ATP6V1H;LAPTM4B;PLEKHF1;RNF26;SNX33;VPS11,0.9999999989852337
GO_BP_2025,up,Receptor Internalization (GO:0031623),7,2300,48,0.5859783548991693,ARRB1;ARRB2;CLTC;FCER1G;RAB31;RAMP1;SYK,0.9999999989852337
GO_BP_2025,up,Sodium Ion Transport (GO:0006814),7,2300,48,0.5859783548991693,ASIC1;SLC38A7;SLC4A8;SLC5A5;SLC6A14;SLC6A6;SLC6A8,0.9999999989852337
GO_BP_2025,up,Regulation of MAP Kinase Activity (GO:0043405),8,2300,55,0.5867736961643455,ADRA2A;GSTP1;IRAK3;NEK10;PIK3R5;RGS14;TRIB2;TSG101,0.9999999989852337
GO_BP_2025,up,Activation of GTPase Activity (GO:0090630),4,2300,27,0.5868377425517743,ARHGEF16;CCDC125;ECT2;FOXJ1,0.9999999989852337
GO_BP_2025,up,Bone Development (GO:0060348),4,2300,27,0.5868377425517743,ATG9B;MRPL13;P3H1;SULF1,0.9999999989852337
GO_BP_2025,up,Cellular Response to Amyloid-Beta (GO:1904646),4,2300,27,0.5868377425517743,CDK5;EPHA4;IGF1;SYK,0.9999999989852337
GO_BP_2025,up,Cellular Response to Chemokine (GO:1990869),4,2300,27,0.5868377425517743,CCL15;DOCK8;PTK2B;RIPOR2,0.9999999989852337
GO_BP_2025,up,Lamellipodium Organization (GO:0097581),4,2300,27,0.5868377425517743,ABLIM2;ARHGEF6;PTPRU;RHOD,0.9999999989852337
GO_BP_2025,up,Negative Regulation of MAP Kinase Activity (GO:0043407),4,2300,27,0.5868377425517743,DUSP19;GSTP1;IRAK3;RGS14,0.9999999989852337
GO_BP_2025,up,Negative Regulation of Fat Cell Differentiation (GO:0045599),4,2300,27,0.5868377425517743,ANKRD26;BBS12;E2F1;TRIB2,0.9999999989852337
GO_BP_2025,up,Positive Regulation of SMAD Protein Signal Transduction (GO:0060391),4,2300,27,0.5868377425517743,BMP7;NUP93;TGFB2;TTK,0.9999999989852337
GO_BP_2025,up,Positive Regulation of Peptide Hormone Secretion (GO:0090277),4,2300,27,0.5868377425517743,BAD;CAPN10;DOC2B;NNAT,0.9999999989852337
GO_BP_2025,up,Regulation of Monoatomic Cation Transmembrane Transport (GO:1904062),4,2300,27,0.5868377425517743,CACNA1D;KCNAB2;KCNE1;RANGRF,0.9999999989852337
GO_BP_2025,up,Regulation of Protein Localization to Cell Surface (GO:2000008),4,2300,27,0.5868377425517743,BDNF;KCNAB2;RANGRF;SNX33,0.9999999989852337
GO_BP_2025,up,Regulation of Protein Localization to Membrane (GO:1905475),4,2300,27,0.5868377425517743,CDK5;GPC3;GSN;ZDHHC7,0.9999999989852337
GO_BP_2025,up,Positive Regulation of Protein Localization to Membrane (GO:1905477),9,2300,62,0.5877973937138777,ARHGEF16;ATP2B4;CIB1;CNPY4;EFCAB7;ITGA3;PLS1;PTPN9;RANGRF,0.9999999989852337
GO_BP_2025,up,Negative Regulation of Neuron Apoptotic Process (GO:0043524),10,2300,69,0.588971484285292,BDNF;FBXO7;GDNF;NFATC4;NTRK2;PTK2B;SIX4;SYNGAP1;TOX3;VSTM2L,0.9999999989852337
GO_BP_2025,up,Fc Receptor Mediated Stimulatory Signaling Pathway (GO:0002431),3,2300,20,0.5899492564238473,FCER1G;HCK;SYK,0.9999999989852337
GO_BP_2025,up,acyl-CoA Metabolic Process (GO:0006637),3,2300,20,0.5899492564238473,ACOT4;ACOT8;MLYCD,0.9999999989852337
GO_BP_2025,up,Eye Morphogenesis (GO:0048592),3,2300,20,0.5899492564238473,EFEMP1;IFT122;MFAP2,0.9999999989852337
GO_BP_2025,up,Midbody Abscission (GO:0061952),3,2300,20,0.5899492564238473,CHMP5;KIF20A;PDCD6IP,0.9999999989852337
GO_BP_2025,up,Mitochondrial Cytochrome C Oxidase Assembly (GO:0033617),3,2300,20,0.5899492564238473,CEP89;COA3;COX14,0.9999999989852337
GO_BP_2025,up,Negative Regulation of Cilium Assembly (GO:1902018),3,2300,20,0.5899492564238473,LIMK2;TCHP;TRIM32,0.9999999989852337
GO_BP_2025,up,Negative Regulation of Extrinsic Apoptotic Signaling Pathway in Absence of Ligand (GO:2001240),3,2300,20,0.5899492564238473,BCL2L1;EYA4;GDNF,0.9999999989852337
GO_BP_2025,up,Negative Regulation of Signal Transduction in Absence of Ligand (GO:1901099),3,2300,20,0.5899492564238473,BCL2L1;EYA4;GDNF,0.9999999989852337
GO_BP_2025,up,Neurotransmitter Secretion (GO:0007269),3,2300,20,0.5899492564238473,CDK5;LIN7B;PTPRN2,0.9999999989852337
GO_BP_2025,up,Photoperiodism (GO:0009648),3,2300,20,0.5899492564238473,PDE6B;PER1;USP2,0.9999999989852337
GO_BP_2025,up,Pigment Biosynthetic Process (GO:0046148),3,2300,20,0.5899492564238473,ALAS1;ATP5IF1;PPOX,0.9999999989852337
GO_BP_2025,up,poly(A)+ mRNA Export From Nucleus (GO:0016973),3,2300,20,0.5899492564238473,DDX19B;NUP133;NUP93,0.9999999989852337
GO_BP_2025,up,Positive Regulation of Immune Effector Process (GO:0002699),3,2300,20,0.5899492564238473,APPL2;DHX58;IL10,0.9999999989852337
GO_BP_2025,up,Regulation of Anoikis (GO:2000209),3,2300,20,0.5899492564238473,BCL2L1;CEACAM5;CEACAM6,0.9999999989852337
GO_BP_2025,up,Regulation of Cardiac Muscle Cell Action Potential (GO:0098901),3,2300,20,0.5899492564238473,CALM3;RANGRF;TBX18,0.9999999989852337
GO_BP_2025,up,Regulation of Immunoglobulin Production (GO:0002637),3,2300,20,0.5899492564238473,IL10;IL13;IL13RA1,0.9999999989852337
GO_BP_2025,up,Regulation of Lipid Storage (GO:0010883),3,2300,20,0.5899492564238473,C3;HILPDA;PLA2G10,0.9999999989852337
GO_BP_2025,up,Response to Ketone (GO:1901654),3,2300,20,0.5899492564238473,ABHD2;PTGER1;TGFB2,0.9999999989852337
GO_BP_2025,up,Cell Junction Assembly (GO:0034329),11,2300,76,0.5902461809596132,ADGRF1;BDNF;CDH2;CDH24;CDH26;CDHR3;CDK5;CLDN3;PCDHB4;PLXNB1;PLXNB2,0.9999999989852337
GO_BP_2025,up,Macromolecule Modification (GO:0043412),11,2300,76,0.5902461809596132,FBXO2;FUT3;ICMT;LOX;MMP15;PARP4;PHEX;RABGGTA;ST3GAL2;TGM1;UBE2L3,0.9999999989852337
GO_BP_2025,up,Regulation of Defense Response (GO:0031347),11,2300,76,0.5902461809596132,ALOX5;APPL2;DHX58;HCK;LRP8;PTGES;RNF135;SAMHD1;TKFC;TNNC1;USP18,0.9999999989852337
GO_BP_2025,up,Hemopoiesis (GO:0030097),12,2300,83,0.5915884637488484,IL10;LYL1;MECOM;MELK;MYB;PLD4;PRKX;RTKN2;TGFB2;TPO;ZFPM1;ZNF160,0.9999999989852337
GO_BP_2025,up,Positive Regulation of Autophagy (GO:0010508),13,2300,90,0.5929757692536122,BAD;BECN1;C9ORF72;CAMKK2;CCNY;ENDOG;FBXO7;PIM2;PLEKHF1;TP53INP1;TRIM13;TRIM32;WDR24,0.9999999989852337
GO_BP_2025,up,Regulation of Organelle Organization (GO:0033043),13,2300,90,0.5929757692536122,ACTR8;CPLANE2;MTM1;PLXNB1;RUVBL1;RUVBL2;S100A8;STMN3;STOX1;STX18;TFPT;VPS11;VPS35,0.9999999989852337
GO_BP_2025,up,Glycerophospholipid Biosynthetic Process (GO:0046474),15,2300,104,0.595826819716356,ACP6;AGPAT1;BMX;FIG4;INPP4A;INPP4B;INPP5E;LCLAT1;MTM1;PCYT1B;PCYT2;PI4KA;PITPNM1;PLCG2;SLC44A4,0.9999999989852337
GO_BP_2025,up,Transcription Initiation at RNA Polymerase II Promoter (GO:0006367),15,2300,104,0.595826819716356,DPY30;ERCC3;GDNF;GTF2E2;KDM1B;MAZ;MED18;MED22;MED24;MED25;MED31;POLR2I;PRMT3;SPI1;TAF6,0.9999999989852337
GO_BP_2025,up,Protein Phosphorylation (GO:0006468),47,2300,324,0.6022806243492365,ALPK3;BMX;CAMKK2;CDK1;CDK5;CSK;DYRK1B;EFEMP1;EIF2AK1;EPHA4;GDNF;HCK;IRAK3;LIMK2;LTK;MAP3K8;MAPK10;MAPK14;MAST2;MATK;MELK;MOCOS;MOK;MYO3A;NEK10;NEK11;NEK2;NEK4;NTRK2;NUAK1;NUAK2;PIM2;PKD1;PLK1;PLK4;PPP4R1;PRKX;PTK2B;PTPN6;STK33;STK36;SYK;TELO2;TLR3;TRIB2;ULK2;VRK1,0.9999999989852337
GO_BP_2025,up,Positive Regulation of Cell Adhesion (GO:0045785),11,2300,77,0.6084997761527833,ADAM8;AZU1;CIB1;EPB41L4B;EPHA4;FUT3;NCKAP1L;RHOD;SYK;TGFB2;TNFRSF18,0.9999999989852337
GO_BP_2025,up,Inflammatory Response (GO:0006954),24,2300,167,0.6087053296114405,ADAM8;AIF1;AZU1;BLNK;C5AR1;CCL15;CYBB;FPR3;GSDMD;HDAC9;IFI27;IL13;LOXL3;NFATC4;PARP4;PRDX5;PTGER1;PTGER2;S100A8;SPNS1;TACR1;TLR3;TRIM14;TUSC2,0.9999999989852337
GO_BP_2025,up,Cellular Response to Ionizing Radiation (GO:0071479),7,2300,49,0.6088336567839232,BRCA1;ECT2;FIGNL1;MAPK14;RAD51AP1;RRAD;TSPYL5,0.9999999989852337
GO_BP_2025,up,Dicarboxylic Acid Metabolic Process (GO:0043648),7,2300,49,0.6088336567839232,ACOT4;ACOT8;DHFR;GCLC;MDH1B;PCDHGA5;SDHA,0.9999999989852337
GO_BP_2025,up,Positive Regulation of TORC1 Signaling (GO:1904263),7,2300,49,0.6088336567839232,GPR137;OTUB1;RBX1;RRAGA;SLC38A9;SYK;WDR24,0.9999999989852337
GO_BP_2025,up,Activation of Protein Kinase Activity (GO:0032147),6,2300,42,0.6101961357540459,ADRA2A;ECT2;IGF1;PTK2B;TGFB2;TLR3,0.9999999989852337
GO_BP_2025,up,Macromolecule Glycosylation (GO:0043413),6,2300,42,0.6101961357540459,B4GALT5;COG7;FUT3;LARGE1;MGAT4B;ST3GAL2,0.9999999989852337
GO_BP_2025,up,Regulation of Cyclin-Dependent Protein Serine/Threonine Kinase Activity (GO:0000079),6,2300,42,0.6101961357540459,CCNY;CDC25A;MAPRE3;PROX1;PSMD10;PSRC1,0.9999999989852337
GO_BP_2025,up,Cellular Response to Amino Acid Stimulus (GO:0071230),5,2300,35,0.6126375344014945,CPEB1;NEURL1;RBX1;RRAGA;SLC38A9,0.9999999989852337
GO_BP_2025,up,Microtubule Polymerization (GO:0046785),5,2300,35,0.6126375344014945,CCDC57;NDE1;TPPP3;TUBG1;TUBGCP2,0.9999999989852337
GO_BP_2025,up,Monoatomic Anion Transport (GO:0006820),5,2300,35,0.6126375344014945,CLCN6;CLIC5;FXYD1;SLC26A6;SLC5A5,0.9999999989852337
GO_BP_2025,up,Nuclear Transport (GO:0051169),5,2300,35,0.6126375344014945,NDC1;NUP133;NUP50;NUP93;RGS14,0.9999999989852337
GO_BP_2025,up,Protein N-linked Glycosylation via Asparagine (GO:0018279),5,2300,35,0.6126375344014945,DERL3;MGAT5;NUDT14;SRD5A3;TUSC3,0.9999999989852337
GO_BP_2025,up,Vacuolar Transport (GO:0007034),5,2300,35,0.6126375344014945,AP1G2;VIPAS39;VPS37D;VPS41;VPS52,0.9999999989852337
GO_BP_2025,up,Clathrin-Dependent Endocytosis (GO:0072583),4,2300,28,0.6168713422995085,CLTA;CLTC;FCHO1;GPR107,0.9999999989852337
GO_BP_2025,up,Lipid Droplet Organization (GO:0034389),4,2300,28,0.6168713422995085,BSCL2;CIDEB;MOSPD2;SQLE,0.9999999989852337
GO_BP_2025,up,Positive Regulation of Nervous System Development (GO:0051962),4,2300,28,0.6168713422995085,BDNF;RGS14;SRPX2;TRIM32,0.9999999989852337
GO_BP_2025,up,Positive Regulation of Neuron Differentiation (GO:0045666),4,2300,28,0.6168713422995085,ECT2;KCTD11;PROX1;TRIM32,0.9999999989852337
GO_BP_2025,up,Positive Regulation of Protein Targeting to Mitochondrion (GO:1903955),4,2300,28,0.6168713422995085,MICALL2;RAC2;UBE2L3;VPS11,0.9999999989852337
GO_BP_2025,up,Positive Regulation of Receptor Signaling Pathway via STAT (GO:1904894),4,2300,28,0.6168713422995085,CRLF3;IL10;MGAT5;OCIAD2,0.9999999989852337
GO_BP_2025,up,Response to Amyloid-Beta (GO:1904645),4,2300,28,0.6168713422995085,CDK5;EPHA4;IGF1;SYK,0.9999999989852337
GO_BP_2025,up,L-amino Acid Transport (GO:0015807),3,2300,21,0.6244132243487495,LLGL2;SLC7A6;SLC7A7,0.9999999989852337
GO_BP_2025,up,Artery Morphogenesis (GO:0048844),3,2300,21,0.6244132243487495,HEY2;STRA6;TGFB2,0.9999999989852337
GO_BP_2025,up,Carbohydrate Derivative Catabolic Process (GO:1901136),3,2300,21,0.6244132243487495,FBXO2;NAGA;SAMHD1,0.9999999989852337
GO_BP_2025,up,Chaperone-Mediated Protein Complex Assembly (GO:0051131),3,2300,21,0.6244132243487495,BBS12;PSMG2;PSMG3,0.9999999989852337
GO_BP_2025,up,Early Endosome to Late Endosome Transport (GO:0045022),3,2300,21,0.6244132243487495,BECN1;EMP2;WDR81,0.9999999989852337
GO_BP_2025,up,Hexose Biosynthetic Process (GO:0019319),3,2300,21,0.6244132243487495,ENO2;PGK1;TPI1,0.9999999989852337
GO_BP_2025,up,in Utero Embryonic Development (GO:0001701),3,2300,21,0.6244132243487495,PKD1;STIL;WNT7B,0.9999999989852337
GO_BP_2025,up,Negative Regulation of Smoothened Signaling Pathway (GO:0045879),3,2300,21,0.6244132243487495,GPC3;IFT122;MEGF8,0.9999999989852337
GO_BP_2025,up,Positive Regulation of T Cell Migration (GO:2000406),3,2300,21,0.6244132243487495,AIF1;DOCK8;PPP1R9B,0.9999999989852337
GO_BP_2025,up,Positive Regulation of Viral Life Cycle (GO:1903902),3,2300,21,0.6244132243487495,CD4;TMPRSS4;TSG101,0.9999999989852337
GO_BP_2025,up,Protein Localization to Centrosome (GO:0071539),3,2300,21,0.6244132243487495,CEP78;KIAA0753;STIL,0.9999999989852337
GO_BP_2025,up,Protein Palmitoylation (GO:0018345),3,2300,21,0.6244132243487495,ZDHHC1;ZDHHC20;ZDHHC7,0.9999999989852337
GO_BP_2025,up,Regulation of Blood Coagulation (GO:0030193),3,2300,21,0.6244132243487495,EMILIN2;ENPP4;F12,0.9999999989852337
GO_BP_2025,up,Regulation of Bone Resorption (GO:0045124),3,2300,21,0.6244132243487495,ARAP1;GPR137;SYK,0.9999999989852337
GO_BP_2025,up,Regulation of Cholesterol Metabolic Process (GO:0090181),3,2300,21,0.6244132243487495,ABCG1;SCAP;TTC39B,0.9999999989852337
GO_BP_2025,up,Regulation of Lysosomal Lumen pH (GO:0035751),3,2300,21,0.6244132243487495,ATP6V1F;ATP6V1H;VPS33A,0.9999999989852337
GO_BP_2025,up,Regulation of Protein Targeting to Membrane (GO:0090313),3,2300,21,0.6244132243487495,CIB1;GDI1;KCNE1,0.9999999989852337
GO_BP_2025,up,Vesicle Cytoskeletal Trafficking (GO:0099518),3,2300,21,0.6244132243487495,BICDL1;NDE1;TRAK1,0.9999999989852337
GO_BP_2025,up,Regulation of MAPK Cascade (GO:0043408),28,2300,196,0.625514510321008,ADAM8;ADRA2A;ADRB1;CD4;DAG1;DUSP19;FAM83D;GDF15;GSTP1;IGF1;KCTD11;MAPK8IP3;MDFI;MOCOS;NBR1;NEK10;NTRK2;PAK4;PER1;PLCG2;PRDM15;PSMD10;PTPN6;SPNS1;SYK;ULK4;WDR54;WNT4,0.9999999989852337
GO_BP_2025,up,Mitochondrial Translation (GO:0032543),13,2300,92,0.6262124626859178,GFM2;IARS2;MRPL13;MRPL14;MRPL40;MRPL42;MRPL51;MRPL57;MRPS10;MRPS21;MRPS23;MRPS31;MRPS9,0.9999999989852337
GO_BP_2025,up,Cell-Cell Adhesion via Plasma-Membrane Adhesion Molecules (GO:0098742),15,2300,106,0.6267707336968198,CDH2;CDH24;CDH26;CDHR3;CEACAM5;CEACAM6;GPC4;IGSF9;LRFN4;LRRC4;NPTN;PCDHB4;PKD1;PLXNB2;TGFB2,0.9999999989852337
GO_BP_2025,up,Regulation of Cell Adhesion (GO:0030155),17,2300,120,0.6277764216140511,ADAM8;AZU1;EPB41L4B;EPHA4;FBLN1;NUAK1;PLXNB1;PLXNB2;PPP1R9B;PRKX;PTK2B;RAC2;RHOD;RIPOR2;SYNGAP1;TNFRSF18;TNNC1,0.9999999989852337
GO_BP_2025,up,Protein Polyubiquitination (GO:0000209),30,2300,210,0.6277771676406045,ANAPC10;ARTN;BRCA1;CDC16;CDC26;DCAF15;DDB2;DTL;DTX4;DZIP3;FBXL7;FBXO38;FBXO7;IFI27;RBX1;RNF135;RNF183;RNF26;TRIM3;TRIM31;TRIM32;TRIM56;TRIM62;UBE2C;UBE2L3;UBE2T;UBE2V2;UBE3D;WDR24;ZNRF1,0.9999999989852337
GO_BP_2025,up,Protein Maturation (GO:0051604),18,2300,127,0.6283975653582743,AZU1;CASP2;CASP7;CISD3;F12;ISCA2;KLK10;NDUFAB1;NNAT;PCSK4;PCSK5;PHEX;PIGU;PSEN2;PSENEN;TMEM260;TMPRSS4;UBAC1,0.9999999989852337
GO_BP_2025,up,Regulation of Transcription Initiation by RNA Polymerase II (GO:0060260),8,2300,57,0.6289770655055598,HEY2;HNF1B;MED18;MED22;MED24;MED25;MED31;TAF6,0.9999999989852337
GO_BP_2025,up,Macroautophagy (GO:0016236),21,2300,148,0.6305841632178801,ACBD5;ARMC3;ATG2B;ATG9B;BECN1;CHMP5;CTSK;NBR1;PDCD6IP;SNAP29;SPATA33;TSG101;UFC1;ULK2;USP30;VIPAS39;VPS25;VPS33A;VPS37D;VPS41;WDR81,0.9999999989852337
GO_BP_2025,up,Amide Biosynthetic Process (GO:0043604),7,2300,50,0.6309991513086268,AGK;CERS6;COASY;GCLC;GNE;HAGH;SMPD2,0.9999999989852337
GO_BP_2025,up,Cholesterol Metabolic Process (GO:0008203),7,2300,50,0.6309991513086268,ABCA5;ABCG1;MVK;OSBPL5;SCAP;SQLE;STARD3,0.9999999989852337
GO_BP_2025,up,Response to Type II Interferon (GO:0034341),7,2300,50,0.6309991513086268,AIF1;BST2;GAPDH;GBP6;IFITM2;IFITM3;SLC26A6,0.9999999989852337
GO_BP_2025,up,Homophilic Cell Adhesion via Plasma Membrane Adhesion Molecules (GO:0007156),6,2300,43,0.6340162844089481,CEACAM5;CEACAM6;IGSF9;NPTN;PKD1;PLXNB2,0.9999999989852337
GO_BP_2025,up,Negative Regulation of Protein Catabolic Process (GO:0042177),6,2300,43,0.6340162844089481,AZIN2;IL10;IRAK3;MAD2L1;NQO1;TIMP4,0.9999999989852337
GO_BP_2025,up,Negative Regulation of Response to Stimulus (GO:0048585),6,2300,43,0.6340162844089481,ADRA2A;ALOX5;APPL2;C9ORF72;EPHA4;RBX1,0.9999999989852337
GO_BP_2025,up,Transcription Initiation-Coupled Chromatin Remodeling (GO:0045815),6,2300,43,0.6340162844089481,ARID1A;DPY30;GDNF;KDM1B;PRMT3;SPI1,0.9999999989852337
GO_BP_2025,up,Axonal Transport (GO:0098930),5,2300,36,0.6385385202645597,BLOC1S4;HSBP1;KIF3B;KIF4A;SYBU,0.9999999989852337
GO_BP_2025,up,Mononuclear Cell Differentiation (GO:1903131),5,2300,36,0.6385385202645597,CD4;LY6D;PIR;THOC5;UCP2,0.9999999989852337
GO_BP_2025,up,Negative Regulation of Tumor Necrosis Factor Production (GO:0032720),5,2300,36,0.6385385202645597,GSTP1;IGF1;IL10;IRAK3;PTPN6,0.9999999989852337
GO_BP_2025,up,Positive Regulation of Innate Immune Response (GO:0045089),5,2300,36,0.6385385202645597,NMI;SH2D1B;SPI1;TRIM56;TRIM62,0.9999999989852337
GO_BP_2025,up,Regulation of Lipid Metabolic Process (GO:0019216),5,2300,36,0.6385385202645597,ADGRF1;BBS4;CIDEB;PLCG2;ZFP69,0.9999999989852337
GO_BP_2025,up,Neuron Differentiation (GO:0030182),15,2300,107,0.6418035930600219,AIFM1;ATP2B4;CDK5;CTF1;ERCC3;FOXA1;NGRN;NIF3L1;NTRK2;OTX2;SOX21;TENM4;TGFB2;WNT4;WNT7B,0.9999999989852337
GO_BP_2025,up,Nitrogen Compound Transport (GO:0071705),18,2300,128,0.6421530166008846,ABCC1;AMN;CEP290;GIPC1;NDC1;RAMP1;SCAMP2;SLC19A2;SLC22A4;SLC29A4;SLC38A6;SLC38A7;SLC38A9;SLC44A4;SLC6A14;SLC6A6;SLC6A8;SLC7A6,0.9999999989852337
GO_BP_2025,up,Cardiac Ventricle Morphogenesis (GO:0003208),4,2300,29,0.645499438930813,HEY2;MESP1;PROX1;TGFB2,0.9999999989852337
GO_BP_2025,up,Negative Regulation of JNK Cascade (GO:0046329),4,2300,29,0.645499438930813,DUSP19;GSTP1;MECOM;PER1,0.9999999989852337
GO_BP_2025,up,Negative Regulation of Lymphocyte Proliferation (GO:0050672),4,2300,29,0.645499438930813,GPNMB;IL10;PPP1R9B;RIPOR2,0.9999999989852337
GO_BP_2025,up,Regulation of Cell Morphogenesis (GO:0022604),4,2300,29,0.645499438930813,CLDN3;STRIP1;ZMYM3;ZNF135,0.9999999989852337
GO_BP_2025,up,Regulation of Cellular Senescence (GO:2000772),4,2300,29,0.645499438930813,HMGA2;NEK4;NUAK1;ZKSCAN3,0.9999999989852337
GO_BP_2025,up,Regulation of Metaphase/Anaphase Transition of Cell Cycle (GO:1902099),4,2300,29,0.645499438930813,ARID1A;BCL7A;PLK1;UBE2C,0.9999999989852337
GO_BP_2025,up,Release of Sequestered Calcium Ion Into Cytosol (GO:0051209),4,2300,29,0.645499438930813,ITPR3;PLCB2;PLCE1;PLCG2,0.9999999989852337
GO_BP_2025,up,Negative Regulation of Apoptotic Signaling Pathway (GO:2001234),9,2300,65,0.646778721282379,ACVR1;BCL2L1;BDNF;GSTP1;IGF1;MAZ;PSMD10;RTKN2;SIAH2,0.9999999989852337
GO_BP_2025,up,Positive Regulation of Protein Polymerization (GO:0032273),8,2300,58,0.649165999519471,BAIAP2;HCK;NCKAP1L;PFN2;PSRC1;PTK2B;TOGARAM1;TPPP3,0.9999999989852337
GO_BP_2025,up,Regulation of Actin Filament Polymerization (GO:0030833),8,2300,58,0.649165999519471,ARHGAP28;BAIAP2;COTL1;HCK;NCKAP1L;PFN2;PTK2B;SYNGAP1,0.9999999989852337
GO_BP_2025,up,Rho Protein Signal Transduction (GO:0007266),7,2300,51,0.6524355909187913,ADRA2A;ARHGAP4;EPS8L1;NTN1;PLEKHG5;RACGAP1;RHOD,0.9999999989852337
GO_BP_2025,up,Cellular Response to Light Stimulus (GO:0071482),7,2300,51,0.6524355909187913,BMF;DDB2;ERCC4;PCNA;RBX1;RHOD;RUVBL2,0.9999999989852337
GO_BP_2025,up,Intrinsic Apoptotic Signaling Pathway in Response to DNA Damage (GO:0008630),7,2300,51,0.6524355909187913,BCL2L1;BOK;BRCA1;CASP2;CIDEB;E2F1;TP73,0.9999999989852337
GO_BP_2025,up,Neuron Migration (GO:0001764),7,2300,51,0.6524355909187913,CDK5;DNAAF4;NAV1;NTRK2;SDCCAG8;TUBB2B;TUBGCP2,0.9999999989852337
GO_BP_2025,up,Protein Localization (GO:0008104),45,2300,316,0.6528882284967428,ACD;AMN;AP2A1;AP4E1;AP4M1;ARL11;ARL6;ATG9B;BBS2;BBS4;CBY1;CLTC;COG7;CPLANE2;CROCC;DOC2B;DUOXA1;EMP2;ERCC3;FOXJ1;GGA3;IFT22;IFT27;MAPRE3;NPHP1;PACS2;PAM16;PDCD6;PTPRU;RAB20;RAB28;RAB31;RABL2A;RABL2B;REEP1;RNF26;RRAGA;RTP4;STK11IP;TIMM17B;TSNARE1;UNC93B1;VIPAS39;VPS33A;VPS35,0.9999999989852337
GO_BP_2025,up,Carbohydrate Biosynthetic Process (GO:0016051),3,2300,22,0.6568322113203663,FUT3;HAS3;ST3GAL2,0.9999999989852337
GO_BP_2025,up,Fatty Acid Transport (GO:0015908),3,2300,22,0.6568322113203663,CPT1B;FABP7;SLC27A3,0.9999999989852337
GO_BP_2025,up,Glycosphingolipid Biosynthetic Process (GO:0006688),3,2300,22,0.6568322113203663,B4GALT4;LARGE1;ST3GAL2,0.9999999989852337
GO_BP_2025,up,Negative Regulation of Epidermal Growth Factor Receptor Signaling Pathway (GO:0042059),3,2300,22,0.6568322113203663,MVP;TSG101;VPS25,0.9999999989852337
GO_BP_2025,up,Negative Regulation of Ossification (GO:0030279),3,2300,22,0.6568322113203663,ACVR2B;PTK2B;TMEM53,0.9999999989852337
GO_BP_2025,up,Negative Regulation of Protein Transport (GO:0051224),3,2300,22,0.6568322113203663,CSK;LYPLAL1;NDFIP2,0.9999999989852337
GO_BP_2025,up,Nuclear Membrane Reassembly (GO:0031468),3,2300,22,0.6568322113203663,BROX;CHMP5;REEP4,0.9999999989852337
GO_BP_2025,up,Nucleophagy (GO:0044804),3,2300,22,0.6568322113203663,ATG2B;ATG9B;ULK2,0.9999999989852337
GO_BP_2025,up,Organelle Fission (GO:0048285),3,2300,22,0.6568322113203663,PEX11G;PEX19;UCP2,0.9999999989852337
GO_BP_2025,up,Plasma Membrane Invagination (GO:0099024),3,2300,22,0.6568322113203663,GSN;SNX33;SPIRE2,0.9999999989852337
GO_BP_2025,up,Positive Regulation of B Cell Proliferation (GO:0030890),3,2300,22,0.6568322113203663,CD38;NCKAP1L;TNFRSF13C,0.9999999989852337
GO_BP_2025,up,Positive Regulation of Interleukin-10 Production (GO:0032733),3,2300,22,0.6568322113203663,IL13;PLCG2;SYK,0.9999999989852337
GO_BP_2025,up,Protein Localization to Cell Surface (GO:0034394),3,2300,22,0.6568322113203663,EMP2;GGA3;PTPRU,0.9999999989852337
GO_BP_2025,up,Regulation of Arp2/3 Complex-Mediated Actin Nucleation (GO:0034315),3,2300,22,0.6568322113203663,BRK1;WASHC2C;WASHC3,0.9999999989852337
GO_BP_2025,up,Regulation of Actin Filament Bundle Assembly (GO:0032231),3,2300,22,0.6568322113203663,ALMS1;MTSS1;PFN2,0.9999999989852337
GO_BP_2025,up,Regulation of Cardiac Muscle Hypertrophy (GO:0010611),3,2300,22,0.6568322113203663,ARRB1;ARRB2;IGF1,0.9999999989852337
GO_BP_2025,up,Regulation of Centrosome Cycle (GO:0046605),3,2300,22,0.6568322113203663,CHMP5;PDCD6IP;XRCC3,0.9999999989852337
GO_BP_2025,up,Regulation of Interferon-Alpha Production (GO:0032647),3,2300,22,0.6568322113203663,GPNMB;IL10;TLR3,0.9999999989852337
GO_BP_2025,up,Fatty Acid Oxidation (GO:0019395),6,2300,44,0.6569560322688355,ACAD10;ACAD11;BDH2;CYP4V2;EHHADH;MCAT,0.9999999989852337
GO_BP_2025,up,Glycoprotein Metabolic Process (GO:0009100),6,2300,44,0.6569560322688355,B4GALT5;FBXO2;GCNT1;LARGE1;MGAT4B;ST3GAL2,0.9999999989852337
GO_BP_2025,up,Myeloid Cell Differentiation (GO:0030099),6,2300,44,0.6569560322688355,ATP5IF1;MYB;PRKX;RACGAP1;SPI1;ZFPM1,0.9999999989852337
GO_BP_2025,up,Positive Regulation of B Cell Activation (GO:0050871),6,2300,44,0.6569560322688355,CD38;KMT5C;NCKAP1L;SPI1;SYK;TNFRSF13C,0.9999999989852337
GO_BP_2025,up,Positive Regulation of Reactive Oxygen Species Metabolic Process (GO:2000379),6,2300,44,0.6569560322688355,AKR1C3;CBR1;GSTP1;MAPK14;PLCG2;SYK,0.9999999989852337
GO_BP_2025,up,Positive Regulation of Transcription Elongation by RNA Polymerase II (GO:0032968),6,2300,44,0.6569560322688355,MED18;MED22;MED24;MED25;MED31;ZMYND8,0.9999999989852337
GO_BP_2025,up,Sulfur Compound Biosynthetic Process (GO:0044272),6,2300,44,0.6569560322688355,B3GALT6;COASY;GCLC;GSTP1;HAGH;MAT2B,0.9999999989852337
GO_BP_2025,up,Negative Regulation of Catabolic Process (GO:0009895),14,2300,101,0.6571664627838412,ADRA2A;AZIN2;BCL2L1;BMF;BSCL2;IL10;IRAK3;MAD2L1;NQO1;RASIP1;RRAGA;TBC1D14;ZDHHC7;ZKSCAN3,0.9999999989852337
GO_BP_2025,up,Positive Regulation of Protein Localization (GO:1903829),13,2300,94,0.658049177437898,CDK1;CENPQ;CEP120;CROCC;ENTR1;GAS8;LIMK2;PLK1;RANGRF;SNX33;TRAPPC12;VPS35;VRK1,0.9999999989852337
GO_BP_2025,up,Regulation of Epithelial Cell Proliferation (GO:0050678),10,2300,73,0.662760584463749,BAD;C5AR1;EPB41L4B;IGF1;MTSS1;OVOL2;SGPP2;SIX4;TGFB2;UHRF1,0.9999999989852337
GO_BP_2025,up,Negative Regulation of Tumor Necrosis Factor Superfamily Cytokine Production (GO:1903556),5,2300,37,0.6633372560478208,GSTP1;IGF1;IL10;IRAK3;PTPN6,0.9999999989852337
GO_BP_2025,up,Non-Canonical Wnt Signaling Pathway (GO:0035567),5,2300,37,0.6633372560478208,CCDC88C;TMEM67;VANGL1;WNT4;WNT7B,0.9999999989852337
GO_BP_2025,up,Regulation of Cytokine-Mediated Signaling Pathway (GO:0001959),5,2300,37,0.6633372560478208,IRAK3;PTPN6;SIGIRR;SPPL2B;SYK,0.9999999989852337
GO_BP_2025,up,Regulation of Heart Contraction (GO:0008016),5,2300,37,0.6633372560478208,ATP2B4;CALM3;FXYD1;KCNJ12;TGFB2,0.9999999989852337
GO_BP_2025,up,Positive Regulation of JNK Cascade (GO:0046330),9,2300,66,0.6653463603905304,ANKRD6;CCDC88C;DUSP19;DUSP22;EDA2R;MAPK8IP3;PTK2B;TLR3;WNT7B,0.9999999989852337
GO_BP_2025,up,Response to Ionizing Radiation (GO:0010212),9,2300,66,0.6653463603905304,BRCA1;ECT2;FIGNL1;MAPK14;RAD51AP1;RFWD3;RRAD;TELO2;XRCC4,0.9999999989852337
GO_BP_2025,up,Establishment of Protein Localization to Extracellular Region (GO:0035592),4,2300,30,0.6726750462076647,CFAP73;GSDMD;STEAP3;SVBP,0.9999999989852337
GO_BP_2025,up,Learning (GO:0007612),4,2300,30,0.6726750462076647,NRXN3;NTRK2;RGS14;STRA6,0.9999999989852337
GO_BP_2025,up,Negative Regulation of G Protein-Coupled Receptor Signaling Pathway (GO:0045744),4,2300,30,0.6726750462076647,ARRB2;MRAP2;RGS14;RPGRIP1L,0.9999999989852337
GO_BP_2025,up,Negative Regulation of T Cell Proliferation (GO:0042130),4,2300,30,0.6726750462076647,GPNMB;IL10;PPP1R9B;RIPOR2,0.9999999989852337
GO_BP_2025,up,Neuron Projection Extension (GO:1990138),4,2300,30,0.6726750462076647,C9ORF72;CDK5;SPAG6;ULK2,0.9999999989852337
GO_BP_2025,up,Organic Hydroxy Compound Transport (GO:0015850),4,2300,30,0.6726750462076647,SLC19A2;SLC29A4;SLC51A;STRA6,0.9999999989852337
GO_BP_2025,up,Phospholipid Dephosphorylation (GO:0046839),4,2300,30,0.6726750462076647,FIG4;INPP5E;MTM1;SGPP2,0.9999999989852337
GO_BP_2025,up,Positive Regulation of Immunoglobulin Production (GO:0002639),4,2300,30,0.6726750462076647,IL10;IL13;IL13RA1;KMT5C,0.9999999989852337
GO_BP_2025,up,Regulation of Peptide Hormone Secretion (GO:0090276),4,2300,30,0.6726750462076647,ALOX5;EIPR1;GIPR;RFX3,0.9999999989852337
GO_BP_2025,up,Regulation of Vascular Associated Smooth Muscle Cell Proliferation (GO:1904705),4,2300,30,0.6726750462076647,DNMT1;IGF1;IGFBP5;IL10,0.9999999989852337
GO_BP_2025,up,Substrate Adhesion-Dependent Cell Spreading (GO:0034446),4,2300,30,0.6726750462076647,MICALL2;PXDN;SRCIN1;SRGAP2,0.9999999989852337
GO_BP_2025,up,Negative Regulation of Binding (GO:0051100),7,2300,52,0.6731114365757881,E2F1;EFHB;HMGA2;IFIT1;MDFI;PEX19;ZFPM1,0.9999999989852337
GO_BP_2025,up,Positive Regulation of Transcription Initiation by RNA Polymerase II (GO:0060261),7,2300,52,0.6731114365757881,HNF1B;MED18;MED22;MED24;MED25;MED31;TAF6,0.9999999989852337
GO_BP_2025,up,Protein K48-linked Ubiquitination (GO:0070936),12,2300,88,0.6751269657661447,ANAPC10;CDC16;CDC26;DTX4;FBXO38;FBXO7;IFI27;RBX1;TRIM31;UBE2C;UBE2T;ZNRF1,0.9999999989852337
GO_BP_2025,up,Autophagosome Maturation (GO:0097352),6,2300,45,0.6789818016723871,BECN1;CHMP5;SNAP29;TSG101;VIPAS39;VPS33A,0.9999999989852337
GO_BP_2025,up,Cellular Response to Alcohol (GO:0097306),6,2300,45,0.6789818016723871,ADCY7;AKR1C3;BRCA1;GRAMD1C;PTGER2;SLC5A5,0.9999999989852337
GO_BP_2025,up,Fatty Acid Beta-Oxidation (GO:0006635),6,2300,45,0.6789818016723871,ACAD10;ACAD11;ACOT8;BDH2;EHHADH;MCAT,0.9999999989852337
GO_BP_2025,up,mRNA Stabilization (GO:0048255),6,2300,45,0.6789818016723871,E2F1;GDNF;IGF2BP3;MAPK14;RBM24;RBM38,0.9999999989852337
GO_BP_2025,up,Protein Secretion (GO:0009306),6,2300,45,0.6789818016723871,CFAP73;CYB5R4;GSDMD;PCSK5;STEAP3;SVBP,0.9999999989852337
GO_BP_2025,up,Regulation of Myoblast Differentiation (GO:0045661),6,2300,45,0.6789818016723871,ARID1A;EID2B;HIF1AN;MAPK14;RBM24;RIPOR2,0.9999999989852337
GO_BP_2025,up,Protein Tetramerization (GO:0051262),9,2300,67,0.6833275250359319,ACOT13;APPL2;AQP10;CBY1;ITPR3;KCNJ12;PKD1;SAMHD1;TK1,0.9999999989852337
GO_BP_2025,up,Regulation of TOR Signaling (GO:0032006),9,2300,67,0.6833275250359319,C9ORF72;CTNS;ENDOG;FAM83D;PDCD6;RRAGA;SLC38A9;TNFAIP8L1;WDR24,0.9999999989852337
GO_BP_2025,up,Negative Regulation of Cold-Induced Thermogenesis (GO:0120163),5,2300,38,0.6870004365798899,ACOT13;ACVR2B;IL18R1;MAP2K6;PCTP,0.9999999989852337
GO_BP_2025,up,Phosphatidylcholine Metabolic Process (GO:0046470),5,2300,38,0.6870004365798899,MBOAT2;PCYT1B;PLA2G10;PLB1;SLC44A4,0.9999999989852337
GO_BP_2025,up,Positive Regulation of Cytokine-Mediated Signaling Pathway (GO:0001961),5,2300,38,0.6870004365798899,AGPAT1;C1QTNF4;CD300LF;TRIM32;TRIM56,0.9999999989852337
GO_BP_2025,up,Regulation of Protein Targeting to Mitochondrion (GO:1903214),5,2300,38,0.6870004365798899,ATP5IF1;MICALL2;RAC2;UBE2L3;VPS11,0.9999999989852337
GO_BP_2025,up,Regulation of Wound Healing (GO:0061041),5,2300,38,0.6870004365798899,ADRA2A;ALOX5;CD109;CLDN3;DUOX1,0.9999999989852337
GO_BP_2025,up,Fc-gamma Receptor Signaling Pathway (GO:0038094),3,2300,23,0.6871819996422484,FCER1G;HCK;SYK,0.9999999989852337
GO_BP_2025,up,Glycosaminoglycan Metabolic Process (GO:0030203),3,2300,23,0.6871819996422484,CHST9;GNS;SGSH,0.9999999989852337
GO_BP_2025,up,Histone mRNA Metabolic Process (GO:0008334),3,2300,23,0.6871819996422484,CPSF3;UPF1;ZNF473,0.9999999989852337
GO_BP_2025,up,Positive Regulation of Fibroblast Proliferation (GO:0048146),3,2300,23,0.6871819996422484,E2F1;FBLN1;IGF1,0.9999999989852337
GO_BP_2025,up,Positive Regulation of Vascular Endothelial Growth Factor Production (GO:0010575),3,2300,23,0.6871819996422484,BRCA1;C3;SULF1,0.9999999989852337
GO_BP_2025,up,Protein Methylation (GO:0006479),3,2300,23,0.6871819996422484,EEF1AKMT1;ICMT;PRMT7,0.9999999989852337
GO_BP_2025,up,Regulation of Myeloid Cell Differentiation (GO:0045637),3,2300,23,0.6871819996422484,P4HTM;PTK2B;SPI1,0.9999999989852337
GO_BP_2025,up,Regulation of Protein Transport (GO:0051223),3,2300,23,0.6871819996422484,GAPVD1;NDFIP2;P3H1,0.9999999989852337
GO_BP_2025,up,Regulation of Toll-Like Receptor Signaling Pathway (GO:0034121),3,2300,23,0.6871819996422484,GDI1;IRAK3;S100A8,0.9999999989852337
GO_BP_2025,up,Regulation of Vascular Endothelial Growth Factor Production (GO:0010574),3,2300,23,0.6871819996422484,BRCA1;C3;SULF1,0.9999999989852337
GO_BP_2025,up,Respiratory Chain Complex IV Assembly (GO:0008535),3,2300,23,0.6871819996422484,CEP89;COA3;COX14,0.9999999989852337
GO_BP_2025,up,Endocytic Recycling (GO:0032456),8,2300,60,0.6875735779006329,EIPR1;ENTR1;MICALL2;RAB11FIP4;RAB12;VPS35;VPS52;WASHC2C,0.9999999989852337
GO_BP_2025,up,Negative Regulation of Protein Modification by Small Protein Conjugation or Removal (GO:1903321),7,2300,53,0.6930024458453121,ARRB1;ARRB2;BAG2;CEP78;PIAS3;PRMT3;SVBP,0.9999999989852337
GO_BP_2025,up,Anterograde Axonal Transport (GO:0008089),4,2300,31,0.698372728253653,BLOC1S4;KIF3B;KIF4A;MAPK8IP3,0.9999999989852337
GO_BP_2025,up,Membrane Protein Proteolysis (GO:0033619),4,2300,31,0.698372728253653,DAG1;PSEN2;PSENEN;SPPL2B,0.9999999989852337
GO_BP_2025,up,Phosphatidic Acid Metabolic Process (GO:0046473),4,2300,31,0.698372728253653,ACP6;AGPAT1;LCLAT1;PLA2G10,0.9999999989852337
GO_BP_2025,up,Positive Regulation of Establishment of Protein Localization to Mitochondrion (GO:1903749),4,2300,31,0.698372728253653,MICALL2;RAC2;UBE2L3;VPS11,0.9999999989852337
GO_BP_2025,up,Regulation of Dendrite Development (GO:0050773),4,2300,31,0.698372728253653,BMP7;CAMK1D;KNDC1;LRP8,0.9999999989852337
GO_BP_2025,up,Actin Polymerization or Depolymerization (GO:0008154),6,2300,46,0.7000696880703301,AIF1;CATIP;GSN;MICALL2;MSRB1;WASHC3,0.9999999989852337
GO_BP_2025,up,Regulation of Cellular Response to Stress (GO:0080135),14,2300,104,0.7006011796177625,ABRAXAS1;ACTR8;ALOX5;BRCA1;RFWD3;RUVBL1;RUVBL2;SLC25A14;SMYD2;SUPT20H;TAF6;TFPT;UBE2V2;USP19,0.9999999989852337
GO_BP_2025,up,DNA Replication (GO:0006260),9,2300,68,0.7007047672495086,CDK1;FAM111A;PNKP;POLD3;RECQL5;RFC5;RPA3;UPF1;WDR18,0.9999999989852337
GO_BP_2025,up,Modulation of Chemical Synaptic Transmission (GO:0050804),9,2300,68,0.7007047672495086,BAIAP3;BDNF;CDK5;LRP8;LRRC4;NMU;SLC4A8;SNCAIP;TSPOAP1,0.9999999989852337
GO_BP_2025,up,Regulation of DNA Replication (GO:0006275),9,2300,68,0.7007047672495086,ACTR8;CCNA2;CDC25A;CDT1;PCNA;RUVBL1;RUVBL2;STN1;TFPT,0.9999999989852337
GO_BP_2025,up,Response to Calcium Ion (GO:0051592),9,2300,68,0.7007047672495086,AKR1C3;ALOX5AP;ANXA11;CALM3;CPNE2;ECT2;ITPR3;PDCD6;PLCG2,0.9999999989852337
GO_BP_2025,up,Neuron Projection Guidance (GO:0097485),13,2300,97,0.7028908273439622,BDNF;DAG1;EFNB3;EPHA4;IGSF9;LYPLA2;NPTN;NRXN3;OTX2;PLA2G10;PTPRH;PTPRU;SEMA4F,0.9999999989852337
GO_BP_2025,up,Regulation of JNK Cascade (GO:0046328),13,2300,97,0.7028908273439622,ANKRD6;CCDC88C;DUSP19;DUSP22;EDA2R;MAPK8IP3;MDFI;MECOM;PER1;PTK2B;TLR3;ULK4;WNT7B,0.9999999989852337
GO_BP_2025,up,Negative Regulation of Cell Migration (GO:0030336),20,2300,147,0.7045523977859902,ARHGAP4;BST2;CLDN3;DAG1;DPYSL3;DUSP22;EMILIN2;EPHA4;FUZ;IGFBP5;NEXMIF;PFN2;PTPRU;SAP30;SCAI;SRGAP2;SULF1;SVBP;TP53INP1;ZMYND8,0.9999999989852337
GO_BP_2025,up,Negative Regulation of Canonical Wnt Signaling Pathway (GO:0090090),12,2300,90,0.7056114130845044,ANKRD6;CCDC88C;FUZ;IGFBP2;MESP1;NPHP4;PTPRU;RBX1;RUVBL2;SHISA6;SIAH2;TBX18,0.9999999989852337
GO_BP_2025,up,Negative Regulation of Extrinsic Apoptotic Signaling Pathway (GO:2001237),8,2300,61,0.7057511166699615,BCL2L1;BRCA1;EYA4;FAIM;GDNF;GSTP1;IGF1;SIAH2,0.9999999989852337
GO_BP_2025,up,Positive Regulation of Endocytosis (GO:0045807),8,2300,61,0.7057511166699615,ANKFY1;ARAP1;AZU1;C3;CAMK1D;FCER1G;FCGR2A;GPC3,0.9999999989852337
GO_BP_2025,up,Cellular Respiration (GO:0045333),11,2300,83,0.7088572227764416,CHCHD5;COX5A;COX6A1;COX7A2;NDUFA8;NDUFAB1;NDUFB5;PCDHGA5;SDHA;SDHAF4;SLC25A14,0.9999999989852337
GO_BP_2025,up,Cellular Response to Type II Interferon (GO:0071346),5,2300,39,0.7095080089194052,AIF1;GAPDH;GBP6;HCK;SLC26A6,0.9999999989852337
GO_BP_2025,up,Negative Regulation of Cell Projection Organization (GO:0031345),5,2300,39,0.7095080089194052,CIB1;DPYSL3;EPHA4;PTPN9;PTPRU,0.9999999989852337
GO_BP_2025,up,- Reg of Phosphatidylinositol 3-Kinase/Prot Kinase B Signal Transduction (GO:0051898),5,2300,39,0.7095080089194052,ARRB2;CIB1;DAG1;PDCD6;USP49,0.9999999989852337
GO_BP_2025,up,Positive Regulation of miRNA Transcription (GO:1902895),5,2300,39,0.7095080089194052,FOXA1;IL10;MYB;SPI1;TGFB2,0.9999999989852337
GO_BP_2025,up,Positive Regulation of Smooth Muscle Cell Proliferation (GO:0048661),5,2300,39,0.7095080089194052,AIF1;DNMT1;IGF1;IGFBP5;IL10,0.9999999989852337
GO_BP_2025,up,Axon Guidance (GO:0007411),15,2300,112,0.7120131218937574,BDNF;DAG1;EFNB3;EPHA4;GDNF;IGSF9;LYPLA2;NPTN;NRXN3;NTN1;OTX2;PLA2G10;PTPRH;PTPRU;SEMA4F,0.9999999989852337
GO_BP_2025,up,Chemical Synaptic Transmission (GO:0007268),15,2300,112,0.7120131218937574,CDK5;CNIH2;CNIH3;DOC2A;GABRB2;GABRE;GIPC1;LIN7B;MYCBPAP;NQO1;PCDHB4;PTPRN2;SHISA6;SLC12A4;TSPOAP1,0.9999999989852337
GO_BP_2025,up,Protein N-linked Glycosylation (GO:0006487),7,2300,54,0.712091214689502,DERL3;FUT3;MGAT4B;MGAT5;NUDT14;PMM1;TUSC3,0.9999999989852337
GO_BP_2025,up,Central Nervous System Neuron Differentiation (GO:0021953),3,2300,24,0.7154713400084171,KNDC1;NTRK2;PROX1,0.9999999989852337
GO_BP_2025,up,Chemokine-Mediated Signaling Pathway (GO:0070098),3,2300,24,0.7154713400084171,CCL15;CIB1;PTK2B,0.9999999989852337
GO_BP_2025,up,Negative Regulation of Intrinsic Apoptotic Signaling Pathway in Response to DNA Damage (GO:1902230),3,2300,24,0.7154713400084171,BCL2L1;TRIM32;ZNF385A,0.9999999989852337
GO_BP_2025,up,Neurotransmitter Transport (GO:0006836),3,2300,24,0.7154713400084171,LIN7B;PTPRN2;SLC29A4,0.9999999989852337
GO_BP_2025,up,Positive Regulation of Erythrocyte Differentiation (GO:0045648),3,2300,24,0.7154713400084171,ANKRD54;MAPK14;NCKAP1L,0.9999999989852337
GO_BP_2025,up,Positive Regulation of Response to Wounding (GO:1903036),3,2300,24,0.7154713400084171,ADRA2A;CLDN3;DUOX1,0.9999999989852337
GO_BP_2025,up,Protein Lipidation (GO:0006497),3,2300,24,0.7154713400084171,ZDHHC1;ZDHHC20;ZDHHC7,0.9999999989852337
GO_BP_2025,up,Regulation of Cell Migration Involved in Sprouting Angiogenesis (GO:0090049),3,2300,24,0.7154713400084171,CIB1;HDAC9;SRPX2,0.9999999989852337
GO_BP_2025,up,Reg of Endoplasmic Reticulum Stress-Induced Intrinsic Apoptotic Sgnlng Pway (GO:1902235),3,2300,24,0.7154713400084171,BCL2L1;BOK;RNF183,0.9999999989852337
GO_BP_2025,up,Regulation of Extrinsic Apoptotic Signaling Pathway in Absence of Ligand (GO:2001239),3,2300,24,0.7154713400084171,BCL2L1;EYA4;GDNF,0.9999999989852337
GO_BP_2025,up,"Regulation of Synaptic Transmission, Glutamatergic (GO:0051966)",3,2300,24,0.7154713400084171,CDK5;PTK2B;TSHZ3,0.9999999989852337
GO_BP_2025,up,Mitochondrial Gene Expression (GO:0140053),13,2300,98,0.7170120687133801,GFM2;IARS2;MRPL13;MRPL14;MRPL40;MRPL42;MRPL51;MRPL57;MRPS10;MRPS21;MRPS23;MRPS31;MRPS9,0.9999999989852337
GO_BP_2025,up,Negative Regulation of Inflammatory Response (GO:0050728),12,2300,91,0.7201712352636147,ALOX5;C1QTNF3;GSTP1;HCK;IGF1;IL10;IL13;MAPK14;MVK;PTPN6;SYK;VPS35,0.9999999989852337
GO_BP_2025,up,RNA Polymerase II Preinitiation Complex Assembly (GO:0051123),6,2300,47,0.7202046834648232,MED18;MED22;MED24;MED25;MED31;TAF6,0.9999999989852337
GO_BP_2025,up,Negative Regulation of Protein Ubiquitination (GO:0031397),6,2300,47,0.7202046834648232,ARRB1;ARRB2;BAG2;CEP78;PRMT3;SVBP,0.9999999989852337
GO_BP_2025,up,Nucleocytoplasmic Transport (GO:0006913),6,2300,47,0.7202046834648232,NDC1;NUP133;NUP50;NUP93;RGS14;RITA1,0.9999999989852337
GO_BP_2025,up,Regulation of Bone Mineralization (GO:0030500),6,2300,47,0.7202046834648232,ACVR2B;ALOX5;BMP7;NBR1;PTK2B;WNT4,0.9999999989852337
GO_BP_2025,up,Regulation of Cytokine Production Involved in Inflammatory Response (GO:1900015),6,2300,47,0.7202046834648232,ADCY7;ALOX5;APPL2;MAPK14;PER1;PLD4,0.9999999989852337
GO_BP_2025,up,Regulation of Interferon-Beta Production (GO:0032648),6,2300,47,0.7202046834648232,OAS1;OAS2;OAS3;RNF135;TLR3;TRIM56,0.9999999989852337
GO_BP_2025,up,Negative Regulation of Cytoplasmic Pattern Recognition Receptor Signaling Pathway (GO:0039532),4,2300,32,0.7225857998246219,DHX58;LYPLAL1;TKFC;TSPAN6,0.9999999989852337
GO_BP_2025,up,Negative Regulation of Plasma Membrane Bounded Cell Projection Assembly (GO:0120033),4,2300,32,0.7225857998246219,LIMK2;PFN2;TCHP;TRIM32,0.9999999989852337
GO_BP_2025,up,Positive Regulation of Bone Mineralization (GO:0030501),4,2300,32,0.7225857998246219,ACVR2B;ALOX5;BMP7;WNT4,0.9999999989852337
GO_BP_2025,up,Purine Nucleotide Metabolic Process (GO:0006163),4,2300,32,0.7225857998246219,CD38;COASY;DNPH1;MDH1B,0.9999999989852337
GO_BP_2025,up,Protein Localization to Nucleus (GO:0034504),16,2300,120,0.7226907623961378,APPL2;BBS4;FAM53B;HEATR3;IPO11;IPO13;IPO9;LMNB1;NUAK2;NUP133;NUP50;NUP93;PLK1;RPAIN;SIX4;SYK,0.9999999989852337
GO_BP_2025,up,Receptor-Mediated Endocytosis (GO:0006898),16,2300,120,0.7226907623961378,AMN;AP2A1;ARRB2;CLTA;CLTC;CLTCL1;FCER1G;FCHO1;GPR107;MRC1;PLXNB2;RAB31;RAMP1;SORL1;STAB1;SYK,0.9999999989852337
GO_BP_2025,up,Regulation of Non-Canonical NF-kappaB Signal Transduction (GO:1901222),8,2300,62,0.7232257422930848,BMP7;C1QTNF3;C1QTNF4;NMI;RTKN2;SPI1;TLR3;TRIM56,0.9999999989852337
GO_BP_2025,up,Neuron Projection Development (GO:0031175),21,2300,156,0.726021276022812,ADGRF1;BDNF;BICDL1;BLOC1S4;BMP7;CDK5;EPHA4;GDNF;IFT88;MAPK8IP3;MICALL2;NCKAP1L;OMG;PLXNB1;PPP1R9B;PTPRU;RAB11A;SRGAP2;STMN3;SVBP;VRK1,0.9999999989852337
GO_BP_2025,up,Protein-Containing Complex Assembly (GO:0065003),39,2300,283,0.7263850208522566,AIFM1;ANLN;ARL6;BAD;BBS12;BECN1;BOK;CCDC39;CCDC40;CCDC65;CDC123;CLTA;CLTC;DET1;DLGAP5;DNAAF1;DRC1;EID2;FCHO1;GPX4;GSDMD;JCHAIN;LRRC23;NCKAP1L;OAS1;OTX2;PDCD6;PSMB5;PSMG2;PSMG3;PTK2B;PXDN;RSPH4A;RSPH9;SHQ1;TRAPPC12;TTC12;TUBGCP2;WDR19,0.9999999989852337
GO_BP_2025,up,Regulation of Anatomical Structure Morphogenesis (GO:0022603),14,2300,106,0.7276408254606643,CDK5;CLDN3;DAG1;EMP2;EPHA4;FYCO1;GDNF;GPNMB;KNDC1;MTCH2;SRCIN1;STRIP1;ZMYM3;ZNF135,0.9999999989852337
GO_BP_2025,up,Regulation of Catabolic Process (GO:0009894),10,2300,77,0.7283126250605771,BECN1;BOK;C9ORF72;DEPP1;FAM83D;GPR137;PTK2B;ULK2;WDR24;ZDHHC7,0.9999999989852337
GO_BP_2025,up,Potassium Ion Transport (GO:0006813),7,2300,55,0.7303666861410874,CCDC51;KCNE1;KCNH3;KCNJ12;KCNJ16;SLC12A4;SLC9A3,0.9999999989852337
GO_BP_2025,up,Calcium Ion Transmembrane Import Into Cytosol (GO:0097553),5,2300,40,0.7308517793553982,CACNA1D;ITPR3;PLCB2;PLCE1;PLCG2,0.9999999989852337
GO_BP_2025,up,Negative Regulation of ERK1 and ERK2 Cascade (GO:0070373),5,2300,40,0.7308517793553982,EPHA4;FBLN1;GSTP1;PSCA;RGS14,0.9999999989852337
GO_BP_2025,up,Positive Regulation of Pattern Recognition Receptor Signaling Pathway (GO:0062208),5,2300,40,0.7308517793553982,DHX58;GDI1;TRIM3;WDFY1;ZNRF1,0.9999999989852337
GO_BP_2025,up,Organic Anion Transport (GO:0015711),9,2300,70,0.7335980679140228,CYB5R1;CYB5R4;CYB5RL;SLC17A9;SLC26A6;SLC35A2;SLC37A1;SLC44A4;SLC4A8,0.9999999989852337
GO_BP_2025,up,Regulation of Protein Kinase Activity (GO:0045859),9,2300,70,0.7335980679140228,CAMKK2;CD4;DUSP19;ECT2;GSTP1;MAPRE3;PTK2B;SPNS1;TRIB2,0.9999999989852337
GO_BP_2025,up,Defense Response to Bacterium (GO:0042742),15,2300,114,0.7375951331141049,AZU1;EPPIN;FCER1G;GBP6;GSDMD;JCHAIN;MPEG1;OAS1;OAS2;OAS3;PPP1R9B;S100A8;STAB1;SYK;TLR3,0.9999999989852337
GO_BP_2025,up,Branching Morphogenesis of an Epithelial Tube (GO:0048754),3,2300,25,0.7417355938039328,GDNF;PKD1;RASIP1,0.9999999989852337
GO_BP_2025,up,Positive Regulation of Release of Sequestered Calcium Ion Into Cytosol (GO:0051281),3,2300,25,0.7417355938039328,CALM3;CD19;SRI,0.9999999989852337
GO_BP_2025,up,Regulation of Calcium-Mediated Signaling (GO:0050848),3,2300,25,0.7417355938039328,EDN2;JPT2;PLCG2,0.9999999989852337
GO_BP_2025,up,Regulation of Mitochondrion Organization (GO:0010821),3,2300,25,0.7417355938039328,MTCH2;STOX1;VPS35,0.9999999989852337
GO_BP_2025,up,Regulation of Mitophagy (GO:1901524),3,2300,25,0.7417355938039328,EIF2AK1;FBXO7;RBX1,0.9999999989852337
GO_BP_2025,up,Regulation of Neurotransmitter Secretion (GO:0046928),3,2300,25,0.7417355938039328,SNCAIP;SYT8;TSPOAP1,0.9999999989852337
GO_BP_2025,up,Regulation of Supramolecular Fiber Organization (GO:1902903),3,2300,25,0.7417355938039328,C9ORF72;MAPRE3;PRUNE1,0.9999999989852337
GO_BP_2025,up,Lipid Transport (GO:0006869),10,2300,78,0.7433066580972933,ABCA13;ABCA5;ABCB11;FABP7;OSBPL5;PCTP;PITPNM1;PRELID2;SLC27A3;SLC51A,0.9999999989852337
GO_BP_2025,up,Cholesterol Transport (GO:0030301),4,2300,33,0.7453236398331343,ABCA5;ABCG1;OSBPL5;STARD3,0.9999999989852337
GO_BP_2025,up,Negative Regulation of Double-Strand Break Repair (GO:2000780),4,2300,33,0.7453236398331343,HMGA2;OTUB1;PLK1;RMI2,0.9999999989852337
GO_BP_2025,up,Positive Regulation of Developmental Growth (GO:0048639),4,2300,33,0.7453236398331343,BDNF;FYCO1;NTN1;SYT17,0.9999999989852337
GO_BP_2025,up,Positive Regulation of Neuron Apoptotic Process (GO:0043525),4,2300,33,0.7453236398331343,CASP2;CASP7;CDK5;TGFB2,0.9999999989852337
GO_BP_2025,up,Protein Acylation (GO:0043543),4,2300,33,0.7453236398331343,NAA80;ZDHHC1;ZDHHC20;ZDHHC7,0.9999999989852337
GO_BP_2025,up,Regulation of B Cell Proliferation (GO:0030888),4,2300,33,0.7453236398331343,CD38;IL10;NCKAP1L;TNFRSF13C,0.9999999989852337
GO_BP_2025,up,Positive Regulation of DNA-templated Transcription Initiation (GO:2000144),7,2300,56,0.7478236376840686,HNF1B;MED18;MED22;MED24;MED25;MED31;TAF6,0.9999999989852337
GO_BP_2025,up,Regulation of Neuron Differentiation (GO:0045664),7,2300,56,0.7478236376840686,BMP7;ECT2;KCTD11;LTK;NREP;TRIM32;ZFHX2,0.9999999989852337
GO_BP_2025,up,Response to UV (GO:0009411),12,2300,93,0.747887261004652,BMF;DDB2;DTL;ERCC3;ERCC4;PCNA;RBX1;RPAIN;RUVBL2;SERPINB13;TRIM32;ZRANB3,0.9999999989852337
GO_BP_2025,up,B Cell Differentiation (GO:0030183),5,2300,41,0.7510340311795443,BLNK;HDAC9;IL10;LYL1;PLCG2,0.9999999989852337
GO_BP_2025,up,Carboxylic Acid Transmembrane Transport (GO:1905039),5,2300,41,0.7510340311795443,ABCC1;SFXN3;SLC13A3;SLC6A14;SLC6A8,0.9999999989852337
GO_BP_2025,up,Membrane Fission (GO:0090148),5,2300,41,0.7510340311795443,CHMP5;MVB12B;TSG101;VPS25;VPS37D,0.9999999989852337
GO_BP_2025,up,Positive Regulation of T Cell Proliferation (GO:0042102),5,2300,41,0.7510340311795443,AIF1;IGF1;IGFBP2;NCKAP1L;TNFRSF13C,0.9999999989852337
GO_BP_2025,up,Regulation of Calcium Ion Transport (GO:0051924),5,2300,41,0.7510340311795443,CACNA1D;CD4;EFHB;GRAMD2A;SRI,0.9999999989852337
GO_BP_2025,up,Regulation of Tumor Necrosis Factor-Mediated Signaling Pathway (GO:0010803),5,2300,41,0.7510340311795443,GSTP1;SPPL2B;SYK;TRAIP;TRIM32,0.9999999989852337
GO_BP_2025,up,Extrinsic Apoptotic Signaling Pathway (GO:0097191),8,2300,64,0.7560383970814948,BAD;BCL2L1;BOK;CASP2;CIB1;IFI27;TGFB2;TLR3,0.9999999989852337
GO_BP_2025,up,Cell-Cell Junction Assembly (GO:0007043),6,2300,49,0.7575956243961018,CDH2;CDH24;CDH26;CDHR3;FBF1;GJB2,0.9999999989852337
GO_BP_2025,up,Regulation of Proteasomal Protein Catabolic Process (GO:0061136),6,2300,49,0.7575956243961018,BAG2;DNAAF4;PKD1;TMTC3;USP19;ZNF418,0.9999999989852337
GO_BP_2025,up,Aerobic Respiration (GO:0009060),10,2300,79,0.7577305682281203,DLAT;IDH3G;MDH1B;NDUFA8;NDUFAB1;NDUFB5;PCDHGA5;SDHA;SDHAF4;SLC25A14,0.9999999989852337
GO_BP_2025,up,Positive Regulation of Supramolecular Fiber Organization (GO:1902905),10,2300,79,0.7577305682281203,BAIAP2;GSN;HCK;MTSS1;NCKAP1L;PFN2;PROX1;PSRC1;PTK2B;TOGARAM1,0.9999999989852337
GO_BP_2025,up,Cellular Response to Insulin Stimulus (GO:0032869),12,2300,94,0.7610342976241768,BAIAP2;CAPN10;CPEB1;HDAC9;IGF1;INHBB;IRS1;PIGU;PKM;RAB31;STXBP4;ZDHHC7,0.9999999989852337
GO_BP_2025,up,Fatty Acid Metabolic Process (GO:0006631),12,2300,94,0.7610342976241768,ABCB11;ACBD5;ACOT4;ACOT8;ALOX5;CPT1B;GPX4;MCAT;MLYCD;NDUFAB1;NUDT19;SLC27A3,0.9999999989852337
GO_BP_2025,up,Monocarboxylic Acid Metabolic Process (GO:0032787),12,2300,94,0.7610342976241768,ABCB11;ACBD5;ACOT4;BCO2;CPT1B;CYP26A1;CYP2S1;IGF1;MTHFD1L;PCDHGA5;SLC6A8;VNN2,0.9999999989852337
GO_BP_2025,up,Positive Regulation of Signal Transduction (GO:0009967),24,2300,181,0.762330011993535,ACVR1;AGPAT1;ARMC9;BDNF;C3;DSTYK;EMP2;EPHA4;GAS8;IGF1;IRS1;LOXL3;MESP1;MGAT5;MYORG;NPTN;PTK2B;RAB34;SORL1;SPNS1;STK36;SULF1;TEDC1;TGFB2,0.9999999989852337
GO_BP_2025,up,Regulation of Protein Secretion (GO:0050708),9,2300,72,0.7639648834408674,ADAM8;ALOX5;EIPR1;GIPR;IGF1;P3H1;RFX3;SYTL4;TGFB2,0.9999999989852337
GO_BP_2025,up,Regulation of Type I Interferon Production (GO:0032479),7,2300,57,0.7644621577890599,DHX58;DTX4;GAPDH;RBX1;RNF26;TRAF3IP1;TRIM56,0.9999999989852337
GO_BP_2025,up,Acylglycerol Metabolic Process (GO:0006639),3,2300,26,0.7660311023585031,ABHD2;ABHD6;LYPLA2,0.9999999989852337
GO_BP_2025,up,miRNA-mediated Post-Transcriptional Gene Silencing (GO:0035195),3,2300,26,0.7660311023585031,AGO4;CNOT6;EIF4E2,0.9999999989852337
GO_BP_2025,up,Negative Regulation of Intracellular Steroid Hormone Receptor Signaling Pathway (GO:0033144),3,2300,26,0.7660311023585031,BRCA1;PER1;VPS11,0.9999999989852337
GO_BP_2025,up,Positive Regulation of Lamellipodium Organization (GO:1902745),3,2300,26,0.7660311023585031,BRK1;PLCE1;RAC2,0.9999999989852337
GO_BP_2025,up,Positive Regulation of Response to Endoplasmic Reticulum Stress (GO:1905898),3,2300,26,0.7660311023585031,BOK;RNF183;UBQLN2,0.9999999989852337
GO_BP_2025,up,Regulation of Cholesterol Efflux (GO:0010874),3,2300,26,0.7660311023585031,ABCA5;PLA2G10;TTC39B,0.9999999989852337
GO_BP_2025,up,Regulation of Extrinsic Apoptotic Signaling Pathway via Death Domain Receptors (GO:1902041),3,2300,26,0.7660311023585031,BCL2L1;BRCA1;FAIM,0.9999999989852337
GO_BP_2025,up,Regulation of Sodium Ion Transport (GO:0002028),3,2300,26,0.7660311023585031,ATP2B4;PER1;RANGRF,0.9999999989852337
GO_BP_2025,up,Regulation of Autophagy (GO:0010506),28,2300,210,0.7660603553545607,ATP6V1E1;ATP6V1H;BAD;BCL2L1;BECN1;BMF;BOK;C9ORF72;CAPNS1;CCNY;CDK5;DEPP1;ENDOG;GAPDH;GPR137;IL10;PIM2;PLEKHF1;RASIP1;RRAGA;TBC1D14;TP53INP1;TRIM32;UBQLN2;ULK2;VPS35;WDR24;ZKSCAN3,0.9999999989852337
GO_BP_2025,up,Inner Mitochondrial Membrane Organization (GO:0007007),4,2300,34,0.7666091615374432,APOO;CHCHD3;MTX1;MTX3,0.9999999989852337
GO_BP_2025,up,Negative Regulation of T Cell Activation (GO:0050868),4,2300,34,0.7666091615374432,GPNMB;IL10;PPP1R9B;RIPOR2,0.9999999989852337
GO_BP_2025,up,Positive Regulation of Biomineral Tissue Development (GO:0070169),4,2300,34,0.7666091615374432,ACVR2B;ALOX5;BMP7;WNT4,0.9999999989852337
GO_BP_2025,up,Regulation of Interleukin-10 Production (GO:0032653),4,2300,34,0.7666091615374432,IL13;PLCG2;SYK;TRIB2,0.9999999989852337
GO_BP_2025,up,+ Reg of Phosphatidylinositol 3-Kinase/Prot Kinase B Signal Transduction (GO:0051897),17,2300,131,0.7668073032068097,AKR1C3;BECN1;CD19;GDF15;IGF1;IRS1;LTK;MAZ;MYORG;NTRK2;PIGU;PIK3R5;PLXNB1;PTK2B;PTPN6;TGFB2;TSPYL5,0.9999999989852337
GO_BP_2025,up,Negative Regulation of MAPK Cascade (GO:0043409),13,2300,102,0.7691712930673491,DAG1;DUSP19;EPHA4;FBLN1;FOXM1;GSTP1;IRAK3;MECOM;PER1;PRDM15;PSCA;PSMD10;RGS14,0.9999999989852337
GO_BP_2025,up,Cellular Response to Calcium Ion (GO:0071277),5,2300,42,0.7700661792100169,AKR1C3;ALOX5AP;CPNE2;ECT2;PLCG2,0.9999999989852337
GO_BP_2025,up,Positive Regulation of Non-Canonical NF-kappaB Signal Transduction (GO:1901224),5,2300,42,0.7700661792100169,C1QTNF4;NMI;RTKN2;TLR3;TRIM56,0.9999999989852337
GO_BP_2025,up,Positive Regulation of TOR Signaling (GO:0032008),8,2300,65,0.7713730884217215,GPR137;NCKAP1L;OTUB1;RBX1;RRAGA;SLC38A9;SYK;WDR24,0.9999999989852337
GO_BP_2025,up,Transforming Growth Factor Beta Receptor Signaling Pathway (GO:0007179),8,2300,65,0.7713730884217215,APPL2;ARRB2;DUSP22;EID2;GDF15;PXDN;TGFB2;ZMIZ2,0.9999999989852337
GO_BP_2025,up,Antigen Receptor-Mediated Signaling Pathway (GO:0050851),12,2300,95,0.7737045098390086,BLNK;BMX;CD19;CD38;CSK;EIF2B2;FCHO1;NCKAP1L;PLCG2;SPNS1;SYK;THEMIS2,0.9999999989852337
GO_BP_2025,up,Cholesterol Homeostasis (GO:0042632),6,2300,50,0.7748587798171213,ABCA5;ABCB11;ABCG1;HDAC9;PLA2G10;TTC39B,0.9999999989852337
GO_BP_2025,up,Epidermis Development (GO:0008544),6,2300,50,0.7748587798171213,EDA2R;EVPL;OVOL2;POU2F3;STS;ZNF750,0.9999999989852337
GO_BP_2025,up,Regulation of Telomere Maintenance (GO:0032204),6,2300,50,0.7748587798171213,ARTN;ERCC4;NEK2;PNKP;POT1;UPF1,0.9999999989852337
GO_BP_2025,up,Transcription Preinitiation Complex Assembly (GO:0070897),6,2300,50,0.7748587798171213,MED18;MED22;MED24;MED25;MED31;TAF6,0.9999999989852337
GO_BP_2025,up,Monoatomic Cation Transmembrane Transport (GO:0098655),21,2300,161,0.7772984047803592,ASIC1;ATP12A;ATP2B4;ATP2C2;ATP6V1E1;ATP6V1F;ATP6V1H;CACNA1D;CCDC51;KCNE1;KCNH3;KCNJ16;PKD1;SLC12A4;SLC29A4;SLC4A8;SLC6A14;SLC6A6;SLC6A8;SLC9A3;UCP2,0.9999999989852337
GO_BP_2025,up,Protein Targeting to Mitochondrion (GO:0006626),7,2300,58,0.7802871206888073,AIFM1;FBXO7;MIPEP;MTCH2;MTX1;PAM16;TIMM17B,0.9999999989852337
GO_BP_2025,up,Mitochondrion Organization (GO:0007005),16,2300,125,0.7806758204552627,AFG1L;AIFM1;BCL2L1;CEP89;CHCHD3;COX7A2;MGME1;MTM1;MTX1;MTX3;NOA1;SIRT5;SPATA18;UCP2;USP30;WDR81,0.9999999989852337
GO_BP_2025,up,Peptidyl-Lysine Modification (GO:0018205),10,2300,81,0.784865109031505,EEF1AKMT1;HDAC9;LOX;LOXL3;NDUFAB1;NNAT;PIAS3;SIRT5;VIPAS39;ZMIZ2,0.9999999989852337
GO_BP_2025,up,Positive Regulation of Growth (GO:0045927),8,2300,66,0.7859974647018859,CIB1;DNPH1;HDGFL2;PSMD10;S100A8;SLC44A4;TGFB2;TRIM32,0.9999999989852337
GO_BP_2025,up,Negative Regulation of Type I Interferon Production (GO:0032480),4,2300,35,0.7864764682646621,DHX58;IL10;RBX1;TRAF3IP1,0.9999999989852337
GO_BP_2025,up,Positive Regulation of Lymphocyte Differentiation (GO:0045621),4,2300,35,0.7864764682646621,ARID1A;NCKAP1L;SPI1;SYK,0.9999999989852337
GO_BP_2025,up,Positive Regulation of Ossification (GO:0045778),4,2300,35,0.7864764682646621,ACVR2B;ALOX5;BMP7;WNT4,0.9999999989852337
GO_BP_2025,up,Proton Transmembrane Transport (GO:1902600),4,2300,35,0.7864764682646621,ATP6V1E1;ATP6V1F;ATP6V1H;UCP2,0.9999999989852337
GO_BP_2025,up,Regulation of Exocytosis (GO:0017157),4,2300,35,0.7864764682646621,C9ORF72;CPLANE2;RAB37;SYTL4,0.9999999989852337
GO_BP_2025,up,Ribosome Disassembly (GO:0032790),4,2300,35,0.7864764682646621,ANKZF1;EIF4E2;GFM2;KLHDC10,0.9999999989852337
GO_BP_2025,up,Stem Cell Differentiation (GO:0048863),4,2300,35,0.7864764682646621,HMGA2;METTL5;SOX21;TGFB2,0.9999999989852337
GO_BP_2025,up,Positive Regulation of Chromosome Organization (GO:2001252),5,2300,43,0.7879674811575259,ARTN;CDK1;NEK2;PNKP;POT1,0.9999999989852337
GO_BP_2025,up,Regulation of Cell Development (GO:0060284),5,2300,43,0.7879674811575259,HDAC9;HES2;HES6;HEY2;PRUNE1,0.9999999989852337
GO_BP_2025,up,Regulation of Epidermal Growth Factor Receptor Signaling Pathway (GO:0042058),5,2300,43,0.7879674811575259,ADRA2A;MVB12B;MVP;TSG101;WDR54,0.9999999989852337
GO_BP_2025,up,L-alpha-amino Acid Transmembrane Transport (GO:1902475),3,2300,27,0.7884302723343442,SLC38A9;SLC7A6;SLC7A7,0.9999999989852337
GO_BP_2025,up,Intracellular pH Reduction (GO:0051452),3,2300,27,0.7884302723343442,ATP6V1F;ATP6V1H;RAB20,0.9999999989852337
GO_BP_2025,up,Negative Regulation of Telomere Maintenance via Telomere Lengthening (GO:1904357),3,2300,27,0.7884302723343442,ERCC4;POT1;STN1,0.9999999989852337
GO_BP_2025,up,Positive Regulation of ATP-dependent Activity (GO:0032781),3,2300,27,0.7884302723343442,MSH3;PFN2;UHRF1,0.9999999989852337
GO_BP_2025,up,Regulation of Heart Rate by Cardiac Conduction (GO:0086091),3,2300,27,0.7884302723343442,CACNA1D;KCNE1;KCNE3,0.9999999989852337
GO_BP_2025,up,Regulation of Lamellipodium Assembly (GO:0010591),3,2300,27,0.7884302723343442,BRK1;PLCE1;RAC2,0.9999999989852337
GO_BP_2025,up,Regulation of Osteoclast Differentiation (GO:0045670),3,2300,27,0.7884302723343442,GPR137;TLR3;TMEM178A,0.9999999989852337
GO_BP_2025,up,Sterol Homeostasis (GO:0055092),6,2300,51,0.7911818716702318,ABCA5;ABCB11;ABCG1;HDAC9;PLA2G10;TTC39B,0.9999999989852337
GO_BP_2025,up,Intracellular Calcium Ion Homeostasis (GO:0006874),11,2300,89,0.7913437537245664,ATP13A1;ATP13A4;ATP13A5;ATP2B4;ATP2C2;CCL15;EDN2;KCTD17;NPTN;PACS2;TMEM178A,0.9999999989852337
GO_BP_2025,up,Positive Regulation of Response to Stimulus (GO:0048584),9,2300,74,0.7917980739979033,ACTR8;BRCA1;EYA4;PCNA;RUVBL1;RUVBL2;TFPT;TGFB2;WRAP53,0.9999999989852337
GO_BP_2025,up,Monoatomic Ion Transport (GO:0006811),7,2300,59,0.795307667159278,CTNS;SLC12A4;SLC15A1;SLC26A6;SLC5A5;SLC9A3;TMEM63C,0.9999999989852337
GO_BP_2025,up,Negative Regulation of Autophagy (GO:0010507),7,2300,59,0.795307667159278,BCL2L1;BMF;IL10;RASIP1;RRAGA;TBC1D14;ZKSCAN3,0.9999999989852337
GO_BP_2025,up,Positive Regulation of Interleukin-6 Production (GO:0032755),7,2300,59,0.795307667159278,AIF1;C1QTNF4;PLCG2;POU2AF1;SETD4;SYK;TLR3,0.9999999989852337
GO_BP_2025,up,Positive Regulation of Protein Modification Process (GO:0031401),10,2300,82,0.7975803213950824,ARRB1;C3;CAMKK2;CD4;CIB1;FAM161A;GPNMB;KNDC1;NPTN;RAMP1,0.9999999989852337
GO_BP_2025,up,Negative Regulation of DNA-binding Transcription Factor Activity (GO:0043433),12,2300,97,0.7976167069496561,ANXA4;ARRB1;ARRB2;BMP7;FOXJ1;IRAK3;NWD1;PLA2G10;PROX1;PSMD10;SPI1;TRIM37,0.9999999989852337
GO_BP_2025,up,Cellular Response to Hypoxia (GO:0071456),8,2300,67,0.7999188124532016,ADAM8;BAD;BMP7;CPEB1;EGLN2;EGLN3;HILPDA;PGK1,0.9999999989852337
GO_BP_2025,up,Lipid Metabolic Process (GO:0006629),23,2300,178,0.8000855630575955,ABCB11;ABHD11;ABHD15;ACBD5;ACD;ACOT4;ACP6;AGPAT1;AKR1C3;ALDH3B1;ALDH3B2;B4GALT4;BDH1;CPT1B;DHRS9;GPX4;LRP8;MBOAT2;PAFAH1B3;PITPNM1;PLB1;PLCB2;STARD3,0.9999999989852337
GO_BP_2025,up,Cytosolic Transport (GO:0016482),11,2300,90,0.8032811682440686,ANKFY1;AP2A1;AP4M1;BAIAP3;CLTC;CLTCL1;SORL1;TBC1D10C;VPS35;VPS52;WASHC2C,0.9999999989852337
GO_BP_2025,up,Insulin Receptor Signaling Pathway (GO:0008286),5,2300,44,0.8047638207586401,BAIAP2;IGF1;IRS1;PIGU;STXBP4,0.9999999989852337
GO_BP_2025,up,Mitophagy (GO:0000423),5,2300,44,0.8047638207586401,ATG9B;BECN1;CTSK;SPATA33;ULK2,0.9999999989852337
GO_BP_2025,up,Mitotic G2/M Transition Checkpoint (GO:0044818),5,2300,44,0.8047638207586401,ARTN;BRCA1;CDK1;DTL;PLK1,0.9999999989852337
GO_BP_2025,up,Monocarboxylic Acid Transport (GO:0015718),5,2300,44,0.8047638207586401,FABP7;SLC26A6;SLC27A3;SLC51A;SLC6A8,0.9999999989852337
GO_BP_2025,up,Positive Regulation of Blood Vessel Endothelial Cell Migration (GO:0043536),5,2300,44,0.8047638207586401,CIB1;HDAC9;MAPK14;PIGU;SRPX2,0.9999999989852337
GO_BP_2025,up,Positive Regulation of miRNA Metabolic Process (GO:2000630),5,2300,44,0.8047638207586401,FOXA1;IL10;MYB;SPI1;TGFB2,0.9999999989852337
GO_BP_2025,up,Positive Regulation of Cold-Induced Thermogenesis (GO:0120162),9,2300,75,0.8047750940396479,ADRB1;ALMS1;APPL2;BSCL2;IL13;MFAP2;PLAC8;SYK;UCP2,0.9999999989852337
GO_BP_2025,up,Protein Modification by Small Protein Removal (GO:0070646),9,2300,75,0.8047750940396479,CDK1;JOSD2;OTUB1;SENP8;USP18;USP19;USP2;USP30;USP49,0.9999999989852337
GO_BP_2025,up,DNA Damage Checkpoint Signaling (GO:0000077),4,2300,36,0.8049687117646752,E2F1;RRAD;STK33;TIPRL,0.9999999989852337
GO_BP_2025,up,Lysosome Organization (GO:0007040),4,2300,36,0.8049687117646752,ACD;ATP10B;VPS33A;ZKSCAN3,0.9999999989852337
GO_BP_2025,up,Neural Crest Cell Development (GO:0014032),4,2300,36,0.8049687117646752,CDH2;GDNF;PDCD6;SEMA4F,0.9999999989852337
GO_BP_2025,up,Regulation of Intracellular Protein Transport (GO:0033157),4,2300,36,0.8049687117646752,CEP290;FRAT2;FYCO1;IFI27,0.9999999989852337
GO_BP_2025,up,ERBB Signaling Pathway (GO:0038127),6,2300,52,0.8065823632042898,EFEMP1;FAM83A;MVP;PIGU;PLCE1;PTK2B,0.9999999989852337
GO_BP_2025,up,"Positive Regulation of DNA-templated Transcription, Elongation (GO:0032786)",6,2300,52,0.8065823632042898,MED18;MED22;MED24;MED25;MED31;ZMYND8,0.9999999989852337
GO_BP_2025,up,Regulation of Cell Cycle (GO:0051726),38,2300,287,0.8085670926986369,ACTR8;ANAPC10;ANKK1;ARTN;BMP7;BRCA1;CDC16;CDC20;CDC26;CDK5;CDT1;DLGAP5;DTL;FIGNL1;FOXM1;HMGA2;KAT14;MAP2K6;MECOM;OVOL2;PIM2;PKD1;PLK1;PPP1R9B;PROX1;RBM38;RIPOR2;RUVBL1;RUVBL2;TAF6;TFPT;TGFB2;TGM1;TP53INP1;TP73;TRIM32;TRNP1;USP51,0.9999999989852337
GO_BP_2025,up,Negative Regulation of G1/S Transition of Mitotic Cell Cycle (GO:2000134),3,2300,28,0.8090173439385244,CRLF3;E2F7;GPNMB,0.9999999989852337
GO_BP_2025,up,Phosphatidic Acid Biosynthetic Process (GO:0006654),3,2300,28,0.8090173439385244,ACP6;AGPAT1;LCLAT1,0.9999999989852337
GO_BP_2025,up,Rescue of Stalled Ribosome (GO:0072344),3,2300,28,0.8090173439385244,ANKZF1;EIF4E2;KLHDC10,0.9999999989852337
GO_BP_2025,up,Heart Development (GO:0007507),14,2300,113,0.8095296561708466,ALPK3;BMP7;DNAAF4;GPC3;HDAC9;IFT122;MEGF8;MESP1;PCSK5;PDLIM1;PKD1;STRA6;TGFB2;ZFPM1,0.9999999989852337
GO_BP_2025,up,Lymphocyte Differentiation (GO:0030098),7,2300,60,0.8095366978160804,BLNK;CD4;HDAC9;IL10;LY6D;LYL1;PLCG2,0.9999999989852337
GO_BP_2025,up,Cellular Response to Decreased Oxygen Levels (GO:0036294),8,2300,68,0.8131473518136941,ADAM8;BAD;BMP7;CPEB1;EGLN2;EGLN3;HILPDA;PGK1,0.9999999989852337
GO_BP_2025,up,Negative Regulation of Angiogenesis (GO:0016525),8,2300,68,0.8131473518136941,ALOX5;ATP2B4;GDNF;PGK1;PTPN6;STAB1;SULF1;TGFB2,0.9999999989852337
GO_BP_2025,up,MAPK Cascade (GO:0000165),13,2300,106,0.8143074089508374,ARHGEF6;CAMKK2;CDK1;MAP2K6;MAP3K19;MAP3K8;MAPK10;MAPK14;MOCOS;PBK;PPP5C;PTPN6;RBX1,0.9999999989852337
GO_BP_2025,up,Enzyme-Linked Receptor Protein Signaling Pathway (GO:0007167),11,2300,91,0.8147087840288808,ACVR2B;BDNF;BLNK;CD4;CLNK;HCK;LTK;MTSS1;NTRK2;PTPRU;SH2D6,0.9999999989852337
GO_BP_2025,up,Transforming Growth Factor Beta Receptor Superfamily Signaling Pathway (GO:0141091),11,2300,91,0.8147087840288808,ACVR2B;APPL2;ARRB2;BMP7;DUSP22;GDF15;INHBB;MEGF8;PXDN;TGFB2;ZMIZ2,0.9999999989852337
GO_BP_2025,up,Negative Regulation of Wnt Signaling Pathway (GO:0030178),14,2300,114,0.8196004893987906,ANKRD6;CBY1;CCDC88C;FUZ;IGFBP2;MDFI;MESP1;NPHP4;PTPRU;RBX1;RUVBL2;SHISA6;SIAH2;TBX18,0.9999999989852337
GO_BP_2025,up,Epidermal Growth Factor Receptor Signaling Pathway (GO:0007173),5,2300,45,0.8204865731444216,EFEMP1;FAM83A;PIGU;PLCE1;PTK2B,0.9999999989852337
GO_BP_2025,up,Plasma Membrane Bounded Cell Projection Morphogenesis (GO:0120039),5,2300,45,0.8204865731444216,BDNF;BMP7;NCKAP1L;PLXNB1;SRGAP2,0.9999999989852337
GO_BP_2025,up,Protein Localization to Chromosome (GO:0034502),5,2300,45,0.8204865731444216,ARTN;PLK1;SPNS1;XRCC4;ZMYND8,0.9999999989852337
GO_BP_2025,up,ERAD Pathway (GO:0036503),10,2300,84,0.8213340771078673,ANKZF1;DERL3;FBXO2;RHBDD2;RNF139;TMEM67;TRIM13;UBQLN2;UBXN10;USP19,0.9999999989852337
GO_BP_2025,up,Cellular Response to Ketone (GO:1901655),4,2300,37,0.8221361609424758,AKR1C3;PTGER2;SLC5A5;TRERF1,0.9999999989852337
GO_BP_2025,up,Regulation of Epithelial Cell Migration (GO:0010632),4,2300,37,0.8221361609424758,PFN2;PLCG2;RAB11A;TGFB2,0.9999999989852337
GO_BP_2025,up,Regulation of Release of Sequestered Calcium Ion Into Cytosol (GO:0051279),4,2300,37,0.8221361609424758,CALM3;CD19;PTK2B;SRI,0.9999999989852337
GO_BP_2025,up,Axonogenesis (GO:0007409),18,2300,144,0.8223417228338209,B4GALT5;BAIAP2;BDNF;C9ORF72;CDK5;DAG1;EFNB3;EPHA4;IGSF9;LYPLA2;NPTN;NRXN3;OTX2;PLA2G10;PTPRH;PTPRU;SEMA4F;ULK2,0.9999999989852337
GO_BP_2025,up,Positive Regulation of Secretion by Cell (GO:1903532),7,2300,61,0.8229903842609478,ADAM8;BAIAP3;GPNMB;IGF1;PLA2G10;SYTL4;TGFB2,0.9999999989852337
GO_BP_2025,up,Regulation of Fat Cell Differentiation (GO:0045598),7,2300,61,0.8229903842609478,ALOX5;ANKRD26;BBS12;CARM1;E2F1;TRIB2;ZNF385A,0.9999999989852337
GO_BP_2025,up,Regulation of Protein Ubiquitination (GO:0031396),13,2300,107,0.8245061647438714,ARRB1;ARRB2;BAG2;CENPS-CORT;CEP78;FANCI;HSPBP1;NDFIP2;PRMT3;PSMD10;SVBP;TSPYL5;UBE2L3,0.9999999989852337
GO_BP_2025,up,Regulation of Protein-Containing Complex Assembly (GO:0043254),13,2300,107,0.8245061647438714,BMF;BRK1;GSN;HCK;HJURP;KIF9;SORL1;SYK;TRAF3IP1;UBLCP1;VPS11;VPS33A;VPS41,0.9999999989852337
GO_BP_2025,up,Protein Glycosylation (GO:0006486),15,2300,122,0.8247378910494665,B3GALT6;B3GNT2;B4GALT5;COG7;FUT3;GALNT12;GALNT14;GALNT18;LARGE1;MGAT4B;MGAT5;PMM1;ST3GAL2;TRAK1;TUSC3,0.9999999989852337
GO_BP_2025,up,Protein Processing (GO:0016485),11,2300,92,0.8256332415802973,CASP2;F12;FAM111A;PCSK4;PCSK5;PHEX;PIDD1;PRSS3;PSEN2;PSENEN;TMPRSS4,0.9999999989852337
GO_BP_2025,up,tRNA Modification (GO:0006400),8,2300,69,0.825695888485111,B3GNTL1;DTWD2;DUS2;GON7;OSGEPL1;PUSL1;TRMT12;TRMT61B,0.9999999989852337
GO_BP_2025,up,Proteasome-Mediated Ubiquitin-Dependent Protein Catabolic Process (GO:0043161),38,2300,290,0.8277082310342687,ANAPC10;ARRB1;ARRB2;ASB9;CDC16;CDC20;CDC20B;CDC26;DTL;DTX4;FBXL13;FBXL14;FBXL7;FBXO2;FBXO38;FBXO7;GID8;IFI27;KCTD17;KLHDC10;KLHDC3;KLHL5;KLHL6;PSMA4;PSMA5;PSMB5;PSMB9;RBX1;RNF139;SEM1;SIAH2;SPSB2;TRIM13;TRIM3;UBE2C;UBE3D;UBXN11;ZNRF1,0.9999999989852337
GO_BP_2025,up,Blood Vessel Diameter Maintenance (GO:0097746),3,2300,29,0.8278847945163372,EDN2;GCLC;PIGU,0.9999999989852337
GO_BP_2025,up,Cellular Response to Retinoic Acid (GO:0071300),3,2300,29,0.8278847945163372,LTK;PTK2B;WNT7B,0.9999999989852337
GO_BP_2025,up,Ceramide Biosynthetic Process (GO:0046513),3,2300,29,0.8278847945163372,B4GALT4;CERS6;SMPD2,0.9999999989852337
GO_BP_2025,up,Chromosome Organization (GO:0051276),3,2300,29,0.8278847945163372,MSH3;NUF2;NUP133,0.9999999989852337
GO_BP_2025,up,Membrane Assembly (GO:0071709),3,2300,29,0.8278847945163372,CHMP5;DMKN;EMP2,0.9999999989852337
GO_BP_2025,up,Negative Regulation of DNA Recombination (GO:0045910),3,2300,29,0.8278847945163372,MSH3;PLK1;RMI2,0.9999999989852337
GO_BP_2025,up,Negative Regulation of Endothelial Cell Proliferation (GO:0001937),3,2300,29,0.8278847945163372,ALOX5;ATP5IF1;SULF1,0.9999999989852337
GO_BP_2025,up,Negative Regulation of Smooth Muscle Cell Proliferation (GO:0048662),3,2300,29,0.8278847945163372,AIF1;IGFBP5;IL10,0.9999999989852337
GO_BP_2025,up,Positive Regulation of Immune System Process (GO:0002684),3,2300,29,0.8278847945163372,NCKAP1L;TGFB2;TNFRSF18,0.9999999989852337
GO_BP_2025,up,Regulation of G0 to G1 Transition (GO:0070316),3,2300,29,0.8278847945163372,ARID1A;BCL7A;RRM2B,0.9999999989852337
GO_BP_2025,up,Regulation of Gluconeogenesis (GO:0006111),3,2300,29,0.8278847945163372,C1QTNF3;PGP;TELO2,0.9999999989852337
GO_BP_2025,up,Regulation of Potassium Ion Transmembrane Transport (GO:1901379),3,2300,29,0.8278847945163372,CACNA1D;KCNAB2;KCNE1,0.9999999989852337
GO_BP_2025,up,Striated Muscle Contraction (GO:0006941),3,2300,29,0.8278847945163372,CCDC78;TNNC2;TNNI2,0.9999999989852337
GO_BP_2025,up,Toll-Like Receptor Signaling Pathway (GO:0002224),3,2300,29,0.8278847945163372,IRAK3;PLCG2;TLR3,0.9999999989852337
GO_BP_2025,up,Protein Stabilization (GO:0050821),24,2300,189,0.8298195414686071,BAG2;COG7;CPNE2;EPHA4;GAPDH;IFT46;IGF1;MAPK8IP3;P3H1;PEX19;PEX6;PFN2;PIH1D2;PIM2;RUVBL1;RUVBL2;STXBP4;SWSAP1;TELO2;TRIM37;TSPAN1;USP19;USP2;WDR81,0.9999999989852337
GO_BP_2025,up,Positive Regulation of DNA-binding Transcription Factor Activity (GO:0051091),18,2300,145,0.830933185391688,CAMK1D;CIB1;FANK1;FOXA1;GDNF;IL10;IL18R1;PLCG2;RIPK4;RNF220;RTKN2;S100A8;TRIM13;TRIM14;TRIM31;TRIM32;TRIM37;TRIM62,0.9999999989852337
GO_BP_2025,up,Negative Regulation of Cellular Response to Growth Factor Stimulus (GO:0090288),5,2300,46,0.8351715591290669,ATP2B4;PDCD6;SORL1;SULF1;TMEM53,0.9999999989852337
GO_BP_2025,up,Regulation of T Cell Activation (GO:0050863),5,2300,46,0.8351715591290669,CD4;FBXO38;FCHO1;GPNMB;SPNS1,0.9999999989852337
GO_BP_2025,up,Regulation of mRNA Catabolic Process (GO:0061013),5,2300,46,0.8351715591290669,CAPRIN1;CARHSP1;RBM24;TTC5;UPF1,0.9999999989852337
GO_BP_2025,up,Aerobic Electron Transport Chain (GO:0019646),7,2300,62,0.8356877023295849,COX5A;COX6A1;COX7A2;NDUFA8;NDUFAB1;NDUFB5;SDHA,0.9999999989852337
GO_BP_2025,up,Negative Regulation of Growth (GO:0045926),11,2300,93,0.8360625804380059,BRCA1;BST2;CRLF3;NAIF1;NDRG3;NME6;PPP1R9B;PSRC1;TCHP;TGFB2;TMPRSS4,0.9999999989852337
GO_BP_2025,up,Regulation of Actin Cytoskeleton Organization (GO:0032956),11,2300,93,0.8360625804380059,ARAP1;ARHGEF16;BAIAP2;BST2;C9ORF72;CAPN10;HCK;MYO3A;PTK2B;RAC2;RHOBTB1,0.9999999989852337
GO_BP_2025,up,Regulation of Osteoblast Differentiation (GO:0045667),8,2300,70,0.837579478236219,ACVR2B;BMP7;IGF1;NBR1;PRMT3;TMEM53;WNT4;WNT7B,0.9999999989852337
GO_BP_2025,up,COPII-coated Vesicle Budding (GO:0090114),4,2300,38,0.8380344814557211,PDCD6;SCAP;SEC31B;TRAPPC12,0.9999999989852337
GO_BP_2025,up,Lysosome Localization (GO:0032418),4,2300,38,0.8380344814557211,MAP6;RAB34;SYTL4;VPS33A,0.9999999989852337
GO_BP_2025,up,Positive Regulation of DNA Biosynthetic Process (GO:2000573),4,2300,38,0.8380344814557211,PCNA;POT1;RFC5;WRAP53,0.9999999989852337
GO_BP_2025,up,Regulation of Cold-Induced Thermogenesis (GO:0120161),14,2300,116,0.8385513626327601,ACOT13;ACVR2B;ADRB1;ALMS1;APPL2;BSCL2;IL13;IL18R1;MAP2K6;MFAP2;PCTP;PLAC8;SYK;UCP2,0.9999999989852337
GO_BP_2025,up,Cell Surface Receptor Protein Tyrosine Kinase Signaling Pathway (GO:0007169),30,2300,234,0.8387618881439804,ANKS1A;ARTN;BAIAP2;BDNF;BLNK;CD4;CHURC1;CLNK;EFNB3;EPHA4;FIBP;GDNF;GFRA3;HCK;IGF1;IRS1;LTK;MAPK14;MTSS1;MVP;NFATC4;NTRK2;PIGU;PTK2B;PXDN;RGS14;SH2D6;STXBP4;SULF1;SYNGAP1,0.9999999989852337
GO_BP_2025,up,Supramolecular Fiber Organization (GO:0097435),30,2300,234,0.8387618881439804,ARAP1;BASP1;CCDC13;CCDC88C;CEP126;CIB1;EMP2;FYCO1;GSN;KATNAL2;LOX;LOXL3;MTM1;MYO15A;MYO1F;P4HA1;POF1B;PPP1R9B;PXDN;RAC2;RHOBTB1;SIAH2;STMN3;TAGLN3;TBCB;TGFB2;TMPRSS4;TPPP3;TUBGCP2;WDR73,0.9999999989852337
GO_BP_2025,up,Positive Regulation of Establishment of Protein Localization (GO:1904951),3,2300,30,0.8451303221061898,CEP120;CIB1;WRAP53,0.9999999989852337
GO_BP_2025,up,Positive Regulation of Production of Molecular Mediator of Immune Response (GO:0002702),3,2300,30,0.8451303221061898,IL10;IL13;IL13RA1,0.9999999989852337
GO_BP_2025,up,Regulation of Receptor-Mediated Endocytosis (GO:0048259),3,2300,30,0.8451303221061898,ARAP1;C3;SMAP1,0.9999999989852337
GO_BP_2025,up,Vesicle Coating (GO:0006901),3,2300,30,0.8451303221061898,PDCD6;TRAPPC12;TRAPPC9,0.9999999989852337
GO_BP_2025,up,Visual System Development (GO:0150063),3,2300,30,0.8451303221061898,C1QA;C3;TGFB2,0.9999999989852337
GO_BP_2025,up,Regulation of Response to External Stimulus (GO:0032101),11,2300,94,0.8460060877988749,ALOX5;APPL2;DHX58;HCK;LRP8;PTGES;RNF135;SAMHD1;TKFC;TNNC1;USP18,0.9999999989852337
GO_BP_2025,up,Regulation of T Cell Proliferation (GO:0042129),6,2300,55,0.8474819800584732,GPNMB;IL10;NCKAP1L;PPP1R9B;RIPOR2;TNFRSF13C,0.9999999989852337
GO_BP_2025,up,Vesicle Organization (GO:0016050),6,2300,55,0.8474819800584732,LAPTM4B;PLEKHF1;RNF26;SNX33;TRAPPC9;VPS11,0.9999999989852337
GO_BP_2025,up,Calcium-Mediated Signaling (GO:0019722),7,2300,63,0.8476499907069964,CALM3;CAMKK2;CNOT6;PLCE1;PLCG2;PPP1R9B;SPNS1,0.9999999989852337
GO_BP_2025,up,Mitochondrial ATP Synthesis Coupled Electron Transport (GO:0042775),7,2300,63,0.8476499907069964,COX5A;COX6A1;COX7A2;NDUFA8;NDUFAB1;NDUFB5;SDHA,0.9999999989852337
GO_BP_2025,up,+ Reg of Transmembrane Receptor Prot Serine/Threonine Kinase Sgnlng Pway (GO:0090100),7,2300,63,0.8476499907069964,ACVR2B;BMP7;GIPC1;NUP93;SULF1;TGFB2;TTK,0.9999999989852337
GO_BP_2025,up,Endoplasmic Reticulum Organization (GO:0007029),5,2300,47,0.848858091946239,REEP1;REEP2;REEP4;SEC31B;STX18,0.9999999989852337
GO_BP_2025,up,Negative Regulation of Phosphorylation (GO:0042326),5,2300,47,0.848858091946239,C9ORF72;CIB1;DYNLL1;FBLN1;TRAF3IP1,0.9999999989852337
GO_BP_2025,up,Protein Ubiquitination (GO:0016567),44,2300,337,0.8498765806212968,ARRB1;ARRB2;ASB9;BRCA1;CDC16;CUL9;DCAF15;DDB2;DET1;DTL;DTX2;DTX3;DTX4;DZIP3;EIPR1;FBXL7;FBXO2;FBXO7;HERC6;KLHL13;NEURL1;PLK1;RBX1;RFWD3;RNF135;RNF139;RNF183;RNF220;RNF26;SPSB2;TRAIP;TRIM13;TRIM3;TRIM32;TRIM37;TRIM56;UBAC1;UBE2C;UBE2L3;UBE2T;UBE2V2;UBE3D;UHRF1;VPS11,0.9999999989852337
GO_BP_2025,up,Cell Surface Receptor Signaling Pathway via STAT (GO:0097696),4,2300,39,0.8527232211741571,CTF1;IGF1;NMI;PKD1,0.9999999989852337
GO_BP_2025,up,Negative Regulation of Protein Localization (GO:1903828),4,2300,39,0.8527232211741571,LZTFL1;RIPOR2;SNX33;SPI1,0.9999999989852337
GO_BP_2025,up,Nuclear Receptor-Mediated Steroid Hormone Signaling Pathway (GO:0030518),4,2300,39,0.8527232211741571,EGLN2;SCGB2A1;TRERF1;ZDHHC7,0.9999999989852337
GO_BP_2025,up,Positive Regulation of Cell-Matrix Adhesion (GO:0001954),4,2300,39,0.8527232211741571,CEACAM6;CIB1;EMP2;PTK2B,0.9999999989852337
GO_BP_2025,up,"Retrograde Transport, Endosome to Golgi (GO:0042147)",10,2300,87,0.8529086115684392,ANKFY1;BAIAP3;CLTC;CLTCL1;SORL1;TBC1D10C;TBC1D14;VPS35;VPS52;WASHC2C,0.9999999989852337
GO_BP_2025,up,Inorganic Cation Transmembrane Transport (GO:0098662),20,2300,163,0.8554166031656938,ASIC1;ATP12A;ATP2B4;ATP2C2;ATP6V1E1;ATP6V1F;ATP6V1H;CACNA1D;CCDC51;KCNE1;KCNH3;KCNJ16;PKD1;SLC12A4;SLC4A8;SLC6A14;SLC6A6;SLC6A8;SLC9A3;UCP2,0.9999999989852337
GO_BP_2025,up,Protein Modification Process (GO:0036211),63,2300,474,0.8558417020103728,ALPK3;B4GALT5;BMX;CAMKK2;CCNA2;CHST4;COG7;CSK;CSTA;DYRK1B;EGLN3;EVPL;F13A1;FBXO2;HCK;ICMT;IRAK3;JMJD4;LARGE1;LIMK2;LOX;LTK;MAP3K8;MAPK10;MAST2;MATK;MGAT4B;MMP15;MOK;MTM1;NAA80;NEK10;NEK11;NEK2;NEK4;NUAK1;NUAK2;P3H1;PARP4;PHEX;PIM2;PLK1;PLK4;PPP4R1;PPP5C;PTK2B;PTPN6;PTPN9;PTPRH;PTPRN2;PTPRU;RABGGTA;RBX1;SENP8;ST3GAL2;STK36;SYK;TELO2;TGM1;TPST1;TRIB2;UBE2L3;VRK1,0.9999999989852337
GO_BP_2025,up,Negative Regulation of Programmed Cell Death (GO:0043069),42,2300,324,0.8570972977182956,ANXA4;AZU1;BAD;BCL2L1;BECN1;CASP2;CD38;CDK1;CEACAM5;CERKL;CIB1;DPP8;DSTYK;FANK1;FIGNL1;GCLC;GDNF;GPX4;GSTP1;HCK;HMGA2;IGF1;IL10;LTK;MAPK8IP3;MECOM;MGMT;NCKAP1L;NQO1;NUAK2;PIDD1;PIM2;PLK1;PRDX5;PSMD10;PTK2B;SIAH2;SIX4;STIL;SYNGAP1;WDR73;XPNPEP1,0.9999999989852337
GO_BP_2025,up,mRNA Export From Nucleus (GO:0006406),6,2300,56,0.8594409811434018,DDX19B;NUP133;NUP93;SMG7;THOC5;UPF1,0.9999999989852337
GO_BP_2025,up,Negative Regulation of Canonical NF-kappaB Signal Transduction (GO:0043124),6,2300,56,0.8594409811434018,ARRB2;GSTP1;IRAK3;NLRX1;PER1;TSPAN6,0.9999999989852337
GO_BP_2025,up,Action Potential (GO:0001508),3,2300,31,0.8608543500189614,GNA14;KCNE1;KCNE3,0.9999999989852337
GO_BP_2025,up,Establishment or Maintenance of Epithelial Cell Apical/Basal Polarity (GO:0045197),3,2300,31,0.8608543500189614,LLGL2;PDCD6IP;SYNE4,0.9999999989852337
GO_BP_2025,up,Negative Regulation of Cell Cycle G1/S Phase Transition (GO:1902807),3,2300,31,0.8608543500189614,CRLF3;E2F7;GPNMB,0.9999999989852337
GO_BP_2025,up,Negative Regulation of Cellular Response to Insulin Stimulus (GO:1900077),3,2300,31,0.8608543500189614,APPL2;IRS1;RBX1,0.9999999989852337
GO_BP_2025,up,Oligosaccharide Metabolic Process (GO:0009311),3,2300,31,0.8608543500189614,FUT3;NAGA;ST3GAL2,0.9999999989852337
GO_BP_2025,up,"Regulation of DNA Damage Response, Signal Transduction by P53 Class Mediator (GO:0043516)",3,2300,31,0.8608543500189614,PSMD10;SMYD2;ZNF385A,0.9999999989852337
GO_BP_2025,up,Regulation of p38MAPK Cascade (GO:1900744),3,2300,31,0.8608543500189614,PER1;SPI1;ULK4,0.9999999989852337
GO_BP_2025,up,Cell Junction Organization (GO:0034330),5,2300,48,0.8615881173748811,C1QA;CLDN3;TGFB2;TJP3;WNT7B,0.9999999989852337
GO_BP_2025,up,Negative Regulation of Cell Growth (GO:0030308),11,2300,96,0.864478118774945,BRCA1;BST2;CRLF3;NAIF1;NDRG3;NME6;PPP1R9B;PSRC1;TCHP;TGFB2;ULK2,0.9999999989852337
GO_BP_2025,up,Eye Development (GO:0001654),4,2300,40,0.8662644924873525,CEP290;EFEMP1;STRA6;TGFB2,0.9999999989852337
GO_BP_2025,up,Negative Regulation of Protein Serine/Threonine Kinase Activity (GO:0071901),4,2300,40,0.8662644924873525,GSTP1;IRAK3;RASIP1;RGS14,0.9999999989852337
GO_BP_2025,up,Positive Regulation of Transport (GO:0051050),4,2300,40,0.8662644924873525,BOK;CAPN10;DOC2B;GPC3,0.9999999989852337
GO_BP_2025,up,Regulation of Cellular Component Size (GO:0032535),4,2300,40,0.8662644924873525,DNAJC16;MYO3A;PEX11G;RAB3B,0.9999999989852337
GO_BP_2025,up,Regulation of Receptor Signaling Pathway via JAK-STAT (GO:0046425),4,2300,40,0.8662644924873525,CRLF3;IL10;OCIAD2;PIGU,0.9999999989852337
GO_BP_2025,up,Skeletal System Development (GO:0001501),12,2300,104,0.8667963318665197,BMP7;IGF1;MRPL13;P3H1;PCSK5;PHEX;PKD1;PRDX1;SGPP2;SPEF2;SULF1;TGFB2,0.9999999989852337
GO_BP_2025,up,Negative Regulation of Signal Transduction (GO:0009968),27,2300,217,0.8693475434682,ACVR1;ARRB1;BDNF;CBY1;GDF15;GPC3;HEY2;HIF1AN;IFT122;IGFBP5;IL10;IRAK3;IRS1;MAZ;MDFI;MEGF8;NEURL1;OVOL2;PDCD6;PTPN6;RBX1;RGS14;RITA1;RPGRIP1L;SIGIRR;SULF1;TRIM32,0.9999999989852337
GO_BP_2025,up,Sphingolipid Biosynthetic Process (GO:0030148),7,2300,65,0.8694641949149298,ABCC1;AGK;CERS6;HACD4;LARGE1;SMPD2;ST3GAL2,0.9999999989852337
GO_BP_2025,up,Vascular Transport (GO:0010232),7,2300,65,0.8694641949149298,ABCC1;ATP2B4;SLC13A3;SLC29A4;SLC4A8;SLC5A5;SLC6A6,0.9999999989852337
GO_BP_2025,up,Regulation of Phosphatidylinositol 3-Kinase/Protein Kinase B Signal Transduction (GO:0051896),22,2300,180,0.8696452114893166,AKR1C3;ARRB2;BECN1;CD19;CIB1;DAG1;GDF15;IGF1;IRS1;LTK;MAZ;MYORG;NTRK2;PDCD6;PIGU;PIK3R5;PLXNB1;PTK2B;PTPN6;TGFB2;TSPYL5;USP49,0.9999999989852337
GO_BP_2025,up,Positive Regulation of Phosphorylation (GO:0042327),9,2300,81,0.8701363978809163,ARRB1;C3;CAMKK2;CD4;CIB1;DSTYK;GPNMB;KNDC1;NPTN,0.9999999989852337
GO_BP_2025,up,Myeloid Leukocyte Differentiation (GO:0002573),6,2300,57,0.8706149603615595,CD4;MAPK14;PIR;SPI1;THOC5;UCP2,0.9999999989852337
GO_BP_2025,up,Regulation of miRNA Transcription (GO:1902893),6,2300,57,0.8706149603615595,FOXA1;IL10;MYB;NFATC4;SPI1;TGFB2,0.9999999989852337
GO_BP_2025,up,Regulation of Macroautophagy (GO:0016241),11,2300,97,0.8730301598223655,ATP6V1E1;ATP6V1H;BECN1;C9ORF72;CAPNS1;CDK5;GAPDH;TRIM13;UBQLN2;VPS35;WDR24,0.9999999989852337
GO_BP_2025,up,RNA Methylation (GO:0001510),5,2300,49,0.8734054461224695,HENMT1;METTL5;NSUN3;TRMT12;TRMT61B,0.9999999989852337
GO_BP_2025,up,Intrinsic Apoptotic Signaling Pathway (GO:0097193),12,2300,105,0.8749405697416685,AIFM1;BAD;BCL2L1;BOK;BRCA1;CASP2;CIDEB;E2F1;IFI27;PRODH;TMEM117;TP73,0.9999999989852337
GO_BP_2025,up,Cardiac Conduction (GO:0061337),3,2300,32,0.8751579931425139,CACNA1D;KCNE1;KCNE3,0.9999999989852337
GO_BP_2025,up,Positive Regulation of Leukocyte Mediated Cytotoxicity (GO:0001912),3,2300,32,0.8751579931425139,RAET1E;RAET1G;SPI1,0.9999999989852337
GO_BP_2025,up,Positive Regulation of Myeloid Cell Differentiation (GO:0045639),3,2300,32,0.8751579931425139,ANKRD54;MAPK14;NCKAP1L,0.9999999989852337
GO_BP_2025,up,Positive Regulation of Receptor-Mediated Endocytosis (GO:0048260),3,2300,32,0.8751579931425139,ARRB1;ARRB2;C3,0.9999999989852337
GO_BP_2025,up,Regulation of Cellular Component Biogenesis (GO:0044087),3,2300,32,0.8751579931425139,HJURP;SNCAIP;VPS11,0.9999999989852337
GO_BP_2025,up,Regulation of Chemokine Production (GO:0032642),3,2300,32,0.8751579931425139,AIF1;SIGIRR;TLR3,0.9999999989852337
GO_BP_2025,up,Tumor Necrosis Factor-Mediated Signaling Pathway (GO:0033209),3,2300,32,0.8751579931425139,PTK2B;RRAGA;TXNDC17,0.9999999989852337
GO_BP_2025,up,Ceramide Metabolic Process (GO:0006672),4,2300,41,0.8787218396557643,AGK;CERS6;FUT3;SMPD2,0.9999999989852337
GO_BP_2025,up,Positive Regulation of Cell Junction Assembly (GO:1901890),4,2300,41,0.8787218396557643,BDNF;NPHP1;NPHP4;SRPX2,0.9999999989852337
GO_BP_2025,up,Regulation of Cell-Substrate Adhesion (GO:0010810),4,2300,41,0.8787218396557643,EMP2;PTPRU;RAC2;WASHC2C,0.9999999989852337
GO_BP_2025,up,Regulation of Metabolic Process (GO:0019222),4,2300,41,0.8787218396557643,BCO2;CXXC5;FOXM1;RAC2,0.9999999989852337
GO_BP_2025,up,Water-Soluble Vitamin Metabolic Process (GO:0006767),4,2300,41,0.8787218396557643,AMN;DHFR;SLC19A2;VNN2,0.9999999989852337
GO_BP_2025,up,Negative Regulation of Protein Phosphorylation (GO:0001933),8,2300,74,0.8788267716687823,C9ORF72;CIB1;DUSP19;FBLN1;GSTP1;MVP;TRAF3IP1;TRIB2,0.9999999989852337
GO_BP_2025,up,Positive Regulation of Ubiquitin-Dependent Protein Catabolic Process (GO:2000060),9,2300,82,0.8790816675846493,BAG2;DET1;HSPBP1;PLK1;PSMD10;RBX1;RNF139;TRIB2;ZYG11B,0.9999999989852337
GO_BP_2025,up,Regulation of Protein Localization (GO:0032880),9,2300,82,0.8790816675846493,BDNF;BORA;CEP290;CEP72;GPC3;KCNAB2;RAB11A;TMEM231;ZDHHC7,0.9999999989852337
GO_BP_2025,up,Brain Development (GO:0007420),14,2300,121,0.8792832993619486,BBS2;BBS4;CTNS;EML1;FOXJ1;KDM4B;PHF8;PITPNM1;PLXNB2;PROX1;SOX21;SPEF2;TUBGCP2;UFC1,0.9999999989852337
GO_BP_2025,up,Cellular Response to UV (GO:0034644),7,2300,66,0.8793670273130877,BMF;DDB2;ERCC4;MAPK14;PCNA;RBX1;RUVBL2,0.9999999989852337
GO_BP_2025,up,Dephosphorylation (GO:0016311),10,2300,90,0.879906076705114,DUSP18;MTM1;NT5C;PPP5C;PTPN6;PTPN9;PTPRH;PTPRN2;PTPRU;SGPP2,0.9999999989852337
GO_BP_2025,up,Positive Regulation of Defense Response (GO:0031349),10,2300,90,0.879906076705114,ADAM8;EMILIN2;GSDMD;MAP3K8;NMI;S100A8;SETD4;SH2D1B;TLR3;TRIM56,0.9999999989852337
GO_BP_2025,up,Positive Regulation of Proteasomal Protein Catabolic Process (GO:1901800),10,2300,90,0.879906076705114,BAG2;DET1;HSPBP1;PLK1;PSMD10;RBX1;TMTC3;TRIB2;UBQLN2;ZYG11B,0.9999999989852337
GO_BP_2025,up,B Cell Activation (GO:0042113),6,2300,58,0.8810374034007233,BLNK;C3;HDAC9;IL10;LYL1;PLCG2,0.9999999989852337
GO_BP_2025,up,Pattern Recognition Receptor Signaling Pathway (GO:0002221),5,2300,50,0.8843550757119527,BECN1;DHX58;PLCG2;SYK;TLR3,0.9999999989852337
GO_BP_2025,up,Regulation of DNA Repair (GO:0006282),14,2300,122,0.8863540004394928,ACTR8;ARID1A;BCL7A;BRCA1;EYA4;PCNA;PPP4C;RUVBL1;RUVBL2;SUPT20H;TAF6;TFPT;UBE2V2;WRAP53,0.9999999989852337
GO_BP_2025,up,Regulation of Protein Phosphorylation (GO:0001932),14,2300,122,0.8863540004394928,ARRB1;C3;C9ORF72;CAMKK2;CD4;CIB1;ECT2;FBLN1;GPNMB;KNDC1;NPTN;PLXNB2;ROPN1L;TRAF3IP1,0.9999999989852337
GO_BP_2025,up,BMP Signaling Pathway (GO:0030509),3,2300,33,0.8881414284734519,ACVR2B;BMP7;MEGF8,0.9999999989852337
GO_BP_2025,up,Homotypic Cell-Cell Adhesion (GO:0034109),3,2300,33,0.8881414284734519,CEACAM5;FIBP;MIPEP,0.9999999989852337
GO_BP_2025,up,Peptidyl-Threonine Phosphorylation (GO:0018107),3,2300,33,0.8881414284734519,CDK1;CDK5;GDNF,0.9999999989852337
GO_BP_2025,up,Regulation of Ossification (GO:0030278),3,2300,33,0.8881414284734519,ACVR2B;NBR1;TMEM53,0.9999999989852337
GO_BP_2025,up,Glucose Homeostasis (GO:0042593),7,2300,67,0.8886359857134077,ADRA2A;ALOX5;APPL2;BAD;CYB5R4;IRS1;OAS1,0.9999999989852337
GO_BP_2025,up,Regulation of Stress Fiber Assembly (GO:0051492),7,2300,67,0.8886359857134077,ALMS1;ARAP1;ARHGAP28;ARHGEF10L;PFN2;PXDN;RHPN1,0.9999999989852337
GO_BP_2025,up,Transport Across Blood-Brain Barrier (GO:0150104),7,2300,67,0.8886359857134077,ABCC1;ATP2B4;SLC13A3;SLC29A4;SLC4A8;SLC5A5;SLC6A6,0.9999999989852337
GO_BP_2025,up,Positive Regulation of Wnt Signaling Pathway (GO:0030177),11,2300,99,0.8888304950121473,CSNK1G1;FAM53B;GID8;GPC3;LBX2;LYPD6;PRDM15;RNF220;RUVBL1;SPNS1;SULF1,0.9999999989852337
GO_BP_2025,up,Phosphorylation (GO:0016310),33,2300,265,0.8892606003779173,ALPK3;BMX;CAMKK2;CDK5;CSK;DYRK1B;HCK;IRAK3;LIMK2;LTK;MAP3K8;MAPK10;MAST2;MATK;MOK;NADK;NEK10;NEK11;NEK2;NEK4;NUAK1;NUAK2;PIM2;PLK1;PLK4;PPP4R1;PTK2B;STK36;SYK;TELO2;TKFC;TRIB2;VRK1,0.9999999989852337
GO_BP_2025,up,DNA Integrity Checkpoint Signaling (GO:0031570),4,2300,42,0.890159277597422,CDT1;E2F1;RRAD;TIPRL,0.9999999989852337
GO_BP_2025,up,Glucose Metabolic Process (GO:0006006),4,2300,42,0.890159277597422,ENO2;OAS1;PGK1;TPI1,0.9999999989852337
GO_BP_2025,up,Organelle Disassembly (GO:1903008),4,2300,42,0.890159277597422,CDK1;GFM2;KIF9;VRK1,0.9999999989852337
GO_BP_2025,up,Regulation of Intracellular Transport (GO:0032386),4,2300,42,0.890159277597422,CAPN10;RAB11A;RNF139;TMEM53,0.9999999989852337
GO_BP_2025,up,DNA-templated Transcription Initiation (GO:0006352),6,2300,59,0.8907426565601322,ERCC3;GTF2E2;MAZ;NAT14;POLR2I;TAF6,0.9999999989852337
GO_BP_2025,up,Protein-Containing Complex Disassembly (GO:0032984),6,2300,59,0.8907426565601322,BECN1;CHMP5;SNAP29;TSG101;VIPAS39;VPS33A,0.9999999989852337
GO_BP_2025,up,Regulation of Cytoskeleton Organization (GO:0051493),14,2300,123,0.8930873269395306,ARAP1;ARHGEF16;BAIAP2;BST2;CAPN10;HCK;MAP6;PLXNB1;PTK2B;RAC2;RHOBTB1;S100A8;STMN3;TRAF3IP1,0.9999999989852337
GO_BP_2025,up,Phosphatidylinositol Biosynthetic Process (GO:0006661),9,2300,84,0.895457632095949,FIG4;INPP4A;INPP4B;INPP5E;MTM1;PI4KA;PIGU;PITPNM1;PLCG2,0.9999999989852337
GO_BP_2025,up,Positive Regulation of NF-kappaB Transcription Factor Activity (GO:0051092),10,2300,92,0.8955553548913885,CIB1;IL18R1;RIPK4;RTKN2;S100A8;TRIM13;TRIM14;TRIM32;TRIM37;TRIM62,0.9999999989852337
GO_BP_2025,up,Calcium Ion Transport (GO:0006816),8,2300,76,0.8959666956159724,ATP2B4;ATP2C2;CACNA1D;ORAI2;ORAI3;PKD1;RAMP1;STIMATE,0.9999999989852337
GO_BP_2025,up,Positive Regulation of Protein Modification by Small Protein Conjugation or Removal (GO:1903322),8,2300,76,0.8959666956159724,CENPS-CORT;FANCI;HSPBP1;NDFIP2;PIAS3;PSMD10;TSPYL5;UBE2L3,0.9999999989852337
GO_BP_2025,up,Regulation of Canonical Wnt Signaling Pathway (GO:0060828),21,2300,177,0.8961526133779376,ANKRD6;CCDC88C;CCNY;CSNK1G1;FAM53B;FUZ;GID8;GPC3;IGFBP2;LYPD6;MESP1;NPHP4;PRDM15;PTPRU;RBX1;RNF220;RUVBL1;RUVBL2;SHISA6;SIAH2;TBX18,0.9999999989852337
GO_BP_2025,up,Regulation of ERK1 and ERK2 Cascade (GO:0070372),19,2300,162,0.8970504746607717,ARRB1;ARRB2;C5AR1;CD4;CIB1;DSTYK;EPHA4;FAM83D;FBLN1;GPNMB;GSTP1;IGF1;MOCOS;NEK10;PSCA;PTK2B;PTPN6;RGS14;SYK,0.9999999989852337
GO_BP_2025,up,Ras Protein Signal Transduction (GO:0007265),6,2300,60,0.8997655408650269,CCNA2;IGF1;NTN1;PLCE1;RAPGEFL1;SPNS1,0.9999999989852337
GO_BP_2025,up,Positive Regulation of Apoptotic Signaling Pathway (GO:2001235),6,2300,60,0.8997655408650269,BCL2L14;BECN1;BOK;S100A8;STYXL1;TAF6,0.9999999989852337
GO_BP_2025,up,Cellular Response to Fibroblast Growth Factor Stimulus (GO:0044344),3,2300,34,0.8999026155962915,CHURC1;DSTYK;FIBP,0.9999999989852337
GO_BP_2025,up,"Mitochondrial Electron Transport, NADH to Ubiquinone (GO:0006120)",3,2300,34,0.8999026155962915,NDUFA8;NDUFAB1;NDUFB5,0.9999999989852337
GO_BP_2025,up,Regulation of Apoptotic Signaling Pathway (GO:2001233),3,2300,34,0.8999026155962915,BDNF;MAZ;STYXL1,0.9999999989852337
GO_BP_2025,up,Semaphorin-Plexin Signaling Pathway (GO:0071526),3,2300,34,0.8999026155962915,PLXNB1;PLXNB2;SEMA4F,0.9999999989852337
GO_BP_2025,up,Negative Regulation of Immune System Process (GO:0002683),4,2300,43,0.9006404874886933,C9ORF72;IRAK3;TRIM32;TSPAN6,0.9999999989852337
GO_BP_2025,up,Positive Regulation of Actin Filament Bundle Assembly (GO:0032233),4,2300,43,0.9006404874886933,ARHGEF10L;MTSS1;PFN2;PXDN,0.9999999989852337
GO_BP_2025,up,Regulation of Substrate Adhesion-Dependent Cell Spreading (GO:1900024),4,2300,43,0.9006404874886933,CIB1;FBLN1;RCC2;WASHC2C,0.9999999989852337
GO_BP_2025,up,"Negative Regulation of Gene Expression, Epigenetic (GO:0045814)",8,2300,77,0.9037434237548982,APOBEC3G;BRCA1;DNMT1;HDAC9;HMGA2;LMNB1;TRIM37;UHRF1,0.9999999989852337
GO_BP_2025,up,Protein Dephosphorylation (GO:0006470),8,2300,77,0.9037434237548982,DUSP18;MTM1;PPP5C;PTPN6;PTPN9;PTPRH;PTPRN2;PTPRU,0.9999999989852337
GO_BP_2025,up,Regulation of Transcription Elongation by RNA Polymerase II (GO:0034243),8,2300,77,0.9037434237548982,INTS5;MED18;MED22;MED24;MED25;MED31;RECQL5;ZMYND8,0.9999999989852337
GO_BP_2025,up,Negative Regulation of Protein Kinase Activity (GO:0006469),5,2300,52,0.9038336866867954,DUSP19;GSTP1;MVP;SRCIN1;TRIB2,0.9999999989852337
GO_BP_2025,up,Protein Modification by Small Protein Conjugation (GO:0032446),37,2300,298,0.904652376449914,ARRB1;ARRB2;ASB9;BRCA1;CDC16;CUL9;DCAF15;DET1;DTX2;DTX3;DTX4;EIPR1;FBXL7;FBXO2;FBXO7;HERC6;KLHL13;PIAS3;PLK1;RBX1;RFWD3;RNF135;RNF139;RNF183;RNF220;RNF26;SPSB2;TRAIP;TRIM32;UBAC1;UBE2C;UBE2L3;UBE2V2;UFC1;UHRF1;VPS11;ZMIZ2,0.9999999989852337
GO_BP_2025,up,Positive Regulation of Catabolic Process (GO:0009896),19,2300,164,0.9077973972385343,ASB9;BAD;BECN1;CCNY;DTL;EGLN2;ENDOG;GPC3;PIM2;PLEKHF1;RBX1;RNF139;SORL1;TP53INP1;TRIM32;TTC5;UPF1;VPS11;VPS35,0.9999999989852337
GO_BP_2025,up,Regulation of Signal Transduction (GO:0009966),19,2300,164,0.9077973972385343,ACVR1;ANKRD54;CSK;DYNLT1;FUZ;GDNF;HIF1AN;IFT81;IGFBP2;IGFBP5;INTU;ITGA3;LLGL2;MDFI;OTX2;PXDN;RGS14;SULF1;ZDHHC7,0.9999999989852337
GO_BP_2025,up,Small GTPase-mediated Signal Transduction (GO:0007264),20,2300,172,0.9096055656385921,ABR;ADRA2A;AIF1;ARHGAP4;ARL3;BRK1;CCDC88C;CCNA2;EPS8L1;GDI1;IGF1;NTN1;PLCE1;PLEKHG5;RACGAP1;RAPGEFL1;RHOD;RRAD;SIAH2;SPNS1,0.9999999989852337
GO_BP_2025,up,Membrane Organization (GO:0061024),17,2300,149,0.9096864644204999,ATP10B;AZIN2;CHMP5;KIF20A;LMNB1;MVB12B;NUP93;PDCD6IP;RABIF;REEP1;REEP4;RTP4;SNAP29;STX18;TSG101;VPS25;VPS37D,0.9999999989852337
GO_BP_2025,up,Regulation of Actin Filament-Based Process (GO:0032970),9,2300,86,0.9099411531313463,ARAP1;ARHGEF16;BAIAP2;BST2;CAPN10;HCK;PTK2B;RAC2;RHOBTB1,0.9999999989852337
GO_BP_2025,up,Cellular Response to Amino Acid Starvation (GO:0034198),4,2300,44,0.9102281541616987,GDNF;RRAGA;TRIM32;WDR24,0.9999999989852337
GO_BP_2025,up,Translational Elongation (GO:0006414),4,2300,44,0.9102281541616987,ANKZF1;EIF4E2;GFM2;KLHDC10,0.9999999989852337
GO_BP_2025,up,Cell Surface Receptor Signaling Pathway via JAK-STAT (GO:0007259),3,2300,35,0.9105363169086317,CTF1;NMI;PKD1,0.9999999989852337
GO_BP_2025,up,Cellular Response to BMP Stimulus (GO:0071773),3,2300,35,0.9105363169086317,ACVR2B;BMP7;MEGF8,0.9999999989852337
GO_BP_2025,up,Cellular Response to Heat (GO:0034605),3,2300,35,0.9105363169086317,HSBP1;HSBP1L1;PDCD6,0.9999999989852337
GO_BP_2025,up,Connective Tissue Development (GO:0061448),3,2300,35,0.9105363169086317,DYRK1B;PKD1;SULF1,0.9999999989852337
GO_BP_2025,up,Ephrin Receptor Signaling Pathway (GO:0048013),3,2300,35,0.9105363169086317,EFNB3;EPHA4;SYNGAP1,0.9999999989852337
GO_BP_2025,up,Negative Regulation of Kinase Activity (GO:0033673),3,2300,35,0.9105363169086317,DUSP19;GSTP1;TRIB2,0.9999999989852337
GO_BP_2025,up,Positive Regulation of Chemotaxis (GO:0050921),3,2300,35,0.9105363169086317,AIF1;EDN2;MEGF8,0.9999999989852337
GO_BP_2025,up,Positive Regulation of Lymphocyte Activation (GO:0051251),3,2300,35,0.9105363169086317,FBXO38;FCHO1;NCKAP1L,0.9999999989852337
GO_BP_2025,up,Regulation of NLRP3 Inflammasome Complex Assembly (GO:1900225),3,2300,35,0.9105363169086317,PLCG2;TRIM31;ZDHHC1,0.9999999989852337
GO_BP_2025,up,Central Nervous System Development (GO:0007417),23,2300,195,0.9105455414233486,ACD;C1QA;C3;CDK5;CTNS;CYP26A1;EIF2B2;EML1;FOXJ1;GSN;GSTP1;KDM4B;MSI1;NPAS1;PHF8;PITPNM1;PLXNB2;PROX1;SNTG2;SOX21;TAGLN3;TUBGCP2;UFC1,0.9999999989852337
GO_BP_2025,up,Regulation of Signal Transduction by P53 Class Mediator (GO:1901796),5,2300,53,0.912453661641414,MAP2K6;MORN3;NUAK1;SMYD2;USP2,0.9999999989852337
GO_BP_2025,up,Positive Regulation of Macroautophagy (GO:0016239),7,2300,70,0.9129164965594966,C9ORF72;EIF2AK1;FBXO7;FYCO1;TRIM13;TRIM32;WDR24,0.9999999989852337
GO_BP_2025,up,Response to Insulin (GO:0032868),7,2300,70,0.9129164965594966,CAPN10;CPEB1;HDAC9;INHBB;IRS1;PKM;RAB31,0.9999999989852337
GO_BP_2025,up,Regulation of Small GTPase Mediated Signal Transduction (GO:0051056),16,2300,142,0.9135722605914994,ARAP1;ARHGAP28;ARHGAP39;ARHGAP4;ARHGEF10L;DOCK6;DOCK8;ECT2;EPS8L1;FOXM1;GMIP;PLEKHG1;PLEKHG5;RACGAP1;RHOD;SRGAP2,0.9999999989852337
GO_BP_2025,up,Circulatory System Development (GO:0072359),10,2300,95,0.9158282548337603,ALPK3;DNAAF4;HDAC9;HEY2;PCSK5;PDLIM1;PKD1;STRA6;TGFB2;ZFPM1,0.9999999989852337
GO_BP_2025,up,Positive Regulation of Canonical Wnt Signaling Pathway (GO:0090263),8,2300,79,0.917825569095345,CSNK1G1;FAM53B;GID8;GPC3;LYPD6;PRDM15;RNF220;RUVBL1,0.9999999989852337
GO_BP_2025,up,Monocarboxylic Acid Biosynthetic Process (GO:0072330),4,2300,45,0.9189834303585062,ACOT8;MCAT;MLYCD;NDUFAB1,0.9999999989852337
GO_BP_2025,up,Positive Regulation of Organelle Organization (GO:0010638),7,2300,71,0.9199275861082118,BAD;BMF;BOK;DOC2B;FYCO1;STX18;VPS35,0.9999999989852337
GO_BP_2025,up,T Cell Differentiation (GO:0030217),3,2300,36,0.9201333719217186,CD4;FCER1G;SPI1,0.9999999989852337
GO_BP_2025,up,Defense Response to Gram-negative Bacterium (GO:0050829),3,2300,36,0.9201333719217186,AZU1;GSDMD;MPEG1,0.9999999989852337
GO_BP_2025,up,Positive Regulation of T Cell Mediated Immunity (GO:0002711),3,2300,36,0.9201333719217186,FBXO38;RAET1E;RAET1G,0.9999999989852337
GO_BP_2025,up,Regulation of Endothelial Cell Apoptotic Process (GO:2000351),3,2300,36,0.9201333719217186,IL10;IL13;PAK4,0.9999999989852337
GO_BP_2025,up,Regulation of Hippo Signaling (GO:0035330),3,2300,36,0.9201333719217186,MAPK14;NUAK2;STRIP1,0.9999999989852337
GO_BP_2025,up,tRNA Methylation (GO:0030488),3,2300,36,0.9201333719217186,TRMT12;TRMT1L;TRMT61B,0.9999999989852337
GO_BP_2025,up,Regulation of GTPase Activity (GO:0043087),12,2300,112,0.9213287370066746,ARAP1;CFAP73;DOCK8;ECT2;EPHA4;GMIP;NTRK2;PLXNB1;PLXNB2;RASIP1;RCC2;SRGAP2,0.9999999989852337
GO_BP_2025,up,Carbohydrate Metabolic Process (GO:0005975),6,2300,63,0.9230884857285803,AKR1B1;FUT3;HAS3;IDH3G;NAGA;TKFC,0.9999999989852337
GO_BP_2025,up,Positive Regulation of Protein Transport (GO:0051222),6,2300,63,0.9230884857285803,ADAM8;CEP290;FYCO1;IGF1;SYTL4;TGFB2,0.9999999989852337
GO_BP_2025,up,Cellular Response to Transforming Growth Factor Beta Stimulus (GO:0071560),8,2300,80,0.9241770978580519,APPL2;ARRB2;DUSP22;GDF15;PXDN;TGFB2;WNT4;ZMIZ2,0.9999999989852337
GO_BP_2025,up,Mitochondrial Respiratory Chain Complex Assembly (GO:0033108),8,2300,80,0.9241770978580519,AIFM1;CEP89;COA3;COX14;COX7A2;NDUFAF3;NDUFAF6;SDHAF4,0.9999999989852337
GO_BP_2025,up,Positive Regulation of MAPK Cascade (GO:0043410),31,2300,259,0.9255825371830133,ADAM8;ADRA2A;ADRB1;ANKRD6;ARRB1;ARRB2;C5AR1;CCDC88C;CD4;CIB1;DSTYK;DUSP19;DUSP22;EDA2R;GDF15;GPNMB;IGF1;KLHDC10;MAPK8IP3;MOCOS;NEK10;NTRK2;PIK3R5;PLCG2;PTK2B;SPI1;SPNS1;TGFB2;TLR3;WNT4;WNT7B,0.9999999989852337
GO_BP_2025,up,Metal Ion Transport (GO:0030001),11,2300,105,0.9268137850190641,ASIC1;ATP2B4;CACNA1D;KCNH3;KCNJ12;KCNJ16;PKD1;RAMP1;SLC38A7;SLC5A5;TUSC3,0.9999999989852337
GO_BP_2025,up,RNA 3'-End Processing (GO:0031123),4,2300,46,0.9269655133327385,CPSF3;INTS5;PTCD1;REXO5,0.9999999989852337
GO_BP_2025,up,mRNA Transport (GO:0051028),5,2300,55,0.9276776343926999,DDX19B;NUP133;SMG7;THOC5;UPF1,0.9999999989852337
GO_BP_2025,up,Phagocytosis (GO:0006909),5,2300,55,0.9276776343926999,AIF1;ANXA11;C1ORF43;GSN;PLD4,0.9999999989852337
GO_BP_2025,up,Positive Regulation of Cellular Component Organization (GO:0051130),9,2300,89,0.9284585976345265,BMF;BMP7;BRK1;CDC20;GPC3;HAS3;NEURL1;SYK;TGFB2,0.9999999989852337
GO_BP_2025,up,Memory (GO:0007613),3,2300,37,0.9287801846551812,CALB1;NFATC4;RGS14,0.9999999989852337
GO_BP_2025,up,Negative Regulation of Mitotic Cell Cycle Phase Transition (GO:1901991),3,2300,37,0.9287801846551812,CRLF3;E2F7;GPNMB,0.9999999989852337
GO_BP_2025,up,Positive Regulation of Proteolysis Involved in Protein Catabolic Process (GO:1903052),3,2300,37,0.9287801846551812,BAG2;RNF139;TMTC3,0.9999999989852337
GO_BP_2025,up,Positive Regulation of Stem Cell Population Maintenance (GO:1902459),3,2300,37,0.9287801846551812,ARID1A;BCL7A;SAP30,0.9999999989852337
GO_BP_2025,up,Positive Regulation of Stress Fiber Assembly (GO:0051496),3,2300,37,0.9287801846551812,ARHGEF10L;PFN2;PXDN,0.9999999989852337
GO_BP_2025,up,Antimicrobial Humoral Response (GO:0019730),6,2300,64,0.9297286183254075,AZU1;CCL15;GAPDH;HMGN2;JCHAIN;PRSS3,0.9999999989852337
GO_BP_2025,up,Axon Development (GO:0061564),6,2300,64,0.9297286183254075,BAIAP2;CDK5;DHFR;MAPK8IP3;NREP;SVBP,0.9999999989852337
GO_BP_2025,up,Peptidyl-Serine Modification (GO:0018209),6,2300,64,0.9297286183254075,CDK1;CDK5;MAPK14;PKD1;PLK1;PRKX,0.9999999989852337
GO_BP_2025,up,Positive Regulation of Inflammatory Response (GO:0050729),8,2300,81,0.930099366348697,ADAM8;GSDMD;MAP3K8;NMI;PLCG2;S100A8;SETD4;TLR3,0.9999999989852337
GO_BP_2025,up,Integrin-Mediated Signaling Pathway (GO:0007229),7,2300,73,0.9324917844261722,FBLN1;HCK;ITGA3;PTK2B;RCC2;SPNS1;SYK,0.9999999989852337
GO_BP_2025,up,Negative Regulation of Multicellular Organismal Process (GO:0051241),21,2300,185,0.9327778484451561,ACOT13;ACVR2B;BBS2;EPHA4;FOXA1;GDF15;GPNMB;HDAC9;IL10;IL13;IL18R1;MAP2K6;NPTN;OVOL2;PCTP;PFN2;PTPRU;SAP30;SPI1;TMEM53;ZNF750,0.9999999989852337
GO_BP_2025,up,Cellular Response to Mechanical Stimulus (GO:0071260),4,2300,47,0.9342313199733431,BAD;CASP2;PIGU;TLR3,0.9999999989852337
GO_BP_2025,up,Post-Translational Protein Modification (GO:0043687),4,2300,47,0.9342313199733431,CCNA2;RBX1;SENP8;TPST1,0.9999999989852337
GO_BP_2025,up,Regulation of BMP Signaling Pathway (GO:0030510),4,2300,47,0.9342313199733431,ITGA3;SORL1;SULF1;TMEM53,0.9999999989852337
GO_BP_2025,up,Regulation of Cell-Matrix Adhesion (GO:0001952),5,2300,56,0.9343675023583174,CIB1;EMP2;NEXMIF;PTK2B;SYNGAP1,0.9999999989852337
GO_BP_2025,up,Peptidyl-Serine Phosphorylation (GO:0018105),6,2300,65,0.9358572037569816,CDK1;CDK5;MAPK14;PKD1;PLK1;PRKX,0.9999999989852337
GO_BP_2025,up,Protein Localization to Cell Periphery (GO:1990778),12,2300,115,0.9362188914512972,ANK1;AP4M1;ARL3;EMP2;MRAP2;PACS2;PLEKHF1;RAB11A;RAB34;RAMP1;WDR19;ZDHHC7,0.9999999989852337
GO_BP_2025,up,Regulation of Cell Growth (GO:0001558),21,2300,186,0.9364848690681882,BRCA1;BST2;CIB1;CRLF3;DNPH1;EGLN2;HDGFL2;MUC12;NAIF1;NDRG3;NME6;PAK4;PPP1R9B;PSMD10;PSRC1;S100A8;SLC44A4;TCHP;TGFB2;TNNC1;TRIM32,0.9999999989852337
GO_BP_2025,up,RNA Stabilization (GO:0043489),3,2300,38,0.9365583877865635,E2F1;GDNF;RBM24,0.9999999989852337
GO_BP_2025,up,Negative Regulation of mRNA Catabolic Process (GO:1902373),3,2300,38,0.9365583877865635,E2F1;GDNF;RBM24,0.9999999989852337
GO_BP_2025,up,Ribosome Assembly (GO:0042255),3,2300,38,0.9365583877865635,EFL1;NGRN;NOA1,0.9999999989852337
GO_BP_2025,up,Regulation of TORC1 Signaling (GO:1903432),9,2300,91,0.9388909291698879,C9ORF72;CTNS;GPR137;OTUB1;RBX1;RRAGA;SLC38A9;SYK;WDR24,0.9999999989852337
GO_BP_2025,up,DNA-templated Transcription (GO:0006351),20,2300,179,0.9391917462130173,ARRB2;E2F1;ERCC3;GTF2E2;GTF2H5;GTF3C2;GTF3C3;HSF2BP;NAT14;PIR;POLR2H;POLR2I;POLR3K;PPP5C;SNAPC2;SNAPC3;SPNS1;TAF6;TCEA2;TRIP13,0.9999999989852337
GO_BP_2025,up,Positive Regulation of Protein Phosphorylation (GO:0001934),15,2300,140,0.9402771146210791,ARRB1;C3;CAMKK2;CD4;CIB1;DUSP19;GPNMB;KNDC1;MAPRE3;NEK10;NPTN;PFN2;PTK2B;SPNS1;STOX1,0.9999999989852337
GO_BP_2025,up,Regulation of Extrinsic Apoptotic Signaling Pathway (GO:2001236),5,2300,57,0.9404975544733903,ACVR1;BCL2L14;GSTP1;IGF1;SIAH2,0.9999999989852337
GO_BP_2025,up,Regulation of Protein Serine/Threonine Kinase Activity (GO:0071900),5,2300,57,0.9404975544733903,CDC25A;CIB1;HMGA2;TRIB2;TSG101,0.9999999989852337
GO_BP_2025,up,Cytoskeleton Organization (GO:0007010),10,2300,100,0.9421956756576636,ANK1;ARHGAP4;MAST2;PAK4;PTK2B;RAC2;RHOBTB1;STRIP1;ZMYM3;ZNF135,0.9999999989852337
GO_BP_2025,up,Cellular Response to Peptide Hormone Stimulus (GO:0071375),7,2300,75,0.9432898811631376,CAPN10;CPEB1;HDAC9;INHBB;IRS1;PKM;RAB31,0.9999999989852337
GO_BP_2025,up,Regulation of Translation (GO:0006417),21,2300,188,0.9433836342190194,B3GNTL1;CAPRIN1;DHFR;EIF2AK1;EIF2B2;EIF4E2;EPHA4;GAPDH;GUF1;IGF2BP3;IGFBP5;METTL5;MIF4GD;MRPL13;MSI1;NSUN3;PLXNB2;RNF139;TYMS;UPF1;ZNF385A,0.9999999989852337
GO_BP_2025,up,Defense Response to Gram-positive Bacterium (GO:0050830),3,2300,39,0.9435446516709308,GBP6;GSDMD;MPEG1,0.9999999989852337
GO_BP_2025,up,Myelination (GO:0042552),3,2300,39,0.9435446516709308,B4GALT5;BCAS1;EIF2B2,0.9999999989852337
GO_BP_2025,up,Negative Regulation of Protein Binding (GO:0032091),3,2300,39,0.9435446516709308,EFHB;IFIT1;ZFPM1,0.9999999989852337
GO_BP_2025,up,Organelle Transport Along Microtubule (GO:0072384),3,2300,39,0.9435446516709308,BICDL1;NDE1;TRAK1,0.9999999989852337
GO_BP_2025,up,Peptidyl-Threonine Modification (GO:0018210),3,2300,39,0.9435446516709308,CDK1;CDK5;GDNF,0.9999999989852337
GO_BP_2025,up,protein-DNA Complex Assembly (GO:0065004),3,2300,39,0.9435446516709308,ASF1B;CHAF1B;GTF2H5,0.9999999989852337
GO_BP_2025,up,Cellular Response to Nitrogen Compound (GO:1901699),14,2300,133,0.9441045242014489,ABCC1;ATP2B4;BRCA1;CDK5;CHMP5;EPHA4;GABRB2;IGF1;IGFBP5;KCNE1;P2RY2;SLC26A6;SLC5A5;SYK,0.9999999989852337
GO_BP_2025,up,Membraneless Organelle Assembly (GO:0140694),13,2300,125,0.9443068696483,ANLN;BSCL2;C9ORF72;CAPRIN1;DLGAP5;HAUS3;HAUS5;MAPRE3;MOSPD2;NEK2;SAC3D1;SQLE;TUBGCP2,0.9999999989852337
GO_BP_2025,up,Regulation of Cell Migration (GO:0030334),45,2300,370,0.9444856205934294,ACVR1;ADRA2A;AIF1;APPL2;ARHGAP4;BST2;CCL15;CEACAM6;CIB1;CLDN3;DAG1;DPYSL3;DUSP22;EMILIN2;EMP2;EPHA4;FUT3;FUZ;FYCO1;GPNMB;IGF1;IGFBP5;MAZ;MGAT5;PLXNB1;PLXNB2;PRKX;PTK2B;PTPRU;RCC2;RHOD;SAP30;SCAI;SEMA4F;SORL1;SRCIN1;SRGAP2;SULF1;TMSB10;TNNC1;TP53INP1;TRIM32;ULK4;VRK1;ZMYND8,0.9999999989852337
GO_BP_2025,up,Cellular Response to Cytokine Stimulus (GO:0071345),26,2300,227,0.9446773515274768,AIF1;BRCA1;CD4;CIB1;DOCK8;DPYSL3;DUOX1;EDA2R;EDN2;GAPDH;GBP6;HCK;IFIT1;IFITM2;IL13RA1;IL20RA;IL5RA;IRAK3;IRS1;LRP8;OAS1;PTPN6;RIPOR2;SELPLG;SLC26A6;UPF1,0.9999999989852337
GO_BP_2025,up,Regulation of Intracellular Signal Transduction (GO:1902531),32,2300,273,0.9455102576052018,ACVR1;AKR1C3;ANKRD54;ARAP1;ARHGAP28;ARHGAP39;ARHGAP4;ARHGEF10L;DHRS3;DOCK8;ECT2;EPHA4;FAM83D;GMIP;JPT2;KCTD11;MAP2K6;NUAK1;NUAK2;PAK4;PIDD1;PLCG2;PLEKHG1;PLEKHG5;RACGAP1;RHOD;SMYD2;SRGAP2;STYXL1;ULK4;USP2;WDR54,0.9999999989852337
GO_BP_2025,up,Protein Complex Oligomerization (GO:0051259),10,2300,101,0.9465046221713774,BASP1;BOK;ECT2;GSDMD;MOSPD2;NACC2;OAS1;PDCD6IP;PXDN;RNF135,0.9999999989852337
GO_BP_2025,up,Negative Regulation of Cell Cycle (GO:0045786),6,2300,67,0.946706572452646,BMP7;BRCA1;CDT1;IL10;MAD2L1;TAF6,0.9999999989852337
GO_BP_2025,up,Wound Healing (GO:0042060),6,2300,67,0.946706572452646,CHMP5;EPB41L4B;EVPL;IGF1;SYTL4;TGFB2,0.9999999989852337
GO_BP_2025,up,Muscle Contraction (GO:0006936),4,2300,49,0.9468290076031675,FXYD1;KCNJ12;MYL6;SLC6A8,0.9999999989852337
GO_BP_2025,up,Extracellular Matrix Organization (GO:0030198),12,2300,118,0.9486172112424405,ADAM8;CTSK;GSN;HAS3;KIF9;LOX;LOXL3;MMP15;P4HA1;PXDN;TGFB2;TPSAB1,0.9999999989852337
GO_BP_2025,up,Regulation of Macromolecule Biosynthetic Process (GO:0010556),11,2300,110,0.9494094451237921,AIF1;GDNF;IGF1;IL10;KDM4B;MEGF8;PROX1;STOX1;TCF19;TMPRSS4;TP73,0.9999999989852337
GO_BP_2025,up,Cellular Response to Virus (GO:0098586),3,2300,40,0.9498106105236532,MAPK14;OAS1;POU2AF1,0.9999999989852337
GO_BP_2025,up,Muscle Organ Development (GO:0007517),3,2300,40,0.9498106105236532,CTF1;IGF1;LARGE1,0.9999999989852337
GO_BP_2025,up,Negative Regulation of Organelle Organization (GO:0010639),3,2300,40,0.9498106105236532,BCL2L1;IGF1;PSMD10,0.9999999989852337
GO_BP_2025,up,Positive Regulation of Type II Interferon Production (GO:0032729),3,2300,40,0.9498106105236532,IL18R1;TLR3;ZFPM1,0.9999999989852337
GO_BP_2025,up,Response to Peptide Hormone (GO:0043434),3,2300,40,0.9498106105236532,EIF2B2;IGFBP5;IRS1,0.9999999989852337
GO_BP_2025,up,Positive Regulation of ERK1 and ERK2 Cascade (GO:0070374),10,2300,102,0.9505291011964545,ARRB1;ARRB2;C5AR1;CD4;CIB1;DSTYK;GPNMB;IGF1;MOCOS;PTK2B,0.9999999989852337
GO_BP_2025,up,Regulation of Proteasomal Ubiquitin-Dependent Protein Catabolic Process (GO:0032434),10,2300,102,0.9505291011964545,BAG2;DET1;GIPC1;HSPBP1;PLK1;PSMD10;RBX1;TRIB2;ZNF418;ZYG11B,0.9999999989852337
GO_BP_2025,up,Regulation of Phosphorylation (GO:0042325),5,2300,59,0.9512333310329466,DYNLL1;EMP2;PLXNB2;ROPN1L;SRPX2,0.9999999989852337
GO_BP_2025,up,Response to Reactive Oxygen Species (GO:0000302),4,2300,50,0.9522615234197949,CAMKK2;GSTP1;PRDX5;PXDN,0.9999999989852337
GO_BP_2025,up,Organelle Organization (GO:0006996),46,2300,381,0.9523492272324188,AFG1L;ANK1;ARHGAP4;ARMC2;BSCL2;CATIP;CEP78;CEP89;CFAP126;CFAP61;CHMP5;COG1;COG6;COG7;DYNC2H1;FAM161A;IQCG;KIF4A;KIF9;MAST2;MNS1;MREG;MTM1;MTX1;MTX3;NOA1;PAK4;PDCD6IP;PEX16;PEX19;PEX6;PLEKHF1;RAB31;RAB34;SEC31B;SIRT5;STRIP1;TRAPPC12;TTC29;VPS11;WDR73;WDR81;ZMYM3;ZNF135;ZNF260;ZNF501,0.9999999989852337
GO_BP_2025,up,Negative Regulation of Cell Differentiation (GO:0045596),18,2300,168,0.95436599506198,ABCA5;ABCG1;ANKRD26;BBS12;BCL7A;BMP7;E2F1;EFEMP1;EID2B;EPHA4;FOXA1;MYB;NBR1;OVOL2;PTK2B;TMEM53;TRIB2;ZNF750,0.9999999989852337
GO_BP_2025,up,Cartilage Development (GO:0051216),3,2300,41,0.9554228819079603,HMGA2;PKD1;SULF1,0.9999999989852337
GO_BP_2025,up,Hexose Metabolic Process (GO:0019318),3,2300,41,0.9554228819079603,OAS1;PMM1;SLC35A2,0.9999999989852337
GO_BP_2025,up,Macromolecule Catabolic Process (GO:0009057),3,2300,41,0.9554228819079603,BECN1;CASP7;RAB12,0.9999999989852337
GO_BP_2025,up,Positive Regulation of Fat Cell Differentiation (GO:0045600),3,2300,41,0.9554228819079603,BMP7;CARM1;ZNF385A,0.9999999989852337
GO_BP_2025,up,Positive Regulation of Small GTPase Mediated Signal Transduction (GO:0051057),3,2300,41,0.9554228819079603,ARRB1;IGF1;PLXNB1,0.9999999989852337
GO_BP_2025,up,Response to Amino Acid Starvation (GO:1990928),3,2300,41,0.9554228819079603,RRAGA;TRIM32;WDR24,0.9999999989852337
GO_BP_2025,up,Sensory Organ Development (GO:0007423),3,2300,41,0.9554228819079603,SIX4;STRA6;TGFB2,0.9999999989852337
GO_BP_2025,up,Cellular Response to Lipopolysaccharide (GO:0071222),9,2300,95,0.9558343752697847,CASP7;CHMP5;GSTP1;HCK;IL10;IRAK3;MAPK14;PLCG2;UPF1,0.9999999989852337
GO_BP_2025,up,Regulation of Primary Metabolic Process (GO:0080090),9,2300,95,0.9558343752697847,ADGRF1;AHNAK2;BBS4;PLCG2;RBM38;SUPT20H;TELO2;VPS35;ZFP69,0.9999999989852337
GO_BP_2025,up,Negative Regulation of Transforming Growth Factor Beta Receptor Signaling Pathway (GO:0030512),6,2300,69,0.9558789583600683,CD109;EID2;GDF15;MECOM;OVOL2;SAP30,0.9999999989852337
GO_BP_2025,up,Cell Morphogenesis Involved in Neuron Differentiation (GO:0048667),5,2300,60,0.955912221048212,BAIAP2;BTBD3;CDK5;MAP6;UNK,0.9999999989852337
GO_BP_2025,up,Negative Regulation of Cellular Component Organization (GO:0051129),5,2300,60,0.955912221048212,IRAK3;SNX33;SORL1;TRAF3IP1;WASHC2C,0.9999999989852337
GO_BP_2025,up,Anterograde Trans-Synaptic Signaling (GO:0098916),7,2300,78,0.9566174152185402,CDK5;DOC2A;GABRB2;GIPC1;MYCBPAP;PCDHB4;SLC12A4,0.9999999989852337
GO_BP_2025,up,Negative Regulation of Intracellular Signal Transduction (GO:1902532),28,2300,247,0.956839135811154,ARRB2;BCL2L1;BMP7;C1QTNF3;CIB1;CYP26A1;DAG1;EID2;ENDOG;GDF15;GMIP;GSTP1;IRAK3;MAPK14;MORN3;NLRX1;NMI;OVOL2;PDCD6;PER1;PRDM15;PSMD10;RTKN2;SPI1;STRIP1;TNFAIP8L1;TSPAN6;USP49,0.9999999989852337
GO_BP_2025,up,mRNA Destabilization (GO:0061157),4,2300,51,0.9571788787839987,AGO4;CNOT6;RBM24;UPF1,0.9999999989852337
GO_BP_2025,up,Positive Regulation of MAP Kinase Activity (GO:0043406),4,2300,51,0.9571788787839987,ADRA2A;DUSP19;NEK10;PIK3R5,0.9999999989852337
GO_BP_2025,up,Regulation of Stem Cell Population Maintenance (GO:2000036),4,2300,51,0.9571788787839987,ARID1A;BCL7A;HMGA2;SAP30,0.9999999989852337
GO_BP_2025,up,Protein-Containing Complex Organization (GO:0043933),10,2300,104,0.9577847588532842,BECN1;DET1;JCHAIN;NCKAP1L;NDC1;NUP133;OTX2;PTK2B;TUBGCP2;WDR19,0.9999999989852337
GO_BP_2025,up,Positive Regulation of Epithelial Cell Proliferation (GO:0050679),8,2300,87,0.9578383830467525,BAD;C5AR1;IGF1;PDCD6;PROX1;SAAL1;STXBP4;TGM1,0.9999999989852337
GO_BP_2025,up,Regulation of Wnt Signaling Pathway (GO:0030111),8,2300,87,0.9578383830467525,CBY1;CCNY;FAM53B;GPC3;ITGA3;MDFI;SPNS1;SULF1,0.9999999989852337
GO_BP_2025,up,Regulation of DNA Metabolic Process (GO:0051052),11,2300,113,0.9598067755205271,ACTR8;BRCA1;CCNA2;RUVBL1;RUVBL2;STOX1;SUPT20H;TAF6;TFPT;UBE2V2;UPF1,0.9999999989852337
GO_BP_2025,up,Import Into the Mitochondrion (GO:0170036),3,2300,42,0.9604431591626171,PAM16;SFXN3;TIMM17B,0.9999999989852337
GO_BP_2025,up,Membrane Lipid Biosynthetic Process (GO:0046467),3,2300,42,0.9604431591626171,CERS6;HACD4;ST3GAL2,0.9999999989852337
GO_BP_2025,up,Chromatin Organization (GO:0006325),31,2300,272,0.9610650760295114,ACTR8;ARID1A;ASF1B;BCL7A;BRCA1;CARM1;CHAF1B;DNMT1;FAM50B;FOXA1;HDGFL2;HMGA2;HMGN2;HMGN3;KDM4B;LRWD1;MECOM;MOCOS;NUDT5;PCGF2;PER1;PHF8;PRMT3;PRMT7;PSIP1;RUVBL1;RUVBL2;SETD4;SETD7;TFPT;VRK1,0.9999999989852337
GO_BP_2025,up,RNA Modification (GO:0009451),4,2300,52,0.9616243114587656,APOBEC3G;B3GNTL1;DTWD2;HENMT1,0.9999999989852337
GO_BP_2025,up,Canonical Wnt Signaling Pathway (GO:0060070),4,2300,52,0.9616243114587656,FRAT2;SIAH2;WNT4;WNT7B,0.9999999989852337
GO_BP_2025,up,Epigenetic Regulation of Gene Expression (GO:0040029),4,2300,52,0.9616243114587656,BRCA1;HDAC9;TRIM37;UHRF1,0.9999999989852337
GO_BP_2025,up,Gland Development (GO:0048732),4,2300,52,0.9616243114587656,FOXE1;PROX1;STRA6;WNT4,0.9999999989852337
GO_BP_2025,up,Nucleosome Organization (GO:0034728),4,2300,52,0.9616243114587656,ARID1A;ASF1B;CHAF1B;NFE2,0.9999999989852337
GO_BP_2025,up,Proton Motive Force-Driven Mitochondrial ATP Synthesis (GO:0042776),4,2300,52,0.9616243114587656,NDUFA8;NDUFAB1;NDUFB5;SDHA,0.9999999989852337
GO_BP_2025,up,Negative Regulation of Macromolecule Biosynthetic Process (GO:0010558),17,2300,163,0.962424471208209,AP2A1;ATP2B4;C1QTNF3;CLDN3;CLTC;DNMT1;EIF2AK1;HEY2;IGF1;IL10;NDFIP2;OVOL2;SPI1;STOX1;TGFB2;UPK3B;WNT4,0.9999999989852337
GO_BP_2025,up,Negative Regulation of Cellular Process (GO:0048523),51,2300,424,0.9627741641279379,ALOX5;APPL2;BCL7A;BECN1;BMP7;BRCA1;BST2;CCDC125;CDT1;CIB1;CLDN3;CLMN;CRLF3;DPP8;EPHA4;FABP7;FBLN1;FUZ;GAS8;GPNMB;HMGA2;IL10;MECOM;NACC2;NAIF1;NDRG3;NEURL1;NME6;NMI;P3H1;PIM2;PLXNB1;PLXNB2;PPP1R9B;PROX1;PSRC1;PTK2B;PTPN6;PTPRU;RBM38;RIPOR2;RNF139;SMYD2;SYNGAP1;TAF6;TCHP;TGFB2;TP53INP1;TP73;XPNPEP1;ZKSCAN3,0.9999999989852337
GO_BP_2025,up,Positive Regulation of Response to External Stimulus (GO:0032103),11,2300,114,0.9628245606061958,ADAM8;AIF1;EMILIN2;GSDMD;MAP3K8;NMI;S100A8;SETD4;SH2D1B;TLR3;TRIM56,0.9999999989852337
GO_BP_2025,up,Positive Regulation of Multicellular Organismal Process (GO:0051240),34,2300,296,0.9630812672262458,ACVR1;ADAM8;ADRA2A;ADRB1;AGPAT1;ALMS1;APPL2;ARID1A;B4GALT5;BAD;BCL7A;BSCL2;C1QTNF3;FOXJ1;GAPDH;GDNF;GPNMB;HILPDA;IL10;IL13;INHBB;MESP1;MFAP2;OTX2;PLAC8;RFX3;SAP30;SIX4;SORL1;STRA6;SYK;TGFB2;TP73;UCP2,0.9999999989852337
GO_BP_2025,up,RNA Export From Nucleus (GO:0006405),5,2300,62,0.9640611601903498,DDX19B;NUP133;SMG7;THOC5;UPF1,0.9999999989852337
GO_BP_2025,up,Regulation of Type II Interferon Production (GO:0032649),5,2300,62,0.9640611601903498,IL18R1;LGALS9C;TLR3;UFC1;ZFPM1,0.9999999989852337
GO_BP_2025,up,- Reg of Transmembrane Receptor Prot Serine/Threonine Kinase Sgnlng Pway (GO:0090101),8,2300,89,0.9646023106164957,CD109;EID2;GDF15;MECOM;OVOL2;SAP30;SORL1;TMEM53,0.9999999989852337
GO_BP_2025,up,Establishment of Protein Localization to Mitochondrion (GO:0072655),3,2300,43,0.9649283595381614,FBXO7;PAM16;TIMM17B,0.9999999989852337
GO_BP_2025,up,Positive Regulation of Epithelial to Mesenchymal Transition (GO:0010718),3,2300,43,0.9649283595381614,ADAM8;EMP2;TGFB2,0.9999999989852337
GO_BP_2025,up,Positive Regulation of Leukocyte Chemotaxis (GO:0002690),3,2300,43,0.9649283595381614,AIF1;EDN2;MOSPD2,0.9999999989852337
GO_BP_2025,up,Regulation of Insulin Receptor Signaling Pathway (GO:0046626),3,2300,43,0.9649283595381614,IRS1;RBX1;SORL1,0.9999999989852337
GO_BP_2025,up,Regulation of Stem Cell Differentiation (GO:2000736),3,2300,43,0.9649283595381614,GDNF;MTCH2;RBM24,0.9999999989852337
GO_BP_2025,up,Regulation of Telomere Maintenance via Telomerase (GO:0032210),3,2300,43,0.9649283595381614,POT1;STN1;WRAP53,0.9999999989852337
GO_BP_2025,up,Response to Retinoic Acid (GO:0032526),3,2300,43,0.9649283595381614,LTK;PTK2B;WNT7B,0.9999999989852337
GO_BP_2025,up,Positive Regulation of Intracellular Signal Transduction (GO:1902533),64,2300,523,0.9664553857921869,ACVR1;ADAM8;ADRA2A;ADRB1;AKR1C3;BECN1;BMP7;BOK;BST2;C1QTNF4;CD19;CD4;CXXC5;DHX58;DUSP19;ECT2;EDA2R;EDN2;EPHA4;GAPDH;GDF15;IGF1;IRAK3;IRS1;LTK;MAZ;MOCOS;MYORG;NDFIP2;NMI;NTRK2;NUP93;PIGU;PIK3R5;PIM2;PLCG2;PLEKHG5;PLXNB1;PPP5C;PTK2B;PTPN6;RBX1;RRAGA;RTKN2;S100A4;S100A8;SHISA5;SLC38A9;SPNS1;STYXL1;TAF6;TGFB2;TLR3;TRIM13;TRIM3;TRIM32;TRIM56;TRIM62;TSPAN6;TSPYL5;TTK;WDFY1;WDR24;WNT4,0.9999999989852337
GO_BP_2025,up,Regulation of Protein Binding (GO:0043393),5,2300,63,0.9675932872991231,EFHB;GAS8;IFIT1;PRMT7;ZFPM1,0.9999999989852337
GO_BP_2025,up,Regulation of Transforming Growth Factor Beta Receptor Signaling Pathway (GO:0017015),9,2300,99,0.9684592783072374,CD109;EID2;GDF15;GIPC1;ITGA3;MECOM;NREP;OVOL2;SAP30,0.9999999989852337
GO_BP_2025,up,Nuclear Export (GO:0051168),3,2300,44,0.9689308135900977,PKD1;RITA1;XPO7,0.9999999989852337
GO_BP_2025,up,Positive Regulation of Peptidyl-Tyrosine Phosphorylation (GO:0050731),3,2300,44,0.9689308135900977,CTF1;SRCIN1;TNFRSF18,0.9999999989852337
GO_BP_2025,up,Calcium Ion Transmembrane Transport (GO:0070588),4,2300,54,0.9692583317916033,ATP2B4;ATP2C2;CACNA1D;PKD1,0.9999999989852337
GO_BP_2025,up,Negative Regulation of Cell Population Proliferation (GO:0008285),34,2300,300,0.969954795441144,AIF1;APPL2;CIB1;CLDN3;CLMN;E2F1;FABP7;FBLN1;FUZ;GAS8;GPNMB;GSTP1;IGFBP5;IL10;MED25;MTSS1;NACC2;NEURL1;NMI;P3H1;PIM2;PLXNB1;PROX1;PTK2B;PTPN6;PTPRU;RBM38;RNF139;SMYD2;TAF6;TGFB2;TP53INP1;TP73;TRIM32,0.9999999989852337
GO_BP_2025,up,Positive Regulation of T Cell Activation (GO:0050870),7,2300,82,0.9699893004887952,AIF1;ARID1A;DOCK8;FBXO38;FCHO1;NCKAP1L;TNFRSF13C,0.9999999989852337
GO_BP_2025,up,Cellular Response to Reactive Oxygen Species (GO:0034614),5,2300,64,0.9708021575511329,ANKZF1;CAMKK2;ECT2;PRDX5;PXDN,0.9999999989852337
GO_BP_2025,up,Monoatomic Cation Homeostasis (GO:0055080),5,2300,64,0.9708021575511329,ITPR3;PSEN2;SLC12A4;TESMIN;TMTC2,0.9999999989852337
GO_BP_2025,up,Negative Regulation of Epithelial Cell Proliferation (GO:0050680),5,2300,64,0.9708021575511329,ALOX5;ATP5IF1;MTSS1;SULF1;TGFB2,0.9999999989852337
GO_BP_2025,up,Positive Regulation of Intracellular Protein Transport (GO:0090316),5,2300,64,0.9708021575511329,CEP290;ECT2;EFCAB7;FYCO1;SORL1,0.9999999989852337
GO_BP_2025,up,Negative Regulation of RNA Biosynthetic Process (GO:1902679),46,2300,392,0.9708949834856936,APOBEC3D;APOBEC3G;BASP1;BCL7A;BMP7;BRCA1;CBY1;CD38;CDK5;CIPC;CIR1;DEPDC1;E2F1;EID2;EID2B;FOXM1;GCLC;HDAC9;HEY2;HMGA2;KCTD1;KDM8;L3MBTL2;LOXL3;MDFI;MECOM;MESP1;MYB;NACC1;NACC2;NMNAT1;NPAS1;PER1;PHC2;PROX1;RFX3;SIX4;SPI1;TRERF1;TSHZ3;WNT4;ZBTB18;ZKSCAN3;ZNF174;ZNF282;ZNF318,0.9999999989852337
GO_BP_2025,up,Regulation of Angiogenesis (GO:0045765),16,2300,159,0.9716338744287217,ALOX5;ATP2B4;BRCA1;EMILIN2;EMP2;GDNF;GPNMB;HMGA2;PAK4;PDCD6;PGK1;PIGU;PTPN6;STAB1;SULF1;TGFB2,0.9999999989852337
GO_BP_2025,up,Negative Regulation of Intrinsic Apoptotic Signaling Pathway (GO:2001243),4,2300,55,0.9725195629601446,BCL2L1;NME5;RTKN2;TRIM32,0.9999999989852337
GO_BP_2025,up,Regulation of Protein Metabolic Process (GO:0051246),7,2300,83,0.9726828222344789,B3GNTL1;FAM83D;MSI1;PLA2G10;SERPINB13;UHRF1;VPS35,0.9999999989852337
GO_BP_2025,up,T Cell Receptor Signaling Pathway (GO:0050852),6,2300,74,0.9728830316020768,CSK;EIF2B2;FCHO1;PLCG2;SPNS1;THEMIS2,0.9999999989852337
GO_BP_2025,up,Positive Regulation of GTPase Activity (GO:0043547),8,2300,92,0.9729200023046825,ARAP1;ARHGEF16;CCDC125;DOCK8;ECT2;FOXJ1;PLXNB1;SRGAP2,0.9999999989852337
GO_BP_2025,up,Positive Regulation of Protein-Containing Complex Assembly (GO:0031334),8,2300,92,0.9729200023046825,BMF;BRK1;MED25;PLCG2;RASIP1;SYK;TPPP3;ZDHHC1,0.9999999989852337
GO_BP_2025,up,Neuron Projection Morphogenesis (GO:0048812),11,2300,118,0.9729715815063569,BAIAP2;BDNF;BMP7;BTBD3;CDK5;EPHA4;MAP6;NCKAP1L;PLXNB1;SPAG6;SRGAP2,0.9999999989852337
GO_BP_2025,up,Regulation of Interleukin-8 Production (GO:0032677),5,2300,65,0.9737142370339787,ANXA4;ARRB1;IL10;SYK;TLR3,0.9999999989852337
GO_BP_2025,up,Positive Regulation of Cell Differentiation (GO:0045597),23,2300,217,0.9744918734721176,ACVR1;ACVR2B;ADAM8;ARID1A;BMP7;CARM1;ECT2;GDNF;HIF1AN;IGF1;KCTD11;MAPK14;MTCH2;PLA2G10;PRMT3;RBM24;RIPOR2;SLC6A6;TGFB2;TRIM32;WNT4;WNT7B;ZNF385A,0.9999999989852337
GO_BP_2025,up,mRNA Catabolic Process (GO:0006402),3,2300,46,0.9756752026921945,AGO4;LSM5;UPF1,0.9999999989852337
GO_BP_2025,up,Positive Regulation of mRNA Catabolic Process (GO:0061014),3,2300,46,0.9756752026921945,RBM24;TTC5;UPF1,0.9999999989852337
GO_BP_2025,up,Regulation of Vesicle-Mediated Transport (GO:0060627),5,2300,66,0.9763542383153401,CPLANE2;RAB11A;RAB37;RAB3B;RNF139,0.9999999989852337
GO_BP_2025,up,Positive Regulation of Protein Metabolic Process (GO:0051247),18,2300,179,0.9780158713473468,ABCB10;ASB9;BAD;DTL;EGLN2;EPHA4;GPC3;GUF1;METTL5;PLA2G10;PLK1;PLXNB2;RBX1;SORL1;TRIM32;UHRF1;VPS11;VPS35,0.9999999989852337
GO_BP_2025,up,Cellular Response to Hormone Stimulus (GO:0032870),4,2300,57,0.9780925845793251,AKR1C3;RAMP1;SLC5A5;UBE2L3,0.9999999989852337
GO_BP_2025,up,Proton Motive Force-Driven ATP Synthesis (GO:0015986),4,2300,57,0.9780925845793251,NDUFA8;NDUFAB1;NDUFB5;SDHA,0.9999999989852337
GO_BP_2025,up,Glycolipid Biosynthetic Process (GO:0009247),3,2300,47,0.9785009219684798,LARGE1;PIGU;ST3GAL2,0.9999999989852337
GO_BP_2025,up,Negative Regulation of Protein-Containing Complex Assembly (GO:0031333),3,2300,47,0.9785009219684798,SORL1;TRAF3IP1;TRIM31,0.9999999989852337
GO_BP_2025,up,Positive Regulation of Translation (GO:0045727),8,2300,95,0.9794144405692088,COA3;GUF1;JMJD4;METTL5;NGRN;PKM;PLXNB2;RMND1,0.9999999989852337
GO_BP_2025,up,Regulation of Epithelial to Mesenchymal Transition (GO:0010717),6,2300,77,0.9799380068154931,DAG1;EPHA4;FOXA1;OVOL2;TGFB2;ZNF750,0.9999999989852337
GO_BP_2025,up,Post-Transcriptional Regulation of Gene Expression (GO:0010608),4,2300,58,0.9804618869416608,B3GNTL1;MSI1;PER1;ZNF385A,0.9999999989852337
GO_BP_2025,up,Regulation of Endocytosis (GO:0030100),4,2300,58,0.9804618869416608,GPC3;HCK;SNX33;SYK,0.9999999989852337
GO_BP_2025,up,Cellular Response to Chemical Stress (GO:0062197),8,2300,96,0.9812380028592881,AIF1;ALDH3B1;NQO1;NUDT2;PRDX5;RBX1;SERPINB6;STOX1,0.9999999989852337
GO_BP_2025,up,Positive Regulation of Vasculature Development (GO:1904018),7,2300,87,0.981381430102607,BRCA1;EMILIN2;EMP2;HMGA2;PAK4;PDCD6;PIGU,0.9999999989852337
GO_BP_2025,up,Cellular Response to Lipid (GO:0071396),16,2300,165,0.9815748696743881,AKR1C3;CASP7;CHMP5;GSTP1;IL10;IRS1;LTK;MAPK14;PLCG2;PTK2B;RUVBL2;SLC5A5;SYK;UBE2L3;UPF1;WNT7B,0.9999999989852337
GO_BP_2025,up,Negative Regulation of Apoptotic Process (GO:0043066),45,2300,395,0.9825214974365697,ANXA4;AZU1;BAD;BCL2L1;BDNF;CASP2;CD38;CDK1;CEACAM5;CEACAM6;CERKL;CIB1;DSTYK;FANK1;FIGNL1;GCLC;GDNF;GSTP1;HCK;HMGA2;IGF1;IL10;IL13;LTK;MAPK8IP3;MAZ;MGMT;NCKAP1L;NFATC4;NTRK2;NUAK2;PAK4;PIDD1;PIM2;PLK1;PRDX5;PSMD10;PTK2B;SIAH2;SIX4;STIL;SYNGAP1;TOX3;VSTM2L;WDR73,0.9999999989852337
GO_BP_2025,up,Actomyosin Structure Organization (GO:0031032),4,2300,59,0.9825876000986583,ARRB1;EPB41L4B;PDLIM1;SIX4,0.9999999989852337
GO_BP_2025,up,Regulation of Interleukin-1 Beta Production (GO:0032651),4,2300,59,0.9825876000986583,AZU1;GSDMD;GSTP1;IGF1,0.9999999989852337
GO_BP_2025,up,Proteasomal Protein Catabolic Process (GO:0010498),35,2300,318,0.9826730444466261,ANKZF1;ARRB1;ARRB2;ASB9;DERL3;DTL;DTX4;FBXO2;FBXO7;GID8;IFI27;KCTD17;KLHDC3;KLHL5;KLHL6;PSMA4;PSMA5;PSMB5;PSMB9;RBX1;RHBDD2;RNF139;SEM1;SIAH2;SPSB2;TMEM67;TRIM13;TRIM3;UBE2C;UBE3D;UBQLN2;UBXN10;UBXN11;USP19;ZNRF1,0.9999999989852337
GO_BP_2025,up,Heterochromatin Formation (GO:0031507),3,2300,49,0.9832412903688598,HMGA2;LMNB1;UHRF1,0.9999999989852337
GO_BP_2025,up,Positive Regulation of T Cell Differentiation (GO:0045582),3,2300,49,0.9832412903688598,ADAM8;ARID1A;NCKAP1L,0.9999999989852337
GO_BP_2025,up,Regulation of Ubiquitin-Dependent Protein Catabolic Process (GO:2000058),3,2300,49,0.9832412903688598,PTK2B;RNF139;ZNF418,0.9999999989852337
GO_BP_2025,up,Positive Regulation of RNA Biosynthetic Process (GO:1902680),55,2300,472,0.9832927033198305,ACTR8;ACVR1;ARID1A;BMP7;BRCA1;CAMKK2;CD38;CD4;CEP290;CRLF3;DYRK1B;E2F1;FANK1;FOXE1;FOXM1;HAS3;HMGA2;HNF1B;IGF1;IL10;KDM8;LYL1;MAPRE3;MAZ;MECOM;MED24;MESP1;MYB;NAT14;NEK4;NFE2;NIF3L1;OTX2;PHF8;PIM2;PRDM10;PSRC1;RFX3;RUVBL1;RUVBL2;SETD7;SIX4;SPNS1;SUPT20H;TAF6;TFPT;TNNI2;TP53INP1;TP73;TRERF1;WNT4;ZBTB48;ZFP90;ZKSCAN3;ZNF318,0.9999999989852337
GO_BP_2025,up,Positive Regulation of Cytokine Production (GO:0001819),25,2300,240,0.9835693636137273,ADRA2A;AGPAT1;AIF1;BRCA1;C1QTNF3;C1QTNF4;C3;CD4;DHX58;FCER1G;GAPDH;GSDMD;HILPDA;IL10;IL13;IL18R1;MAPK14;PLCG2;POU2AF1;SETD4;SORL1;SULF1;SYK;TLR3;ZFPM1,0.9999999989852337
GO_BP_2025,up,Protein Metabolic Process (GO:0019538),55,2300,473,0.9840489537175845,ACD;ADAM8;AZU1;BAG2;BPNT1;CAPN10;CAPN13;CAPN14;CAPN5;CAPN9;CAPNS1;CASP7;CISD3;CNDP2;CTSK;CYP2S1;DPP8;FAM111A;FBXO2;GSN;ICMT;IGF2BP3;ISCA2;KCTD11;KLK10;LOX;LRP8;MMP15;MRPL13;MRPL40;MRPL42;MRPL51;MRPS21;MSRB1;NPEPL1;PARP4;PCOLCE;PHEX;PRSS3;PSEN2;PSENEN;PSMB5;RAB12;RABGGTA;RNPEP;SIAH2;SVBP;TGM1;TMEM260;TMPRSS4;TPSAB1;TPSB2;UBAC1;UBE2L3;XPNPEP1,0.9999999989852337
GO_BP_2025,up,Oxidative Phosphorylation (GO:0006119),4,2300,60,0.9844929843165473,NDUFA8;NDUFAB1;NDUFB5;SDHA,0.9999999989852337
GO_BP_2025,up,Positive Regulation of Immune Response (GO:0050778),5,2300,70,0.9846298147175531,IL10;NMI;SH2D1B;TGFB2;TRIM56,0.9999999989852337
GO_BP_2025,up,Regulation of Endothelial Cell Proliferation (GO:0001936),5,2300,70,0.9846298147175531,ALOX5;ATP5IF1;PDCD6;PROX1;SULF1,0.9999999989852337
GO_BP_2025,up,Positive Regulation of Cell Motility (GO:2000147),20,2300,201,0.9851071745394844,ACVR1;ADRA2A;AIF1;CCL15;CEACAM6;CFAP20;CIB1;CLDN3;DUOX1;EPHA4;FYCO1;GPNMB;IGF1;MAZ;MGAT5;NTN1;PTK2B;RHOD;SEMA4F;TRIM32,0.9999999989852337
GO_BP_2025,up,Intracellular Monoatomic Cation Homeostasis (GO:0030003),13,2300,143,0.9857374705140046,ACVR2B;ATP12A;ATP13A1;ATP13A4;ATP13A5;ATP2B4;ATP2C2;CCL15;CYB561A3;EDN2;NPTN;TESMIN;TMEM94,0.9999999989852337
GO_BP_2025,up,Positive Regulation of Cell-Substrate Adhesion (GO:0010811),4,2300,61,0.9861993335649916,CIB1;EMP2;FBLN1;PTK2B,0.9999999989852337
GO_BP_2025,up,Positive Regulation of Protein Localization to Nucleus (GO:1900182),5,2300,71,0.9862232046282353,CDK1;ECT2;EFCAB7;LIMK2;PLK1,0.9999999989852337
GO_BP_2025,up,Positive Regulation of Canonical NF-kappaB Signal Transduction (GO:0043123),18,2300,186,0.9866095643770769,BST2;CD4;CXXC5;ECT2;EDA2R;GAPDH;IRAK3;NDFIP2;PIM2;PLEKHG5;PPP5C;RBX1;S100A4;SHISA5;TRIM13;TRIM32;TRIM62;TSPAN6,0.9999999989852337
GO_BP_2025,up,Cellular Response to Metal Ion (GO:0071248),6,2300,81,0.9867080135047192,ADCY7;AKR1C3;ALOX5AP;CPNE2;ECT2;PLCG2,0.9999999989852337
GO_BP_2025,up,Regulation of Blood Vessel Endothelial Cell Migration (GO:0043535),3,2300,51,0.98697121252164,ATP2B4;MAPK14;PIGU,0.9999999989852337
GO_BP_2025,up,Regulation of Protein Localization to Nucleus (GO:1900180),3,2300,51,0.98697121252164,CDK1;LIMK2;PLK1,0.9999999989852337
GO_BP_2025,up,Response to Cytokine (GO:0034097),9,2300,109,0.987035892491601,BCL2L1;BST2;DPYSL3;IFITM2;IFITM3;IRAK3;TIMP4;TRIM32;TRIM56,0.9999999989852337
GO_BP_2025,up,Positive Regulation of Angiogenesis (GO:0045766),8,2300,100,0.9871371677103901,BRCA1;EMILIN2;EMP2;HMGA2;PAK4;PDCD6;PIGU;PKM,0.9999999989852337
GO_BP_2025,up,Protein Catabolic Process (GO:0030163),7,2300,91,0.9874473762257954,AFG1L;CASP7;CTSK;DTX4;FBXO2;RAB12;SPATA18,0.9999999989852337
GO_BP_2025,up,Antimicrobial Humoral Immune Response Mediated by Antimicrobial Peptide (GO:0061844),3,2300,52,0.9885230636071222,CCL15;GAPDH;HMGN2,0.9999999989852337
GO_BP_2025,up,Response to Molecule of Bacterial Origin (GO:0002237),3,2300,52,0.9885230636071222,IL10;IRAK3;S100A8,0.9999999989852337
GO_BP_2025,up,Cellular Response to Tumor Necrosis Factor (GO:0071356),5,2300,73,0.988953560321276,BRCA1;CIB1;PTK2B;RRAGA;TXNDC17,0.9999999989852337
GO_BP_2025,up,Regulation of Endothelial Cell Migration (GO:0010594),5,2300,73,0.988953560321276,EMP2;PDCD6;PROX1;PTK2B;SVBP,0.9999999989852337
GO_BP_2025,up,Negative Regulation of TOR Signaling (GO:0032007),4,2300,63,0.9890910408777008,ENDOG;PDCD6;TNFAIP8L1;WDR24,0.9999999989852337
GO_BP_2025,up,Regulation of Translational Initiation (GO:0006446),4,2300,63,0.9890910408777008,EIF2AK1;EIF2B2;EIF4E2;MIF4GD,0.9999999989852337
GO_BP_2025,up,Golgi Organization (GO:0007030),9,2300,111,0.9892285276570186,CDK1;COG1;COG6;COG7;DYNC2H1;PLK1;TRAPPC12;VRK1;ZNF501,0.9999999989852337
GO_BP_2025,up,Protein Localization to Plasma Membrane (GO:0072659),9,2300,111,0.9892285276570186,ANK1;EMP2;MRAP2;PACS2;PLEKHF1;RAB11A;RAB34;RAMP1;ZDHHC7,0.9999999989852337
GO_BP_2025,up,Positive Regulation of Cell Population Proliferation (GO:0008284),39,2300,358,0.9893335501737072,ADRA2A;AIF1;AKR1C3;BAD;BCL7A;BST2;C5AR1;CAPNS1;CEACAM6;CIB1;CNOT6;CTF1;E2F1;EDN2;EMP2;EPHA4;FBLN1;FOXM1;GDNF;GID8;GNAI2;HCK;HILPDA;HMGA2;IGF1;IL5RA;IRS1;MATK;MAZ;NACC1;NTRK2;PROX1;PTK2B;PTPN6;RTKN2;TGFB2;TMEM250;TSPYL5;TTK,0.9999999989852337
GO_BP_2025,up,Positive Regulation of Macromolecule Biosynthetic Process (GO:0010557),28,2300,271,0.9893819233662104,AZU1;BMP7;BPNT1;BRCA1;CLDN3;DNMT1;E2F1;EPB41L4B;FBLN1;GDNF;GSN;HMGA2;IGF1;IL13;IRS1;LGALS9C;MAPK14;MAZ;NTRK2;NWD1;OVOL2;PLCG2;RFXAP;STOX1;TGFB2;TLR3;TNNC1;VPS35,0.9999999989852337
GO_BP_2025,up,Chromatin Remodeling (GO:0006338),24,2300,239,0.9896177899430567,ACTR8;ARID1A;ARTN;BCL7A;BRCA1;CARM1;FOXA1;HDAC9;HDGFL2;KDM4B;NUDT5;PCGF2;PER1;PHF8;PRMT3;PRMT7;PSIP1;RUVBL1;RUVBL2;SETD4;TFPT;UHRF1;USP51;VRK1,0.9999999989852337
GO_BP_2025,up,rRNA Metabolic Process (GO:0016072),7,2300,93,0.9897324414512071,EXOSC7;METTL5;PIH1D2;SLFN13;SPNS1;WDR18;WDR55,0.9999999989852337
GO_BP_2025,up,Positive Regulation of Lymphocyte Proliferation (GO:0050671),3,2300,53,0.9898961529001834,CD38;NCKAP1L;TNFRSF13C,0.9999999989852337
GO_BP_2025,up,Proteolysis Involved in Protein Catabolic Process (GO:0051603),5,2300,75,0.9911653586990515,ANKZF1;CTSK;DTX4;PDCD6IP;ZYG11B,0.9999999989852337
GO_BP_2025,up,Positive Regulation of Cellular Process (GO:0048522),54,2300,478,0.9913107924766603,ADAM8;ADRA2A;AIF1;AKR1C3;ARID1A;AZU1;BCL7A;C3;CAPN10;CAPNS1;CEACAM6;CFAP20;CIB1;CNOT6;CTF1;DNPH1;DUOX1;EDN2;EMP2;EPB41L4B;EPHA4;FOXM1;GDNF;GID8;GNAI2;HCK;HDGFL2;HILPDA;IGF1;IL5RA;IRS1;MATK;MAZ;NACC1;NTN1;NTRK2;PLA2G10;PROX1;PSMD10;PTK2B;PTPN6;RHOD;RTKN2;S100A8;SLC44A4;SLC6A6;TENM4;TGFB2;TGM1;TMEM250;TNFRSF18;TRIM32;TSPYL5;TTK,0.9999999989852337
GO_BP_2025,up,T Cell Activation (GO:0042110),5,2300,76,0.9921064424885929,CD4;CEACAM21;PTPN6;RBX1;SPNS1,0.9999999989852337
GO_BP_2025,up,Positive Regulation of Binding (GO:0051099),3,2300,55,0.9921826758050635,CDT1;IGF1;MED25,0.9999999989852337
GO_BP_2025,up,Regulation of Cellular Localization (GO:0060341),3,2300,55,0.9921826758050635,BORA;GSN;TMEM231,0.9999999989852337
GO_BP_2025,up,Positive Regulation of Programmed Cell Death (GO:0043068),21,2300,219,0.9925051703060631,AIFM1;BAD;BCL2L1;BMF;BOK;CASP2;CIDEB;E2F1;ECT2;EMILIN2;ERCC3;FANK1;FOXA1;MELK;MTCH2;NEURL1;PDCD6;PIDD1;PNMA1;TAF6;TFPT,0.9999999989852337
GO_BP_2025,up,Positive Regulation of Developmental Process (GO:0051094),18,2300,194,0.9926068486015202,ACVR1;ARID1A;B4GALT5;BASP1;BCL7A;BMP7;CDC20;DAG1;FOXO6;GDNF;KMT5C;LRP8;NEURL1;OTX2;SAP30;SLC6A6;SORL1;VPS35,0.9999999989852337
GO_BP_2025,up,Positive Regulation of Endothelial Cell Migration (GO:0010595),5,2300,77,0.9929514727436693,MAPK14;PDCD6;PIGU;PROX1;PTK2B,0.9999999989852337
GO_BP_2025,up,Cellular Response to Unfolded Protein (GO:0034620),3,2300,56,0.9931295629155806,DERL3;PACRG;RHBDD2,0.9999999989852337
GO_BP_2025,up,Regulation of Inflammatory Response (GO:0050727),16,2300,178,0.9931928466483255,ALOX5;C1QTNF3;GSDMD;HCK;IL10;IL13;MAP3K8;MVK;NMI;PTGES;S100A8;SETD4;TLR3;TNNC1;USP18;VPS35,0.9999999989852337
GO_BP_2025,up,Plasma Membrane Organization (GO:0007009),4,2300,67,0.9932341831379975,CHMP5;DMKN;SNX33;SYTL4,0.9999999989852337
GO_BP_2025,up,Endomembrane System Organization (GO:0010256),15,2300,170,0.9935338975098977,COG1;COG6;COG7;DYNC2H1;LAPTM4B;LMNB1;NUP93;PLEKHF1;REEP4;RNF26;SEC31B;SNX33;TRAPPC12;VPS11;ZNF501,0.9999999989852337
GO_BP_2025,up,Regulation of Canonical NF-kappaB Signal Transduction (GO:0043122),24,2300,246,0.9935524251567692,ARRB2;BST2;CD4;CXXC5;ECT2;EDA2R;GAPDH;GSTP1;IRAK3;NDFIP2;NLRX1;PER1;PIDD1;PIM2;PLCG2;PLEKHG5;PPP5C;RBX1;S100A4;SHISA5;TRIM13;TRIM32;TRIM62;TSPAN6,0.9999999989852337
GO_BP_2025,up,Negative Regulation of Gene Expression (GO:0010629),31,2300,304,0.9939289478443617,AGO4;ATP2B4;C1QTNF3;CAPRIN1;CLDN3;DHFR;DNMT1;EIF4E2;EPHA4;GAPDH;GPNMB;HDAC9;HEY2;IGF1;IGF2BP3;IGFBP5;IL10;LSM5;MRPL13;NDFIP2;NPTN;OVOL2;RBM24;RNF139;SPI1;STOX1;TGFB2;TRIM37;TYMS;UPK3B;WNT4,0.9999999989852337
GO_BP_2025,up,Modification-Dependent Protein Catabolic Process (GO:0019941),18,2300,197,0.9941252611972768,ARRB1;DTL;FBXL14;FBXL7;FBXO7;HERC6;NDFIP2;RBX1;RNF26;SIAH2;SPSB2;TRIM31;TRIM32;UBE2C;UBE2L3;UBQLN2;UHRF1;WDR81,0.9999999989852337
GO_BP_2025,up,Cellular Response to Molecule of Bacterial Origin (GO:0071219),6,2300,89,0.9943406534226001,CASP7;CHMP5;GSTP1;IL10;MAPK14;UPF1,0.9999999989852337
GO_BP_2025,up,Cell-Matrix Adhesion (GO:0007160),5,2300,79,0.9943895488195483,EMP2;ITGA3;PKD1;RCC2;RHOD,0.9999999989852337
GO_BP_2025,up,Cellular Response to Starvation (GO:0009267),10,2300,128,0.9948430108239039,BECN1;FBF1;INHBB;NUAK2;PAK4;RRAGA;TRIM32;TTC5;VPS41;WDR24,0.9999999989852337
GO_BP_2025,up,Negative Regulation of Developmental Process (GO:0051093),6,2300,90,0.9949268644956891,BCL7A;FOXJ1;FUZ;HEY2;SAP30;SPI1,0.9999999989852337
GO_BP_2025,up,Positive Regulation of Hydrolase Activity (GO:0051345),5,2300,80,0.9949987036290364,ARAP1;DOCK8;ECT2;PLXNB1;SRGAP2,0.9999999989852337
GO_BP_2025,up,Ubiquitin-Dependent Protein Catabolic Process (GO:0006511),42,2300,395,0.9950047443968942,ARRB1;ARRB2;ASB9;CHMP5;DTL;DTX4;FBXL14;FBXL7;FBXO7;GID8;HERC6;IFI27;KCTD17;KLHDC3;KLHL5;KLHL6;MVB12B;NDFIP2;PSMA4;PSMA5;PSMB5;PSMB9;RBX1;RNF139;RNF26;SEM1;SIAH2;SPSB2;TRIM13;TRIM3;TRIM31;TRIM32;TSG101;UBE2C;UBE2L3;UBE3D;UBQLN2;UBXN11;UHRF1;VPS37D;WDR81;ZNRF1,0.9999999989852337
GO_BP_2025,up,Protein Localization to Membrane (GO:0072657),14,2300,165,0.9952732969161959,ANK1;AP4M1;ARL3;EMP2;LRRC4;MRAP2;PACS2;PLEKHF1;RAB11A;RAB34;RAMP1;RRAGA;WDR19;ZDHHC7,0.9999999989852337
GO_BP_2025,up,Transcription by RNA Polymerase II (GO:0006366),15,2300,176,0.9960699443398259,ARRB2;C5AR1;ERCC3;GTF2E2;GTF2H5;HSF2BP;MAZ;PIR;POLR2H;POLR2I;SNAPC1;SNAPC2;SNAPC3;TAF6;TRIP13,0.9999999989852337
GO_BP_2025,up,Cellular Response to Oxidative Stress (GO:0034599),8,2300,112,0.996082834719119,AIF1;ALDH3B1;CAMKK2;NQO1;NUDT2;PRDX5;PXDN;RBX1,0.9999999989852337
GO_BP_2025,up,Cellular Response to Growth Factor Stimulus (GO:0071363),9,2300,122,0.9962629286185097,ACVR1;ACVR2B;APPL2;BMP7;CIB1;DSTYK;DUSP22;MAPK14;WNT4,0.9999999989852337
GO_BP_2025,up,RNA Catabolic Process (GO:0006401),4,2300,72,0.9963230226223455,AGO4;EXOSC7;LSM5;SLFN13,0.9999999989852337
GO_BP_2025,up,Regulation of Cell Differentiation (GO:0045595),13,2300,159,0.9963300276499614,ALOX5;ARID1A;BCL7A;DAG1;EMP2;GDNF;HEY2;LTK;MBOAT2;NREP;PLEKHB1;SLC6A6;ZFHX2,0.9999999989852337
GO_BP_2025,up,Response to Endoplasmic Reticulum Stress (GO:0034976),15,2300,177,0.9963884180706357,AIFM1;ANKZF1;DERL3;FBXO2;RHBDD2;RNF139;RNF183;TMEM117;TMEM67;TMTC3;TRIM13;UBQLN2;UBXN10;UFC1;USP19,0.9999999989852337
GO_BP_2025,up,Positive Regulation of Apoptotic Process (GO:0043065),26,2300,272,0.9966674591292009,AIFM1;AKR1C3;BAD;BCL2L1;BMF;BOK;CARM1;CASP2;CASP7;CDK5;CIDEB;E2F1;ECT2;EMILIN2;ERCC3;FANK1;FOXA1;MELK;MTCH2;NEURL1;PDCD6;PIDD1;PNMA1;TAF6;TFPT;TGFB2,0.9999999989852337
GO_BP_2025,up,Regulation of mRNA Stability (GO:0043488),4,2300,74,0.9971292176247943,CARHSP1;E2F1;GDNF;RBM24,0.9999999989852337
GO_BP_2025,up,Regulation of Programmed Cell Death (GO:0043067),12,2300,155,0.997690988788955,BECN1;CDK5;CIDEB;DPP8;LRP8;MECOM;PTPN6;RUVBL1;RUVBL2;TNFRSF25;TOX3;XPNPEP1,0.9999999989852337
GO_BP_2025,up,Positive Regulation of Gene Expression (GO:0010628),34,2300,344,0.997793472754299,ADRA2A;AGPAT1;BMP7;BPNT1;BRCA1;C1QTNF3;CLDN3;DNMT1;E2F1;EPB41L4B;FBLN1;GAPDH;GDNF;GSN;GUF1;HILPDA;HMGA2;IGF1;IL10;IL13;LGALS9C;MAPK14;MAZ;METTL5;NTRK2;NWD1;OVOL2;PLCG2;PLXNB2;RBM24;STOX1;TLR3;TNNC1;VPS35,0.9999999989852337
GO_BP_2025,up,External Encapsulating Structure Organization (GO:0045229),3,2300,65,0.9978974149531152,MMP15;PXDN;TGM1,0.9999999989852337
GO_BP_2025,up,Response to Tumor Necrosis Factor (GO:0034612),3,2300,65,0.9978974149531152,BRCA1;CIB1;TRIM32,0.9999999989852337
GO_BP_2025,up,Intracellular Signaling Cassette (GO:0141124),28,2300,299,0.9984010150447414,ACKR2;ADAM8;ARL3;CAMKK2;CCDC88C;CNOT6;EIF2AK1;GDNF;IRAK1BP1;IRS1;MAP2K6;MAP3K19;MAP3K8;MOCOS;NFE2;PDE6B;PIK3R5;PLCE1;PLCG2;PPP1R9B;PPP5C;PTPN6;RBX1;RRAD;SIAH2;SPNS1;TMPRSS4;ZMIZ2,0.9999999989852337
GO_BP_2025,up,Positive Regulation of Biosynthetic Process (GO:0009891),4,2300,79,0.9984663226882735,HSD17B13;PLCG2;PRDX5;WNT4,0.9999999989852337
GO_BP_2025,up,Endoplasmic Reticulum to Golgi Vesicle-Mediated Transport (GO:0006888),6,2300,101,0.9985269326330207,CFAP73;PDCD6;RABGGTA;RANGRF;TRAPPC12;TRAPPC9,0.9999999989852337
GO_BP_2025,up,Regulation of Cell Population Proliferation (GO:0042127),64,2300,591,0.998632206007963,ADRA2A;AIF1;AKR1C3;BCL7A;BOK;CAPNS1;CEACAM6;CIB1;CLDN3;CLMN;CNOT6;CTF1;EDN2;EID2;EMILIN2;EMP2;EPHA4;FABP7;FOXM1;FUT3;FUZ;GAS8;GDNF;GID8;GNAI2;GPNMB;HCK;HILPDA;IGF1;IL10;IL5RA;IRS1;LTK;MATK;MAZ;NACC1;NACC2;NEURL1;NMI;NTRK2;NUAK1;P3H1;PIM2;PPP1R9B;PROX1;PTK2B;PTPN6;PTPRU;RBM38;RNF139;RTKN2;SETD4;SIX4;SMYD2;SQLE;TAF6;TGFB2;TMEM250;TP53INP1;TP73;TRNP1;TSPYL5;TTK;UHRF1,0.9999999989852337
GO_BP_2025,up,Response to Lipopolysaccharide (GO:0032496),8,2300,123,0.9987651351326576,CASP7;CHMP5;GSTP1;IL10;IRAK3;MAPK14;S100A8;UPF1,0.9999999989852337
GO_BP_2025,up,Positive Regulation of Cell Migration (GO:0030335),25,2300,282,0.9991520392652061,ACVR1;ADRA2A;AIF1;CCL15;CEACAM6;CIB1;CLDN3;EPHA4;FBLN1;FYCO1;GPNMB;IGF1;MAZ;MGAT5;NCKAP1L;PDCD6;PLCG2;PROX1;PTK2B;RAB11A;RHOD;SEMA4F;TGFB2;TNFRSF18;TRIM32,0.9999999989852337
GO_BP_2025,up,rRNA Processing (GO:0006364),6,2300,108,0.9993484118786536,EXOSC7;METTL5;PIH1D2;REXO5;WDR18;WDR55,0.9999999989852337
GO_BP_2025,up,Nuclear-Transcribed mRNA Catabolic Process (GO:0000956),4,2300,86,0.999373509557726,CNOT6;EXOSC7;SMG7;UPF1,0.9999999989852337
GO_BP_2025,up,RNA Biosynthetic Process (GO:0032774),7,2300,119,0.9993789424891956,E2F1;EXOSC7;NAT14;PPP5C;PRIM2;TAF6;TCEA2,0.9999999989852337
GO_BP_2025,up,Regulation of Cellular Component Organization (GO:0051128),9,2300,140,0.9994164623593087,ARAP1;EGLN2;HJURP;IRAK3;MKI67;MUC12;PAK4;SNCAIP;TNNC1,0.9999999989852337
GO_BP_2025,up,Cellular Response to Oxygen-Containing Compound (GO:1901701),25,2300,287,0.999426645274872,ABCC1;ATP2B4;CAMKK2;CASP7;CDK5;CHMP5;EPHA4;GSTP1;IGF1;IGFBP5;IL10;IRS1;KCNE1;LTK;MAPK14;P2RY2;PRDX5;PTK2B;PXDN;RUVBL2;SLC26A6;SLC5A5;SYK;UPF1;WNT7B,0.9999999989852337
GO_BP_2025,up,RNA Splicing (GO:0008380),4,2300,87,0.9994495642942123,PPP1R9B;SNRNP25;SNRNP35;ZRSR2,0.9999999989852337
GO_BP_2025,up,Regulation of Apoptotic Process (GO:0042981),61,2300,587,0.9995476530852309,AIFM1;ANXA4;AZU1;BAD;BCL2L1;BMF;BOK;CASP2;CD38;CDK1;CDK5;CEACAM5;CERKL;CIB1;CIDEB;DSTYK;E2F1;ECT2;EGLN2;EGLN3;EMILIN2;ERCC3;FANK1;FIGNL1;FOXA1;GCLC;GDNF;GSTP1;HCK;HMGA2;IGF1;IL10;LRP8;LTK;MAPK8IP3;MELK;MGMT;MTCH2;NCKAP1L;NEURL1;NUAK2;PDCD6;PIDD1;PIM2;PLK1;PNMA1;PRDX5;PSMD10;PTK2B;PTPN6;RUVBL1;RUVBL2;SIAH2;SIX4;STIL;SYNGAP1;TAF6;TFPT;TNFRSF25;TOX3;WDR73,0.9999999989852337
GO_BP_2025,up,"RNA Splicing, via Transesterification Reactions With Bulged Adenosine as Nucleophile (GO:0000377)",11,2300,163,0.9995833594234379,DDX41;GEMIN6;GPATCH1;LSM5;PPIL3;PRPF40B;RBM41;SF3B6;SNRNP35;USP49;ZRSR2,0.9999999989852337
GO_BP_2025,up,Macromolecule Biosynthetic Process (GO:0009059),12,2300,173,0.999595322191244,ALAS1;B4GALT5;GCNT1;HAS3;IGF2BP3;LARGE1;MRPL13;MRPL40;MRPL42;MRPL51;MRPS21;ST3GAL2,0.9999999989852337
GO_BP_2025,up,Regulation of RNA Splicing (GO:0043484),4,2300,97,0.999851895181076,AHNAK2;RBM38;SUPT20H;TELO2,0.9999999989852337
GO_BP_2025,up,Translation (GO:0006412),14,2300,210,0.9999311584294943,GFM2;IARS2;IGF2BP3;MRPL13;MRPL14;MRPL40;MRPL42;MRPL51;MRPL57;MRPS10;MRPS21;MRPS23;MRPS31;MRPS9,0.9999999989852337
GO_BP_2025,up,Negative Regulation of DNA-templated Transcription (GO:0045892),85,2300,811,0.9999361301262729,ACVR2B;BASP1;BCL7A;BMP7;BRCA1;CBX8;CBY1;CD38;CDK5;CIPC;CIR1;CRYM;CXXC5;DEPDC1;DUSP22;E2F1;E2F7;EID2;EID2B;FAM220A;FOXE1;FOXJ1;FOXM1;GCLC;GDNF;HDAC9;HEY2;HMGA2;HSBP1;IFI27;KAT14;KCTD1;KDM8;L3MBTL2;LOXL3;MAZ;MDFI;MECOM;MED25;MESP1;MIER2;MYB;MYPOP;MZF1;NACC1;NACC2;NFATC4;NIF3L1;NMNAT1;NPAS1;NR2F6;OVOL2;PCGF2;PER1;PHC2;PHF21A;PLK1;PRDX5;PROX1;PSMD10;RFX3;RITA1;SAP30;SIX4;SMYD2;SOX21;SPI1;TBX18;THAP11;TRERF1;TRIM37;TSHZ3;UHRF1;USP2;WNT4;ZBTB12;ZBTB18;ZBTB26;ZFPM1;ZKSCAN3;ZMYND8;ZNF174;ZNF282;ZNF318;ZNF750,0.9999999989852337
GO_BP_2025,up,mRNA Metabolic Process (GO:0016071),3,2300,93,0.9999560636223243,AGO4;LSM5;TRMT61B,0.9999999989852337
GO_BP_2025,up,"mRNA Splicing, via Spliceosome (GO:0000398)",12,2300,202,0.9999806491749978,DDX41;GEMIN6;GPATCH1;LSM5;PPIL3;PRMT7;PRPF40B;RBM41;SF3B6;SNRNP35;USP49;ZRSR2,0.9999999989852337
GO_BP_2025,up,Negative Regulation of Transcription by RNA Polymerase II (GO:0000122),54,2300,579,0.9999808354867298,ACVR2B;CBX8;CIR1;CRYM;CXXC5;DUSP22;E2F1;E2F7;EID2;FAM220A;FOXE1;FOXJ1;FOXM1;GDNF;HDAC9;HEY2;HMGA2;HSBP1;IFI27;KAT14;MAZ;MDFI;MED25;MIER2;MYB;MYPOP;MZF1;NACC2;NIF3L1;NR2F6;PCGF2;PER1;PHF21A;PLK1;PROX1;PSMD10;RITA1;SAP30;SMYD2;SOX21;SPI1;TBX18;THAP11;TRIM37;UHRF1;USP2;ZBTB12;ZBTB18;ZBTB26;ZFPM1;ZKSCAN3;ZMYND8;ZNF174;ZNF750,0.9999999989852337
GO_BP_2025,up,mRNA Processing (GO:0006397),13,2300,213,0.9999822194918057,CPSF3;DDX41;GEMIN6;GPATCH1;LSM5;PPIL3;PRPF40B;RBM41;SF3B6;SNRNP35;TRMT61B;USP49;ZRSR2,0.9999999989852337
GO_BP_2025,up,Ribosome Biogenesis (GO:0042254),7,2300,151,0.9999863228706379,AK8;EXOSC7;HEATR3;METTL5;PIH1D2;WDR18;WDR55,0.9999999989852337
GO_BP_2025,up,protein-RNA Complex Assembly (GO:0022618),5,2300,128,0.9999875870262502,AGO4;GEMIN6;PRMT7;SHQ1;ZRSR2,0.9999999989852337
GO_BP_2025,up,Regulation of RNA Biosynthetic Process (GO:2001141),30,2300,388,0.999994981001442,ACTR8;ACVR2B;ASCC1;ATF7IP2;CARM1;E2F1;EFEMP1;GDNF;HMGA2;KAT14;LYL1;MYB;MYCBP;MZF1;PRMT3;PRMT7;RFX3;RUVBL1;RUVBL2;SAP30;SOX21;SPI1;SPNS1;TESMIN;UBE2L3;VGLL1;ZNF273;ZNF280C;ZNF282;ZNF714,0.9999999989852337
GO_BP_2025,up,Ribonucleoprotein Complex Biogenesis (GO:0022613),3,2300,113,0.9999975231250564,AK8;HEATR3;SHQ1,0.9999999989852337
GO_BP_2025,up,RNA Processing (GO:0006396),15,2300,274,0.9999997876396157,DTWD2;EXOSC7;INTS5;LSM5;METTL5;PIH1D2;POP7;PPP1R9B;SNRNP25;SNRNP35;TRMT61B;TSEN2;WDR18;WDR55;ZRSR2,0.9999999989852337
GO_BP_2025,up,Gene Expression (GO:0010467),21,2300,339,0.9999998524391193,AZU1;CASP7;CISD3;DDX19B;E2F1;EXOSC7;IGF2BP3;ISCA2;KLK10;MRPL13;MRPL40;MRPL42;MRPL51;MRPS21;NUP133;PPP5C;SMG7;THOC5;TMEM260;UBAC1;UPF1,0.9999999989852337
GO_BP_2025,up,Regulation of Gene Expression (GO:0010468),76,2300,882,0.9999999967516021,ACTR8;ACVR2B;AHNAK2;AIF1;ASCC1;ATF7IP2;ATP2B4;BMP7;BPNT1;BRCA1;C1QTNF3;CARM1;CLDN3;DNMT1;E2F1;EFEMP1;EPB41L4B;FBLN1;GDNF;GSN;HDAC9;HEY2;HMGA2;IGF1;IGF2BP3;IL10;IL13;KAT14;KDM4B;LGALS9C;LYL1;MAPK14;MAZ;MEGF8;MYB;MYCBP;MZF1;NDFIP2;NTRK2;NWD1;OVOL2;PER1;PLCG2;PRMT3;PRMT7;PROX1;RBM38;RFX3;RUVBL1;RUVBL2;SAP30;SOX21;SPI1;SPNS1;STOX1;SUPT20H;TCF19;TELO2;TESMIN;TGFB2;TLR3;TMPRSS4;TNNC1;TP73;UBE2L3;UHRF1;UPK3B;VGLL1;VPS35;WNT4;ZBTB12;ZBTB26;ZNF273;ZNF280C;ZNF282;ZNF714,0.9999999989852337
GO_BP_2025,up,Positive Regulation of Transcription by RNA Polymerase II (GO:0045944),63,2300,783,0.9999999989852338,ACVR1;ARRB1;BRCA1;CRLF3;E2F1;E2F7;EFCAB7;FOXA1;FOXJ1;FOXM1;GDNF;HES6;HEY2;HMGA2;HNF1B;HOXB2;IGF1;IL13;MED18;MED22;MED24;MED25;MED31;MESP1;MYB;MZF1;NFATC4;NRF1;OTX2;PER1;PFKM;PHF8;PKD1;PKM;PLAC8;POU2AF1;POU2F3;PRDM10;PRDM15;PROX1;PSIP1;RFX3;RFX7;RFXAP;RUVBL2;SETD4;SOX21;SPAG8;SPI1;SPIB;SSBP3;SSBP4;TAF6;TLR3;TOX3;TP73;TRERF1;UHRF1;ZBTB18;ZFPM1;ZMIZ2;ZMYND8;ZNF750,0.9999999989852337
Reactome_2024,down,Neuronal System,18,335,225,2.0788137039023156e-06,CACNA2D1;CACNB4;CPLX1;EPB41L3;GLRB;GNG11;GNG7;GRIA2;GRIP1;KCNAB1;KCNC4;KCNMA1;KCNN4;MAPT;NCALD;NRGN;PLCB1;SLITRK5,0.00032845256521656584
Reactome_2024,down,G Alpha (I) Signalling Events,13,335,164,6.027301541641759e-05,CCL28;CCL5;CXCL12;CXCL5;GNG11;GNG7;ITPR2;NPY1R;PDE4B;PLCB1;PPP1R1B;PTGER3;RGS16,0.0027896666704523895
Reactome_2024,down,Type I Hemidesmosome Assembly,4,335,11,6.359542032160185e-05,COL17A1;DST;ITGA6;KRT14,0.0027896666704523895
Reactome_2024,down,Signaling by GPCR,21,335,374,7.062447266968075e-05,ARHGEF40;CCL2;CCL28;CCL5;CHRM3;CXCL12;CXCL5;EDNRB;GNG11;GNG7;ITPR2;NPY1R;PDE11A;PDE3B;PDE4B;PLCB1;PPP1R1B;PTCH2;PTGER3;PTH2R;RGS16,0.0027896666704523895
Reactome_2024,down,GPCR Downstream Signalling,19,335,333,0.00012650898408705225,ARHGEF40;CCL28;CCL5;CHRM3;CXCL12;CXCL5;EDNRB;GNG11;GNG7;ITPR2;NPY1R;PDE11A;PDE3B;PDE4B;PLCB1;PPP1R1B;PTGER3;PTH2R;RGS16,0.003997683897150851
Reactome_2024,down,GPCR Ligand Binding,13,335,181,0.00016384384342666284,CCL2;CCL28;CCL5;CHRM3;CXCL12;CXCL5;EDNRB;GNG11;GNG7;NPY1R;PTCH2;PTGER3;PTH2R,0.00418699446333321
Reactome_2024,down,Transmission Across Chemical Synapses,12,335,160,0.00019449654251796328,CACNA2D1;CACNB4;CPLX1;GLRB;GNG11;GNG7;GRIA2;GRIP1;MAPT;NCALD;NRGN;PLCB1,0.00418699446333321
Reactome_2024,down,Transport of Small Molecules,25,335,526,0.000211999719662441,ANKH;ANO1;ANO5;APOD;AQP1;ATP2A3;AZGP1;CA2;CLCA4;CLIC2;GNG11;GNG7;LDLR;RYR3;SLC13A2;SLC22A17;SLC22A3;SLC2A3;SLC2A9;SLC39A8;SLC43A1;SLC5A1;SLCO1A2;TF;TTYH1,0.00418699446333321
Reactome_2024,down,Potassium Channels,6,335,47,0.0005051211226252251,GNG11;GNG7;KCNAB1;KCNC4;KCNMA1;KCNN4,0.008867681930531729
Reactome_2024,down,Chemokine Receptors Bind Chemokines,5,335,32,0.0005796231000310892,CCL2;CCL28;CCL5;CXCL12;CXCL5,0.00915804498049121
Reactome_2024,down,Activation of Kainate Receptors Upon Glutamate Binding,4,335,21,0.0009715232719138195,GNG11;GNG7;NCALD;PLCB1,0.013954606996580316
Reactome_2024,down,Peptide Ligand-Binding Receptors,7,335,75,0.001190008510292677,CCL2;CCL28;CCL5;CXCL12;CXCL5;EDNRB;NPY1R,0.01500043815458462
Reactome_2024,down,Neurotransmitter Receptors and Postsynaptic Signal Transmission,9,335,121,0.001283036364006144,GLRB;GNG11;GNG7;GRIA2;GRIP1;MAPT;NCALD;NRGN;PLCB1,0.01500043815458462
Reactome_2024,down,Platelet Homeostasis,6,335,57,0.0014240922298656286,ATP2A3;GNG11;GNG7;ITPR2;KCNMA1;PDE11A,0.01500043815458462
Reactome_2024,down,Regulation of Insulin Secretion,6,335,57,0.0014240922298656286,CHRM3;GNG11;GNG7;ITPR2;PLCB1;RAPGEF3,0.01500043815458462
Reactome_2024,down,Class A 1 (Rhodopsin-like Receptors),9,335,127,0.0017981295197337498,CCL2;CCL28;CCL5;CHRM3;CXCL12;CXCL5;EDNRB;NPY1R;PTGER3,0.01775652900737078
Reactome_2024,down,Cellular Hexose Transport,3,335,14,0.003081838624949204,SLC2A3;SLC2A9;SLC5A1,0.028642970749527895
Reactome_2024,down,G Beta Gamma Signalling Through PLC Beta,3,335,15,0.0037909063404588978,GNG11;GNG7;PLCB1,0.030146818330625953
Reactome_2024,down,Presynaptic Function of Kainate Receptors,3,335,15,0.0037909063404588978,GNG11;GNG7;PLCB1,0.030146818330625953
Reactome_2024,down,Glucagon-like Peptide-1 (GLP1) Regulates Insulin Secretion,4,335,30,0.003816052953243791,GNG11;GNG7;ITPR2;RAPGEF3,0.030146818330625953
Reactome_2024,down,Opioid Signalling,6,335,72,0.00467853730716454,GNG11;GNG7;ITPR2;PDE4B;PLCB1;PPP1R1B,0.03476157176812789
Reactome_2024,down,Ion Homeostasis,4,335,32,0.004840218853789959,ATP2A3;CLIC2;ITPR2;RYR3,0.03476157176812789
Reactome_2024,down,Ca2+ Pathway,5,335,52,0.005256774882443349,GNG11;GNG7;ITPR2;MYC;PLCB1,0.035231038048735126
Reactome_2024,down,Stimuli-sensing Channels,6,335,74,0.005351550083352171,ANO1;ANO5;CLCA4;CLIC2;RYR3;TTYH1,0.035231038048735126
Reactome_2024,down,Immunoregulatory Interactions Between a Lymphoid and a non-Lymphoid Cell,6,335,82,0.008764475869407321,CD8A;CD96;COL17A1;ITGA4;SFTPD;TRBC1,0.053261045667936796
Reactome_2024,down,Integration of Energy Metabolism,6,335,82,0.008764475869407321,CHRM3;GNG11;GNG7;ITPR2;PLCB1;RAPGEF3,0.053261045667936796
Reactome_2024,down,SLC-mediated Transmembrane Transport,9,335,163,0.009251294515298231,APOD;SLC13A2;SLC22A3;SLC2A3;SLC2A9;SLC39A8;SLC43A1;SLC5A1;SLCO1A2,0.054137204941374834
Reactome_2024,down,Hemostasis,18,335,452,0.009993887658298731,ATP2A3;CAV1;CEACAM1;EGF;F5;GNG11;GNG7;ITGA4;ITGA6;ITPR2;KCNMA1;LHFPL2;PDE11A;PLAT;RAPGEF3;SERPINA3;SPARC;TF,0.05639408035754284
Reactome_2024,down,Collagen Formation,5,335,63,0.011729497989338068,COL17A1;COLGALT2;DST;ITGA6;LOXL2,0.06390554076949706
Reactome_2024,down,Cell-Cell Communication,7,335,117,0.013804556928296654,CADM1;CLDN22;COL17A1;DST;ITGA6;KRT14;SFTPD,0.07221411251663952
Reactome_2024,down,Cell Junction Organization,6,335,91,0.014208053736928315,CADM1;CLDN22;COL17A1;DST;ITGA6;KRT14,0.07221411251663952
Reactome_2024,down,Assembly of Collagen Fibrils and Other Multimeric Structures,4,335,44,0.014922410970809154,COL17A1;DST;ITGA6;LOXL2,0.07221411251663952
Reactome_2024,down,"Platelet Activation, Signaling and Aggregation",10,335,207,0.015082694386386734,EGF;F5;GNG11;GNG7;ITPR2;LHFPL2;RAPGEF3;SERPINA3;SPARC;TF,0.07221411251663952
Reactome_2024,down,G Alpha (Q) Signalling Events,7,335,120,0.015682401192859102,CHRM3;EDNRB;GNG11;GNG7;ITPR2;PLCB1;RGS16,0.07287704083740407
Reactome_2024,down,Extracellular Matrix Organization,10,335,211,0.0170206295094017,ADAMTS1;CEACAM1;COL17A1;COLGALT2;DST;HTRA1;ITGA4;ITGA6;LOXL2;SPARC,0.07683598464244196
Reactome_2024,down,G-protein Beta Gamma Signalling,3,335,26,0.018175110729577785,GNG11;GNG7;PLCB1,0.07976854153536916
Reactome_2024,down,Class B 2 (Secretin Family Receptors),4,335,48,0.0200017249455066,GNG11;GNG7;PTCH2;PTH2R,0.08459431825286891
Reactome_2024,down,Platelet Degranulation,6,335,99,0.02071864278641159,EGF;F5;LHFPL2;SERPINA3;SPARC;TF,0.08459431825286891
Reactome_2024,down,G Alpha (S) Signalling Events,5,335,73,0.02106827134121395,GNG11;GNG7;PDE11A;PDE3B;PTH2R,0.08459431825286891
Reactome_2024,down,Signaling by ERBB4,4,335,49,0.02141827540068674,CXCL12;EGF;S100B;SPARC,0.08459431825286891
Reactome_2024,down,Nuclear Signaling by ERBB4,3,335,28,0.022186649590468305,CXCL12;S100B;SPARC,0.08459431825286891
Reactome_2024,down,Ion Channel Transport,7,335,131,0.024119417039873716,ANO1;ANO5;ATP2A3;CLCA4;CLIC2;RYR3;TTYH1,0.08459431825286891
Reactome_2024,down,Kidney Development,3,335,29,0.02435850392464613,FOXC1;ID4;SLIT2,0.08459431825286891
Reactome_2024,down,Retinoid Metabolism and Transport,3,335,29,0.02435850392464613,GPC6;LDLR;LRAT,0.08459431825286891
Reactome_2024,down,Synthesis of PA,3,335,29,0.02435850392464613,GPAT2;GPD1;PLA2R1,0.08459431825286891
Reactome_2024,down,Response to Elevated Platelet Cytosolic Ca2+,6,335,103,0.024628725567290947,EGF;F5;LHFPL2;SERPINA3;SPARC;TF,0.08459431825286891
Reactome_2024,down,Vasopressin Regulates Renal Water Homeostasis via Aquaporins,3,335,31,0.029033857844072822,AQP1;GNG11;GNG7,0.09760318168858523
Reactome_2024,down,Metabolism of Vitamins and Cofactors,8,335,168,0.03029029033224922,ALDH1L2;ENPP1;GPC6;LDLR;LRAT;QPRT;SLC2A3;TCN1,0.09970553901032035
Reactome_2024,down,Muscle Contraction,6,335,109,0.03137102546811,ACTA2;ATP2A3;CLIC2;ITPR2;MYH11;RYR3,0.10115555150941591
Reactome_2024,down,Metabolism of Fat-Soluble Vitamins,3,335,33,0.03414878620958502,GPC6;LDLR;LRAT,0.10791016442228868
Reactome_2024,down,NGF-stimulated Transcription,3,335,35,0.03969808316337983,ID3;ID4;TF,0.12298621842772577
Reactome_2024,down,Aquaporin-mediated Transport,3,335,36,0.04263341083933948,AQP1;GNG11;GNG7,0.12641574271384864
Reactome_2024,down,G Alpha (Z) Signalling Events,3,335,36,0.04263341083933948,GNG11;GNG7;RGS16,0.12641574271384864
Reactome_2024,down,Post-translational Modification Synthesis of GPI-anchored Proteins,4,335,61,0.04320538042118878,CNTN4;LY6K;LYPD5;PRSS21,0.12641574271384864
Reactome_2024,down,ESR-mediated Signaling,7,335,151,0.04655655001098905,CAV1;CXCL12;EGF;GNG11;GNG7;MYC;NRIP1,0.13156352073954244
Reactome_2024,down,Beta-catenin Independent WNT Signaling,6,335,120,0.046630108616546685,GNG11;GNG7;ITPR2;MYC;PLCB1;RAC3,0.13156352073954244
Reactome_2024,down,RND1 GTPase Cycle,3,335,39,0.05206870986625955,CAV1;DST;RND1,0.14433080980471943
Reactome_2024,down,Signaling by WNT,9,335,222,0.0533512648864704,CAV1;GNG11;GNG7;ITPR2;MYC;PLCB1;RAC3;RUNX3;SFRP1,0.14467676587619416
Reactome_2024,down,Cardiac Conduction,4,335,66,0.05494054400361804,ATP2A3;CLIC2;ITPR2;RYR3,0.14467676587619416
Reactome_2024,down,Extra-nuclear Estrogen Signaling,4,335,66,0.05494054400361804,CAV1;EGF;GNG11;GNG7,0.14467676587619416
Reactome_2024,down,RHOC GTPase Cycle,4,335,68,0.060069908186872474,ARHGEF40;CAV1;DLC1;STARD13,0.15338913988147043
Reactome_2024,down,Sensory Perception,6,335,128,0.060190675143361815,EBF1;EPB41L3;GPC6;KCNMA1;LDLR;LRAT,0.15338913988147043
Reactome_2024,down,Signaling by Receptor Tyrosine Kinases,15,335,453,0.06949952661692554,CAV1;CXCL12;EGF;ELMO1;ID3;ID4;ITPR2;MYC;PDE3B;PLAT;S100B;SPARC;TEC;TF;TGFBR3,0.17430040008689263
Reactome_2024,down,IRE1alpha Activates Chaperones,3,335,45,0.07364482271946456,DNAJB9;ERN1;SRPRA,0.18181065608867814
Reactome_2024,down,Signaling by Nuclear Receptors,8,335,206,0.08036400390770493,APOD;CAV1;CXCL12;EGF;GNG11;GNG7;MYC;NRIP1,0.19532263879179262
Reactome_2024,down,"Transport of Bile Salts and Organic Acids, Metal Ions and Amine Compounds",3,335,47,0.08159046936872351,SLC13A2;SLC22A3;SLC39A8,0.19532263879179262
Reactome_2024,down,Peptide Hormone Metabolism,3,335,48,0.08569638566360471,DPP4;ERO1B;SEC11C,0.202089984102232
Reactome_2024,down,O-linked Glycosylation,4,335,78,0.08932605210411072,ADAMTS1;GALNT16;GALNT6;SBSPON,0.20755170930072786
Reactome_2024,down,Metabolism of Water-Soluble Vitamins and Cofactors,5,335,114,0.10223514410377797,ALDH1L2;ENPP1;QPRT;SLC2A3;TCN1,0.23410366331010027
Reactome_2024,down,Nuclear Events Mediated by NFE2L2,4,335,83,0.10609373316636798,CCL2;EGF;MYC;SOD3,0.23946871200408773
Reactome_2024,down,Unfolded Protein Response (UPR),4,335,85,0.11317309901479287,CCL2;DNAJB9;ERN1;SRPRA,0.25184999499066585
Reactome_2024,down,Post NMDA Receptor Activation Events,3,335,55,0.11673583001251708,GRIA2;MAPT;NRGN,0.2561702936385791
Reactome_2024,down,Visual Phototransduction,3,335,56,0.12147342194195221,GPC6;LDLR;LRAT,0.26253048540241736
Reactome_2024,down,Cargo Recognition for Clathrin-Mediated Endocytosis,4,335,88,0.12417099445396608,EGF;IL7R;LDLR;TF,0.26253048540241736
Reactome_2024,down,Drug ADME,3,335,57,0.12628048664926406,HSD11B2;SLC22A3;SLCO1A2,0.26253048540241736
Reactome_2024,down,Nuclear Events (Kinase and Transcription Factor Activation),3,335,57,0.12628048664926406,ID3;ID4;TF,0.26253048540241736
Reactome_2024,down,RHOB GTPase Cycle,3,335,62,0.15128231257213806,CAV1;DLC1;STARD13,0.310423446576595
Reactome_2024,down,Activation of NMDA Receptors and Postsynaptic Events,3,335,63,0.1564608367641642,GRIA2;MAPT;NRGN,0.31693348985561465
Reactome_2024,down,Developmental Biology,24,335,897,0.16868477947368113,ACVR1C;ADGRG6;ADIRF;CACNB4;CEACAM1;COX7A1;CXCL12;DSC2;EBF1;EDNRB;EFNB2;EGF;EPHA7;FOXC1;ID4;KRT14;MYC;MYH11;PRX;RAP1GAP;RND1;SLIT2;SPTBN5;TBX3,0.33736955894736226
Reactome_2024,down,Glycosaminoglycan Metabolism,4,335,100,0.1722527584129873,CHST1;CHST2;GPC6;HAS2,0.3382666815971018
Reactome_2024,down,Anti-inflammatory Response Favouring Leishmania Parasite Infection,3,335,67,0.1776970542567054,GNG11;GNG7;ITPR2,0.3382666815971018
Reactome_2024,down,G Alpha (12 13) Signalling Events,3,335,67,0.1776970542567054,ARHGEF40;GNG11;GNG7,0.3382666815971018
Reactome_2024,down,Leishmania Parasite Growth and Survival,3,335,67,0.1776970542567054,GNG11;GNG7;ITPR2,0.3382666815971018
Reactome_2024,down,Cell Surface Interactions at the Vascular Wall,4,335,105,0.19394692685494352,CAV1;CEACAM1;ITGA4;ITGA6,0.36480493384620327
Reactome_2024,down,Phase I - Functionalization of Compounds,3,335,71,0.1996670256739322,CYP2U1;CYP7B1;SMOX,0.37114576537036814
Reactome_2024,down,Post-translational Protein Phosphorylation,3,335,72,0.20525856880772508,F5;SPARCL1;TF,0.37657070052861324
Reactome_2024,down,KEAP1-NFE2L2 Pathway,4,335,108,0.2073522211771478,CCL2;EGF;MYC;SOD3,0.37657070052861324
Reactome_2024,down,Regulation of IGF Transport and Uptake by Insulin-like Growth Factor Binding Proteins (IGFBPs),3,335,79,0.2452845874568996,F5;SPARCL1;TF,0.4403973274794334
Reactome_2024,down,EPH-Ephrin Signaling,3,335,83,0.2686843999802604,EFNB2;EPHA7;MYH11,0.4769902831110241
Reactome_2024,down,Diseases of Metabolism,6,335,202,0.2750707894466811,ADAMTS1;CYP2U1;CYP7B1;GPC6;SBSPON;SFTPD,0.4829020525841735
Reactome_2024,down,Transcriptional Regulation by RUNX3,3,335,85,0.280481122174905,ITGA4;MYC;RUNX3,0.4865681197303488
Reactome_2024,down,COPI-mediated Anterograde Transport,3,335,86,0.2863976907273572,DYNC1I1;FOLR1;SPTBN5,0.4865681197303488
Reactome_2024,down,RAC3 GTPase Cycle,3,335,86,0.2863976907273572,CAV1;RAC3;SLITRK5,0.4865681197303488
Reactome_2024,down,Metabolism of Steroids,4,335,126,0.29225193940804467,CYP7B1;HSD11B2;HSD17B2;SLCO1A2,0.49123198326033035
Reactome_2024,down,Clathrin-mediated Endocytosis,4,335,127,0.29712437442658274,EGF;IL7R;LDLR;TF,0.4941647490463165
Reactome_2024,down,Estrogen-dependent Gene Expression,3,335,89,0.3042005614528671,CXCL12;MYC;NRIP1,0.5006634240578438
Reactome_2024,down,Sphingolipid Metabolism,3,335,90,0.31014728847302653,ARSJ;SGPP1;ST3GAL5,0.5044791069422009
Reactome_2024,down,Degradation of the Extracellular Matrix,3,335,91,0.3160976682739107,ADAMTS1;COL17A1;HTRA1,0.5044791069422009
Reactome_2024,down,Interleukin-4 and Interleukin-13 Signaling,3,335,91,0.3160976682739107,CCL2;FSCN1;MYC,0.5044791069422009
Reactome_2024,down,Cellular Response to Heat Stress,3,335,92,0.3220502078811783,CRYAB;HSPA13;HSPB8,0.5088393284522617
Reactome_2024,down,VEGFA-VEGFR2 Pathway,3,335,94,0.33395594990666716,CAV1;ELMO1;ITPR2,0.521075126703096
Reactome_2024,down,RHOA GTPase Cycle,4,335,135,0.33639027166908725,ARHGEF40;CAV1;DLC1;STARD13,0.521075126703096
Reactome_2024,down,Adipogenesis,3,335,95,0.3399063217633305,ADIRF;COX7A1;EBF1,0.5214096974621963
Reactome_2024,down,Metabolism of Lipids,15,335,612,0.35067622953530836,ARSJ;CAV1;CYP2U1;CYP7B1;ELOVL7;GPAT2;GPD1;HSD11B2;HSD17B2;PLA2R1;PLIN2;PNPLA7;SGPP1;SLCO1A2;ST3GAL5,0.524823640959027
Reactome_2024,down,ER to Golgi Anterograde Transport,4,335,138,0.35118873946557533,DYNC1I1;F5;FOLR1;SPTBN5,0.524823640959027
Reactome_2024,down,Cellular Response to Chemical Stress,5,335,180,0.35209687304846116,CCL2;COX7A1;EGF;MYC;SOD3,0.524823640959027
Reactome_2024,down,Signaling by TGFB Family Members,4,335,139,0.35612380281008205,ACVR1C;MYC;SMAD9;TGFBR3,0.5258650546167566
Reactome_2024,down,Signaling by VEGF,3,335,101,0.3754892909088413,CAV1;ELMO1;ITPR2,0.5428768176047419
Reactome_2024,down,Biological Oxidations,4,335,143,0.37585411188550266,CYP2U1;CYP7B1;GSTA4;SMOX,0.5428768176047419
Reactome_2024,down,TCF Dependent Signaling in Response to WNT,4,335,144,0.38078036816496874,CAV1;MYC;RUNX3;SFRP1,0.5428768176047419
Reactome_2024,down,Respiratory Syncytial Virus Infection Pathway,3,335,102,0.3813881440134579,CD14;GPC6;SEC11C,0.5428768176047419
Reactome_2024,down,Glycerophospholipid Biosynthesis,3,335,103,0.38727477880668376,GPAT2;GPD1;PLA2R1,0.5463340629594289
Reactome_2024,down,Signaling by NTRK1 (TRKA),3,335,104,0.39314807168249605,ID3;ID4;TF,0.5497114630604811
Reactome_2024,down,Leishmania Infection,4,335,148,0.40043798950019527,ELMO1;GNG11;GNG7;ITPR2,0.5501669768785292
Reactome_2024,down,Parasitic Infection Pathways,4,335,148,0.40043798950019527,ELMO1;GNG11;GNG7;ITPR2,0.5501669768785292
Reactome_2024,down,MITF-M-regulated Melanocyte Development,3,335,108,0.41648639156167383,CEACAM1;EDNRB;TBX3,0.5576682192096988
Reactome_2024,down,Toll Like Receptor 2 (TLR2) Cascade,3,335,108,0.41648639156167383,CD14;S100B;SFTPD,0.5576682192096988
Reactome_2024,down,Toll Like Receptor TLR1 TLR2 Cascade,3,335,108,0.41648639156167383,CD14;S100B;SFTPD,0.5576682192096988
Reactome_2024,down,Diseases of Glycosylation,3,335,109,0.42227715694459844,ADAMTS1;GPC6;SBSPON,0.5606705109012315
Reactome_2024,down,Metabolism of Amino Acids and Derivatives,7,335,286,0.42693963470484414,AASS;AGMAT;FOLH1;GATM;PSAT1;PYCR1;SMOX,0.5621371856947114
Reactome_2024,down,Nervous System Development,11,335,468,0.4362735276036337,ADGRG6;CACNB4;CXCL12;EFNB2;EPHA7;MYH11;PRX;RAP1GAP;RND1;SLIT2;SPTBN5,0.569679482325406
Reactome_2024,down,Signaling by NOTCH,4,335,160,0.4585893788775509,ACTA2;ATP2A3;EGF;MYC,0.593910834939779
Reactome_2024,down,Transport to the Golgi and Subsequent Modification,4,335,163,0.4728474783294294,DYNC1I1;F5;FOLR1;SPTBN5,0.6073975737890231
Reactome_2024,down,Cellular Responses to Stimuli,17,335,757,0.4769992417873753,AR;CCL2;COX7A1;CRYAB;DNAJB9;DYNC1I1;EGF;ERN1;ETS1;GNG11;GNG7;HSPA13;HSPB8;MYC;NRIP1;SOD3;SRPRA,0.6077893564710104
Reactome_2024,down,Signaling by NTRKs,3,335,120,0.4845019991031595,ID3;ID4;TF,0.6119198027475028
Reactome_2024,down,Neutrophil Degranulation,9,335,395,0.4879866781404137,CD14;CEACAM1;CHI3L1;HP;PADI2;PIGR;SERPINA3;SLC2A3;TCN1,0.6119198027475028
Reactome_2024,down,Cellular Responses to Stress,15,335,674,0.49699379156670803,AR;CCL2;COX7A1;CRYAB;DNAJB9;DYNC1I1;EGF;ERN1;ETS1;HSPA13;HSPB8;MYC;NRIP1;SOD3;SRPRA,0.6183072367522825
Reactome_2024,down,Phospholipid Metabolism,4,335,179,0.5462068928038665,GPAT2;GPD1;PLA2R1;PNPLA7,0.6742241333047727
Reactome_2024,down,Toll Like Receptor 4 (TLR4) Cascade,3,335,135,0.5637755563472181,CD14;S100B;SFTPD,0.6905157976965928
Reactome_2024,down,Signaling by Interleukins,8,335,376,0.572180090357203,CCL2;CCL5;FSCN1;IL7R;MYC;S100B;TEC;TSLP,0.6954188790495236
Reactome_2024,down,Metabolism of Carbohydrates,5,335,237,0.5874271668168289,CHST1;CHST2;GPC6;HAS2;SLC37A2,0.7044238977654398
Reactome_2024,down,Autophagy,3,335,140,0.5885060411711269,DYNC1I1;PLIN2;RNASE1,0.7044238977654398
Reactome_2024,down,CDC42 GTPase Cycle,3,335,143,0.602907044380641,CAV1;DLC1;STARD13,0.7162354361815133
Reactome_2024,down,Ub-specific Processing Proteases,3,335,144,0.6076331438745912,AR;MYC;RNF128,0.7164629606879508
Reactome_2024,down,Axon Guidance,9,335,446,0.634398843964099,CACNB4;CXCL12;EFNB2;EPHA7;MYH11;RAP1GAP;RND1;SLIT2;SPTBN5,0.7424816099727973
Reactome_2024,down,MAPK Family Signaling Cascades,5,335,254,0.6484287215825832,EGF;MRAS;MYC;RASAL1;SPTBN5,0.7533216030150599
Reactome_2024,down,Toll-like Receptor Cascades,3,335,155,0.6571215228007414,CD14;S100B;SFTPD,0.7578481795804171
Reactome_2024,down,SARS-CoV-2 Infection,5,335,264,0.6815449577197746,ANO1;ANO5;CAV1;GPC6;SFTPD,0.7755014507802255
Reactome_2024,down,RAF MAP Kinase Cascade,4,335,214,0.685758259604589,EGF;MRAS;RASAL1;SPTBN5,0.7755014507802255
Reactome_2024,down,RHO GTPase Cycle,8,335,417,0.6871531842356429,ARHGEF40;CAV1;DLC1;DST;RAC3;RND1;SLITRK5;STARD13,0.7755014507802255
Reactome_2024,down,Asparagine N-linked Glycosylation,5,335,271,0.7034512329344919,DYNC1I1;F5;FOLR1;SPTBN5;ST3GAL5,0.7859747309993474
Reactome_2024,down,MAPK1 MAPK3 Signaling,4,335,220,0.7063823531766287,EGF;MRAS;RASAL1;SPTBN5,0.7859747309993474
Reactome_2024,down,Signaling by Rho GTPases,11,335,592,0.7420762652400716,AR;ARHGEF40;CAV1;DLC1;DST;DYNC1I1;MYH11;RAC3;RND1;SLITRK5;STARD13,0.8158219375572807
Reactome_2024,down,Adaptive Immune System,12,335,643,0.7435339177737241,CD14;CD8A;CD96;COL17A1;CTSF;DYNC1I1;ITGA4;ITPR2;RAP1GAP;RAPGEF3;SFTPD;TRBC1,0.8158219375572807
Reactome_2024,down,"Signaling by Rho GTPases, Miro GTPases and RHOBTB3",11,335,607,0.7703763479657213,AR;ARHGEF40;CAV1;DLC1;DST;DYNC1I1;MYH11;RAC3;RND1;SLITRK5;STARD13,0.8394445722660963
Reactome_2024,down,Innate Immune System,15,335,827,0.7978402416994026,CD14;CEACAM1;CGAS;CHI3L1;ELMO1;HP;ITPR2;PADI2;PIGR;S100B;SERPINA3;SFTPD;SLC2A3;TCN1;TEC,0.8634161519760658
Reactome_2024,down,SARS-CoV Infections,6,335,370,0.8173732971249777,ANO1;ANO5;CAV1;GPC6;ITGA4;SFTPD,0.8785372853452141
Reactome_2024,down,Vesicle-mediated Transport,10,335,596,0.8373983142079394,DYNC1I1;EGF;F5;FOLR1;HP;IL7R;LDLR;SPARC;SPTBN5;TF,0.8939792813841515
Reactome_2024,down,Deubiquitination,3,335,216,0.8510517823630989,AR;MYC;RNF128,0.9024575947206015
Reactome_2024,down,Cytokine Signaling in Immune System,10,335,633,0.8849243042563231,CCL2;CCL5;FSCN1;IL7R;MAPT;MYC;PRLR;S100B;TEC;TSLP,0.9321202671499937
Reactome_2024,down,RHO GTPase Effectors,3,335,241,0.8976378406731802,AR;DYNC1I1;MYH11,0.9392501909030627
Reactome_2024,down,Membrane Trafficking,8,335,566,0.9278481285923109,DYNC1I1;EGF;F5;FOLR1;IL7R;LDLR;SPTBN5;TF,0.9576823827051453
Reactome_2024,down,Translation,3,335,270,0.9349862725599942,EEF1A2;SEC11C;SRPRA,0.9576823827051453
Reactome_2024,down,Infectious Disease,13,335,862,0.938586774675285,ANO1;ANO5;CAV1;CD14;DYNC1I1;ELMO1;GNG11;GNG7;GPC6;ITGA4;ITPR2;SEC11C;SFTPD,0.9576823827051453
Reactome_2024,down,Viral Infection Pathways,10,335,696,0.9394985399955539,ANO1;ANO5;CAV1;CD14;DYNC1I1;ELMO1;GPC6;ITGA4;SEC11C;SFTPD,0.9576823827051453
Reactome_2024,down,Diseases of Signal Transduction by Growth Factor Receptors and Second Messengers,3,335,405,0.9935189049854686,EGF;MRAS;MYC,0.9997437695079779
Reactome_2024,down,"Cell Cycle, Mitotic",3,335,464,0.997797500328823,DYNC1I1;MYC;PHLDA1,0.9997437695079779
Reactome_2024,down,Cell Cycle,3,335,577,0.9997437695079779,DYNC1I1;MYC;PHLDA1,0.9997437695079779
Reactome_2024,up,Cilium Assembly,66,2300,175,7.994853582231451e-14,ALMS1;ARL3;ARL6;B9D1;B9D2;BBIP1;BBS12;BBS2;BBS4;BBS5;CC2D2A;CDK1;CEP162;CEP164;CEP290;CEP72;CEP78;CEP89;CETN2;CLUAP1;DYNC2H1;DYNC2LI1;DYNLL1;DYNLRB1;DYNLRB2;FBF1;HAUS3;HAUS5;HSPB11;IFT122;IFT140;IFT172;IFT22;IFT27;IFT43;IFT46;IFT52;IFT80;IFT81;IFT88;INPP5E;KIF3B;LZTFL1;MKS1;NDE1;NEK2;NPHP1;NPHP4;PKD1;PLK1;PLK4;RAB11A;RPGRIP1L;SDCCAG8;TCTN1;TCTN2;TMEM67;TRAF3IP1;TTC26;TTC8;TUBA1A;TUBB2B;TUBG1;UNC119B;WDR19;WDR35,7.16338880967938e-11
Reactome_2024,up,Intraflagellar Transport,25,2300,42,3.576539622120421e-11,CLUAP1;DYNC2H1;DYNC2LI1;DYNLL1;DYNLRB1;DYNLRB2;HSPB11;IFT122;IFT140;IFT172;IFT22;IFT27;IFT43;IFT46;IFT52;IFT80;IFT81;IFT88;KIF3B;TRAF3IP1;TTC26;TUBA1A;TUBB2B;WDR19;WDR35,1.6022897507099485e-08
Reactome_2024,up,Organelle Biogenesis and Maintenance,74,2300,262,1.6157280290754492e-08,ALAS1;ALMS1;APOO;ARL3;ARL6;B9D1;B9D2;BBIP1;BBS12;BBS2;BBS4;BBS5;CARM1;CC2D2A;CDK1;CEP162;CEP164;CEP290;CEP72;CEP78;CEP89;CETN2;CHCHD3;CLUAP1;DYNC2H1;DYNC2LI1;DYNLL1;DYNLRB1;DYNLRB2;FBF1;HAUS3;HAUS5;HSPB11;IFT122;IFT140;IFT172;IFT22;IFT27;IFT43;IFT46;IFT52;IFT80;IFT81;IFT88;INPP5E;KIF3B;LZTFL1;MAPK14;MKS1;MTX1;NDE1;NEK2;NPHP1;NPHP4;NRF1;PKD1;PLK1;PLK4;RAB11A;RPGRIP1L;SDCCAG8;SIRT5;TCTN1;TCTN2;TMEM67;TRAF3IP1;TTC26;TTC8;TUBA1A;TUBB2B;TUBG1;UNC119B;WDR19;WDR35,4.825641046838675e-06
Reactome_2024,up,Anchoring of the Basal Body to the Plasma Membrane,31,2300,94,8.324827899481154e-06,ALMS1;B9D1;B9D2;CC2D2A;CDK1;CEP162;CEP164;CEP290;CEP72;CEP78;CEP89;CETN2;DYNLL1;FBF1;HAUS3;HAUS5;MKS1;NDE1;NEK2;NPHP1;NPHP4;PLK1;PLK4;RAB11A;RPGRIP1L;SDCCAG8;TCTN1;TCTN2;TMEM67;TUBA1A;TUBG1,0.0018647614494837785
Reactome_2024,up,Kinesins,14,2300,42,0.002191101893319807,KIF11;KIF15;KIF19;KIF20A;KIF23;KIF26B;KIF27;KIF3B;KIF4A;KIF6;KIF9;RACGAP1;TUBA1A;TUBB2B,0.3926454592829094
Reactome_2024,up,Chromosome Maintenance,23,2300,89,0.004822393595846636,ACD;CCNA2;CENPI;CENPK;CENPM;CENPO;CENPQ;CENPU;HJURP;LIG1;PCNA;POLD3;POLR2H;POLR2I;POT1;PRIM2;RFC5;RPA3;RUVBL1;RUVBL2;SHQ1;STN1;WRAP53,0.6924201925809632
Reactome_2024,up,BBSome-mediated Cargo-Targeting to Cilium,8,2300,21,0.007922414841048437,ARL6;BBIP1;BBS12;BBS2;BBS4;BBS5;LZTFL1;TTC8,0.6924201925809632
Reactome_2024,up,Arachidonate Metabolism,11,2300,34,0.008155450847107577,ABCC1;AKR1C3;ALOX5;ALOX5AP;CBR1;GPX2;GPX4;HPGDS;PTGES;PTGR1;PTGS1,0.6924201925809632
Reactome_2024,up,Cargo Trafficking to the Periciliary Membrane,13,2300,44,0.009720732392254796,ARL3;ARL6;BBIP1;BBS12;BBS2;BBS4;BBS5;INPP5E;LZTFL1;PKD1;RAB11A;TTC8;UNC119B,0.6924201925809632
Reactome_2024,up,Extension of Telomeres,14,2300,49,0.01018866306604482,ACD;CCNA2;LIG1;PCNA;POLD3;POT1;PRIM2;RFC5;RPA3;RUVBL1;RUVBL2;SHQ1;STN1;WRAP53,0.6924201925809632
Reactome_2024,up,Metabolism of Steroid Hormones,8,2300,22,0.010852228344376656,AKR1B1;FDXR;SRD5A1;SRD5A2;SRD5A3;STARD3;STS;TSPOAP1,0.6924201925809632
Reactome_2024,up,RHO GTPases Activate NADPH Oxidases,8,2300,22,0.010852228344376656,CYBB;MAPK14;NCF1;NCF2;NCF4;PIN1;RAC2;S100A8,0.6924201925809632
Reactome_2024,up,Dectin-2 Family,6,2300,14,0.011093151693672865,FCER1G;MUC12;MUC16;MUC4;PLCG2;SYK,0.6924201925809632
Reactome_2024,up,Carboxyterminal Post-Translational Modifications of Tubulin,10,2300,31,0.011698844646106122,AGBL2;LRRC49;SVBP;TPGS2;TTLL10;TTLL13P;TTLL6;TTLL9;TUBA1A;TUBB2B,0.6924201925809632
Reactome_2024,up,G1 S-Specific Transcription,9,2300,27,0.013126181784321895,CDC25A;CDK1;CDT1;DHFR;E2F1;PCNA;RRM2;TK1;TYMS,0.6924201925809632
Reactome_2024,up,Mitotic Prometaphase,39,2300,186,0.015436841507749125,ALMS1;B9D2;BUB1;BUB1B;CCNB1;CCNB2;CDC20;CDK1;CENPI;CENPK;CENPM;CENPO;CENPQ;CENPU;CEP164;CEP290;CEP72;CEP78;CETN2;DYNLL1;HAUS3;HAUS5;MAD2L1;NDE1;NEK2;NME7;NSL1;NUF2;NUP133;PLK1;PLK4;RCC2;SDCCAG8;SKA2;TUBA1A;TUBB2B;TUBG1;TUBGCP2;ZWINT,0.6924201925809632
Reactome_2024,up,Loss of Nlp From Mitotic Centrosomes,17,2300,67,0.016942910793718926,ALMS1;CDK1;CEP164;CEP290;CEP72;CEP78;CETN2;DYNLL1;HAUS3;HAUS5;NDE1;NEK2;PLK1;PLK4;SDCCAG8;TUBA1A;TUBG1,0.6924201925809632
Reactome_2024,up,Loss of Proteins Required for Interphase Microtubule Organization From the Centrosome,17,2300,67,0.016942910793718926,ALMS1;CDK1;CEP164;CEP290;CEP72;CEP78;CETN2;DYNLL1;HAUS3;HAUS5;NDE1;NEK2;PLK1;PLK4;SDCCAG8;TUBA1A;TUBG1,0.6924201925809632
Reactome_2024,up,Hedgehog 'Off' State,21,2300,88,0.017260914670411753,ADCY7;ADCY9;DYNC2H1;FUZ;IFT122;IFT140;IFT172;IFT52;IFT88;INTU;MKS1;PSMA4;PSMA5;PSMB5;RBX1;RPGRIP1L;SEM1;TUBA1A;TUBB2B;WDR19;WDR35,0.6924201925809632
Reactome_2024,up,Recruitment of NuMA to Mitotic Centrosomes,20,2300,83,0.017884855585778053,ALMS1;CDK1;CEP164;CEP290;CEP72;CEP78;CETN2;DYNLL1;HAUS3;HAUS5;NDE1;NEK2;NME7;PLK1;PLK4;SDCCAG8;TUBA1A;TUBB2B;TUBG1;TUBGCP2,0.6924201925809632
Reactome_2024,up,Resolution of Sister Chromatid Cohesion,25,2300,110,0.018367196091619332,B9D2;BUB1;BUB1B;CCNB1;CCNB2;CDC20;CDK1;CENPI;CENPK;CENPM;CENPO;CENPQ;CENPU;DYNLL1;MAD2L1;NDE1;NSL1;NUF2;NUP133;PLK1;RCC2;SKA2;TUBA1A;TUBB2B;ZWINT,0.6924201925809632
Reactome_2024,up,Centrosome Maturation,19,2300,79,0.021039583890991337,ALMS1;CDK1;CEP164;CEP290;CEP72;CEP78;CETN2;DYNLL1;HAUS3;HAUS5;NDE1;NEK2;NME7;PLK1;PLK4;SDCCAG8;TUBA1A;TUBG1;TUBGCP2,0.6924201925809632
Reactome_2024,up,Recruitment of Mitotic Centrosome Proteins and Complexes,19,2300,79,0.021039583890991337,ALMS1;CDK1;CEP164;CEP290;CEP72;CEP78;CETN2;DYNLL1;HAUS3;HAUS5;NDE1;NEK2;NME7;PLK1;PLK4;SDCCAG8;TUBA1A;TUBG1;TUBGCP2,0.6924201925809632
Reactome_2024,up,N-glycan Antennae Elongation in the Medial trans-Golgi,7,2300,20,0.02106079061524077,B4GALT4;B4GALT5;CHST10;FUT3;MGAT3;MGAT4B;MGAT5,0.6924201925809632
Reactome_2024,up,Phosphorylation of the APC C,7,2300,20,0.02106079061524077,ANAPC10;CCNB1;CDC16;CDC26;CDK1;PLK1;UBE2C,0.6924201925809632
Reactome_2024,up,Mitotic Spindle Checkpoint,24,2300,106,0.021467927410651455,ANAPC10;B9D2;BUB1;BUB1B;CDC16;CDC20;CDC26;CENPI;CENPK;CENPM;CENPO;CENPQ;CENPU;DYNLL1;MAD2L1;NDE1;NSL1;NUF2;NUP133;PLK1;RCC2;SKA2;UBE2C;ZWINT,0.6924201925809632
Reactome_2024,up,Regulation of PLK1 Activity at G2 M Transition,20,2300,85,0.022925331091739807,ALMS1;BORA;CCNB1;CCNB2;CDK1;CEP164;CEP290;CEP72;CEP78;CETN2;DYNLL1;HAUS3;HAUS5;NDE1;NEK2;PLK1;PLK4;SDCCAG8;TUBA1A;TUBG1,0.6924201925809632
Reactome_2024,up,Activation of APC C and APC C Cdc20 Mediated Degradation of Mitotic Proteins,16,2300,64,0.023054426676927003,ANAPC10;BUB1B;CCNA2;CCNB1;CDC16;CDC20;CDC26;CDK1;MAD2L1;NEK2;PLK1;PSMA4;PSMA5;PSMB5;SEM1;UBE2C,0.6924201925809632
Reactome_2024,up,Telomere Maintenance,16,2300,64,0.023054426676927003,ACD;CCNA2;LIG1;PCNA;POLD3;POLR2H;POLR2I;POT1;PRIM2;RFC5;RPA3;RUVBL1;RUVBL2;SHQ1;STN1;WRAP53,0.6924201925809632
Reactome_2024,up,Synthesis of Prostaglandins (PG) and Thromboxanes (TX),5,2300,12,0.02318371180516618,AKR1C3;CBR1;HPGDS;PTGES;PTGS1,0.6924201925809632
Reactome_2024,up,O-linked Glycosylation of Mucins,12,2300,44,0.024050437728338016,B3GNT2;B3GNTL1;B4GALT5;CHST4;GALNT12;GALNT14;GALNT18;GCNT1;MUC12;MUC16;MUC4;ST3GAL2,0.6951352324061568
Reactome_2024,up,AURKA Activation by TPX2,17,2300,70,0.025658215202263957,ALMS1;CDK1;CEP164;CEP290;CEP72;CEP78;CETN2;DYNLL1;HAUS3;HAUS5;NDE1;NEK2;PLK1;PLK4;SDCCAG8;TUBA1A;TUBG1,0.7054947356770133
Reactome_2024,up,Inactivation of APC C via Direct Inhibition of the APC C Complex,7,2300,21,0.027629978502336935,ANAPC10;BUB1B;CDC16;CDC20;CDC26;MAD2L1;UBE2C,0.7054947356770133
Reactome_2024,up,Inhib of Proteolytic Activity of APC C Required for Onset of Anaphase by Mitotic Spindle Checkpoint,7,2300,21,0.027629978502336935,ANAPC10;BUB1B;CDC16;CDC20;CDC26;MAD2L1;UBE2C,0.7054947356770133
Reactome_2024,up,Telomere Extension By Telomerase,7,2300,21,0.027629978502336935,ACD;CCNA2;POT1;RUVBL1;RUVBL2;SHQ1;WRAP53,0.7054947356770133
Reactome_2024,up,FCGR3A-mediated IL10 Synthesis,11,2300,40,0.028345770629879998,ADCY7;ADCY9;FCGR2A;FCGR3A;HCK;IGHG4;IL10;ITPR3;PLCG2;PRKX;SYK,0.7054947356770133
Reactome_2024,up,APC-Cdc20 Mediated Degradation of Nek2A,8,2300,26,0.030733288183198242,ANAPC10;BUB1B;CDC16;CDC20;CDC26;MAD2L1;NEK2;UBE2C,0.7405168135110625
Reactome_2024,up,Mismatch Repair (MMR) Directed by MSH2 MSH3 (MutSbeta),5,2300,13,0.03314843786238437,LIG1;MSH3;PCNA;POLD3;RPA3,0.7405168135110625
Reactome_2024,up,Amplification of Signal From Unattached Kinetochores via a MAD2 Inhibitory Signal,20,2300,89,0.03618166130153222,B9D2;BUB1;BUB1B;CDC20;CENPI;CENPK;CENPM;CENPO;CENPQ;CENPU;DYNLL1;MAD2L1;NDE1;NSL1;NUF2;NUP133;PLK1;RCC2;SKA2;ZWINT,0.7405168135110625
Reactome_2024,up,Amplification of Signal From the Kinetochores,20,2300,89,0.03618166130153222,B9D2;BUB1;BUB1B;CDC20;CENPI;CENPK;CENPM;CENPO;CENPQ;CENPU;DYNLL1;MAD2L1;NDE1;NSL1;NUF2;NUP133;PLK1;RCC2;SKA2;ZWINT,0.7405168135110625
Reactome_2024,up,Activated NOTCH1 Transmits Signal to the Nucleus,8,2300,27,0.038146806666935644,ARRB1;ARRB2;DTX2;DTX4;NEURL1;NEURL1B;PSEN2;PSENEN,0.7405168135110625
Reactome_2024,up,Deposition of New CENPA-containing Nucleosomes at the Centromere,8,2300,27,0.038146806666935644,CENPI;CENPK;CENPM;CENPO;CENPQ;CENPU;HJURP;RUVBL1,0.7405168135110625
Reactome_2024,up,Nucleosome Assembly,8,2300,27,0.038146806666935644,CENPI;CENPK;CENPM;CENPO;CENPQ;CENPU;HJURP;RUVBL1,0.7405168135110625
Reactome_2024,up,RHO GTPases Activate Formins,26,2300,123,0.038349415001109714,B9D2;BUB1;BUB1B;CDC20;CENPI;CENPK;CENPM;CENPO;CENPQ;CENPU;DYNLL1;MAD2L1;NDE1;NSL1;NUF2;NUP133;PFN2;PLK1;RCC2;RHOD;SCAI;SKA2;SRGAP2;TUBA1A;TUBB2B;ZWINT,0.7405168135110625
Reactome_2024,up,EML4 and NUDC in Mitotic Spindle Formation,22,2300,101,0.03993412110724163,B9D2;BUB1;BUB1B;CDC20;CENPI;CENPK;CENPM;CENPO;CENPQ;CENPU;DYNLL1;MAD2L1;NDE1;NSL1;NUF2;NUP133;PLK1;RCC2;SKA2;TUBA1A;TUBB2B;ZWINT,0.7405168135110625
Reactome_2024,up,Fatty Acid Metabolism,28,2300,135,0.04056022115482413,ABCC1;ACAD10;ACAD11;ACBD5;ACBD6;ACOT13;ACOT4;ACOT8;AKR1C3;ALOX5;ALOX5AP;CBR1;CPT1B;EHHADH;GPX2;GPX4;HACD4;HPGDS;MCAT;MLYCD;NDUFAB1;NUDT19;NUDT7;PCTP;PTGES;PTGR1;PTGS1;SLC27A3,0.7405168135110625
Reactome_2024,up,APC C Cdc20 Mediated Degradation of Mitotic Proteins,15,2300,63,0.04073857500439432,ANAPC10;BUB1B;CCNA2;CCNB1;CDC16;CDC20;CDC26;CDK1;MAD2L1;NEK2;PSMA4;PSMA5;PSMB5;SEM1;UBE2C,0.7405168135110625
Reactome_2024,up,Signaling by Hedgehog,25,2300,119,0.04442998680224029,ADCY7;ADCY9;ARRB1;ARRB2;DYNC2H1;EFCAB7;FUZ;GAS8;IFT122;IFT140;IFT172;IFT52;IFT88;INTU;MKS1;PSMA4;PSMA5;PSMB5;RBX1;RPGRIP1L;SEM1;TUBA1A;TUBB2B;WDR19;WDR35,0.7405168135110625
Reactome_2024,up,Cyclin A B1 B2 Associated Events During G2 M Transition,7,2300,23,0.044624734529929835,CCNA2;CCNB1;CCNB2;CDC25A;CDK1;FOXM1;PLK1,0.7405168135110625
Reactome_2024,up,Mismatch Repair,5,2300,14,0.045401374622779656,LIG1;MSH3;PCNA;POLD3;RPA3,0.7405168135110625
Reactome_2024,up,Polo-like Kinase Mediated Events,5,2300,14,0.045401374622779656,CCNB1;CCNB2;CDC25A;FOXM1;PLK1,0.7405168135110625
Reactome_2024,up,ROS and RNS Production in Phagocytes,8,2300,28,0.04666725606917164,ATP6V1E1;ATP6V1F;ATP6V1H;CYBB;NCF1;NCF2;NCF4;RAC2,0.7405168135110625
Reactome_2024,up,APC C-mediated Degradation of Cell Cycle Proteins,17,2300,75,0.04708429935686615,ANAPC10;BUB1B;CCNA2;CCNB1;CDC14A;CDC16;CDC20;CDC26;CDK1;MAD2L1;NEK2;PLK1;PSMA4;PSMA5;PSMB5;SEM1;UBE2C,0.7405168135110625
Reactome_2024,up,Regulation of Mitotic Cell Cycle,17,2300,75,0.04708429935686615,ANAPC10;BUB1B;CCNA2;CCNB1;CDC14A;CDC16;CDC20;CDC26;CDK1;MAD2L1;NEK2;PLK1;PSMA4;PSMA5;PSMB5;SEM1;UBE2C,0.7405168135110625
Reactome_2024,up,Adenylate Cyclase Inhibitory Pathway,4,2300,10,0.048761709818250766,ADCY7;ADCY9;GNAI2;GNAL,0.7405168135110625
Reactome_2024,up,Eicosanoid Ligand-Binding Receptors,4,2300,10,0.048761709818250766,CYSLTR1;LTB4R2;PTGER1;PTGER2,0.7405168135110625
Reactome_2024,up,Pregnenolone Biosynthesis,4,2300,10,0.048761709818250766,AKR1B1;FDXR;STARD3;TSPOAP1,0.7405168135110625
Reactome_2024,up,Synthesis of Leukotrienes (LT) and Eoxins (EX),4,2300,10,0.048761709818250766,ABCC1;ALOX5;ALOX5AP;PTGR1,0.7405168135110625
Reactome_2024,up,The Canonical Retinoid Cycle in Rods (Twilight Vision),4,2300,10,0.048761709818250766,CYP4V2;DHRS9;RDH10;STRA6,0.7405168135110625
Reactome_2024,up,Gluconeogenesis,6,2300,19,0.051980932817037195,ENO2;ENO4;GAPDH;PGK1;SLC37A1;TPI1,0.7635232099027103
Reactome_2024,up,Processive Synthesis on the C-strand of the Telomere,6,2300,19,0.051980932817037195,ACD;LIG1;PCNA;POLD3;POT1;RPA3,0.7635232099027103
Reactome_2024,up,APC C Cdc20 Mediated Degradation of Cyclin B,7,2300,24,0.05518096670833565,ANAPC10;CCNB1;CDC16;CDC20;CDC26;CDK1;UBE2C,0.776610183979089
Reactome_2024,up,Resolution of D-loop Structures Through Synthesis-Dependent Strand Annealing (SDSA),7,2300,24,0.05518096670833565,BRCA1;RAD51AP1;RAD51D;RMI1;RMI2;SEM1;XRCC3,0.776610183979089
Reactome_2024,up,Telomere C-strand (Lagging Strand) Synthesis,9,2300,34,0.05622878270474957,ACD;LIG1;PCNA;POLD3;POT1;PRIM2;RFC5;RPA3;STN1,0.776610183979089
Reactome_2024,up,Interconversion of Nucleotide Di- and Triphosphates,8,2300,29,0.056338908435983014,AK1;AK2;AK7;AK8;AK9;RRM2;RRM2B;TYMS,0.776610183979089
Reactome_2024,up,Processive Synthesis on the Lagging Strand,5,2300,15,0.06000421359616915,LIG1;PCNA;POLD3;PRIM2;RPA3,0.7905834907407346
Reactome_2024,up,RA Biosynthesis Pathway,5,2300,15,0.06000421359616915,AKR1C3;CYP26A1;DHRS3;DHRS9;RDH10,0.7905834907407346
Reactome_2024,up,APC Cdc20 Mediated Degradation of Cell Cycle Proteins Prior to Satisfation of the Checkpoint,14,2300,61,0.06155609656936832,ANAPC10;BUB1B;CCNA2;CDC16;CDC20;CDC26;CDK1;MAD2L1;NEK2;PSMA4;PSMA5;PSMB5;SEM1;UBE2C,0.7905834907407346
Reactome_2024,up,DNA Repair,50,2300,272,0.06401313411960896,ACD;ACTR8;ASCC1;BRCA1;CCNA2;CETN2;DCLRE1A;DDB2;DTL;ERCC3;ERCC4;EYA4;FAAP100;FAAP20;FAAP24;FANCF;FANCI;FIGNL1;GTF2H5;KDM4B;LIG1;MGMT;MSH3;PCNA;PIAS3;PNKP;POLD3;POLI;POLQ;POLR2H;POLR2I;POT1;PPP4C;PPP5C;RAD51AP1;RAD51D;RBX1;RFC5;RMI1;RMI2;RPA3;RUVBL1;SEM1;SMUG1;TFPT;UBE2T;UBE2V2;XRCC1;XRCC3;XRCC4,0.7905834907407346
Reactome_2024,up,Visual Phototransduction,13,2300,56,0.06473115613019653,AKR1C3;BCO2;CYP4V2;DHRS3;DHRS9;GPC3;GPC4;LRP8;PDE6B;PLB1;RDH10;SDC1;STRA6,0.7905834907407346
Reactome_2024,up,Conversion From APC C Cdc20 to APC C Cdh1 in Late Anaphase,6,2300,20,0.06523242233209277,ANAPC10;CDC14A;CDC16;CDC20;CDC26;UBE2C,0.7905834907407346
Reactome_2024,up,Lagging Strand Synthesis,6,2300,20,0.06523242233209277,LIG1;PCNA;POLD3;PRIM2;RFC5;RPA3,0.7905834907407346
Reactome_2024,up,Fanconi Anemia Pathway,9,2300,35,0.06609081773455712,DCLRE1A;ERCC4;FAAP100;FAAP20;FAAP24;FANCF;FANCI;RPA3;UBE2T,0.7905834907407346
Reactome_2024,up,Beta-oxidation of Very Long Chain Fatty Acids,4,2300,11,0.06783691077178884,ACOT4;ACOT8;EHHADH;MLYCD,0.7905834907407346
Reactome_2024,up,Regulation of Innate Immune Responses to Cytosolic DNA,4,2300,11,0.06783691077178884,DDX41;DTX4;TRIM32;TRIM56,0.7905834907407346
Reactome_2024,up,Retrograde Neurotrophin Signalling,4,2300,11,0.06783691077178884,AP2A1;CLTA;CLTC;DNAL4,0.7905834907407346
Reactome_2024,up,RHOD GTPase Cycle,12,2300,51,0.06794076873553188,ANKFY1;ARHGAP39;EFHD2;FILIP1;LMNB1;MOSPD2;PAK6;PLXNB1;RACGAP1;RHOD;STEAP3;VANGL1,0.7905834907407346
Reactome_2024,up,Mitotic G2-G2 M Phases,33,2300,172,0.07241808365137575,ALMS1;BORA;CCNA2;CCNB1;CCNB2;CDC25A;CDK1;CEP164;CEP290;CEP72;CEP78;CETN2;DYNLL1;E2F1;FBXL7;FOXM1;HAUS3;HAUS5;NDE1;NEK2;NME7;PLK1;PLK4;PSMA4;PSMA5;PSMB5;RBX1;SDCCAG8;SEM1;TUBA1A;TUBB2B;TUBG1;TUBGCP2,0.8259023985453933
Reactome_2024,up,Regulation of APC C Activators Between G1 S and Early Anaphase,15,2300,68,0.07281951951460498,ANAPC10;BUB1B;CCNA2;CCNB1;CDC16;CDC20;CDC26;CDK1;MAD2L1;PLK1;PSMA4;PSMA5;PSMB5;SEM1;UBE2C,0.8259023985453933
Reactome_2024,up,Paracetamol ADME,5,2300,16,0.07695539693872544,ABCC1;CNDP2;GSTP1;NAT1;UGT1A6,0.8299286799360331
Reactome_2024,up,Glycolysis,14,2300,63,0.07716494620439208,ENO2;ENO4;GAPDH;HK1;NDC1;NUP133;NUP50;NUP93;PFKFB4;PFKM;PGK1;PGP;PKM;TPI1,0.8299286799360331
Reactome_2024,up,DNA Strand Elongation,8,2300,31,0.07924427093814089,GINS1;LIG1;MCM2;PCNA;POLD3;PRIM2;RFC5;RPA3,0.8299286799360331
Reactome_2024,up,Detoxification of Reactive Oxygen Species,8,2300,31,0.07924427093814089,CYBB;GPX2;GSTP1;NCF1;NCF2;NCF4;NUDT2;PRDX1,0.8299286799360331
Reactome_2024,up,Resolution of D-Loop Structures,8,2300,31,0.07924427093814089,BRCA1;FIGNL1;RAD51AP1;RAD51D;RMI1;RMI2;SEM1;XRCC3,0.8299286799360331
Reactome_2024,up,Resolution of D-loop Structures Through Holliday Junction Intermediates,8,2300,31,0.07924427093814089,BRCA1;FIGNL1;RAD51AP1;RAD51D;RMI1;RMI2;SEM1;XRCC3,0.8299286799360331
Reactome_2024,up,Peroxisomal Lipid Metabolism,7,2300,26,0.08058459280628893,ACBD5;ACOT4;ACOT8;EHHADH;MLYCD;NUDT19;NUDT7,0.8299286799360331
Reactome_2024,up,Polymerase Switching on the C-strand of the Telomere,7,2300,26,0.08058459280628893,ACD;PCNA;POLD3;POT1;PRIM2;RFC5;STN1,0.8299286799360331
Reactome_2024,up,RHO GTPase Effectors,44,2300,241,0.08512752371710211,ARPC3;B9D2;BAIAP2;BRK1;BUB1;BUB1B;CDC20;CENPI;CENPK;CENPM;CENPO;CENPQ;CENPU;CIT;CYBB;DLG4;DYNLL1;LIMK2;LIN7B;MAD2L1;MAPK14;MYL6;NCF1;NCF2;NCF4;NCKAP1L;NDE1;NSL1;NUF2;NUP133;PFN2;PIN1;PLK1;RAC2;RCC2;RHOD;RHPN1;S100A8;SCAI;SKA2;SRGAP2;TUBA1A;TUBB2B;ZWINT,0.8667529687559488
Reactome_2024,up,Glucose Metabolism,15,2300,70,0.0893308442765254,ENO2;ENO4;GAPDH;HK1;NDC1;NUP133;NUP50;NUP93;PFKFB4;PFKM;PGK1;PGP;PKM;SLC37A1;TPI1,0.897627835428553
Reactome_2024,up,N-Glycan Antennae Elongation,4,2300,12,0.09016351025510018,B4GALT4;B4GALT5;MGAT4B;MGAT5,0.897627835428553
Reactome_2024,up,GABA Receptor Activation,8,2300,32,0.0924964917796998,ADCY7;ADCY9;GABRB2;GNAI2;GNAL;KCNJ12;KCNJ16;NPTN,0.9048050999921253
Reactome_2024,up,G2 M Transition,32,2300,170,0.09290409508847716,ALMS1;BORA;CCNA2;CCNB1;CCNB2;CDC25A;CDK1;CEP164;CEP290;CEP72;CEP78;CETN2;DYNLL1;FBXL7;FOXM1;HAUS3;HAUS5;NDE1;NEK2;NME7;PLK1;PLK4;PSMA4;PSMA5;PSMB5;RBX1;SDCCAG8;SEM1;TUBA1A;TUBB2B;TUBG1;TUBGCP2,0.9048050999921253
Reactome_2024,up,Metabolism of Carbohydrates,43,2300,237,0.09483533247738916,ABO;AKR1B1;B3GALT6;B3GNT2;B4GALT4;B4GALT5;CHST11;CHST9;DSE;ENO2;ENO4;FUT11;FUT3;GALNS;GAPDH;GLB1L;GNS;GPC3;GPC4;HAS3;HK1;HS3ST4;NDC1;NDST2;NUP133;NUP50;NUP93;PFKFB4;PFKM;PGD;PGK1;PGM2;PGP;PKM;RBKS;SDC1;SGSH;SLC37A1;ST3GAL2;TKFC;TKT;TPI1;UST,0.9072715236092973
Reactome_2024,up,Removal of the Flap Intermediate From the C-strand,5,2300,17,0.09619508341839647,ACD;PCNA;POLD3;POT1;RPA3,0.9072715236092973
Reactome_2024,up,TP53 Regulates Transcription of Genes Involved in G2 Cell Cycle Arrest,5,2300,17,0.09619508341839647,CARM1;CCNB1;CDK1;PCNA;ZNF385A,0.9072715236092973
Reactome_2024,up,Cdc20 Phospho-APC C Mediated Degradation of Cyclin A,13,2300,60,0.10132938568930501,ANAPC10;BUB1B;CCNA2;CDC16;CDC20;CDC26;CDK1;MAD2L1;PSMA4;PSMA5;PSMB5;SEM1;UBE2C,0.9415469164050984
Reactome_2024,up,Global Genome Nucleotide Excision Repair (GG-NER),17,2300,83,0.10343786799304516,ACTR8;CETN2;DDB2;ERCC3;ERCC4;GTF2H5;LIG1;PCNA;PIAS3;POLD3;RBX1;RFC5;RPA3;RUVBL1;TFPT;UBE2V2;XRCC1,0.9415469164050984
Reactome_2024,up,Base Excision Repair,10,2300,44,0.10919939821914737,ACD;LIG1;PCNA;PNKP;POLD3;POT1;RFC5;RPA3;SMUG1;XRCC1,0.9415469164050984
Reactome_2024,up,Factors Involved in Megakaryocyte Development and Platelet Production,22,2300,113,0.11005350116085111,AK3;CDK5;DOCK6;DOCK8;KIF11;KIF15;KIF19;KIF20A;KIF23;KIF26B;KIF27;KIF3B;KIF4A;KIF6;KIF9;MYB;NFE2;PHF21A;RACGAP1;TUBA1A;TUBB2B;ZFPM1,0.9415469164050984
Reactome_2024,up,Anti-inflammatory Response Favouring Leishmania Parasite Infection,14,2300,67,0.11546652934172393,ADCY7;ADCY9;CYSLTR1;FCGR2A;FCGR3A;GNAI2;HCK;IGHG4;IL10;ITPR3;MAPK14;PLCG2;PRKX;SYK,0.9415469164050984
Reactome_2024,up,Leishmania Parasite Growth and Survival,14,2300,67,0.11546652934172393,ADCY7;ADCY9;CYSLTR1;FCGR2A;FCGR3A;GNAI2;HCK;IGHG4;IL10;ITPR3;MAPK14;PLCG2;PRKX;SYK,0.9415469164050984
Reactome_2024,up,Biosynthesis of Specialized Proresolving Mediators (SPMs),4,2300,13,0.11550354242964053,ALOX5;ALOX5AP;GPX4;PTGR1,0.9415469164050984
Reactome_2024,up,Crosslinking of Collagen Fibrils,4,2300,13,0.11550354242964053,LOX;LOXL3;PCOLCE;PXDN,0.9415469164050984
Reactome_2024,up,Mismatch Repair (MMR) Directed by MSH2 MSH6 (MutSalpha),4,2300,13,0.11550354242964053,LIG1;PCNA;POLD3;RPA3,0.9415469164050984
Reactome_2024,up,Pentose Phosphate Pathway,4,2300,13,0.11550354242964053,PGD;PGM2;RBKS;TKT,0.9415469164050984
Reactome_2024,up,Telomere C-strand Synthesis Initiation,4,2300,13,0.11550354242964053,ACD;POT1;PRIM2;STN1,0.9415469164050984
Reactome_2024,up,Defective HDR Through Homologous Recombination Repair Due to PALB2 Loss of BRCA1 Binding Function,6,2300,23,0.11559169732651876,BRCA1;RAD51AP1;RAD51D;RMI1;RMI2;SEM1,0.9415469164050984
Reactome_2024,up,Defective HDR Through Homologous Recomb Repair Due to PALB2 Loss of BRCA2 RAD51 RAD51C Binding Fnc,6,2300,23,0.11559169732651876,BRCA1;RAD51AP1;RAD51D;RMI1;RMI2;SEM1,0.9415469164050984
Reactome_2024,up,Defective Homologous Recombination Repair (HRR) Due to BRCA1 Loss of Function,6,2300,23,0.11559169732651876,BRCA1;RAD51AP1;RAD51D;RMI1;RMI2;SEM1,0.9415469164050984
Reactome_2024,up,Defective Homologous Recombination Repair (HRR) Due to PALB2 Loss of Function,6,2300,23,0.11559169732651876,BRCA1;RAD51AP1;RAD51D;RMI1;RMI2;SEM1,0.9415469164050984
Reactome_2024,up,FCGR Activation,5,2300,18,0.11761204580016905,FCGR2A;FCGR3A;HCK;IGHG4;SYK,0.9457073991359367
Reactome_2024,up,Separation of Sister Chromatids,30,2300,162,0.1182134248919921,ANAPC10;B9D2;BUB1;BUB1B;CDC16;CDC20;CDC26;CENPI;CENPK;CENPM;CENPO;CENPQ;CENPU;DYNLL1;MAD2L1;NDE1;NSL1;NUF2;NUP133;PLK1;PSMA4;PSMA5;PSMB5;RCC2;SEM1;SKA2;TUBA1A;TUBB2B;UBE2C;ZWINT,0.9457073991359367
Reactome_2024,up,Elastic Fibre Formation,8,2300,34,0.1225393506996726,BMP7;EFEMP1;EMILIN2;FBLN1;LOX;LOXL3;MFAP2;TGFB2,0.9630108660645142
Reactome_2024,up,Cell Cycle Checkpoints,41,2300,230,0.12304182304329543,ANAPC10;B9D2;BRCA1;BUB1;BUB1B;CCNA2;CCNB1;CCNB2;CDC16;CDC20;CDC25A;CDC26;CDK1;CENPI;CENPK;CENPM;CENPO;CENPQ;CENPU;DYNLL1;MAD2L1;MCM2;NDE1;NSL1;NUF2;NUP133;PLK1;PSMA4;PSMA5;PSMB5;RCC2;RFC5;RMI1;RMI2;RPA3;SEM1;SKA2;UBE2C;UBE2V2;ZNF385A;ZWINT,0.9630108660645142
Reactome_2024,up,Metabolism of Nucleotides,18,2300,91,0.12360072499711958,ADAL;ADSSL1;AK1;AK2;AK7;AK8;AK9;AMPD3;DNPH1;GMPR2;NT5C;NUDT5;PUDP;RRM2;RRM2B;SAMHD1;TK1;TYMS,0.9630108660645142
Reactome_2024,up,Mitotic Anaphase,37,2300,206,0.1267988242089804,ANAPC10;B9D2;BUB1;BUB1B;CCNB1;CCNB2;CDC16;CDC20;CDC26;CDK1;CENPI;CENPK;CENPM;CENPO;CENPQ;CENPU;DYNLL1;LMNB1;MAD2L1;NDC1;NDE1;NSL1;NUF2;NUP133;NUP93;PLK1;PSMA4;PSMA5;PSMB5;RCC2;SEM1;SKA2;TUBA1A;TUBB2B;UBE2C;VRK1;ZWINT,0.9670360222476451
Reactome_2024,up,Keratan Sulfate Keratin Metabolism,7,2300,29,0.12930786938826752,B3GNT2;B4GALT4;B4GALT5;GALNS;GLB1L;GNS;ST3GAL2,0.9670360222476451
Reactome_2024,up,Retinoid Metabolism and Transport,7,2300,29,0.12930786938826752,AKR1C3;BCO2;GPC3;GPC4;LRP8;PLB1;SDC1,0.9670360222476451
Reactome_2024,up,Dual Incision in GG-NER,9,2300,40,0.1307206865852692,DDB2;ERCC3;ERCC4;GTF2H5;PCNA;POLD3;RBX1;RFC5;RPA3,0.9670360222476451
Reactome_2024,up,Homologous DNA Pairing and Strand Exchange,9,2300,40,0.1307206865852692,BRCA1;RAD51AP1;RAD51D;RFC5;RMI1;RMI2;RPA3;SEM1;XRCC3,0.9670360222476451
Reactome_2024,up,Ion Transport by P-type ATPases,9,2300,40,0.1307206865852692,ATP10B;ATP12A;ATP13A1;ATP13A4;ATP13A5;ATP2B4;ATP2C2;FXYD1;SRI,0.9670360222476451
Reactome_2024,up,Mitotic Metaphase and Anaphase,37,2300,207,0.1332572515745887,ANAPC10;B9D2;BUB1;BUB1B;CCNB1;CCNB2;CDC16;CDC20;CDC26;CDK1;CENPI;CENPK;CENPM;CENPO;CENPQ;CENPU;DYNLL1;LMNB1;MAD2L1;NDC1;NDE1;NSL1;NUF2;NUP133;NUP93;PLK1;PSMA4;PSMA5;PSMB5;RCC2;SEM1;SKA2;TUBA1A;TUBB2B;UBE2C;VRK1;ZWINT,0.9670360222476451
Reactome_2024,up,Sensory Perception,24,2300,128,0.13520354803785473,AKR1C3;BCO2;CACNA1D;CLIC5;CYP4V2;DHRS3;DHRS9;ESPN;GNAL;GPC3;GPC4;GSN;ITPR3;LRP8;MYO15A;MYO3A;PDE6B;PLB1;PLCB2;PLS1;RDH10;REEP1;SDC1;STRA6,0.9670360222476451
Reactome_2024,up,Initiation of Nuclear Envelope (NE) Reformation,5,2300,19,0.14105172900843044,CCNB1;CCNB2;CDK1;LMNB1;VRK1,0.9670360222476451
Reactome_2024,up,ABC Transporters in Lipid Homeostasis,4,2300,14,0.14354440955238482,ABCA10;ABCA5;ABCG1;PEX19,0.9670360222476451
Reactome_2024,up,Early Phase of HIV Life Cycle,4,2300,14,0.14354440955238482,CD4;LIG1;PSIP1;XRCC4,0.9670360222476451
Reactome_2024,up,Golgi Cisternae Pericentriolar Stack Reorganization,4,2300,14,0.14354440955238482,CCNB1;CCNB2;CDK1;PLK1,0.9670360222476451
Reactome_2024,up,Leading Strand Synthesis,4,2300,14,0.14354440955238482,PCNA;POLD3;PRIM2;RFC5,0.9670360222476451
Reactome_2024,up,Polymerase Switching,4,2300,14,0.14354440955238482,PCNA;POLD3;PRIM2;RFC5,0.9670360222476451
Reactome_2024,up,Removal of the Flap Intermediate,4,2300,14,0.14354440955238482,PCNA;POLD3;PRIM2;RPA3,0.9670360222476451
Reactome_2024,up,TP53 Regulates Transcription of Genes Involved in G1 Cell Cycle Arrest,4,2300,14,0.14354440955238482,CCNA2;E2F1;E2F7;ZNF385A,0.9670360222476451
Reactome_2024,up,Termination of O-glycan Biosynthesis,4,2300,14,0.14354440955238482,MUC12;MUC16;MUC4;ST3GAL2,0.9670360222476451
Reactome_2024,up,WNT5A-dependent Internalization of FZD4,4,2300,14,0.14354440955238482,AP2A1;ARRB2;CLTA;CLTC,0.9670360222476451
Reactome_2024,up,Role of Phospholipids in Phagocytosis,7,2300,30,0.1482125695361594,FCGR2A;FCGR3A;IGHG4;ITPR3;PLCG2;PLD4;SYK,0.9910333007790958
Reactome_2024,up,Cell Cycle,95,2300,577,0.15343561438872672,ACD;ALMS1;ANAPC10;B9D2;BORA;BRCA1;BUB1;BUB1B;CCNA2;CCNB1;CCNB2;CDC14A;CDC16;CDC20;CDC25A;CDC26;CDK1;CDT1;CENPI;CENPK;CENPM;CENPO;CENPQ;CENPU;CEP164;CEP290;CEP72;CEP78;CETN2;DHFR;DYNLL1;E2F1;FBXL7;FIGNL1;FOXM1;GINS1;HAUS3;HAUS5;HJURP;KIF20A;KIF23;LIG1;LMNB1;MAD2L1;MCM2;NDC1;NDE1;NEK2;NME7;NSL1;NUF2;NUP133;NUP50;NUP93;PCNA;PHF8;PLK1;PLK4;POLD3;POLR2H;POLR2I;POT1;PRIM2;PSMA4;PSMA5;PSMB5;PSMC3IP;RBX1;RCC2;REC8;RFC5;RMI1;RMI2;RPA3;RRM2;RUVBL1;RUVBL2;SDCCAG8;SEM1;SHQ1;SKA2;STN1;SYCE3;TK1;TUBA1A;TUBB2B;TUBG1;TUBGCP2;TYMS;UBE2C;UBE2V2;VRK1;WRAP53;ZNF385A;ZWINT,0.9999999999999972
Reactome_2024,up,Glycosaminoglycan Metabolism,19,2300,100,0.15446383948329082,B3GALT6;B3GNT2;B4GALT4;B4GALT5;CHST11;CHST9;DSE;GALNS;GLB1L;GNS;GPC3;GPC4;HAS3;HS3ST4;NDST2;SDC1;SGSH;ST3GAL2;UST,0.9999999999999972
Reactome_2024,up,Gap-filling DNA Repair Synthesis and Ligation in GG-NER,6,2300,25,0.15738087694851327,LIG1;PCNA;POLD3;RFC5;RPA3;XRCC1,0.9999999999999972
Reactome_2024,up,Formation of Incision Complex in GG-NER,9,2300,42,0.1634380806074232,CETN2;DDB2;ERCC3;ERCC4;GTF2H5;PIAS3;RBX1;RPA3;UBE2V2,0.9999999999999972
Reactome_2024,up,Deregulated CDK5 Triggers Multiple Neurodegenerative Pathways in Alzheimer's Disease Models,5,2300,20,0.1663248312338763,CAPNS1;CDC25A;CDK5;LMNB1;PRDX1,0.9999999999999972
Reactome_2024,up,Neurodegenerative Diseases,5,2300,20,0.1663248312338763,CAPNS1;CDC25A;CDK5;LMNB1;PRDX1,0.9999999999999972
Reactome_2024,up,Antigen Activates B Cell Receptor (BCR) Leading to Generation of Second Messengers,7,2300,31,0.16832832329391487,BLNK;CD19;ITPR3;ORAI2;PLCG2;PTPN6;SYK,0.9999999999999972
Reactome_2024,up,Lysosome Vesicle Biogenesis,7,2300,31,0.16832832329391487,AP1G2;AP4E1;AP4M1;ARRB1;CLTA;CLTC;GNS,0.9999999999999972
Reactome_2024,up,Activation of SMO,4,2300,15,0.17392266262737222,ARRB1;ARRB2;EFCAB7;GAS8,0.9999999999999972
Reactome_2024,up,Condensation of Prophase Chromosomes,4,2300,15,0.17392266262737222,CCNB1;CDK1;PHF8;PLK1,0.9999999999999972
Reactome_2024,up,Defective B3GALT6 Causes EDSP2 and SEMDJL1,4,2300,15,0.17392266262737222,B3GALT6;GPC3;GPC4;SDC1,0.9999999999999972
Reactome_2024,up,SUMOylation of DNA Methylation Proteins,4,2300,15,0.17392266262737222,CBX8;DNMT1;PCGF2;PHC2,0.9999999999999972
Reactome_2024,up,Resolution of Abasic Sites (AP Sites),8,2300,37,0.17586908564415352,LIG1;PCNA;PNKP;POLD3;RFC5;RPA3;SMUG1;XRCC1,0.9999999999999972
Reactome_2024,up,Formation of Annular Gap Junctions,3,2300,10,0.1769400845321647,CLTA;CLTC;CLTCL1,0.9999999999999972
Reactome_2024,up,M Phase,55,2300,327,0.18019456919334748,ALMS1;ANAPC10;B9D2;BUB1;BUB1B;CCNB1;CCNB2;CDC16;CDC20;CDC26;CDK1;CENPI;CENPK;CENPM;CENPO;CENPQ;CENPU;CEP164;CEP290;CEP72;CEP78;CETN2;DYNLL1;HAUS3;HAUS5;KIF20A;KIF23;LMNB1;MAD2L1;NDC1;NDE1;NEK2;NME7;NSL1;NUF2;NUP133;NUP50;NUP93;PHF8;PLK1;PLK4;PSMA4;PSMA5;PSMB5;RCC2;SDCCAG8;SEM1;SKA2;TUBA1A;TUBB2B;TUBG1;TUBGCP2;UBE2C;VRK1;ZWINT,0.9999999999999972
Reactome_2024,up,Mitochondrial Fatty Acid Beta-Oxidation,7,2300,32,0.18956123611789505,ACAD10;ACAD11;ACBD6;ACOT13;MCAT;NDUFAB1;PCTP,0.9999999999999972
Reactome_2024,up,PCNA-Dependent Long Patch Base Excision Repair,5,2300,21,0.19321590353696416,LIG1;PCNA;POLD3;RFC5;RPA3,0.9999999999999972
Reactome_2024,up,Defective Homologous Recombination Repair (HRR) Due to BRCA2 Loss of Function,8,2300,38,0.1956139455685379,BRCA1;RAD51AP1;RAD51D;RFC5;RMI1;RMI2;RPA3;SEM1,0.9999999999999972
Reactome_2024,up,Diseases of DNA Double-Strand Break Repair,8,2300,38,0.1956139455685379,BRCA1;RAD51AP1;RAD51D;RFC5;RMI1;RMI2;RPA3;SEM1,0.9999999999999972
Reactome_2024,up,"Cell Cycle, Mitotic",76,2300,464,0.1970976495045323,ALMS1;ANAPC10;B9D2;BORA;BUB1;BUB1B;CCNA2;CCNB1;CCNB2;CDC14A;CDC16;CDC20;CDC25A;CDC26;CDK1;CDT1;CENPI;CENPK;CENPM;CENPO;CENPQ;CENPU;CEP164;CEP290;CEP72;CEP78;CETN2;DHFR;DYNLL1;E2F1;FBXL7;FOXM1;GINS1;HAUS3;HAUS5;KIF20A;KIF23;LIG1;LMNB1;MAD2L1;MCM2;NDC1;NDE1;NEK2;NME7;NSL1;NUF2;NUP133;NUP50;NUP93;PCNA;PHF8;PLK1;PLK4;POLD3;PRIM2;PSMA4;PSMA5;PSMB5;RBX1;RCC2;RFC5;RPA3;RRM2;SDCCAG8;SEM1;SKA2;TK1;TUBA1A;TUBB2B;TUBG1;TUBGCP2;TYMS;UBE2C;VRK1;ZWINT,0.9999999999999972
Reactome_2024,up,G-protein Mediated Events,9,2300,44,0.19961653389825337,ADCY7;ADCY9;CAMKK2;GNA14;GNAI2;GNAL;ITPR3;PLCB2;PRKX,0.9999999999999972
Reactome_2024,up,Homology Directed Repair,18,2300,98,0.2009537632805643,BRCA1;CCNA2;ERCC4;FIGNL1;PCNA;POLD3;POLQ;PPP4C;RAD51AP1;RAD51D;RFC5;RMI1;RMI2;RPA3;SEM1;UBE2V2;XRCC1;XRCC3,0.9999999999999972
Reactome_2024,up,Gap Junction Trafficking,6,2300,27,0.20470031768721436,CLTA;CLTC;CLTCL1;GJB2;TUBA1A;TUBB2B,0.9999999999999972
Reactome_2024,up,Molecules Associated With Elastic Fibres,6,2300,27,0.20470031768721436,BMP7;EFEMP1;EMILIN2;FBLN1;MFAP2;TGFB2,0.9999999999999972
Reactome_2024,up,Platelet Calcium Homeostasis,4,2300,16,0.206245084523588,ATP2B4;ITPR3;ORAI2;SRI,0.9999999999999972
Reactome_2024,up,Synthesis of PIPs at the Early Endosome Membrane,4,2300,16,0.206245084523588,FIG4;INPP4A;INPP4B;MTM1,0.9999999999999972
Reactome_2024,up,Metabolism of Fat-Soluble Vitamins,7,2300,33,0.21180625935008127,AKR1C3;BCO2;GPC3;GPC4;LRP8;PLB1;SDC1,0.9999999999999972
Reactome_2024,up,Signaling by TGFBR3,8,2300,39,0.21621674203624242,AGO4;ARRB1;ARRB2;GIPC1;PSEN2;PSENEN;TCF3;TGFB2,0.9999999999999972
Reactome_2024,up,Condensation of Prometaphase Chromosomes,3,2300,11,0.21785377469230563,CCNB1;CCNB2;CDK1,0.9999999999999972
Reactome_2024,up,Gap Junction Degradation,3,2300,11,0.21785377469230563,CLTA;CLTC;CLTCL1,0.9999999999999972
Reactome_2024,up,Mucopolysaccharidoses,3,2300,11,0.21785377469230563,GALNS;GNS;SGSH,0.9999999999999972
Reactome_2024,up,SARS-CoV-2 Modulates Autophagy,3,2300,11,0.21785377469230563,VPS11;VPS33A;VPS41,0.9999999999999972
Reactome_2024,up,Sphingolipid Catabolism,3,2300,11,0.21785377469230563,ALDH3B1;ALDH3B2;SGPP2,0.9999999999999972
Reactome_2024,up,TP53 Regulates Transcription of Caspase Activators and Caspases,3,2300,11,0.21785377469230563,CASP2;PIDD1;TP73,0.9999999999999972
Reactome_2024,up,Trafficking and Processing of Endosomal TLR,3,2300,11,0.21785377469230563,CTSK;TLR3;UNC93B1,0.9999999999999972
Reactome_2024,up,COPI-dependent Golgi-to-ER Retrograde Traffic,15,2300,81,0.21816978460154607,KIF11;KIF15;KIF19;KIF20A;KIF23;KIF26B;KIF27;KIF3B;KIF4A;KIF6;KIF9;RACGAP1;STX18;TUBA1A;TUBB2B,0.9999999999999972
Reactome_2024,up,HDR Through Homologous Recombination (HRR),12,2300,63,0.2207752526437997,BRCA1;FIGNL1;PCNA;POLD3;RAD51AP1;RAD51D;RFC5;RMI1;RMI2;RPA3;SEM1;XRCC3,0.9999999999999972
Reactome_2024,up,HS-GAG Biosynthesis,5,2300,22,0.2214915879310789,GPC3;GPC4;HS3ST4;NDST2;SDC1,0.9999999999999972
Reactome_2024,up,HS-GAG Degradation,5,2300,22,0.2214915879310789,GLB1L;GPC3;GPC4;SDC1;SGSH,0.9999999999999972
Reactome_2024,up,Impaired BRCA2 Binding to PALB2,5,2300,22,0.2214915879310789,BRCA1;RAD51AP1;RAD51D;RMI1;RMI2,0.9999999999999972
Reactome_2024,up,Nucleotide Salvage,5,2300,22,0.2214915879310789,ADAL;AMPD3;GMPR2;PUDP;TK1,0.9999999999999972
Reactome_2024,up,Synthesis of DNA,19,2300,106,0.224340240015531,ANAPC10;CCNA2;CDC16;CDC26;CDT1;GINS1;LIG1;MCM2;PCNA;POLD3;PRIM2;PSMA4;PSMA5;PSMB5;RBX1;RFC5;RPA3;SEM1;UBE2C,0.9999999999999972
Reactome_2024,up,Activation of GABAB Receptors,6,2300,28,0.23006549380635644,ADCY7;ADCY9;GNAI2;GNAL;KCNJ12;KCNJ16,0.9999999999999972
Reactome_2024,up,GABA B Receptor Activation,6,2300,28,0.23006549380635644,ADCY7;ADCY9;GNAI2;GNAL;KCNJ12;KCNJ16,0.9999999999999972
Reactome_2024,up,Meiotic Synapsis,6,2300,28,0.23006549380635644,ACD;BRCA1;LMNB1;POT1;REC8;SYCE3,0.9999999999999972
Reactome_2024,up,Nucleotide Excision Repair,19,2300,107,0.2371872034375655,ACTR8;CETN2;DDB2;ERCC3;ERCC4;GTF2H5;LIG1;PCNA;PIAS3;POLD3;POLR2H;POLR2I;RBX1;RFC5;RPA3;RUVBL1;TFPT;UBE2V2;XRCC1,0.9999999999999972
Reactome_2024,up,Nuclear Envelope Breakdown,10,2300,52,0.2389822509068918,CCNB1;CCNB2;CDK1;LMNB1;NDC1;NUP133;NUP50;NUP93;PLK1;VRK1,0.9999999999999972
Reactome_2024,up,Translesion Synthesis by POLI,4,2300,17,0.24010662332518537,PCNA;POLI;RFC5;RPA3,0.9999999999999972
Reactome_2024,up,Defective Intrinsic Pathway for Apoptosis,5,2300,23,0.2509082242101234,CAPNS1;CDC25A;CDK5;LMNB1;PRDX1,0.9999999999999972
Reactome_2024,up,DNA Double-Strand Break Repair,22,2300,127,0.2532368136122569,BRCA1;CCNA2;ERCC4;EYA4;FIGNL1;KDM4B;PCNA;POLD3;POLQ;PPP4C;PPP5C;RAD51AP1;RAD51D;RFC5;RMI1;RMI2;RPA3;SEM1;UBE2V2;XRCC1;XRCC3;XRCC4,0.9999999999999972
Reactome_2024,up,Gap Junction Trafficking and Regulation,6,2300,29,0.25635009148064053,CLTA;CLTC;CLTCL1;GJB2;TUBA1A;TUBB2B,0.9999999999999972
Reactome_2024,up,Nuclear Pore Complex (NPC) Disassembly,7,2300,35,0.25887070446678867,CCNB1;CCNB2;CDK1;NDC1;NUP133;NUP50;NUP93,0.9999999999999972
Reactome_2024,up,Diseases of DNA Repair,9,2300,47,0.2593058117192067,BRCA1;MSH3;RAD51AP1;RAD51D;RFC5;RMI1;RMI2;RPA3;SEM1,0.9999999999999972
Reactome_2024,up,TP53 Regulates Transcription of Cell Cycle Genes,9,2300,47,0.2593058117192067,CARM1;CCNA2;CCNB1;CDK1;CNOT6;E2F1;E2F7;PCNA;ZNF385A,0.9999999999999972
Reactome_2024,up,TP53 Regulates Transcription of Cell Death Genes,8,2300,41,0.2596440006174185,BCL2L14;CASP2;PIDD1;RABGGTA;STEAP3;TP53AIP1;TP53INP1;TP73,0.9999999999999972
Reactome_2024,up,Scavenging of Heme From Plasma,3,2300,12,0.2604171961713742,APOL1;HPX;JCHAIN,0.9999999999999972
Reactome_2024,up,"WNT5A-dependent Internalization of FZD2, FZD5 and ROR2",3,2300,12,0.2604171961713742,AP2A1;CLTA;CLTC,0.9999999999999972
Reactome_2024,up,O-linked Glycosylation,14,2300,78,0.26619153556610925,B3GNT2;B3GNTL1;B4GALT5;CHST4;DAG1;GALNT12;GALNT14;GALNT18;GCNT1;LARGE1;MUC12;MUC16;MUC4;ST3GAL2,0.9999999999999972
Reactome_2024,up,NOTCH3 Activation and Transmission of Signal to the Nucleus,5,2300,24,0.2812186496515824,NEURL1;NEURL1B;PSEN2;PSENEN;TACC3,0.9999999999999972
Reactome_2024,up,Resolution of AP Sites via the Multiple-Nucleotide Patch Replacement Pathway,5,2300,24,0.2812186496515824,LIG1;PCNA;POLD3;RFC5;RPA3,0.9999999999999972
Reactome_2024,up,Chondroitin Sulfate Dermatan Sulfate Metabolism,8,2300,42,0.2822806876785938,B3GALT6;CHST11;CHST9;DSE;GPC3;GPC4;SDC1;UST,0.9999999999999972
Reactome_2024,up,Heparan Sulfate Heparin (HS-GAG) Metabolism,8,2300,42,0.2822806876785938,B3GALT6;GLB1L;GPC3;GPC4;HS3ST4;NDST2;SDC1;SGSH,0.9999999999999972
Reactome_2024,up,Recognition of DNA Damage by PCNA-containing Replication Complex,6,2300,30,0.28338447196676075,DTL;PCNA;POLD3;RBX1;RFC5;RPA3,0.9999999999999972
Reactome_2024,up,RNA Polymerase III Transcription Initiation,7,2300,36,0.28344518742804986,GTF3C2;GTF3C3;POLR2H;POLR3K;SNAPC1;SNAPC2;SNAPC3,0.9999999999999972
Reactome_2024,up,Transport of Inorganic Cations Anions and Amino Acids Oligopeptides,13,2300,73,0.2864393449263997,CTNS;SLC12A4;SLC15A1;SLC26A6;SLC34A2;SLC4A8;SLC5A5;SLC6A14;SLC6A6;SLC7A6;SLC7A7;SLC9A3;SRI,0.9999999999999972
Reactome_2024,up,HDR Through Homologous Recombination (HRR) or Single Strand Annealing (SSA),16,2300,92,0.2901722726385014,BRCA1;CCNA2;ERCC4;FIGNL1;PCNA;POLD3;PPP4C;RAD51AP1;RAD51D;RFC5;RMI1;RMI2;RPA3;SEM1;UBE2V2;XRCC3,0.9999999999999972
Reactome_2024,up,Gap-filling DNA Repair Synthesis and Ligation in TC-NER,11,2300,61,0.2942643941505506,ERCC3;GTF2H5;LIG1;PCNA;POLD3;POLR2H;POLR2I;RBX1;RFC5;RPA3;XRCC1,0.9999999999999972
Reactome_2024,up,The Role of GTSE1 in G2 M Progression After G2 Checkpoint,10,2300,55,0.2981241516741268,CCNB1;CCNB2;CDK1;PLK1;PSMA4;PSMA5;PSMB5;SEM1;TUBA1A;TUBB2B,0.9999999999999972
Reactome_2024,up,"Defective EXT1 Causes Exostoses 1, TRPS2 and CHDS",3,2300,13,0.30389129229389406,GPC3;GPC4;SDC1,0.9999999999999972
Reactome_2024,up,Defective EXT2 Causes Exostoses 2,3,2300,13,0.30389129229389406,GPC3;GPC4;SDC1,0.9999999999999972
Reactome_2024,up,Mitotic Telophase Cytokinesis,3,2300,13,0.30389129229389406,KIF20A;KIF23;PLK1,0.9999999999999972
Reactome_2024,up,Purine Salvage,3,2300,13,0.30389129229389406,ADAL;AMPD3;GMPR2,0.9999999999999972
Reactome_2024,up,EPH-ephrin Mediated Repulsion of Cells,8,2300,43,0.30540264605494194,AP2A1;CLTA;CLTC;CLTCL1;EFNB3;EPHA4;PSEN2;PSENEN,0.9999999999999972
Reactome_2024,up,Presynaptic Phase of Homologous DNA Pairing and Strand Exchange,7,2300,37,0.30854627784429234,BRCA1;RAD51D;RFC5;RMI1;RMI2;RPA3;SEM1,0.9999999999999972
Reactome_2024,up,Interleukin-37 Signaling,4,2300,19,0.3108526327234689,IL18R1;PTPN6;PTPN9;SIGIRR,0.9999999999999972
Reactome_2024,up,TP53 Regulates Transcription of Genes Involved in Cytochrome C Release,4,2300,19,0.3108526327234689,STEAP3;TP53AIP1;TP53INP1;TP73,0.9999999999999972
Reactome_2024,up,Meiosis,9,2300,50,0.3237513977476372,ACD;BRCA1;FIGNL1;LMNB1;POT1;PSMC3IP;REC8;RPA3;SYCE3,0.9999999999999972
Reactome_2024,up,Inositol Phosphate Metabolism,8,2300,44,0.32891067097865034,INPP4A;INPP4B;ISYNA1;PLCB2;PLCE1;PLCG2;PLD4;PPIP5K1,0.9999999999999972
Reactome_2024,up,Interferon Alpha Beta Signaling,11,2300,63,0.33325479669972635,BST2;IFI27;IFIT1;IFITM2;IFITM3;OAS1;OAS2;OAS3;PTPN6;SAMHD1;USP18,0.9999999999999972
Reactome_2024,up,DNA Replication,19,2300,114,0.33447064802068466,ANAPC10;CCNA2;CDC16;CDC26;CDT1;GINS1;LIG1;MCM2;PCNA;POLD3;PRIM2;PSMA4;PSMA5;PSMB5;RBX1;RFC5;RPA3;SEM1;UBE2C,0.9999999999999972
Reactome_2024,up,GPVI-mediated Activation Cascade,6,2300,32,0.3390218041552475,FCER1G;PIK3R5;PLCG2;PTPN6;RAC2;SYK,0.9999999999999972
Reactome_2024,up,Impaired BRCA2 Binding to RAD51,6,2300,32,0.3390218041552475,BRCA1;RFC5;RMI1;RMI2;RPA3;SEM1,0.9999999999999972
Reactome_2024,up,Signaling by Retinoic Acid,6,2300,32,0.3390218041552475,AKR1C3;CYP26A1;DHRS3;DHRS9;DLAT;RDH10,0.9999999999999972
Reactome_2024,up,G0 and Early G1,5,2300,26,0.34354912393119946,CCNA2;CDC25A;CDK1;E2F1;PCNA,0.9999999999999972
Reactome_2024,up,A Tetrasaccharide Linker Sequence Is Required for GAG Synthesis,4,2300,20,0.34698458309586705,B3GALT6;GPC3;GPC4;SDC1,0.9999999999999972
Reactome_2024,up,Aberrant Regulation of Mitotic Exit in Cancer Due to RB1 Defects,4,2300,20,0.34698458309586705,ANAPC10;CDC16;CDC26;UBE2C,0.9999999999999972
Reactome_2024,up,E2F Mediated Regulation of DNA Replication,4,2300,20,0.34698458309586705,CCNB1;CDK1;E2F1;PRIM2,0.9999999999999972
Reactome_2024,up,Myogenesis,4,2300,20,0.34698458309586705,CDH2;MAP2K6;MAPK14;TCF3,0.9999999999999972
Reactome_2024,up,NOTCH2 Activation and Transmission of Signal to the Nucleus,4,2300,20,0.34698458309586705,NEURL1;NEURL1B;PSEN2;PSENEN,0.9999999999999972
Reactome_2024,up,Membrane Binding and Targetting of GAG Proteins,3,2300,14,0.3476222603143058,MVB12B;TSG101;VPS37D,0.9999999999999972
Reactome_2024,up,Post-chaperonin Tubulin Folding Pathway,3,2300,14,0.3476222603143058,TBCB;TUBA1A;TUBB2B,0.9999999999999972
Reactome_2024,up,"Synthesis And Processing Of GAG, GAGPOL Polyproteins",3,2300,14,0.3476222603143058,MVB12B;TSG101;VPS37D,0.9999999999999972
Reactome_2024,up,"Synthesis of IP2, IP, and Ins in the Cytosol",3,2300,14,0.3476222603143058,INPP4A;INPP4B;ISYNA1,0.9999999999999972
Reactome_2024,up,TP53 Regulates Transcription of Cell Death Genes With Uncertain Role in P53-Dependent Apoptosis,3,2300,14,0.3476222603143058,BCL2L14;RABGGTA;TP73,0.9999999999999972
Reactome_2024,up,Amyloid Fiber Formation,7,2300,39,0.3598225237935139,CALB1;GGA3;GSN;PSENEN;SIAH2;SNCAIP;SORL1,0.9999999999999972
Reactome_2024,up,Nuclear Events Stimulated by ALK Signaling in Cancer,6,2300,33,0.3672919252230621,AGO4;CCNB1;DNMT1;FOXM1;PTPN6;RBX1,0.9999999999999972
Reactome_2024,up,Regulation of Complement Cascade,6,2300,33,0.3672919252230621,C1QA;C3;C5AR1;C6;CD19;IGHG4,0.9999999999999972
Reactome_2024,up,Inhibition of DNA Recombination at Telomere,4,2300,21,0.3831654488744323,ACD;POLR2H;POLR2I;POT1,0.9999999999999972
Reactome_2024,up,Keratan Sulfate Biosynthesis,4,2300,21,0.3831654488744323,B3GNT2;B4GALT4;B4GALT5;ST3GAL2,0.9999999999999972
Reactome_2024,up,Metabolism of Porphyrins,4,2300,21,0.3831654488744323,ABCC1;ALAS1;BLVRA;PPOX,0.9999999999999972
Reactome_2024,up,PLC Beta Mediated Events,7,2300,40,0.3857504745590196,ADCY7;ADCY9;CAMKK2;GNA14;ITPR3;PLCB2;PRKX,0.9999999999999972
Reactome_2024,up,Blood Group Systems Biosynthesis,3,2300,15,0.39104715973603915,ABO;FUT11;FUT3,0.9999999999999972
Reactome_2024,up,Cleavage of the Damaged Pyrimidine,3,2300,15,0.39104715973603915,ACD;POT1;SMUG1,0.9999999999999972
Reactome_2024,up,Defective B3GAT3 Causes JDSSDHD,3,2300,15,0.39104715973603915,GPC3;GPC4;SDC1,0.9999999999999972
Reactome_2024,up,"Defective B4GALT7 Causes EDS, Progeroid Type",3,2300,15,0.39104715973603915,GPC3;GPC4;SDC1,0.9999999999999972
Reactome_2024,up,Depolymerization of the Nuclear Lamina,3,2300,15,0.39104715973603915,CCNB1;CDK1;LMNB1,0.9999999999999972
Reactome_2024,up,Depyrimidination,3,2300,15,0.39104715973603915,ACD;POT1;SMUG1,0.9999999999999972
Reactome_2024,up,Purine Catabolism,3,2300,15,0.39104715973603915,DNPH1;NT5C;NUDT5,0.9999999999999972
Reactome_2024,up,Recognition and Association of DNA Glycosylase With Site Containing an Affected Pyrimidine,3,2300,15,0.39104715973603915,ACD;POT1;SMUG1,0.9999999999999972
Reactome_2024,up,Regulation of MITF-M-dependent Genes Involved in Lysosome Biogenesis and Autophagy,3,2300,15,0.39104715973603915,ATP6V1E1;ATP6V1F;ATP6V1H,0.9999999999999972
Reactome_2024,up,Synthesis of PIPs at the Golgi Membrane,3,2300,15,0.39104715973603915,FIG4;INPP5E;PI4KA,0.9999999999999972
Reactome_2024,up,TNFs Bind Their Physiological Receptors,3,2300,15,0.39104715973603915,EDA2R;TNFRSF18;TNFRSF25,0.9999999999999972
Reactome_2024,up,Transcription of E2F Targets Under Neg Control by P107 (RBL1) and P130 (RBL2) in Complex With HDAC1,3,2300,15,0.39104715973603915,CCNA2;CDK1;E2F1,0.9999999999999972
Reactome_2024,up,VLDLR Internalisation and Degradation,3,2300,15,0.39104715973603915,AP2A1;CLTA;CLTC,0.9999999999999972
Reactome_2024,up,HDR Through Single Strand Annealing (SSA),6,2300,34,0.39565100949304327,BRCA1;ERCC4;RFC5;RMI1;RMI2;RPA3,0.9999999999999972
Reactome_2024,up,Signaling by NOTCH3,8,2300,47,0.4007692607992965,DLGAP5;FABP7;HEY2;NEURL1;NEURL1B;PSEN2;PSENEN;TACC3,0.9999999999999972
Reactome_2024,up,Budding and Maturation of HIV Virion,5,2300,28,0.4066361440653708,CHMP5;MVB12B;PDCD6IP;TSG101;VPS37D,0.9999999999999972
Reactome_2024,up,RNA Polymerase III Transcription Initiation From Type 3 Promoter,5,2300,28,0.4066361440653708,POLR2H;POLR3K;SNAPC1;SNAPC2;SNAPC3,0.9999999999999972
Reactome_2024,up,RNA Polymerase III Abortive And Retractive Initiation,7,2300,41,0.4117135721352314,GTF3C2;GTF3C3;POLR2H;POLR3K;SNAPC1;SNAPC2;SNAPC3,0.9999999999999972
Reactome_2024,up,RNA Polymerase III Transcription,7,2300,41,0.4117135721352314,GTF3C2;GTF3C3;POLR2H;POLR3K;SNAPC1;SNAPC2;SNAPC3,0.9999999999999972
Reactome_2024,up,Recycling Pathway of L1,6,2300,35,0.42395038294675114,AP2A1;CLTA;CLTC;KIF4A;TUBA1A;TUBB2B,0.9999999999999972
Reactome_2024,up,Sensory Processing of Sound by Outer Hair Cells of the Cochlea,6,2300,35,0.42395038294675114,CLIC5;ESPN;GSN;MYO15A;MYO3A;PLS1,0.9999999999999972
Reactome_2024,up,APC C Cdh1 Mediated Degradation of Cdc20 and Other APC C Cdh1 Targets in Late Mitosis Early G1,10,2300,61,0.4242633396286191,ANAPC10;CDC16;CDC20;CDC26;PLK1;PSMA4;PSMA5;PSMB5;SEM1;UBE2C,0.9999999999999972
Reactome_2024,up,Metabolism of Lipids,93,2300,612,0.4324457426613371,ABCB11;ABCC1;ACAD10;ACAD11;ACBD5;ACBD6;ACOT13;ACOT4;ACOT8;ACP6;AGK;AGPAT1;AKR1B1;AKR1C3;ALAS1;ALDH3B1;ALDH3B2;ALOX5;ALOX5AP;B4GALT5;BDH1;BDH2;BMX;CARM1;CBR1;CDS1;CERS6;CPT1B;CYB5B;EHHADH;FABP7;FAM120B;FAR2;FDXR;FIG4;GDPD3;GLB1L;GPX2;GPX4;HACD4;HILPDA;HPGDS;HSD17B13;INPP4A;INPP4B;INPP5E;LCLAT1;MBOAT2;MCAT;ME1;MED18;MED22;MED24;MED25;MED31;MLYCD;MTM1;MVK;NDUFAB1;NRF1;NUDT19;NUDT7;OSBPL5;PCTP;PCYT1B;PCYT2;PI4KA;PIK3R5;PITPNM1;PLA2G10;PLB1;PLD4;PNPLA6;PTGES;PTGR1;PTGS1;RGL1;SCAP;SGPP2;SLC27A3;SLC44A4;SLC51A;SMPD2;SMPD3;SQLE;SRD5A1;SRD5A2;SRD5A3;ST3GAL2;STARD3;STS;TNFAIP8L1;TSPOAP1,0.9999999999999972
Reactome_2024,up,Acyl Chain Remodelling of PC,3,2300,16,0.4336937924773741,MBOAT2;PLA2G10;PLB1,0.9999999999999972
Reactome_2024,up,Assembly Of The HIV Virion,3,2300,16,0.4336937924773741,MVB12B;TSG101;VPS37D,0.9999999999999972
Reactome_2024,up,Gap Junction Assembly,3,2300,16,0.4336937924773741,GJB2;TUBA1A;TUBB2B,0.9999999999999972
Reactome_2024,up,LDL Clearance,3,2300,16,0.4336937924773741,AP2A1;CLTA;CLTC,0.9999999999999972
Reactome_2024,up,PKA-mediated Phosphorylation of CREB,3,2300,16,0.4336937924773741,ADCY7;ADCY9;PRKX,0.9999999999999972
Reactome_2024,up,Platelet Sensitization by LDL,3,2300,16,0.4336937924773741,LRP8;MAPK14;PTPN6,0.9999999999999972
Reactome_2024,up,Striated Muscle Contraction,3,2300,16,0.4336937924773741,TNNC1;TNNC2;TNNI2,0.9999999999999972
Reactome_2024,up,Translesion Synthesis by REV1,3,2300,16,0.4336937924773741,PCNA;RFC5;RPA3,0.9999999999999972
Reactome_2024,up,APC C Cdc20 Mediated Degradation of Securin,9,2300,55,0.43594514553829455,ANAPC10;CDC16;CDC20;CDC26;PSMA4;PSMA5;PSMB5;SEM1;UBE2C,0.9999999999999972
Reactome_2024,up,Activation of BH3-only Proteins,5,2300,29,0.4379457383538562,BAD;BMF;DYNLL1;E2F1;TP73,0.9999999999999972
Reactome_2024,up,DNA Damage Telomere Stress Induced Senescence,5,2300,29,0.4379457383538562,ACD;CCNA2;HMGA2;LMNB1;POT1,0.9999999999999972
Reactome_2024,up,Kidney Development,5,2300,29,0.4379457383538562,GDNF;HNF1B;MECOM;PLAC8;WNT4,0.9999999999999972
Reactome_2024,up,Mitochondrial Translation Termination,14,2300,88,0.43916279299881394,GFM2;MRPL13;MRPL14;MRPL27;MRPL28;MRPL40;MRPL42;MRPL51;MRPL57;MRPS10;MRPS21;MRPS23;MRPS31;MRPS9,0.9999999999999972
Reactome_2024,up,Transcription-Coupled Nucleotide Excision Repair (TC-NER),12,2300,75,0.4422989618884424,ERCC3;ERCC4;GTF2H5;LIG1;PCNA;POLD3;POLR2H;POLR2I;RBX1;RFC5;RPA3;XRCC1,0.9999999999999972
Reactome_2024,up,Dual Incision in TC-NER,10,2300,62,0.4455417681668832,ERCC3;ERCC4;GTF2H5;PCNA;POLD3;POLR2H;POLR2I;RBX1;RFC5;RPA3,0.9999999999999972
Reactome_2024,up,Metabolism of Vitamins and Cofactors,26,2300,168,0.4483785438356311,ABCC1;ACP5;AKR1C3;AMN;BCO2;CD38;COASY;COQ6;COQ9;CYB5A;DHFR;GCHFR;GPC3;GPC4;LRP8;MOCOS;MTHFD1L;NADK;NMNAT1;NUDT8;PARP4;PLB1;PRSS3;SDC1;SLC19A2;VNN2,0.9999999999999972
Reactome_2024,up,Amino Acid Transport Across the Plasma Membrane,4,2300,23,0.4545002891744869,SLC6A14;SLC6A6;SLC7A6;SLC7A7,0.9999999999999972
Reactome_2024,up,Assembly and Cell Surface Presentation of NMDA Receptors,4,2300,23,0.4545002891744869,DLG4;LIN7B;TUBA1A;TUBB2B,0.9999999999999972
Reactome_2024,up,Metabolism of Cofactors,4,2300,23,0.4545002891744869,COQ6;COQ9;DHFR;GCHFR,0.9999999999999972
Reactome_2024,up,HCMV Late Events,9,2300,56,0.45840772110911443,IRS1;MVB12B;NDC1;NUP133;NUP50;NUP93;TSG101;VPS25;VPS37D,0.9999999999999972
Reactome_2024,up,Antiviral Mechanism by IFN-stimulated Genes,21,2300,136,0.46506120377594296,BECN1;CDK1;DUS2;EIF4E2;FAAP100;FAAP20;FAAP24;FANCF;IFIT1;MAP2K6;NDC1;NUP133;NUP50;NUP93;OAS1;OAS2;OAS3;PIN1;TUBA1A;TUBB2B;USP18,0.9999999999999972
Reactome_2024,up,Nuclear Events Mediated by NFE2L2,13,2300,83,0.4683997581893431,ABCC1;BCL2L1;GCLC;ME1;NQO1;PGD;PRDX1;PSMA4;PSMA5;PSMB5;RBX1;SEM1;TKT,0.9999999999999972
Reactome_2024,up,RAC2 GTPase Cycle,13,2300,83,0.4683997581893431,ABR;ARHGAP39;BRK1;CYBB;MTX1;NCF1;NCF2;NCF4;NCKAP1L;PAK4;RAC2;RACGAP1;VANGL1,0.9999999999999972
Reactome_2024,up,Proteasome Assembly,8,2300,50,0.47267419041788605,PSMA4;PSMA5;PSMB5;PSMB9;PSMD10;PSMG2;PSMG3;SEM1,0.9999999999999972
Reactome_2024,up,Signaling by NOTCH1,11,2300,70,0.4740996994407264,ARRB1;ARRB2;DTX2;DTX4;HDAC9;HEY2;NEURL1;NEURL1B;PSEN2;PSENEN;RBX1,0.9999999999999972
Reactome_2024,up,Activation of AMPK Downstream of NMDARs,3,2300,17,0.47517675729570036,CAMKK2;TUBA1A;TUBB2B,0.9999999999999972
Reactome_2024,up,Attachment and Entry 9694614,3,2300,17,0.47517675729570036,GPC3;GPC4;SDC1,0.9999999999999972
Reactome_2024,up,"Base-Excision Repair, AP Site Formation",3,2300,17,0.47517675729570036,ACD;POT1;SMUG1,0.9999999999999972
Reactome_2024,up,"Cobalamin (Cbl, Vitamin B12) Transport and Metabolism",3,2300,17,0.47517675729570036,ABCC1;AMN;PRSS3,0.9999999999999972
Reactome_2024,up,NFE2L2 Regulating Anti-Oxidant Detoxification Enzymes,3,2300,17,0.47517675729570036,GCLC;NQO1;PRDX1,0.9999999999999972
Reactome_2024,up,Synthesis of Bile Acids and Bile Salts via 7Alpha-Hydroxycholesterol,3,2300,17,0.47517675729570036,ABCB11;ACOT8;AKR1C3,0.9999999999999972
Reactome_2024,up,Translesion Synthesis by POLK,3,2300,17,0.47517675729570036,PCNA;RFC5;RPA3,0.9999999999999972
Reactome_2024,up,WNT Ligand Biogenesis and Trafficking,3,2300,17,0.47517675729570036,VPS35;WNT4;WNT7B,0.9999999999999972
Reactome_2024,up,Complement Cascade,6,2300,37,0.479826611251691,C1QA;C3;C5AR1;C6;CD19;IGHG4,0.9999999999999972
Reactome_2024,up,G1 S Transition,18,2300,117,0.4799522825644928,CCNA2;CCNB1;CDC25A;CDK1;CDT1;DHFR;E2F1;MCM2;PCNA;PRIM2;PSMA4;PSMA5;PSMB5;RPA3;RRM2;SEM1;TK1;TYMS,0.9999999999999972
Reactome_2024,up,Complex IV Assembly,7,2300,44,0.4887312146296606,CMC1;COA3;COX14;COX5A;COX6A1;COX6B2;COX7A2,0.9999999999999972
Reactome_2024,up,Meiotic Recombination,4,2300,24,0.489156617079068,BRCA1;FIGNL1;PSMC3IP;RPA3,0.9999999999999972
Reactome_2024,up,tRNA Aminoacylation,4,2300,24,0.489156617079068,AIMP2;IARS2;TARS2;VARS2,0.9999999999999972
Reactome_2024,up,Endosomal Sorting Complex Required For Transport (ESCRT),5,2300,31,0.49921569239724295,CHMP5;MVB12B;TSG101;VPS25;VPS37D,0.9999999999999972
Reactome_2024,up,Switching of Origins to a Post-Replicative State,12,2300,78,0.49975619203511895,ANAPC10;CCNA2;CDC16;CDC26;CDT1;MCM2;PSMA4;PSMA5;PSMB5;RBX1;SEM1;UBE2C,0.9999999999999972
Reactome_2024,up,RAB Geranylgeranylation,9,2300,58,0.5027962279186143,RAB11A;RAB12;RAB20;RAB31;RAB34;RAB36;RAB37;RAB3B;RABGGTA,0.9999999999999972
Reactome_2024,up,DNA Damage Recognition in GG-NER,6,2300,38,0.507160264536161,ACTR8;CETN2;DDB2;RBX1;RUVBL1;TFPT,0.9999999999999972
Reactome_2024,up,RHOF GTPase Cycle,6,2300,38,0.507160264536161,ARHGAP39;BASP1;LMNB1;SRGAP2;STEAP3;VANGL1,0.9999999999999972
Reactome_2024,up,RND3 GTPase Cycle,6,2300,38,0.507160264536161,ANKRD26;CKB;PLEKHG5;SEMA4F;UBXN11;VANGL1,0.9999999999999972
Reactome_2024,up,Nuclear Envelope (NE) Reassembly,10,2300,65,0.5086007219398245,CCNB1;CCNB2;CDK1;LMNB1;NDC1;NUP133;NUP93;TUBA1A;TUBB2B;VRK1,0.9999999999999972
Reactome_2024,up,Diseases of Programmed Cell Death,7,2300,45,0.5137885311457487,CAPNS1;CDC25A;CDK5;DNMT1;LMNB1;PRDX1;PRIM2,0.9999999999999972
Reactome_2024,up,SUMOylation of RNA Binding Proteins,7,2300,45,0.5137885311457487,CBX8;NDC1;NUP133;NUP50;NUP93;PCGF2;PHC2,0.9999999999999972
Reactome_2024,up,Activation of Matrix Metalloproteinases,3,2300,18,0.5151910939455167,CTSK;MMP15;TPSAB1,0.9999999999999972
Reactome_2024,up,Cytosolic Sulfonation of Small Molecules,3,2300,18,0.5151910939455167,BPNT1;SULT1C2;TPST1,0.9999999999999972
Reactome_2024,up,Mitochondrial tRNA Aminoacylation,3,2300,18,0.5151910939455167,IARS2;TARS2;VARS2,0.9999999999999972
Reactome_2024,up,Surfactant Metabolism,3,2300,18,0.5151910939455167,ADRA2A;P2RY2;SLC34A2,0.9999999999999972
Reactome_2024,up,Translesion Synthesis by POLH,3,2300,18,0.5151910939455167,PCNA;RFC5;RPA3,0.9999999999999972
Reactome_2024,up,Cellular Response to Chemical Stress,27,2300,180,0.5159632722062458,ABCC1;BCL2L1;BLVRA;BRCA1;CARM1;COX5A;COX6A1;COX6B2;COX7A2;CYBB;GCLC;GPX2;GSTP1;ME1;NCF1;NCF2;NCF4;NQO1;NUDT2;PGD;PRDX1;PSMA4;PSMA5;PSMB5;RBX1;SEM1;TKT,0.9999999999999972
Reactome_2024,up,RSV-host Interactions,12,2300,79,0.5186135195663335,BECN1;GPC3;GPC4;MED18;MED22;MED24;MED25;MED31;OAS2;RBX1;SDC1;TLR3,0.9999999999999972
Reactome_2024,up,Antimicrobial Peptides,4,2300,25,0.5228668121746334,CD4;EPPIN;PRSS3;S100A8,0.9999999999999972
Reactome_2024,up,Synthesis of IP3 and IP4 in the Cytosol,4,2300,25,0.5228668121746334,PLCB2;PLCE1;PLCG2;PLD4,0.9999999999999972
Reactome_2024,up,RAC3 GTPase Cycle,13,2300,86,0.5230208487386159,ABR;ARHGAP39;BAIAP2;BRK1;CYBB;NCF1;NCF2;NCF4;NCKAP1L;PAK4;RACGAP1;SRGAP2;VANGL1,0.9999999999999972
Reactome_2024,up,DAG and IP3 Signaling,5,2300,32,0.5288812272568718,ADCY7;ADCY9;CAMKK2;ITPR3;PRKX,0.9999999999999972
Reactome_2024,up,Ion Homeostasis,5,2300,32,0.5288812272568718,ATP2B4;FXYD1;ITPR3;ORAI2;SRI,0.9999999999999972
Reactome_2024,up,Termination of Translesion DNA Synthesis,5,2300,32,0.5288812272568718,PCNA;POLD3;POLI;RFC5;RPA3,0.9999999999999972
Reactome_2024,up,Cardiac Conduction,10,2300,66,0.5291836735974181,ATP2B4;FGF11;FXYD1;ITPR3;KCNE1;KCNE3;KCNJ12;ORAI2;RANGRF;SRI,0.9999999999999972
Reactome_2024,up,RHOU GTPase Cycle,6,2300,39,0.5339489446711879,ARHGEF6;CLTC;PAK4;PTK2B;SRGAP2;VANGL1,0.9999999999999972
Reactome_2024,up,Golgi-to-ER Retrograde Transport,17,2300,114,0.5379882666957642,DYNLL1;KIF11;KIF15;KIF19;KIF20A;KIF23;KIF26B;KIF27;KIF3B;KIF4A;KIF6;KIF9;PAFAH1B3;RACGAP1;STX18;TUBA1A;TUBB2B,0.9999999999999972
Reactome_2024,up,Intrinsic Pathway for Apoptosis,8,2300,53,0.5423990899474873,BAD;BCL2L1;BMF;CASP7;DYNLL1;E2F1;GSDMD;TP73,0.9999999999999972
Reactome_2024,up,Mitochondrial Translation,14,2300,94,0.5442799448499945,GFM2;MRPL13;MRPL14;MRPL27;MRPL28;MRPL40;MRPL42;MRPL51;MRPL57;MRPS10;MRPS21;MRPS23;MRPS31;MRPS9,0.9999999999999972
Reactome_2024,up,CDK-mediated Phosphorylation and Removal of Cdc6,9,2300,60,0.5460661311714221,ANAPC10;CCNA2;CDC16;CDC26;PSMA4;PSMA5;PSMB5;SEM1;UBE2C,0.9999999999999972
Reactome_2024,up,Interferon Signaling,34,2300,230,0.5473989554464584,BECN1;BST2;CDK1;DUS2;EIF4E2;FAAP100;FAAP20;FAAP24;FANCF;GBP6;IFI27;IFIT1;IFITM2;IFITM3;MAP2K6;NDC1;NUP133;NUP50;NUP93;OAS1;OAS2;OAS3;PIN1;PTAFR;PTPN6;SAMHD1;TRIM14;TRIM3;TRIM31;TRIM6;TRIM62;TUBA1A;TUBB2B;USP18,0.9999999999999972
Reactome_2024,up,Initial Triggering of Complement,3,2300,19,0.5535045554246508,C1QA;C3;IGHG4,0.9999999999999972
Reactome_2024,up,RHO GTPases Activate CIT,3,2300,19,0.5535045554246508,CIT;DLG4;MYL6,0.9999999999999972
Reactome_2024,up,Role of LAT2 NTAL LAB on Calcium Mobilization,3,2300,19,0.5535045554246508,FCER1G;MS4A2;SYK,0.9999999999999972
Reactome_2024,up,Transcription of E2F Targets Under Negative Control by DREAM Complex,3,2300,19,0.5535045554246508,CDC25A;E2F1;PCNA,0.9999999999999972
Reactome_2024,up,CaM Pathway,4,2300,26,0.5554700282188942,ADCY7;ADCY9;CAMKK2;PRKX,0.9999999999999972
Reactome_2024,up,Calmodulin Induced Events,4,2300,26,0.5554700282188942,ADCY7;ADCY9;CAMKK2;PRKX,0.9999999999999972
Reactome_2024,up,Glutathione Conjugation,4,2300,26,0.5554700282188942,CNDP2;GCLC;GSTP1;HPGDS,0.9999999999999972
Reactome_2024,up,RNA Pol II CTD Phosphorylation and Interaction With CE,4,2300,26,0.5554700282188942,ERCC3;GTF2H5;POLR2H;POLR2I,0.9999999999999972
Reactome_2024,up,RNA Pol II CTD Phosphorylation and Interaction With CE During HIV Infection,4,2300,26,0.5554700282188942,ERCC3;GTF2H5;POLR2H;POLR2I,0.9999999999999972
Reactome_2024,up,Transferrin Endocytosis and Recycling,4,2300,26,0.5554700282188942,ATP6V1E1;ATP6V1F;ATP6V1H;STEAP3,0.9999999999999972
Reactome_2024,up,Transcriptional Regulation by E2F6,5,2300,33,0.5577364597629089,BRCA1;E2F1;L3MBTL2;PCGF2;RRM2,0.9999999999999972
Reactome_2024,up,Vpr-mediated Nuclear Import of PICs,5,2300,33,0.5577364597629089,NDC1;NUP133;NUP50;NUP93;PSIP1,0.9999999999999972
Reactome_2024,up,Mitochondrial Translation Elongation,13,2300,88,0.5585100203653652,MRPL13;MRPL14;MRPL27;MRPL28;MRPL40;MRPL42;MRPL51;MRPL57;MRPS10;MRPS21;MRPS23;MRPS31;MRPS9,0.9999999999999972
Reactome_2024,up,Mitochondrial Translation Initiation,13,2300,88,0.5585100203653652,MRPL13;MRPL14;MRPL27;MRPL28;MRPL40;MRPL42;MRPL51;MRPL57;MRPS10;MRPS21;MRPS23;MRPS31;MRPS9,0.9999999999999972
Reactome_2024,up,Amino Acids Regulate mTORC1,7,2300,47,0.5624805528746261,ATP6V1E1;ATP6V1F;ATP6V1H;BMT2;RRAGA;SLC38A9;WDR24,0.9999999999999972
Reactome_2024,up,DNA Damage Bypass,7,2300,47,0.5624805528746261,DTL;PCNA;POLD3;POLI;RBX1;RFC5;RPA3,0.9999999999999972
Reactome_2024,up,CDC42 GTPase Cycle,21,2300,143,0.5639623239683537,ABR;ARAP1;ARHGAP39;ARHGAP4;ARHGEF16;ARHGEF6;BAIAP2;DOCK6;DOCK8;ECT2;GMIP;PAK4;PAK6;PLEKHG1;RACGAP1;SRGAP2;SRGAP3;STEAP3;STOM;VANGL1;WDR81,0.9999999999999972
Reactome_2024,up,Autodegradation of Cdh1 by Cdh1 APC C,8,2300,54,0.5648349978914654,ANAPC10;CDC16;CDC26;PSMA4;PSMA5;PSMB5;SEM1;UBE2C,0.9999999999999972
Reactome_2024,up,SUMOylation of Chromatin Organization Proteins,8,2300,54,0.5648349978914654,CBX8;L3MBTL2;NDC1;NUP133;NUP50;NUP93;PCGF2;PHC2,0.9999999999999972
Reactome_2024,up,SLC Transporter Disorders,10,2300,68,0.5694100483024848,HK1;NDC1;NUP133;NUP50;NUP93;SLC34A2;SLC35A2;SLC5A5;SLC6A14;SLC7A7,0.9999999999999972
Reactome_2024,up,Ub-specific Processing Proteases,21,2300,144,0.5776314081627761,ARRB1;ARRB2;BECN1;CCNA2;CDC20;CDC25A;DDB2;MAT2B;OTUB1;PSMA4;PSMA5;PSMB5;RUVBL1;SEM1;SIAH2;USP18;USP19;USP2;USP30;USP49;VDAC3,0.9999999999999972
Reactome_2024,up,Glycerophospholipid Biosynthesis,15,2300,103,0.5799512152152462,ACP6;AGK;AGPAT1;CDS1;LCLAT1;MBOAT2;OSBPL5;PCTP;PCYT1B;PCYT2;PITPNM1;PLA2G10;PLB1;PLD4;SLC44A4,0.9999999999999972
Reactome_2024,up,Vif-mediated Degradation of APOBEC3G,6,2300,41,0.5855395662215481,APOBEC3G;PSMA4;PSMA5;PSMB5;RBX1;SEM1,0.9999999999999972
Reactome_2024,up,FCERI Mediated Ca+2 Mobilization,5,2300,34,0.5856822270508169,FCER1G;ITPR3;MS4A2;PLCG2;SYK,0.9999999999999972
Reactome_2024,up,Sensory Processing of Sound,7,2300,48,0.5859783548991693,CACNA1D;CLIC5;ESPN;GSN;MYO15A;MYO3A;PLS1,0.9999999999999972
Reactome_2024,up,RUNX1 Regulates Transcription of Genes Involved in Differentiation of HSCs,8,2300,55,0.5867736961643455,MYB;PSMA4;PSMA5;PSMB5;SEM1;SPI1;TCF3;TP73,0.9999999999999972
Reactome_2024,up,Nicotinate Metabolism,4,2300,27,0.5868377425517743,CD38;NADK;NMNAT1;PARP4,0.9999999999999972
Reactome_2024,up,RNA Polymerase III Transcription Initiation From Type 2 Promoter,4,2300,27,0.5868377425517743,GTF3C2;GTF3C3;POLR2H;POLR3K,0.9999999999999972
Reactome_2024,up,The Role of Nef in HIV-1 Replication and Disease Pathogenesis,4,2300,27,0.5868377425517743,AP2A1;ATP6V1H;CD4;HCK,0.9999999999999972
Reactome_2024,up,Phospholipid Metabolism,26,2300,179,0.5874646106388999,ACP6;AGK;AGPAT1;BMX;CDS1;FIG4;GDPD3;INPP4A;INPP4B;INPP5E;LCLAT1;MBOAT2;MTM1;OSBPL5;PCTP;PCYT1B;PCYT2;PI4KA;PIK3R5;PITPNM1;PLA2G10;PLB1;PLD4;PNPLA6;SLC44A4;TNFAIP8L1,0.9999999999999972
Reactome_2024,up,RHOB GTPase Cycle,9,2300,62,0.5877973937138777,ABR;ANLN;ARHGAP39;ARHGEF10L;CIT;ECT2;RACGAP1;STOM;VANGL1,0.9999999999999972
Reactome_2024,up,Phase II - Conjugation of Compounds,10,2300,69,0.588971484285292,BPNT1;CNDP2;GCLC;GSTP1;HPGDS;MAT2B;NAT1;SULT1C2;TPST1;UGT1A6,0.9999999999999972
Reactome_2024,up,"Adrenaline,noradrenaline Inhibits Insulin Secretion",3,2300,20,0.5899492564238473,ADRA2A;CACNA1D;GNAI2,0.9999999999999972
Reactome_2024,up,Basigin Interactions,3,2300,20,0.5899492564238473,ITGA3;SLC7A6;SLC7A7,0.9999999999999972
Reactome_2024,up,Class I Peroxisomal Membrane Protein Import,3,2300,20,0.5899492564238473,ACBD5;PEX16;PEX19,0.9999999999999972
Reactome_2024,up,Maturation of TCA Enzymes and Regulation of TCA Cycle,3,2300,20,0.5899492564238473,ISCA2;SDHA;SDHAF4,0.9999999999999972
Reactome_2024,up,Nef-mediates Down Modulation of Cell Surface Receptors by Recruiting Them to Clathrin Adapters,3,2300,20,0.5899492564238473,AP2A1;ATP6V1H;CD4,0.9999999999999972
Reactome_2024,up,PD-1 Signaling,3,2300,20,0.5899492564238473,CD4;CSK;PTPN6,0.9999999999999972
Reactome_2024,up,Sema4D Induced Cell Migration and Growth-Cone Collapse,3,2300,20,0.5899492564238473,LIMK2;MYL6;PLXNB1,0.9999999999999972
Reactome_2024,up,Vitamin B5 (Pantothenate) Metabolism,3,2300,20,0.5899492564238473,COASY;NUDT8;VNN2,0.9999999999999972
Reactome_2024,up,PKR-mediated Signaling,9,2300,63,0.607975627799787,CDK1;DUS2;FAAP100;FAAP20;FAAP24;FANCF;MAP2K6;TUBA1A;TUBB2B,0.9999999999999972
Reactome_2024,up,G2 M DNA Damage Checkpoint,8,2300,56,0.6081680253402177,BRCA1;CCNB1;CDK1;RFC5;RMI1;RMI2;RPA3;UBE2V2,0.9999999999999972
Reactome_2024,up,PI Metabolism,11,2300,77,0.6084997761527833,BMX;FIG4;GDPD3;INPP4A;INPP4B;INPP5E;MTM1;PI4KA;PIK3R5;PNPLA6;TNFAIP8L1,0.9999999999999972
Reactome_2024,up,FBXL7 Down-Regulates AURKA During Mitotic Entry and in Early Mitosis,6,2300,42,0.6101961357540459,FBXL7;PSMA4;PSMA5;PSMB5;RBX1;SEM1,0.9999999999999972
Reactome_2024,up,Aberrant Regulation of Mitotic Cell Cycle Due to RB1 Defects,5,2300,35,0.6126375344014945,ANAPC10;CDC16;CDC26;E2F1;UBE2C,0.9999999999999972
Reactome_2024,up,Cross-presentation of Soluble Exogenous Antigens (Endosomes),5,2300,35,0.6126375344014945,MRC1;PSMA4;PSMA5;PSMB5;SEM1,0.9999999999999972
Reactome_2024,up,FCERI Mediated MAPK Activation,5,2300,35,0.6126375344014945,FCER1G;MAPK10;MS4A2;PLCG2;SYK,0.9999999999999972
Reactome_2024,up,Interactions of Vpr With Host Cellular Proteins,5,2300,35,0.6126375344014945,NDC1;NUP133;NUP50;NUP93;PSIP1,0.9999999999999972
Reactome_2024,up,Maturation of Spike Protein 9694548,5,2300,35,0.6126375344014945,MGAT4B;MGAT5;ST3GAL2;TUSC3;ZDHHC20,0.9999999999999972
Reactome_2024,up,RHOH GTPase Cycle,5,2300,35,0.6126375344014945,CSK;PAK4;PAK6;STOM;VANGL1,0.9999999999999972
Reactome_2024,up,Ca-dependent Events,4,2300,28,0.6168713422995085,ADCY7;ADCY9;CAMKK2;PRKX,0.9999999999999972
Reactome_2024,up,RNA Polymerase III Transcription Initiation From Type 1 Promoter,4,2300,28,0.6168713422995085,GTF3C2;GTF3C3;POLR2H;POLR3K,0.9999999999999972
Reactome_2024,up,mRNA Capping,4,2300,28,0.6168713422995085,ERCC3;GTF2H5;POLR2H;POLR2I,0.9999999999999972
Reactome_2024,up,HDMs Demethylate Histones,3,2300,21,0.6244132243487495,KDM1B;KDM4B;PHF8,0.9999999999999972
Reactome_2024,up,"Cell Death Signalling via NRAGE, NRIF and NADE",10,2300,71,0.6268145135694851,ABR;ARHGEF10L;ARHGEF16;ARHGEF6;BAD;CASP2;ECT2;PLEKHG5;PSEN2;PSENEN,0.9999999999999972
Reactome_2024,up,Class A 1 (Rhodopsin-like Receptors),18,2300,127,0.6283975653582743,ACKR2;ADRA2A;ADRB1;BDKRB1;C3;C5AR1;CCR10;CYSLTR1;EDN2;FPR3;LTB4R2;NMB;NMU;P2RY2;PTAFR;PTGER1;PTGER2;TACR1,0.9999999999999972
Reactome_2024,up,Orc1 Removal From Chromatin,8,2300,57,0.6289770655055598,CCNA2;CDT1;MCM2;PSMA4;PSMA5;PSMB5;RBX1;SEM1,0.9999999999999972
Reactome_2024,up,S Phase,21,2300,148,0.6305841632178801,ANAPC10;CCNA2;CDC16;CDC25A;CDC26;CDT1;E2F1;GINS1;LIG1;MCM2;PCNA;POLD3;PRIM2;PSMA4;PSMA5;PSMB5;RBX1;RFC5;RPA3;SEM1;UBE2C,0.9999999999999972
Reactome_2024,up,Viral Messenger RNA Synthesis,6,2300,43,0.6340162844089481,NDC1;NUP133;NUP50;NUP93;POLR2H;POLR2I,0.9999999999999972
Reactome_2024,up,Metabolism of Water-Soluble Vitamins and Cofactors,16,2300,114,0.6417985954950178,ABCC1;ACP5;AMN;CD38;COASY;CYB5A;DHFR;MOCOS;MTHFD1L;NADK;NMNAT1;NUDT8;PARP4;PRSS3;SLC19A2;VNN2,0.9999999999999972
Reactome_2024,up,ABC-family Proteins Mediated Transport,11,2300,79,0.643781678194588,ABCA10;ABCA5;ABCB10;ABCC1;ABCG1;DERL3;PEX19;PSMA4;PSMA5;PSMB5;SEM1,0.9999999999999972
Reactome_2024,up,Opioid Signalling,10,2300,72,0.6450370674971857,ADCY7;ADCY9;CAMKK2;CDK5;GNA14;GNAI2;GNAL;ITPR3;PLCB2;PRKX,0.9999999999999972
Reactome_2024,up,Defective TPR May Confer Susceptibility Towards Thyroid Papillary Carcinoma (TPC),4,2300,29,0.645499438930813,NDC1;NUP133;NUP50;NUP93,0.9999999999999972
Reactome_2024,up,Infection With Mycobacterium Tuberculosis,4,2300,29,0.645499438930813,ATP6V1H;DLAT;MRC1;PGK1,0.9999999999999972
Reactome_2024,up,Nucleotide Catabolism,4,2300,29,0.645499438930813,DNPH1;NT5C;NUDT5;SAMHD1,0.9999999999999972
Reactome_2024,up,Regulation of Glucokinase by Glucokinase Regulatory Protein,4,2300,29,0.645499438930813,NDC1;NUP133;NUP50;NUP93,0.9999999999999972
Reactome_2024,up,Synthesis of PA,4,2300,29,0.645499438930813,ACP6;AGPAT1;LCLAT1;PLA2G10,0.9999999999999972
Reactome_2024,up,Peroxisomal Protein Import,8,2300,58,0.649165999519471,ACOT4;ACOT8;EHHADH;MLYCD;NUDT19;NUDT7;PEX1;PEX6,0.9999999999999972
Reactome_2024,up,RAC1 GTPase Cycle,24,2300,171,0.6567515378674704,ABR;ARAP1;ARHGAP39;ARHGAP4;ARHGEF6;BAIAP2;BRK1;CIT;CYBB;DOCK6;DOCK8;ECT2;GMIP;NCF1;NCF2;NCF4;NCKAP1L;PAK4;PAK6;PLEKHG1;RACGAP1;SRGAP2;SRGAP3;VANGL1,0.9999999999999972
Reactome_2024,up,PIWI-interacting RNA (piRNA) Biogenesis,3,2300,22,0.6568322113203663,HENMT1;POLR2H;POLR2I,0.9999999999999972
Reactome_2024,up,RAS Processing,3,2300,22,0.6568322113203663,ABHD17C;BCL2L1;ICMT,0.9999999999999972
Reactome_2024,up,Regulation of Signaling by CBL,3,2300,22,0.6568322113203663,BLNK;HCK;SYK,0.9999999999999972
Reactome_2024,up,Respiratory Syncytial Virus (RSV) Attachment and Entry,3,2300,22,0.6568322113203663,GPC3;GPC4;SDC1,0.9999999999999972
Reactome_2024,up,Negative Regulation of NOTCH4 Signaling,6,2300,44,0.6569560322688355,PSMA4;PSMA5;PSMB5;RBX1;SEM1;TACC3,0.9999999999999972
Reactome_2024,up,Diseases of Mitotic Cell Cycle,5,2300,37,0.6633372560478208,ANAPC10;CDC16;CDC26;E2F1;UBE2C,0.9999999999999972
Reactome_2024,up,Formation of the Cornified Envelope,5,2300,37,0.6633372560478208,CAPNS1;CSTA;EVPL;KAZN;TGM1,0.9999999999999972
Reactome_2024,up,Cellular Response to Hypoxia,8,2300,59,0.668705918336738,EGLN2;EGLN3;HIF1AN;PSMA4;PSMA5;PSMB5;RBX1;SEM1,0.9999999999999972
Reactome_2024,up,Muscle Contraction,15,2300,109,0.6709146354897655,ATP2B4;FGF11;FXYD1;ITPR3;KCNE1;KCNE3;KCNJ12;MYL6;ORAI2;PXN;RANGRF;SRI;TNNC1;TNNC2;TNNI2,0.9999999999999972
Reactome_2024,up,Activation of the Pre-Replicative Complex,4,2300,30,0.6726750462076647,CDT1;MCM2;PRIM2;RPA3,0.9999999999999972
Reactome_2024,up,Diseases Associated With Glycosaminoglycan Metabolism,4,2300,30,0.6726750462076647,B3GALT6;GPC3;GPC4;SDC1,0.9999999999999972
Reactome_2024,up,Signaling by NOTCH2,4,2300,30,0.6726750462076647,NEURL1;NEURL1B;PSEN2;PSENEN,0.9999999999999972
Reactome_2024,up,Oxygen-dependent Proline Hydroxylation of Hypoxia-inducible Factor Alpha,7,2300,52,0.6731114365757881,EGLN2;EGLN3;PSMA4;PSMA5;PSMB5;RBX1;SEM1,0.9999999999999972
Reactome_2024,up,Regulation of TP53 Activity Through Phosphorylation,12,2300,88,0.6751269657661447,BRCA1;CCNA2;CDK5;MAPK14;NUAK1;PIN1;RFC5;RMI1;RMI2;RPA3;TAF6;TP53INP1,0.9999999999999972
Reactome_2024,up,MITF-M-dependent Gene Expression,11,2300,81,0.6772800574918987,AGO4;ARID1A;ATP6V1E1;ATP6V1F;ATP6V1H;BCL7A;CCNB1;LIG1;MAPK14;PLK1;SYTL2,0.9999999999999972
Reactome_2024,up,Diseases Associated With O-glycosylation of Proteins,6,2300,45,0.6789818016723871,DAG1;GALNT12;LARGE1;MUC12;MUC16;MUC4,0.9999999999999972
Reactome_2024,up,HIV Transcription Initiation,6,2300,45,0.6789818016723871,ERCC3;GTF2E2;GTF2H5;POLR2H;POLR2I;TAF6,0.9999999999999972
Reactome_2024,up,RNA Polymerase II HIV Promoter Escape,6,2300,45,0.6789818016723871,ERCC3;GTF2E2;GTF2H5;POLR2H;POLR2I;TAF6,0.9999999999999972
Reactome_2024,up,RNA Polymerase II Promoter Escape,6,2300,45,0.6789818016723871,ERCC3;GTF2E2;GTF2H5;POLR2H;POLR2I;TAF6,0.9999999999999972
Reactome_2024,up,RNA Polymerase II Transcription Initiation,6,2300,45,0.6789818016723871,ERCC3;GTF2E2;GTF2H5;POLR2H;POLR2I;TAF6,0.9999999999999972
Reactome_2024,up,RNA Polymerase II Transcription Initiation And Promoter Clearance,6,2300,45,0.6789818016723871,ERCC3;GTF2E2;GTF2H5;POLR2H;POLR2I;TAF6,0.9999999999999972
Reactome_2024,up,RNA Polymerase II Transcription Pre-Initiation And Promoter Opening,6,2300,45,0.6789818016723871,ERCC3;GTF2E2;GTF2H5;POLR2H;POLR2I;TAF6,0.9999999999999972
Reactome_2024,up,SUMOylation of DNA Replication Proteins,6,2300,45,0.6789818016723871,NDC1;NUP133;NUP50;NUP93;PCNA;PIAS3,0.9999999999999972
Reactome_2024,up,Sensory Processing of Sound by Inner Hair Cells of the Cochlea,6,2300,45,0.6789818016723871,CACNA1D;CLIC5;ESPN;MYO15A;MYO3A;PLS1,0.9999999999999972
Reactome_2024,up,Assembly of the Pre-Replicative Complex,10,2300,74,0.6799648667767919,ANAPC10;CDC16;CDC26;CDT1;MCM2;PSMA4;PSMA5;PSMB5;SEM1;UBE2C,0.9999999999999972
Reactome_2024,up,Hedgehog 'On' State,9,2300,67,0.6833275250359319,ARRB1;ARRB2;EFCAB7;GAS8;PSMA4;PSMA5;PSMB5;RBX1;SEM1,0.9999999999999972
Reactome_2024,up,Keratinization,5,2300,38,0.6870004365798899,CAPNS1;CSTA;EVPL;KAZN;TGM1,0.9999999999999972
Reactome_2024,up,Regulation of Ornithine Decarboxylase (ODC),5,2300,38,0.6870004365798899,NQO1;PSMA4;PSMA5;PSMB5;SEM1,0.9999999999999972
Reactome_2024,up,Transcriptional Regulation by VENTX,5,2300,38,0.6870004365798899,AGO4;ANAPC10;CDC16;CDC26;UBE2C,0.9999999999999972
Reactome_2024,up,Translesion Synthesis by Y Family DNA Polymerases Bypasses Lesions on DNA Template,5,2300,38,0.6870004365798899,PCNA;POLD3;POLI;RFC5;RPA3,0.9999999999999972
Reactome_2024,up,Processing of DNA Double-Strand Break Ends,8,2300,60,0.6875735779006329,BRCA1;CCNA2;PPP4C;RFC5;RMI1;RMI2;RPA3;UBE2V2,0.9999999999999972
Reactome_2024,up,TP53 Regulates Transcription of DNA Repair Genes,8,2300,60,0.6875735779006329,BRCA1;DDB2;ERCC3;FANCI;GTF2H5;POLR2H;POLR2I;RAD51D,0.9999999999999972
Reactome_2024,up,Transcriptional Regulation by TP53,48,2300,341,0.6884743512744897,AGO4;BCL2L14;BRCA1;CARM1;CASP2;CCNA2;CCNB1;CDK1;CDK5;CNOT6;COX5A;COX6A1;COX6B2;COX7A2;DDB2;E2F1;E2F7;ERCC3;FANCI;GPX2;GTF2H5;MAP2K6;MAPK14;NUAK1;PCNA;PIDD1;PIN1;POLR2H;POLR2I;PRDX1;RABGGTA;RAD51D;RFC5;RMI1;RMI2;RPA3;RRAGA;RRM2B;SLC38A9;SMYD2;STEAP3;TAF6;TP53AIP1;TP53INP1;TP73;TTC5;USP2;ZNF385A,0.9999999999999972
Reactome_2024,up,DNA Replication Pre-Initiation,12,2300,89,0.6905933272403856,ANAPC10;CDC16;CDC26;CDT1;MCM2;PRIM2;PSMA4;PSMA5;PSMB5;RPA3;SEM1;UBE2C,0.9999999999999972
Reactome_2024,up,Cytoprotection by HMOX1,7,2300,53,0.6930024458453121,ABCC1;BLVRA;CARM1;COX5A;COX6A1;COX6B2;COX7A2,0.9999999999999972
Reactome_2024,up,Interleukin-1 Family Signaling,17,2300,125,0.6956624829926628,ALOX5;GSDMD;IL13;IL18R1;IRAK3;MAP2K6;MAP3K8;NLRX1;PSMA4;PSMA5;PSMB5;PTPN6;PTPN9;RBX1;SEM1;SIGIRR;USP18,0.9999999999999972
Reactome_2024,up,Peptide Ligand-Binding Receptors,10,2300,75,0.6966332603584435,ACKR2;BDKRB1;C3;C5AR1;CCR10;EDN2;FPR3;NMB;NMU;TACR1,0.9999999999999972
Reactome_2024,up,SUMOylation of DNA Damage Response and Repair Proteins,10,2300,75,0.6966332603584435,BRCA1;CBX8;CETN2;NDC1;NUP133;NUP50;NUP93;PCGF2;PHC2;XRCC4,0.9999999999999972
Reactome_2024,up,Aggrephagy,4,2300,31,0.698372728253653,DYNLL1;IFT88;TUBA1A;TUBB2B,0.9999999999999972
Reactome_2024,up,Glycosphingolipid Catabolism,4,2300,31,0.698372728253653,GLB1L;SMPD2;SMPD3;STS,0.9999999999999972
Reactome_2024,up,NEP NS2 Interacts With the Cellular Export Machinery,4,2300,31,0.698372728253653,NDC1;NUP133;NUP50;NUP93,0.9999999999999972
Reactome_2024,up,Plasma Lipoprotein Clearance,4,2300,31,0.698372728253653,AMN;AP2A1;CLTA;CLTC,0.9999999999999972
Reactome_2024,up,RMTs Methylate Histone Arginines,4,2300,31,0.698372728253653,ARID1A;CARM1;PRMT3;PRMT7,0.9999999999999972
Reactome_2024,up,Transport of Ribonucleoproteins Into the Host Nucleus,4,2300,31,0.698372728253653,NDC1;NUP133;NUP50;NUP93,0.9999999999999972
Reactome_2024,up,Glycosphingolipid Metabolism,6,2300,46,0.7000696880703301,B4GALT5;GLB1L;SMPD2;SMPD3;ST3GAL2;STS,0.9999999999999972
Reactome_2024,up,Metabolism of Polyamines,6,2300,46,0.7000696880703301,AZIN2;NQO1;PSMA4;PSMA5;PSMB5;SEM1,0.9999999999999972
Reactome_2024,up,MHC Class II Antigen Presentation,14,2300,104,0.7006011796177625,AP2A1;CLTA;CLTC;CTSK;DYNLL1;KIF11;KIF15;KIF20A;KIF23;KIF3B;KIF4A;RACGAP1;TUBA1A;TUBB2B,0.9999999999999972
Reactome_2024,up,RHOC GTPase Cycle,9,2300,68,0.7007047672495086,ABR;ACBD5;ANLN;ARHGAP39;ARHGEF10L;CIT;RACGAP1;STOM;VANGL1,0.9999999999999972
Reactome_2024,up,Reproduction,9,2300,68,0.7007047672495086,ACD;BRCA1;FIGNL1;LMNB1;POT1;PSMC3IP;REC8;RPA3;SYCE3,0.9999999999999972
Reactome_2024,up,Signaling by Rho GTPases,84,2300,592,0.7051819553448452,ABR;ACBD5;ANKFY1;ANKRD26;ANLN;ARAP1;ARHGAP28;ARHGAP39;ARHGAP4;ARHGEF10L;ARHGEF16;ARHGEF6;ARPC3;B9D2;BAIAP2;BASP1;BRK1;BUB1;BUB1B;CDC20;CENPI;CENPK;CENPM;CENPO;CENPQ;CENPU;CIT;CKB;CLTC;CSK;CYBB;DLG4;DOCK6;DOCK8;DYNLL1;ECT2;EFHD2;FILIP1;GMIP;LIMK2;LIN7B;LMNB1;MAD2L1;MAPK14;MOSPD2;MTX1;MYL6;NCF1;NCF2;NCF4;NCKAP1L;NDE1;NSL1;NUF2;NUP133;PAK4;PAK6;PFN2;PIN1;PLEKHG1;PLEKHG5;PLK1;PLXNB1;PTK2B;RAC2;RACGAP1;RCC2;RHOBTB1;RHOD;RHPN1;S100A8;SCAI;SEMA4F;SKA2;SRGAP2;SRGAP3;STEAP3;STOM;TUBA1A;TUBB2B;UBXN11;VANGL1;WDR81;ZWINT,0.9999999999999972
Reactome_2024,up,Fcgamma Receptor (FCGR) Dependent Phagocytosis,12,2300,90,0.7056114130845044,ARPC3;BAIAP2;BRK1;FCGR2A;FCGR3A;HCK;IGHG4;ITPR3;NCKAP1L;PLCG2;PLD4;SYK,0.9999999999999972
Reactome_2024,up,Sphingolipid Metabolism,12,2300,90,0.7056114130845044,ABCC1;ALDH3B1;ALDH3B2;B4GALT5;CERS6;CYB5B;GLB1L;SGPP2;SMPD2;SMPD3;ST3GAL2;STS,0.9999999999999972
Reactome_2024,up,Post-translational Modification Synthesis of GPI-anchored Proteins,8,2300,61,0.7057511166699615,CD109;CEACAM5;LY6D;LY6H;PIGU;PSCA;RAET1G;VNN2,0.9999999999999972
Reactome_2024,up,Mitotic G1 Phase and G1 S Transition,18,2300,133,0.706877403981936,CCNA2;CCNB1;CDC25A;CDK1;CDT1;DHFR;E2F1;MCM2;PCNA;PRIM2;PSMA4;PSMA5;PSMB5;RPA3;RRM2;SEM1;TK1;TYMS,0.9999999999999972
Reactome_2024,up,EPH-Ephrin Signaling,11,2300,83,0.7088572227764416,AP2A1;ARPC3;CLTA;CLTC;CLTCL1;EFNB3;EPHA4;LIMK2;MYL6;PSEN2;PSENEN,0.9999999999999972
Reactome_2024,up,Mitotic Prophase,11,2300,83,0.7088572227764416,CCNB1;CCNB2;CDK1;LMNB1;NDC1;NUP133;NUP50;NUP93;PHF8;PLK1;VRK1,0.9999999999999972
Reactome_2024,up,Ubiquitin Mediated Degradation of Phosphorylated Cdc25A,5,2300,39,0.7095080089194052,CDC25A;PSMA4;PSMA5;PSMB5;SEM1,0.9999999999999972
Reactome_2024,up,Vpu Mediated Degradation of CD4,5,2300,39,0.7095080089194052,CD4;PSMA4;PSMA5;PSMB5;SEM1,0.9999999999999972
Reactome_2024,up,p53-Independent DNA Damage Response,5,2300,39,0.7095080089194052,CDC25A;PSMA4;PSMA5;PSMB5;SEM1,0.9999999999999972
Reactome_2024,up,p53-Independent G1 S DNA Damage Checkpoint,5,2300,39,0.7095080089194052,CDC25A;PSMA4;PSMA5;PSMB5;SEM1,0.9999999999999972
Reactome_2024,up,G2 M Checkpoints,15,2300,112,0.7120131218937574,BRCA1;CCNB1;CCNB2;CDC25A;CDK1;MCM2;PSMA4;PSMA5;PSMB5;RFC5;RMI1;RMI2;RPA3;SEM1;UBE2V2,0.9999999999999972
Reactome_2024,up,G1 S DNA Damage Checkpoints,7,2300,54,0.712091214689502,CCNA2;CDC25A;PSMA4;PSMA5;PSMB5;SEM1;ZNF385A,0.9999999999999972
Reactome_2024,up,NRAGE Signals Death Through JNK,7,2300,54,0.712091214689502,ABR;ARHGEF10L;ARHGEF16;ARHGEF6;BAD;ECT2;PLEKHG5,0.9999999999999972
Reactome_2024,up,Synthesis of Substrates in N-glycan Biosythesis,7,2300,54,0.712091214689502,GNE;HK1;NPL;NUDT14;PMM1;SRD5A3;ST3GAL2,0.9999999999999972
Reactome_2024,up,PCP CE Pathway,10,2300,76,0.7127525148128117,AP2A1;ARRB2;CLTA;CLTC;PSMA4;PSMA5;PSMB5;RAC2;SEM1;WNT4,0.9999999999999972
Reactome_2024,up,Insulin Receptor Recycling,3,2300,24,0.7154713400084171,ATP6V1E1;ATP6V1F;ATP6V1H,0.9999999999999972
Reactome_2024,up,MicroRNA (miRNA) Biogenesis,3,2300,24,0.7154713400084171,AGO4;POLR2H;POLR2I,0.9999999999999972
Reactome_2024,up,NOTCH3 Intracellular Domain Regulates Transcription,3,2300,24,0.7154713400084171,DLGAP5;FABP7;HEY2,0.9999999999999972
Reactome_2024,up,Sema4D in Semaphorin Signaling,3,2300,24,0.7154713400084171,LIMK2;MYL6;PLXNB1,0.9999999999999972
Reactome_2024,up,Signaling by NTRK2 (TRKB),3,2300,24,0.7154713400084171,BDNF;CDK5;NTRK2,0.9999999999999972
Reactome_2024,up,Thrombin Signalling Through Proteinase Activated Receptors (PARs),3,2300,24,0.7154713400084171,ARRB1;ARRB2;GNA14,0.9999999999999972
Reactome_2024,up,Leishmania Infection,20,2300,148,0.7161099344372575,ADCY7;ADCY9;ARPC3;BAIAP2;BRK1;C3;CYSLTR1;FCGR2A;FCGR3A;GNAI2;GSDMD;HCK;IGHG4;IL10;ITPR3;MAPK14;NCKAP1L;PLCG2;PRKX;SYK,0.9999999999999972
Reactome_2024,up,Parasitic Infection Pathways,20,2300,148,0.7161099344372575,ADCY7;ADCY9;ARPC3;BAIAP2;BRK1;C3;CYSLTR1;FCGR2A;FCGR3A;GNAI2;GSDMD;HCK;IGHG4;IL10;ITPR3;MAPK14;NCKAP1L;PLCG2;PRKX;SYK,0.9999999999999972
Reactome_2024,up,P75 NTR Receptor-Mediated Signalling,12,2300,91,0.7201712352636147,ABR;ARHGEF10L;ARHGEF16;ARHGEF6;BAD;CASP2;ECT2;OMG;PLEKHG5;PSEN2;PSENEN;SMPD2,0.9999999999999972
Reactome_2024,up,"Transport of Bile Salts and Organic Acids, Metal Ions and Amine Compounds",6,2300,47,0.7202046834648232,SLC13A3;SLC22A16;SLC22A4;SLC44A4;SLC6A14;SLC6A6,0.9999999999999972
Reactome_2024,up,Bile Acid and Bile Salt Metabolism,4,2300,32,0.7225857998246219,ABCB11;ACOT8;AKR1C3;SLC51A,0.9999999999999972
Reactome_2024,up,Binding and Uptake of Ligands by Scavenger Receptors,4,2300,32,0.7225857998246219,APOL1;HPX;JCHAIN;STAB1,0.9999999999999972
Reactome_2024,up,Export of Viral Ribonucleoproteins From Nucleus,4,2300,32,0.7225857998246219,NDC1;NUP133;NUP50;NUP93,0.9999999999999972
Reactome_2024,up,Formation of the Early Elongation Complex,4,2300,32,0.7225857998246219,ERCC3;GTF2H5;POLR2H;POLR2I,0.9999999999999972
Reactome_2024,up,Formation of the HIV-1 Early Elongation Complex,4,2300,32,0.7225857998246219,ERCC3;GTF2H5;POLR2H;POLR2I,0.9999999999999972
Reactome_2024,up,Regulation of Pyruvate Metabolism,4,2300,32,0.7225857998246219,DLAT;GID8;ME1;PKM,0.9999999999999972
Reactome_2024,up,Interferon Gamma Signaling,11,2300,84,0.7238948617775394,GBP6;OAS1;OAS2;OAS3;PTAFR;PTPN6;TRIM14;TRIM3;TRIM31;TRIM6;TRIM62,0.9999999999999972
Reactome_2024,up,TP53 Regulates Metabolic Genes,10,2300,77,0.7283126250605771,AGO4;COX5A;COX6A1;COX6B2;COX7A2;GPX2;PRDX1;RRAGA;RRM2B;SLC38A9,0.9999999999999972
Reactome_2024,up,Regulation of RAS by GAPs,7,2300,55,0.7303666861410874,PSMA4;PSMA5;PSMB5;RASAL3;RBX1;SEM1;SYNGAP1,0.9999999999999972
Reactome_2024,up,Signaling by NOTCH4,9,2300,70,0.7335980679140228,HEY2;PSEN2;PSENEN;PSMA4;PSMA5;PSMB5;RBX1;SEM1;TACC3,0.9999999999999972
Reactome_2024,up,HCMV Infection,12,2300,92,0.7342650511502693,DYNLL1;IRS1;MVB12B;NDC1;NUP133;NUP50;NUP93;TSG101;TUBA1A;TUBB2B;VPS25;VPS37D,0.9999999999999972
Reactome_2024,up,Neurotransmitter Receptors and Postsynaptic Signal Transmission,16,2300,121,0.7349983498677308,ADCY7;ADCY9;AP2A1;CAMKK2;DLG4;GABRB2;GNAI2;GNAL;KCNJ12;KCNJ16;LIN7B;NPTN;PLCB2;PRKX;TUBA1A;TUBB2B,0.9999999999999972
Reactome_2024,up,Transcriptional Regulation by Small RNAs,6,2300,48,0.7393798732599168,NDC1;NUP133;NUP50;NUP93;POLR2H;POLR2I,0.9999999999999972
Reactome_2024,up,Signal Amplification,3,2300,25,0.7417355938039328,GNA14;GNAI2;MAPK14,0.9999999999999972
Reactome_2024,up,Synthesis of PC,3,2300,25,0.7417355938039328,PCTP;PCYT1B;SLC44A4,0.9999999999999972
Reactome_2024,up,ADORA2B Mediated Anti-Inflammatory Cytokines Production,4,2300,33,0.7453236398331343,ADCY7;ADCY9;GNAI2;PRKX,0.9999999999999972
Reactome_2024,up,Activation of ATR in Response to Replication Stress,4,2300,33,0.7453236398331343,CDC25A;MCM2;RFC5;RPA3,0.9999999999999972
Reactome_2024,up,Interleukin-2 Family Signaling,4,2300,33,0.7453236398331343,IL5RA;PTK2B;PTPN6;SYK,0.9999999999999972
Reactome_2024,up,Late Endosomal Microautophagy,4,2300,33,0.7453236398331343,IFT88;MVB12B;TSG101;VPS37D,0.9999999999999972
Reactome_2024,up,Nuclear Import of Rev Protein,4,2300,33,0.7453236398331343,NDC1;NUP133;NUP50;NUP93,0.9999999999999972
Reactome_2024,up,Signaling by BRAF and RAF1 Fusions,7,2300,56,0.7478236376840686,AGK;AGTRAP;ARRB1;ARRB2;CLCN6;CSK;TRAK1,0.9999999999999972
Reactome_2024,up,MAPK6 MAPK4 Signaling,9,2300,71,0.7490989064479074,AGO4;CDC14A;CDC14B;CDK1;HSBP1;PSMA4;PSMA5;PSMB5;SEM1,0.9999999999999972
Reactome_2024,up,UCH Proteinases,9,2300,71,0.7490989064479074,ACTR8;KDM1B;PSMA4;PSMA5;PSMB5;RUVBL1;SEM1;SENP8;TFPT,0.9999999999999972
Reactome_2024,up,Host Interactions of HIV Factors,15,2300,115,0.7498229228516817,AP2A1;APOBEC3G;ATP6V1H;CD4;HCK;NDC1;NUP133;NUP50;NUP93;PSIP1;PSMA4;PSMA5;PSMB5;RBX1;SEM1,0.9999999999999972
Reactome_2024,up,"Interleukin-3, Interleukin-5 and GM-CSF Signaling",5,2300,41,0.7510340311795443,BLNK;HCK;IL5RA;PTPN6;SYK,0.9999999999999972
Reactome_2024,up,Intra-Golgi Traffic,5,2300,41,0.7510340311795443,COG1;COG6;COG7;RAB36;SNAP29,0.9999999999999972
Reactome_2024,up,Somitogenesis,5,2300,41,0.7510340311795443,EPHA4;PSMA4;PSMA5;PSMB5;SEM1,0.9999999999999972
Reactome_2024,up,Transport of Mature mRNA Derived From an Intronless Transcript,5,2300,41,0.7510340311795443,CPSF3;NDC1;NUP133;NUP50;NUP93,0.9999999999999972
Reactome_2024,up,"Signaling by Rho GTPases, Miro GTPases and RHOBTB3",85,2300,607,0.7513102934544071,ABR;ACBD5;ANKFY1;ANKRD26;ANLN;ARAP1;ARHGAP28;ARHGAP39;ARHGAP4;ARHGEF10L;ARHGEF16;ARHGEF6;ARPC3;B9D2;BAIAP2;BASP1;BRK1;BUB1;BUB1B;CDC20;CENPI;CENPK;CENPM;CENPO;CENPQ;CENPU;CIT;CKB;CLTC;CSK;CYBB;DLG4;DOCK6;DOCK8;DYNLL1;ECT2;EFHD2;FILIP1;GMIP;LIMK2;LIN7B;LMNB1;MAD2L1;MAPK14;MOSPD2;MTX1;MYL6;NCF1;NCF2;NCF4;NCKAP1L;NDE1;NSL1;NUF2;NUP133;PAK4;PAK6;PFN2;PIN1;PLEKHG1;PLEKHG5;PLK1;PLXNB1;PTK2B;RAC2;RACGAP1;RCC2;RHOBTB1;RHOD;RHPN1;S100A8;SCAI;SEMA4F;SKA2;SRGAP2;SRGAP3;STEAP3;STOM;TRAK1;TUBA1A;TUBB2B;UBXN11;VANGL1;WDR81;ZWINT,0.9999999999999972
Reactome_2024,up,KEAP1-NFE2L2 Pathway,14,2300,108,0.7530791212095985,ABCC1;BCL2L1;BRCA1;GCLC;ME1;NQO1;PGD;PRDX1;PSMA4;PSMA5;PSMB5;RBX1;SEM1;TKT,0.9999999999999972
Reactome_2024,up,FCGR3A-mediated Phagocytosis,8,2300,64,0.7560383970814948,ARPC3;BAIAP2;BRK1;FCGR3A;HCK;IGHG4;NCKAP1L;SYK,0.9999999999999972
Reactome_2024,up,Leishmania Phagocytosis,8,2300,64,0.7560383970814948,ARPC3;BAIAP2;BRK1;FCGR3A;HCK;IGHG4;NCKAP1L;SYK,0.9999999999999972
Reactome_2024,up,Parasite Infection,8,2300,64,0.7560383970814948,ARPC3;BAIAP2;BRK1;FCGR3A;HCK;IGHG4;NCKAP1L;SYK,0.9999999999999972
Reactome_2024,up,Deubiquitination,29,2300,216,0.7562880115120547,ACTR8;ARRB1;ARRB2;BECN1;BRCA1;CCNA2;CDC20;CDC25A;CDK1;DDB2;JOSD2;KDM1B;MAT2B;OTUB1;PSMA4;PSMA5;PSMB5;RNF135;RUVBL1;SEM1;SENP8;SIAH2;TFPT;USP18;USP19;USP2;USP30;USP49;VDAC3,0.9999999999999972
Reactome_2024,up,VEGFA-VEGFR2 Pathway,12,2300,94,0.7610342976241768,BAIAP2;BRK1;CYBB;HSBP1;ITPR3;MAPK14;NCF1;NCF2;NCF4;NCKAP1L;PTK2B;PXN,0.9999999999999972
Reactome_2024,up,HIV Life Cycle,19,2300,145,0.7617241814533133,CD4;CHMP5;ERCC3;GTF2E2;GTF2H5;LIG1;MVB12B;NDC1;NUP133;NUP50;NUP93;PDCD6IP;POLR2H;POLR2I;PSIP1;TAF6;TSG101;VPS37D;XRCC4,0.9999999999999972
Reactome_2024,up,ISG15 Antiviral Mechanism,9,2300,72,0.7639648834408674,BECN1;EIF4E2;IFIT1;NDC1;NUP133;NUP50;NUP93;PIN1;USP18,0.9999999999999972
Reactome_2024,up,Constitutive Signaling by NOTCH1 HD+PEST Domain Mutants,7,2300,57,0.7644621577890599,HDAC9;HEY2;NEURL1;NEURL1B;PSEN2;PSENEN;RBX1,0.9999999999999972
Reactome_2024,up,Constitutive Signaling by NOTCH1 PEST Domain Mutants,7,2300,57,0.7644621577890599,HDAC9;HEY2;NEURL1;NEURL1B;PSEN2;PSENEN;RBX1,0.9999999999999972
Reactome_2024,up,Drug ADME,7,2300,57,0.7644621577890599,ABCC1;ADAL;CES2;CNDP2;GSTP1;NAT1;UGT1A6,0.9999999999999972
Reactome_2024,up,Platelet Homeostasis,7,2300,57,0.7644621577890599,ATP2B4;ITPR3;LRP8;MAPK14;ORAI2;PTPN6;SRI,0.9999999999999972
Reactome_2024,up,Signaling by NOTCH1 HD+PEST Domain Mutants in Cancer,7,2300,57,0.7644621577890599,HDAC9;HEY2;NEURL1;NEURL1B;PSEN2;PSENEN;RBX1,0.9999999999999972
Reactome_2024,up,Signaling by NOTCH1 PEST Domain Mutants in Cancer,7,2300,57,0.7644621577890599,HDAC9;HEY2;NEURL1;NEURL1B;PSEN2;PSENEN;RBX1,0.9999999999999972
Reactome_2024,up,Signaling by NOTCH1 in Cancer,7,2300,57,0.7644621577890599,HDAC9;HEY2;NEURL1;NEURL1B;PSEN2;PSENEN;RBX1,0.9999999999999972
Reactome_2024,up,G-protein Beta Gamma Signalling,3,2300,26,0.7660311023585031,ARHGEF6;PIK3R5;PLCB2,0.9999999999999972
Reactome_2024,up,NCAM1 Interactions,3,2300,26,0.7660311023585031,ARTN;CACNA1D;GDNF,0.9999999999999972
Reactome_2024,up,RNA Polymerase I Transcription Termination,3,2300,26,0.7660311023585031,ERCC3;GTF2H5;POLR2H,0.9999999999999972
Reactome_2024,up,Signaling by ALK,3,2300,26,0.7660311023585031,DNMT1;IRS1;PTPN6,0.9999999999999972
Reactome_2024,up,Citric Acid Cycle (TCA Cycle),4,2300,34,0.7666091615374432,IDH3G;ISCA2;SDHA;SDHAF4,0.9999999999999972
Reactome_2024,up,Rev-mediated Nuclear Export of HIV RNA,4,2300,34,0.7666091615374432,NDC1;NUP133;NUP50;NUP93,0.9999999999999972
Reactome_2024,up,SUMOylation of SUMOylation Proteins,4,2300,34,0.7666091615374432,NDC1;NUP133;NUP50;NUP93,0.9999999999999972
Reactome_2024,up,Transport of the SLBP Independent Mature mRNA,4,2300,34,0.7666091615374432,NDC1;NUP133;NUP50;NUP93,0.9999999999999972
Reactome_2024,up,Antigen Processing Ubiquitination & Proteasome Degradation,37,2300,274,0.766639209878712,ANAPC10;ASB13;ASB9;CDC16;CDC20;CDC26;DET1;DZIP3;FBXL13;FBXL14;FBXL7;FBXO15;FBXO2;FBXO41;FBXO7;FBXW10;FBXW9;HERC6;KLHL13;KLHL5;PSMA4;PSMA5;PSMB5;RBX1;RNF220;SEM1;SIAH2;SPSB2;TRAIP;TRIM32;TRIM37;UBAC1;UBE2C;UBE2L3;UBE2V2;UBE3D;ZNRF1,0.9999999999999972
Reactome_2024,up,AUF1 (hnRNP D0) Binds and Destabilizes mRNA,5,2300,42,0.7700661792100169,HSBP1;PSMA4;PSMA5;PSMB5;SEM1,0.9999999999999972
Reactome_2024,up,Degradation of DVL,5,2300,42,0.7700661792100169,PSMA4;PSMA5;PSMB5;RBX1;SEM1,0.9999999999999972
Reactome_2024,up,GSK3B and BTRC CUL1-mediated-degradation of NFE2L2,5,2300,42,0.7700661792100169,PSMA4;PSMA5;PSMB5;RBX1;SEM1,0.9999999999999972
Reactome_2024,up,PKMTs Methylate Histone Lysines,5,2300,42,0.7700661792100169,DPY30;KMT5C;MECOM;SETD7;SMYD2,0.9999999999999972
Reactome_2024,up,Recruitment and ATM-med Phosphorylation of Repair and Signaling Proteins at DNA Double Strand Breaks,5,2300,42,0.7700661792100169,BRCA1;EYA4;KDM4B;PPP5C;UBE2V2,0.9999999999999972
Reactome_2024,up,SCF-beta-TrCP Mediated Degradation of Emi1,5,2300,42,0.7700661792100169,CDC20;PSMA4;PSMA5;PSMB5;SEM1,0.9999999999999972
Reactome_2024,up,Transport of Mature mRNAs Derived From Intronless Transcripts,5,2300,42,0.7700661792100169,CPSF3;NDC1;NUP133;NUP50;NUP93,0.9999999999999972
Reactome_2024,up,mRNA Splicing - Minor Pathway,6,2300,50,0.7748587798171213,POLR2H;POLR2I;SF3B6;SNRNP25;SNRNP35;ZRSR2,0.9999999999999972
Reactome_2024,up,G Alpha (S) Signalling Events,9,2300,73,0.7781967379845248,ADCY7;ADCY9;ADRB1;ARRB1;ARRB2;GIPR;GNAI2;PTGER2;RAMP1,0.9999999999999972
Reactome_2024,up,Cargo Recognition for Clathrin-Mediated Endocytosis,11,2300,88,0.778891453822027,AP2A1;ARRB1;ARRB2;CD4;CLTA;CLTC;CLTCL1;FCHO1;SYT8;TACR1;UBQLN2,0.9999999999999972
Reactome_2024,up,HIV Infection,28,2300,212,0.782998679264176,AP2A1;APOBEC3G;ATP6V1H;CD4;CHMP5;ERCC3;GTF2E2;GTF2H5;HCK;LIG1;MVB12B;NDC1;NUP133;NUP50;NUP93;PDCD6IP;POLR2H;POLR2I;PSIP1;PSMA4;PSMA5;PSMB5;RBX1;SEM1;TAF6;TSG101;VPS37D;XRCC4,0.9999999999999972
Reactome_2024,up,Regulation of Actin Dynamics for Phagocytic Cup Formation,8,2300,66,0.7859974647018859,ARPC3;BAIAP2;BRK1;FCGR2A;FCGR3A;IGHG4;NCKAP1L;SYK,0.9999999999999972
Reactome_2024,up,Early SARS-CoV-2 Infection Events,4,2300,35,0.7864764682646621,BECN1;GPC3;GPC4;SDC1,0.9999999999999972
Reactome_2024,up,RUNX1 Regulates Genes Involved in Megakaryocyte Differentiation and Platelet Function,4,2300,35,0.7864764682646621,AGO4;DPY30;NFE2;ZFPM1,0.9999999999999972
Reactome_2024,up,Transport of the SLBP Dependant Mature mRNA,4,2300,35,0.7864764682646621,NDC1;NUP133;NUP50;NUP93,0.9999999999999972
Reactome_2024,up,DNA Double Strand Break Response,5,2300,43,0.7879674811575259,BRCA1;EYA4;KDM4B;PPP5C;UBE2V2,0.9999999999999972
Reactome_2024,up,Pyruvate Metabolism,5,2300,43,0.7879674811575259,DLAT;GID8;HAGH;ME1;PKM,0.9999999999999972
Reactome_2024,up,Diseases Associated With the TLR Signaling Cascade,3,2300,27,0.7884302723343442,S100A8;TLR3;UNC93B1,0.9999999999999972
Reactome_2024,up,Diseases of Immune System,3,2300,27,0.7884302723343442,S100A8;TLR3;UNC93B1,0.9999999999999972
Reactome_2024,up,Postmitotic Nuclear Pore Complex (NPC) Reformation,3,2300,27,0.7884302723343442,NDC1;NUP133;NUP93,0.9999999999999972
Reactome_2024,up,Sialic Acid Metabolism,3,2300,27,0.7884302723343442,GNE;NPL;ST3GAL2,0.9999999999999972
Reactome_2024,up,Synthesis of Bile Acids and Bile Salts,3,2300,27,0.7884302723343442,ABCB11;ACOT8;AKR1C3,0.9999999999999972
Reactome_2024,up,Disorders of Transmembrane Transporters,16,2300,126,0.7911978604947826,ABCB11;DERL3;HK1;NDC1;NUP133;NUP50;NUP93;PSMA4;PSMA5;PSMB5;SEM1;SLC34A2;SLC35A2;SLC5A5;SLC6A14;SLC7A7,0.9999999999999972
Reactome_2024,up,Metabolism of Steroids,16,2300,126,0.7911978604947826,ABCB11;ACOT8;AKR1B1;AKR1C3;CARM1;FDXR;MVK;SCAP;SLC51A;SQLE;SRD5A1;SRD5A2;SRD5A3;STARD3;STS;TSPOAP1,0.9999999999999972
Reactome_2024,up,Integration of Energy Metabolism,10,2300,82,0.7975803213950824,ADCY7;ADCY9;ADRA2A;AGPAT1;CACNA1D;GNA14;GNAI2;ITPR3;PLCB2;TKT,0.9999999999999972
Reactome_2024,up,Cellular Senescence,16,2300,127,0.8013610058211768,ACD;AGO4;ANAPC10;CBX8;CCNA2;CDC16;CDC26;E2F1;HMGA2;LMNB1;MAP2K6;MAPK10;MAPK14;PHC2;POT1;UBE2C,0.9999999999999972
Reactome_2024,up,NoRC Negatively Regulates rRNA Expression,5,2300,44,0.8047638207586401,DNMT1;ERCC3;GTF2H5;POLR2H;SAP30,0.9999999999999972
Reactome_2024,up,G Alpha (I) Signalling Events,21,2300,164,0.8047700964143375,ADCY7;ADCY9;ADRA2A;BDKRB1;C3;C5AR1;CAMKK2;CCR10;CDK5;FPR3;GNA14;GNAI2;GNAL;GPSM2;ITPR3;NMU;PLCB2;PRKX;RGS13;RGS14;RGS22,0.9999999999999972
Reactome_2024,up,Apoptotic Cleavage of Cellular Proteins,4,2300,36,0.8049687117646752,BMX;CASP7;GSN;LMNB1,0.9999999999999972
Reactome_2024,up,Aquaporin-mediated Transport,4,2300,36,0.8049687117646752,ADCY7;ADCY9;AQP10;RAB11A,0.9999999999999972
Reactome_2024,up,G Alpha (Z) Signalling Events,4,2300,36,0.8049687117646752,ADCY7;ADCY9;ADRA2A;GNAI2,0.9999999999999972
Reactome_2024,up,Interactions of Rev With Host Cellular Proteins,4,2300,36,0.8049687117646752,NDC1;NUP133;NUP50;NUP93,0.9999999999999972
Reactome_2024,up,RHO GTPases Activate WASPs and WAVEs,4,2300,36,0.8049687117646752,ARPC3;BAIAP2;BRK1;NCKAP1L,0.9999999999999972
Reactome_2024,up,RHOV GTPase Cycle,4,2300,36,0.8049687117646752,CLTC;PAK4;PAK6;VANGL1,0.9999999999999972
Reactome_2024,up,G Alpha (Q) Signalling Events,15,2300,120,0.8052350853730144,ABHD6;BDKRB1;CYSLTR1;EDN2;GNA14;ITPR3;LTB4R2;NMB;NMU;P2RY2;PLCB2;PTAFR;PTGER1;RGS13;TACR1,0.9999999999999972
Reactome_2024,up,"Plasma Lipoprotein Assembly, Remodeling, and Clearance",6,2300,52,0.8065823632042898,ABCG1;AMN;AP2A1;CLTA;CLTC;PCSK5,0.9999999999999972
Reactome_2024,up,p53-Dependent G1 DNA Damage Response,6,2300,52,0.8065823632042898,CCNA2;PSMA4;PSMA5;PSMB5;SEM1;ZNF385A,0.9999999999999972
Reactome_2024,up,p53-Dependent G1 S DNA Damage Checkpoint,6,2300,52,0.8065823632042898,CCNA2;PSMA4;PSMA5;PSMB5;SEM1;ZNF385A,0.9999999999999972
Reactome_2024,up,Intra-Golgi and Retrograde Golgi-to-ER Traffic,23,2300,179,0.8084955797930503,COG1;COG6;COG7;DYNLL1;KIF11;KIF15;KIF19;KIF20A;KIF23;KIF26B;KIF27;KIF3B;KIF4A;KIF6;KIF9;PAFAH1B3;RAB36;RACGAP1;SNAP29;STX18;TUBA1A;TUBB2B;VPS52,0.9999999999999972
Reactome_2024,up,Cristae Formation,3,2300,28,0.8090173439385244,APOO;CHCHD3;MTX1,0.9999999999999972
Reactome_2024,up,Platelet Aggregation (Plug Formation),3,2300,28,0.8090173439385244,ADRA2A;CSK;SYK,0.9999999999999972
Reactome_2024,up,Transcriptional Regulation by NPAS4,3,2300,28,0.8090173439385244,AGO4;BDNF;CDK5,0.9999999999999972
Reactome_2024,up,Transcriptional Regulation of Granulopoiesis,3,2300,28,0.8090173439385244,E2F1;MYB;SPI1,0.9999999999999972
Reactome_2024,up,Cytosolic Sensors of Pathogen-Associated DNA,7,2300,60,0.8095366978160804,DDX41;DTX4;POLR2H;POLR3K;TLR3;TRIM32;TRIM56,0.9999999999999972
Reactome_2024,up,HCMV Early Events,8,2300,68,0.8131473518136941,DYNLL1;IRS1;NDC1;NUP133;NUP50;NUP93;TUBA1A;TUBB2B,0.9999999999999972
Reactome_2024,up,trans-Golgi Network Vesicle Budding,8,2300,68,0.8131473518136941,AP1G2;AP4E1;AP4M1;ARRB1;BLOC1S4;CLTA;CLTC;GNS,0.9999999999999972
Reactome_2024,up,Biological Oxidations,18,2300,143,0.8134363825555433,ALDH3A1;BPNT1;CES2;CNDP2;CYB5B;CYP26A1;CYP2S1;CYP4V2;FDXR;GCLC;GSTP1;HPGDS;MAT2B;NAT1;PTGS1;SULT1C2;TPST1;UGT1A6,0.9999999999999972
Reactome_2024,up,Neddylation,28,2300,216,0.8143685382888904,ASB13;ASB9;BRCA1;COMMD8;COMMD9;CUL9;DCAF17;DDB2;DTL;FBXL13;FBXL14;FBXL7;FBXO15;FBXO2;FBXO41;FBXO7;FBXW10;FBXW9;KLHL13;KLHL5;PSMA4;PSMA5;PSMB5;RBX1;SEM1;SENP8;SPSB2;WDTC1,0.9999999999999972
Reactome_2024,up,Degradation of GLI1 by the Proteasome,5,2300,45,0.8204865731444216,PSMA4;PSMA5;PSMB5;RBX1;SEM1,0.9999999999999972
Reactome_2024,up,Regulation of MITF-M-dependent Genes Involved in Pigmentation,4,2300,37,0.8221361609424758,ARID1A;BCL7A;MAPK14;SYTL2,0.9999999999999972
Reactome_2024,up,Regulation of Activated PAK-2p34 by Proteasome Mediated Degradation,4,2300,37,0.8221361609424758,PSMA4;PSMA5;PSMB5;SEM1,0.9999999999999972
Reactome_2024,up,GPCR Ligand Binding,23,2300,181,0.8245618066793334,ACKR2;ADRA2A;ADRB1;BDKRB1;C3;C5AR1;CCR10;CYSLTR1;EDN2;FPR3;GIPR;LTB4R2;NMB;NMU;P2RY2;PTAFR;PTGER1;PTGER2;RAMP1;TACR1;UCN3;WNT4;WNT7B,0.9999999999999972
Reactome_2024,up,RNA Polymerase I Promoter Escape,3,2300,29,0.8278847945163372,ERCC3;GTF2H5;POLR2H,0.9999999999999972
Reactome_2024,up,GPCR Downstream Signalling,44,2300,333,0.8279397060451557,ABHD6;ABR;ADCY7;ADCY9;ADRA2A;ADRB1;ARHGEF10L;ARHGEF16;ARHGEF6;ARRB1;ARRB2;BDKRB1;C3;C5AR1;CAMKK2;CCR10;CDK5;CYSLTR1;ECT2;EDN2;FPR3;GIPR;GNA14;GNAI2;GNAL;GPSM2;ITPR3;LTB4R2;NMB;NMU;P2RY2;PIK3R5;PLCB2;PLEKHG5;PLXNB1;PRKX;PTAFR;PTGER1;PTGER2;RAMP1;RGS13;RGS14;RGS22;TACR1,0.9999999999999972
Reactome_2024,up,Extracellular Matrix Organization,27,2300,211,0.8306975447491379,ADAM8;BMP7;CAPN10;CAPN13;CAPN14;CAPN5;CAPN9;CAPNS1;CEACAM6;CTSK;DAG1;EFEMP1;EMILIN2;FBLN1;ICAM5;ITGA3;LOX;LOXL3;MFAP2;MMP15;P3H1;P4HA1;PCOLCE;PXDN;SDC1;TGFB2;TPSAB1,0.9999999999999972
Reactome_2024,up,Signaling by NOTCH,20,2300,160,0.8326792587170752,AGO4;ARRB1;ARRB2;DLGAP5;DTX2;DTX4;E2F1;FABP7;HDAC9;HEY2;NEURL1;NEURL1B;PSEN2;PSENEN;PSMA4;PSMA5;PSMB5;RBX1;SEM1;TACC3,0.9999999999999972
Reactome_2024,up,Activation of HOX Genes During Differentiation,6,2300,54,0.8347057661765765,CNOT6;DPY30;HOXB2;PCGF2;POLR2H;POLR2I,0.9999999999999972
Reactome_2024,up,Activation of Anterior HOX Genes in Hindbrain Development During Early Embryogenesis,6,2300,54,0.8347057661765765,CNOT6;DPY30;HOXB2;PCGF2;POLR2H;POLR2I,0.9999999999999972
Reactome_2024,up,Degradation of GLI2 by the Proteasome,5,2300,46,0.8351715591290669,PSMA4;PSMA5;PSMB5;RBX1;SEM1,0.9999999999999972
Reactome_2024,up,GLI3 Is Processed to GLI3R by the Proteasome,5,2300,46,0.8351715591290669,PSMA4;PSMA5;PSMB5;RBX1;SEM1,0.9999999999999972
Reactome_2024,up,Regulation of TP53 Activity,19,2300,153,0.8358193084895588,BRCA1;CCNA2;CDK1;CDK5;MAP2K6;MAPK14;NUAK1;PIN1;RFC5;RMI1;RMI2;RPA3;SMYD2;TAF6;TP53INP1;TP73;TTC5;USP2;ZNF385A,0.9999999999999972
Reactome_2024,up,RNA Polymerase II Transcribes snRNA Genes,8,2300,70,0.837579478236219,GTF2E2;INTS5;POLR2H;POLR2I;SNAPC1;SNAPC2;SNAPC3;TAF6,0.9999999999999972
Reactome_2024,up,Autodegradation of the E3 Ubiquitin Ligase COP1,4,2300,38,0.8380344814557211,PSMA4;PSMA5;PSMB5;SEM1,0.9999999999999972
Reactome_2024,up,Cytochrome P450 - Arranged by Substrate Type,4,2300,38,0.8380344814557211,CYP26A1;CYP2S1;CYP4V2;FDXR,0.9999999999999972
Reactome_2024,up,SUMOylation of Ubiquitinylation Proteins,4,2300,38,0.8380344814557211,NDC1;NUP133;NUP50;NUP93,0.9999999999999972
Reactome_2024,up,Signaling by VEGF,12,2300,101,0.8398304183222336,BAIAP2;BRK1;CYBB;HSBP1;ITPR3;MAPK14;NCF1;NCF2;NCF4;NCKAP1L;PTK2B;PXN,0.9999999999999972
Reactome_2024,up,Diseases of Carbohydrate Metabolism,3,2300,30,0.8451303221061898,GALNS;GNS;SGSH,0.9999999999999972
Reactome_2024,up,Signaling by High-Kinase Activity BRAF Mutants,3,2300,30,0.8451303221061898,ARRB1;ARRB2;CSK,0.9999999999999972
Reactome_2024,up,Synthesis of Active Ubiquitin Roles of E1 and E2 Enzymes,3,2300,30,0.8451303221061898,UBE2C;UBE2L3;UBE2T,0.9999999999999972
Reactome_2024,up,Translation of Structural Proteins 9694635,6,2300,55,0.8474819800584732,MGAT4B;MGAT5;PARP4;ST3GAL2;TUSC3;ZDHHC20,0.9999999999999972
Reactome_2024,up,Oxidative Stress Induced Senescence,7,2300,63,0.8476499907069964,AGO4;CBX8;E2F1;MAP2K6;MAPK10;MAPK14;PHC2,0.9999999999999972
Reactome_2024,up,Phase I - Functionalization of Compounds,8,2300,71,0.8488151063998143,ALDH3A1;CES2;CYB5B;CYP26A1;CYP2S1;CYP4V2;FDXR;PTGS1,0.9999999999999972
Reactome_2024,up,Negative Epigenetic Regulation of rRNA Expression,5,2300,47,0.848858091946239,DNMT1;ERCC3;GTF2H5;POLR2H;SAP30,0.9999999999999972
Reactome_2024,up,Respiratory Syncytial Virus Infection Pathway,12,2300,102,0.8492516350228848,BECN1;GPC3;GPC4;MED18;MED22;MED24;MED25;MED31;OAS2;RBX1;SDC1;TLR3,0.9999999999999972
Reactome_2024,up,Regulation of IGF Transport and Uptake by Insulin-like Growth Factor Binding Proteins (IGFBPs),9,2300,79,0.8506404445191016,APOL1;C3;CDH2;GPC3;IGF1;IGFBP2;IGFBP5;SERPINA1;SHISA5,0.9999999999999972
Reactome_2024,up,M-decay Degradation of Maternal mRNAs by Maternally Stored Factors,4,2300,39,0.8527232211741571,CNOT6;CPEB1;KDM1B;KDM4B,0.9999999999999972
Reactome_2024,up,RND1 GTPase Cycle,4,2300,39,0.8527232211741571,ANKRD26;PLEKHG5;UBXN11;VANGL1,0.9999999999999972
Reactome_2024,up,Ubiquitin-dependent Degradation of Cyclin D,4,2300,39,0.8527232211741571,PSMA4;PSMA5;PSMB5;SEM1,0.9999999999999972
Reactome_2024,up,Antigen processing-Cross Presentation,10,2300,87,0.8529086115684392,CYBB;MRC1;NCF1;NCF2;NCF4;PSMA4;PSMA5;PSMB5;S100A8;SEM1,0.9999999999999972
Reactome_2024,up,Hemostasis,60,2300,452,0.8529417097255217,ABHD6;ADRA2A;AK3;ARRB1;ARRB2;ATP2B4;CD109;CD99L2;CDK5;CEACAM5;CEACAM6;CSK;CYB5R1;DOCK6;DOCK8;F12;F13A1;FCER1G;GNA14;GNAI2;IGF1;ITGA3;ITPR3;JCHAIN;KIF11;KIF15;KIF19;KIF20A;KIF23;KIF26B;KIF27;KIF3B;KIF4A;KIF6;KIF9;LRP8;MAPK14;MYB;NFE2;ORAI2;PHF21A;PIK3R5;PLCG2;PTPN6;RAC2;RACGAP1;SDC1;SELPLG;SERPINA1;SERPINB6;SLC7A6;SLC7A7;SRI;SYK;SYTL4;TGFB2;TOR4A;TUBA1A;TUBB2B;ZFPM1,0.9999999999999972
Reactome_2024,up,Transcriptional Regulation by RUNX1,18,2300,148,0.854860279001662,AGO4;ARID1A;CBX8;CTSK;DPY30;MYB;NFE2;PHC2;PSMA4;PSMA5;PSMB5;SEM1;SERPINB13;SPI1;TCF3;TNFRSF18;TP73;ZFPM1,0.9999999999999972
Reactome_2024,up,TNF Signaling,6,2300,56,0.8594409811434018,OTUD1;SMPD2;SMPD3;SPPL2B;UBE2L3;USP2,0.9999999999999972
Reactome_2024,up,Cargo Concentration in the ER,3,2300,31,0.8608543500189614,CNIH2;CNIH3;SERPINA1,0.9999999999999972
Reactome_2024,up,MAPK Targets Nuclear Events Mediated by MAP Kinases,3,2300,31,0.8608543500189614,MAPK10;MAPK14;VRK3,0.9999999999999972
Reactome_2024,up,Netrin-1 Signaling,3,2300,31,0.8608543500189614,ABLIM2;NTN1;SIAH2,0.9999999999999972
Reactome_2024,up,Signaling by CSF1 (M-CSF) in Myeloid Cells,3,2300,31,0.8608543500189614,HCK;PLCG2;THOC5,0.9999999999999972
Reactome_2024,up,Vasopressin Regulates Renal Water Homeostasis via Aquaporins,3,2300,31,0.8608543500189614,ADCY7;ADCY9;RAB11A,0.9999999999999972
Reactome_2024,up,Class B 2 (Secretin Family Receptors),5,2300,48,0.8615881173748811,GIPR;RAMP1;UCN3;WNT4;WNT7B,0.9999999999999972
Reactome_2024,up,Defective CFTR Causes Cystic Fibrosis,5,2300,48,0.8615881173748811,DERL3;PSMA4;PSMA5;PSMB5;SEM1,0.9999999999999972
Reactome_2024,up,"Gamma Carboxylation, Hypusinylation, Hydroxylation, and Arylsulfatase Activation",5,2300,48,0.8615881173748811,ICMT;JMJD4;KDM8;STS;TPST1,0.9999999999999972
Reactome_2024,up,Adherens Junctions Interactions,4,2300,40,0.8662644924873525,AGO4;CDH2;CDH24;CDH3,0.9999999999999972
Reactome_2024,up,NS1 Mediated Effects on Host Pathways,4,2300,40,0.8662644924873525,NDC1;NUP133;NUP50;NUP93,0.9999999999999972
Reactome_2024,up,Regulation of Apoptosis,4,2300,40,0.8662644924873525,PSMA4;PSMA5;PSMB5;SEM1,0.9999999999999972
Reactome_2024,up,Gene Silencing by RNA,8,2300,73,0.8694182638124712,AGO4;HENMT1;NDC1;NUP133;NUP50;NUP93;POLR2H;POLR2I,0.9999999999999972
Reactome_2024,up,TNFR2 Non-Canonical NF-kB Pathway,8,2300,73,0.8694182638124712,EDA2R;PSMA4;PSMA5;PSMB5;SEM1;TNFRSF13C;TNFRSF18;TNFRSF25,0.9999999999999972
Reactome_2024,up,Class I MHC Mediated Antigen Processing & Presentation,44,2300,341,0.8697096708799114,ANAPC10;ASB13;ASB9;BECN1;CDC16;CDC20;CDC26;CYBB;DET1;DZIP3;FBXL13;FBXL14;FBXL7;FBXO15;FBXO2;FBXO41;FBXO7;FBXW10;FBXW9;HERC6;KLHL13;KLHL5;MRC1;NCF1;NCF2;NCF4;PSMA4;PSMA5;PSMB5;RBX1;RNF220;S100A8;SEM1;SIAH2;SPSB2;TRAIP;TRIM32;TRIM37;UBAC1;UBE2C;UBE2L3;UBE2V2;UBE3D;ZNRF1,0.9999999999999972
Reactome_2024,up,RHOA GTPase Cycle,16,2300,135,0.8701149800310182,ABR;ACBD5;ANLN;ARAP1;ARHGAP28;ARHGAP39;ARHGAP4;ARHGEF10L;CIT;ECT2;GMIP;PLEKHG5;RACGAP1;RHPN1;STOM;VANGL1,0.9999999999999972
Reactome_2024,up,Regulation of Insulin Secretion,6,2300,57,0.8706149603615595,ADRA2A;CACNA1D;GNA14;GNAI2;ITPR3;PLCB2,0.9999999999999972
Reactome_2024,up,tRNA Processing in the Nucleus,6,2300,57,0.8706149603615595,NDC1;NUP133;NUP50;NUP93;POP7;TSEN2,0.9999999999999972
Reactome_2024,up,Beta-catenin Independent WNT Signaling,14,2300,120,0.8718657229465839,AGO4;AP2A1;ARRB2;CLTA;CLTC;ITPR3;PDE6B;PLCB2;PSMA4;PSMA5;PSMB5;RAC2;SEM1;WNT4,0.9999999999999972
Reactome_2024,up,RHOJ GTPase Cycle,5,2300,49,0.8734054461224695,DOCK8;PAK4;STEAP3;STOM;VANGL1,0.9999999999999972
Reactome_2024,up,NR1H3 & NR1H2 Regulate Gene Expression Linked to Cholesterol Transport and Efflux,3,2300,32,0.8751579931425139,ABCG1;AGO4;KDM1B,0.9999999999999972
Reactome_2024,up,Nonhomologous End-Joining (NHEJ),3,2300,32,0.8751579931425139,BRCA1;UBE2V2;XRCC4,0.9999999999999972
Reactome_2024,up,Protein Localization,18,2300,151,0.8761130896485806,ACBD5;ACOT4;ACOT8;CHCHD3;CHCHD5;CYB5A;EHHADH;IDH3G;MLYCD;MTX1;NUDT19;NUDT7;PAM16;PEX1;PEX16;PEX19;PEX6;TIMM17B,0.9999999999999972
Reactome_2024,up,COPI-independent Golgi-to-ER Retrograde Traffic,4,2300,41,0.8787218396557643,DYNLL1;PAFAH1B3;TUBA1A;TUBB2B,0.9999999999999972
Reactome_2024,up,Formation of HIV-1 Elongation Complex Containing HIV-1 Tat,4,2300,41,0.8787218396557643,ERCC3;GTF2H5;POLR2H;POLR2I,0.9999999999999972
Reactome_2024,up,HIV Transcription Elongation,4,2300,41,0.8787218396557643,ERCC3;GTF2H5;POLR2H;POLR2I,0.9999999999999972
Reactome_2024,up,Tat-mediated Elongation of the HIV-1 Transcript,4,2300,41,0.8787218396557643,ERCC3;GTF2H5;POLR2H;POLR2I,0.9999999999999972
Reactome_2024,up,Selective Autophagy,8,2300,74,0.8788267716687823,DYNLL1;IFT88;NBR1;TUBA1A;TUBB2B;UBE2L3;USP30;VDAC3,0.9999999999999972
Reactome_2024,up,ABC Transporter Disorders,6,2300,58,0.8810374034007233,ABCB11;DERL3;PSMA4;PSMA5;PSMB5;SEM1,0.9999999999999972
Reactome_2024,up,Signaling by the B Cell Receptor (BCR),11,2300,98,0.8811431395297158,BLNK;CD19;ITPR3;ORAI2;PLCG2;PSMA4;PSMA5;PSMB5;PTPN6;SEM1;SYK,0.9999999999999972
Reactome_2024,up,Formation of TC-NER Pre-Incision Complex,5,2300,50,0.8843550757119527,ERCC3;GTF2H5;POLR2H;POLR2I;RBX1,0.9999999999999972
Reactome_2024,up,SCF(Skp2)-mediated Degradation of P27 P21,5,2300,50,0.8843550757119527,CCNA2;PSMA4;PSMA5;PSMB5;SEM1,0.9999999999999972
Reactome_2024,up,Synthesis of PIPs at the Plasma Membrane,5,2300,50,0.8843550757119527,BMX;INPP4A;INPP4B;MTM1;PIK3R5,0.9999999999999972
Reactome_2024,up,Signaling by GPCR,48,2300,374,0.8874957541035462,ABHD6;ABR;ACKR2;ADCY7;ADCY9;ADRA2A;ADRB1;ARHGEF10L;ARHGEF16;ARHGEF6;ARRB1;ARRB2;BDKRB1;C3;C5AR1;CAMKK2;CCR10;CDK5;CYSLTR1;ECT2;EDN2;FPR3;GIPR;GNA14;GNAI2;GNAL;GPSM2;ITPR3;LTB4R2;NMB;NMU;P2RY2;PIK3R5;PLCB2;PLEKHG5;PLXNB1;PRKX;PTAFR;PTGER1;PTGER2;RAMP1;RGS13;RGS14;RGS22;TACR1;UCN3;WNT4;WNT7B,0.9999999999999972
Reactome_2024,up,Degradation of the Extracellular Matrix,10,2300,91,0.8879551251836612,ADAM8;CAPN10;CAPN13;CAPN14;CAPN5;CAPN9;CAPNS1;CTSK;MMP15;TPSAB1,0.9999999999999972
Reactome_2024,up,Neurexins and Neuroligins,3,2300,33,0.8881414284734519,DLG4;LIN7B;NRXN3,0.9999999999999972
Reactome_2024,up,Signaling by RAF1 Mutants,3,2300,33,0.8881414284734519,ARRB1;ARRB2;CSK,0.9999999999999972
Reactome_2024,up,Sphingolipid De Novo Biosynthesis,3,2300,33,0.8881414284734519,ABCC1;CERS6;CYB5B,0.9999999999999972
Reactome_2024,up,G Alpha (12 13) Signalling Events,7,2300,67,0.8886359857134077,ABR;ARHGEF10L;ARHGEF16;ARHGEF6;ECT2;PLEKHG5;PLXNB1,0.9999999999999972
Reactome_2024,up,Degradation of AXIN,4,2300,42,0.890159277597422,PSMA4;PSMA5;PSMB5;SEM1,0.9999999999999972
Reactome_2024,up,Hh Mutants Are Degraded by ERAD,4,2300,42,0.890159277597422,PSMA4;PSMA5;PSMB5;SEM1,0.9999999999999972
Reactome_2024,up,SUMOylation of Transcription Cofactors,4,2300,42,0.890159277597422,CBX8;PCGF2;PHC2;PIAS3,0.9999999999999972
Reactome_2024,up,Death Receptor Signaling,17,2300,146,0.89265159083332,ABR;ARHGEF10L;ARHGEF16;ARHGEF6;BAD;CASP2;ECT2;OMG;OTUD1;PLEKHG5;PSEN2;PSENEN;SMPD2;SMPD3;SPPL2B;UBE2L3;USP2,0.9999999999999972
Reactome_2024,up,Ion Channel Transport,15,2300,131,0.8948374701961369,ASIC1;ATP10B;ATP12A;ATP13A1;ATP13A4;ATP13A5;ATP2B4;ATP2C2;ATP6V1E1;ATP6V1F;ATP6V1H;CLCN6;FXYD1;SRI;STOM,0.9999999999999972
Reactome_2024,up,MITF-M-regulated Melanocyte Development,12,2300,108,0.8969979924049931,AGO4;AIMP2;ARID1A;ATP6V1E1;ATP6V1F;ATP6V1H;BCL7A;CCNB1;LIG1;MAPK14;PLK1;SYTL2,0.9999999999999972
Reactome_2024,up,Regulation of PTEN Gene Transcription,6,2300,60,0.8997655408650269,CBX8;MECOM;PHC2;RRAGA;SALL4;SLC38A9,0.9999999999999972
Reactome_2024,up,GPER1 Signaling,3,2300,34,0.8999026155962915,ADCY7;ADCY9;GNAI2,0.9999999999999972
Reactome_2024,up,MAP2K and MAPK Activation,3,2300,34,0.8999026155962915,ARRB1;ARRB2;CSK,0.9999999999999972
Reactome_2024,up,Negative Regulators of DDX58 IFIH1 Signaling,3,2300,34,0.8999026155962915,NLRX1;PIN1;RNF135,0.9999999999999972
Reactome_2024,up,Formation of HIV Elongation Complex in the Absence of HIV Tat,4,2300,43,0.9006404874886933,ERCC3;GTF2H5;POLR2H;POLR2I,0.9999999999999972
Reactome_2024,up,Hh Mutants Abrogate Ligand Secretion,4,2300,43,0.9006404874886933,PSMA4;PSMA5;PSMB5;SEM1,0.9999999999999972
Reactome_2024,up,Stabilization of P53,4,2300,43,0.9006404874886933,PSMA4;PSMA5;PSMB5;SEM1,0.9999999999999972
Reactome_2024,up,TBC RABGAPs,4,2300,43,0.9006404874886933,GGA3;RAB11A;TBC1D10C;TBC1D14,0.9999999999999972
Reactome_2024,up,Late Phase of HIV Life Cycle,15,2300,132,0.900985668674827,CHMP5;ERCC3;GTF2E2;GTF2H5;MVB12B;NDC1;NUP133;NUP50;NUP93;PDCD6IP;POLR2H;POLR2I;TAF6;TSG101;VPS37D,0.9999999999999972
Reactome_2024,up,SLC-mediated Transmembrane Transport,19,2300,163,0.9025438327052611,CTNS;SLC12A4;SLC13A3;SLC15A1;SLC22A16;SLC22A4;SLC26A6;SLC29A4;SLC34A2;SLC35A2;SLC44A4;SLC4A8;SLC5A5;SLC6A14;SLC6A6;SLC7A6;SLC7A7;SLC9A3;SRI,0.9999999999999972
Reactome_2024,up,Transport to the Golgi and Subsequent Modification,19,2300,163,0.9025438327052611,ANK1;B4GALT4;B4GALT5;CHST10;CNIH2;CNIH3;COG1;COG6;COG7;DYNLL1;FUT3;MGAT3;MGAT4B;MGAT5;SEC31B;SERPINA1;TRAPPC9;TUBA1A;TUBB2B,0.9999999999999972
Reactome_2024,up,Diseases of Glycosylation,12,2300,109,0.9035993880265009,B3GALT6;DAG1;GALNT12;GNE;GPC3;GPC4;LARGE1;MUC12;MUC16;MUC4;SDC1;SRD5A3,0.9999999999999972
Reactome_2024,up,Metabolism of Non-Coding RNA,5,2300,52,0.9038336866867954,GEMIN6;NDC1;NUP133;NUP50;NUP93,0.9999999999999972
Reactome_2024,up,snRNP Assembly,5,2300,52,0.9038336866867954,GEMIN6;NDC1;NUP133;NUP50;NUP93,0.9999999999999972
Reactome_2024,up,Biosynthesis of the N-glycan Precursor (Dolichol LLO) and Transfer to a Nascent Protein,7,2300,69,0.9053827947271689,GNE;HK1;NPL;NUDT14;PMM1;SRD5A3;ST3GAL2,0.9999999999999972
Reactome_2024,up,Mitochondrial Protein Import,6,2300,61,0.9081410124945627,CHCHD3;CHCHD5;IDH3G;MTX1;PAM16;TIMM17B,0.9999999999999972
Reactome_2024,up,PPARA Activates Gene Expression,11,2300,102,0.9094794151406683,ALAS1;CARM1;FAM120B;ME1;MED18;MED22;MED24;MED25;MED31;NRF1;RGL1,0.9999999999999972
Reactome_2024,up,Apoptotic Execution Phase,4,2300,44,0.9102281541616987,BMX;CASP7;GSN;LMNB1,0.9999999999999972
Reactome_2024,up,Assembly of Collagen Fibrils and Other Multimeric Structures,4,2300,44,0.9102281541616987,LOX;LOXL3;PCOLCE;PXDN,0.9999999999999972
Reactome_2024,up,E3 Ubiquitin Ligases Ubiquitinate Target Proteins,4,2300,44,0.9102281541616987,PCNA;RRAGA;UBE2L3;UBE2V2,0.9999999999999972
Reactome_2024,up,NGF-stimulated Transcription,3,2300,35,0.9105363169086317,CDK5;LYL1;RRAD,0.9999999999999972
Reactome_2024,up,RUNX1 Interacts With Co-Factors Whose Precise Effect on RUNX1 Targets Is Not Known,3,2300,35,0.9105363169086317,ARID1A;CBX8;PHC2,0.9999999999999972
Reactome_2024,up,Formation of Paraxial Mesoderm,5,2300,53,0.912453661641414,EPHA4;PSMA4;PSMA5;PSMB5;SEM1,0.9999999999999972
Reactome_2024,up,Senescence-Associated Secretory Phenotype (SASP),5,2300,53,0.912453661641414,ANAPC10;CCNA2;CDC16;CDC26;UBE2C,0.9999999999999972
Reactome_2024,up,Regulation of RUNX3 Expression and Activity,4,2300,45,0.9189834303585062,PSMA4;PSMA5;PSMB5;SEM1,0.9999999999999972
Reactome_2024,up,Association of TriC CCT With Target Proteins During Biosynthesis,3,2300,36,0.9201333719217186,FBXW10;FBXW9;WRAP53,0.9999999999999972
Reactome_2024,up,NOD1 2 Signaling Pathway,3,2300,36,0.9201333719217186,CASP2;MAP2K6;MAPK14,0.9999999999999972
Reactome_2024,up,Regulation of TP53 Degradation,3,2300,36,0.9201333719217186,CCNA2;CDK1;USP2,0.9999999999999972
Reactome_2024,up,Golgi Associated Vesicle Biogenesis,5,2300,54,0.9203871203623157,AP4E1;ARRB1;BLOC1S4;CLTA;CLTC,0.9999999999999972
Reactome_2024,up,Regulation of Lipid Metabolism by PPARalpha,11,2300,104,0.9213794481804799,ALAS1;CARM1;FAM120B;ME1;MED18;MED22;MED24;MED25;MED31;NRF1;RGL1,0.9999999999999972
Reactome_2024,up,Signaling by NTRK1 (TRKA),11,2300,104,0.9213794481804799,AP2A1;CDK5;CLTA;CLTC;DNAL4;IRS1;LYL1;MAPK14;NTRK2;RRAD;VRK3,0.9999999999999972
Reactome_2024,up,Rab Regulation of Trafficking,13,2300,120,0.9215702959966344,DENND6B;GAPVD1;GDI1;GGA3;RAB11A;RAB12;RAB31;RIN1;ST5;TBC1D10C;TBC1D14;TRAPPC12;TRAPPC9,0.9999999999999972
Reactome_2024,up,Signaling by NTRKs,13,2300,120,0.9215702959966344,AP2A1;BDNF;CDK5;CLTA;CLTC;DNAL4;IRS1;LYL1;MAPK14;NTRK2;PCSK5;RRAD;VRK3,0.9999999999999972
Reactome_2024,up,L1CAM Interactions,9,2300,88,0.9226878381196304,ANK1;AP2A1;CLTA;CLTC;DLG4;KIF4A;LYPLA2;TUBA1A;TUBB2B,0.9999999999999972
Reactome_2024,up,Signaling by ALK Fusions and Activated Point Mutants,9,2300,88,0.9226878381196304,AGO4;CCNB1;CLTC;DNMT1;FOXM1;IL10;IRS1;PTPN6;RBX1,0.9999999999999972
Reactome_2024,up,Signaling by ALK in Cancer,9,2300,88,0.9226878381196304,AGO4;CCNB1;CLTC;DNMT1;FOXM1;IL10;IRS1;PTPN6;RBX1,0.9999999999999972
Reactome_2024,up,Activation of NMDA Receptors and Postsynaptic Events,6,2300,63,0.9230884857285803,CAMKK2;DLG4;LIN7B;PRKX;TUBA1A;TUBB2B,0.9999999999999972
Reactome_2024,up,Bacterial Infection Pathways,6,2300,63,0.9230884857285803,ATP6V1H;DLAT;MAP2K6;MRC1;PDCD6IP;PGK1,0.9999999999999972
Reactome_2024,up,Collagen Formation,6,2300,63,0.9230884857285803,LOX;LOXL3;P3H1;P4HA1;PCOLCE;PXDN,0.9999999999999972
Reactome_2024,up,Transmission Across Chemical Synapses,18,2300,160,0.9254549231400007,ADCY7;ADCY9;AP2A1;CAMKK2;DLG4;GABRB2;GNAI2;GNAL;KCNJ12;KCNJ16;LIN7B;LRTOMT;NPTN;PLCB2;PRKX;TSPOAP1;TUBA1A;TUBB2B,0.9999999999999972
Reactome_2024,up,Oncogenic MAPK Signaling,7,2300,72,0.9264436386138996,AGK;AGTRAP;ARRB1;ARRB2;CLCN6;CSK;TRAK1,0.9999999999999972
Reactome_2024,up,Post-translational Protein Phosphorylation,7,2300,72,0.9264436386138996,APOL1;C3;CDH2;GPC3;IGFBP5;SERPINA1;SHISA5,0.9999999999999972
Reactome_2024,up,Cell Surface Interactions at the Vascular Wall,11,2300,105,0.9268137850190641,CD99L2;CEACAM5;CEACAM6;FCER1G;ITGA3;JCHAIN;PTPN6;SDC1;SELPLG;SLC7A6;SLC7A7,0.9999999999999972
Reactome_2024,up,NIK-->noncanonical NF-kB Signaling,4,2300,46,0.9269655133327385,PSMA4;PSMA5;PSMB5;SEM1,0.9999999999999972
Reactome_2024,up,Post NMDA Receptor Activation Events,5,2300,55,0.9276776343926999,CAMKK2;DLG4;PRKX;TUBA1A;TUBB2B,0.9999999999999972
Reactome_2024,up,RHOQ GTPase Cycle,5,2300,55,0.9276776343926999,PAK4;SRGAP2;STEAP3;STOM;VANGL1,0.9999999999999972
Reactome_2024,up,Estrogen-dependent Gene Expression,9,2300,89,0.9284585976345265,AGO4;CARM1;CXXC5;FOXA1;KDM4B;MYB;POLR2H;POLR2I;TFF3,0.9999999999999972
Reactome_2024,up,RAB GEFs Exchange GTP for GDP on RABs,9,2300,89,0.9284585976345265,DENND6B;GAPVD1;GDI1;RAB12;RAB31;RIN1;ST5;TRAPPC12;TRAPPC9,0.9999999999999972
Reactome_2024,up,FLT3 Signaling,3,2300,37,0.9287801846551812,CSK;HCK;SYK,0.9999999999999972
Reactome_2024,up,NR1H2 and NR1H3-mediated Signaling,3,2300,37,0.9287801846551812,ABCG1;AGO4;KDM1B,0.9999999999999972
Reactome_2024,up,Ovarian Tumor Domain Proteases,3,2300,37,0.9287801846551812,CDK1;OTUB1;RNF135,0.9999999999999972
Reactome_2024,up,Paradoxical Activation of RAF Signaling by Kinase Inactive BRAF,3,2300,37,0.9287801846551812,ARRB1;ARRB2;CSK,0.9999999999999972
Reactome_2024,up,RET Signaling,3,2300,37,0.9287801846551812,ARTN;GDNF;GFRA3,0.9999999999999972
Reactome_2024,up,Regulation of TP53 Expression and Degradation,3,2300,37,0.9287801846551812,CCNA2;CDK1;USP2,0.9999999999999972
Reactome_2024,up,Signaling by RAS Mutants,3,2300,37,0.9287801846551812,ARRB1;ARRB2;CSK,0.9999999999999972
Reactome_2024,up,Signaling by Moderate Kinase Activity BRAF Mutants,3,2300,37,0.9287801846551812,ARRB1;ARRB2;CSK,0.9999999999999972
Reactome_2024,up,Signaling Downstream of RAS Mutants,3,2300,37,0.9287801846551812,ARRB1;ARRB2;CSK,0.9999999999999972
Reactome_2024,up,Protein Ubiquitination,6,2300,64,0.9297286183254075,PCNA;RRAGA;UBE2C;UBE2L3;UBE2T;UBE2V2,0.9999999999999972
Reactome_2024,up,Cyclin E Associated Events During G1 S Transition,7,2300,73,0.9324917844261722,CCNA2;CDC25A;E2F1;PSMA4;PSMA5;PSMB5;SEM1,0.9999999999999972
Reactome_2024,up,RHO GTPase Cycle,52,2300,417,0.932967078794635,ABR;ACBD5;ANKFY1;ANKRD26;ANLN;ARAP1;ARHGAP28;ARHGAP39;ARHGAP4;ARHGEF10L;ARHGEF16;ARHGEF6;BAIAP2;BASP1;BRK1;CIT;CKB;CLTC;CSK;CYBB;DOCK6;DOCK8;ECT2;EFHD2;FILIP1;GMIP;LMNB1;MOSPD2;MTX1;NCF1;NCF2;NCF4;NCKAP1L;PAK4;PAK6;PLEKHG1;PLEKHG5;PLXNB1;PTK2B;RAC2;RACGAP1;RHOBTB1;RHOD;RHPN1;SEMA4F;SRGAP2;SRGAP3;STEAP3;STOM;UBXN11;VANGL1;WDR81,0.9999999999999972
Reactome_2024,up,Potential Therapeutics for SARS,9,2300,90,0.933853322182239,AP2A1;BLNK;CYSLTR1;FXYD1;PHF21A;PLCG2;RBX1;SAP30;SYK,0.9999999999999972
Reactome_2024,up,Hedgehog Ligand Biogenesis,4,2300,47,0.9342313199733431,PSMA4;PSMA5;PSMB5;SEM1,0.9999999999999972
Reactome_2024,up,Potassium Channels,4,2300,47,0.9342313199733431,KCNAB2;KCNH3;KCNJ12;KCNJ16,0.9999999999999972
Reactome_2024,up,Regulation of TNFR1 Signaling,4,2300,47,0.9342313199733431,OTUD1;SPPL2B;UBE2L3;USP2,0.9999999999999972
Reactome_2024,up,RND2 GTPase Cycle,3,2300,38,0.9365583877865635,ANKRD26;UBXN11;VANGL1,0.9999999999999972
Reactome_2024,up,SARS-CoV-1 Activates Modulates Innate Immune Responses,3,2300,38,0.9365583877865635,BST2;NMI;TKFC,0.9999999999999972
Reactome_2024,up,Interleukin-1 Signaling,10,2300,99,0.9375867201869494,IRAK3;MAP2K6;MAP3K8;NLRX1;PSMA4;PSMA5;PSMB5;RBX1;SEM1;USP18,0.9999999999999972
Reactome_2024,up,Autophagy,15,2300,140,0.9402771146210791,ATG9B;BECN1;DYNLL1;IFT88;MVB12B;NBR1;RRAGA;SLC38A9;TSG101;TUBA1A;TUBB2B;UBE2L3;USP30;VDAC3;VPS37D,0.9999999999999972
Reactome_2024,up,Maternal to Zygotic Transition (MZT),5,2300,57,0.9404975544733903,CNOT6;CPEB1;KDM1B;KDM4B;UHRF1,0.9999999999999972
Reactome_2024,up,Nuclear Events (Kinase and Transcription Factor Activation),5,2300,57,0.9404975544733903,CDK5;LYL1;MAPK14;RRAD;VRK3,0.9999999999999972
Reactome_2024,up,Regulation of RUNX2 Expression and Activity,5,2300,57,0.9404975544733903,PSMA4;PSMA5;PSMB5;RBX1;SEM1,0.9999999999999972
Reactome_2024,up,Semaphorin Interactions,5,2300,57,0.9404975544733903,CDK5;DPYSL3;LIMK2;MYL6;PLXNB1,0.9999999999999972
Reactome_2024,up,Dectin-1 Mediated Noncanonical NF-kB Signaling,4,2300,48,0.9408352474822942,PSMA4;PSMA5;PSMB5;SEM1,0.9999999999999972
Reactome_2024,up,Retrograde Transport at the Trans-Golgi-Network,4,2300,48,0.9408352474822942,COG1;COG6;COG7;VPS52,0.9999999999999972
Reactome_2024,up,Late SARS-CoV-2 Infection Events,6,2300,66,0.9415062214013709,MGAT4B;MGAT5;PARP4;ST3GAL2;TUSC3;ZDHHC20,0.9999999999999972
Reactome_2024,up,Cyclin A Cdk2-associated Events at S Phase Entry,7,2300,75,0.9432898811631376,CCNA2;CDC25A;E2F1;PSMA4;PSMA5;PSMB5;SEM1,0.9999999999999972
Reactome_2024,up,Regulation of mRNA Stability by Proteins That Bind AU-rich Elements,7,2300,75,0.9432898811631376,EXOSC7;HSBP1;MAPK14;PSMA4;PSMA5;PSMB5;SEM1,0.9999999999999972
Reactome_2024,up,Transcription of the HIV Genome,6,2300,67,0.946706572452646,ERCC3;GTF2E2;GTF2H5;POLR2H;POLR2I;TAF6,0.9999999999999972
Reactome_2024,up,Signaling by ERBB4,4,2300,49,0.9468290076031675,DLG4;GABRB2;PSEN2;PSENEN,0.9999999999999972
Reactome_2024,up,Regulation of HSF1-mediated Heat Shock Response,7,2300,76,0.948090784044734,BAG2;HSBP1;NDC1;NUP133;NUP50;NUP93;RPA3,0.9999999999999972
Reactome_2024,up,Transcriptional Regulation of White Adipocyte Differentiation,7,2300,76,0.948090784044734,CARM1;FAM120B;MED18;MED22;MED24;MED25;MED31,0.9999999999999972
Reactome_2024,up,Neutrophil Degranulation,48,2300,395,0.9505339658923558,ABCA13;ADAM8;ALDH3B1;ALOX5;AMPD3;AZU1;BST2;C3;C5AR1;CEACAM6;CEP290;COMMD9;COTL1;CSTB;CYBB;DYNLL1;DYNLT1;ENPP4;FCER1G;FCGR2A;GALNS;GNS;GSDMD;GSN;GSTP1;KCNAB2;MAPK14;MOSPD2;MVP;NCKAP1L;PGM2;PKM;PLAC8;PRSS3;PSMA5;PTAFR;PTPN6;PTPRN2;RAB31;RAB37;S100A8;S100P;SERPINA1;SERPINB6;SNAP29;STK11IP;STOM;TBC1D10C,0.9999999999999972
Reactome_2024,up,Constitutive Signaling by Aberrant PI3K in Cancer,5,2300,59,0.9512333310329466,BDNF;CD19;IRS1;NTRK2;RAC2,0.9999999999999972
Reactome_2024,up,Clathrin-mediated Endocytosis,13,2300,127,0.9516605856538054,AP2A1;ARPC3;ARRB1;ARRB2;CD4;CLTA;CLTC;CLTCL1;FCHO1;GAPVD1;SYT8;TACR1;UBQLN2,0.9999999999999972
Reactome_2024,up,Signaling by EGFR,4,2300,50,0.9522615234197949,CSK;FAM83A;FAM83D;PXN,0.9999999999999972
Reactome_2024,up,"Platelet Activation, Signaling and Aggregation",23,2300,207,0.9535969081162885,ABHD6;ADRA2A;ARRB1;ARRB2;CD109;CSK;CYB5R1;F13A1;FCER1G;GNA14;GNAI2;IGF1;ITPR3;MAPK14;PIK3R5;PLCG2;PTPN6;RAC2;SERPINA1;SYK;SYTL4;TGFB2;TOR4A,0.9999999999999972
Reactome_2024,up,EPHB-mediated Forward Signaling,3,2300,41,0.9554228819079603,ARPC3;EFNB3;LIMK2,0.9999999999999972
Reactome_2024,up,Formation of WDR5-containing Histone-Modifying Complexes,3,2300,41,0.9554228819079603,DPY30;KAT14;PSIP1,0.9999999999999972
Reactome_2024,up,C-type Lectin Receptors (CLRs),11,2300,112,0.9565733087261135,FCER1G;ITPR3;MUC12;MUC16;MUC4;PLCG2;PSMA4;PSMA5;PSMB5;SEM1;SYK,0.9999999999999972
Reactome_2024,up,Protein Folding,7,2300,78,0.9566174152185402,FBXW10;FBXW9;GNA14;TBCB;TUBA1A;TUBB2B;WRAP53,0.9999999999999972
Reactome_2024,up,Asymmetric Localization of PCP Proteins,4,2300,51,0.9571788787839987,PSMA4;PSMA5;PSMB5;SEM1,0.9999999999999972
Reactome_2024,up,Iron Uptake and Transport,4,2300,51,0.9571788787839987,ATP6V1E1;ATP6V1F;ATP6V1H;STEAP3,0.9999999999999972
Reactome_2024,up,Protein-protein Interactions at Synapses,4,2300,51,0.9571788787839987,DLG4;LIN7B;LRFN4;NRXN3,0.9999999999999972
Reactome_2024,up,Mitochondrial Biogenesis,8,2300,87,0.9578383830467525,ALAS1;APOO;CARM1;CHCHD3;MAPK14;MTX1;NRF1;SIRT5,0.9999999999999972
Reactome_2024,up,FCERI Mediated NF-kB Activation,6,2300,70,0.9599066891538718,FCER1G;MS4A2;PSMA4;PSMA5;PSMB5;SEM1,0.9999999999999972
Reactome_2024,up,Activation of Gene Expression by SREBF (SREBP),3,2300,42,0.9604431591626171,CARM1;MVK;SQLE,0.9999999999999972
Reactome_2024,up,Ca2+ Pathway,4,2300,52,0.9616243114587656,AGO4;ITPR3;PDE6B;PLCB2,0.9999999999999972
Reactome_2024,up,Transcriptional Activation of Mitochondrial Biogenesis,4,2300,52,0.9616243114587656,ALAS1;CARM1;NRF1;SIRT5,0.9999999999999972
Reactome_2024,up,Degradation of Beta-Catenin by the Destruction Complex,6,2300,71,0.9635970678965482,FRAT2;PSMA4;PSMA5;PSMB5;RBX1;SEM1,0.9999999999999972
Reactome_2024,up,Collagen Biosynthesis and Modifying Enzymes,3,2300,43,0.9649283595381614,P3H1;P4HA1;PCOLCE,0.9999999999999972
Reactome_2024,up,RNA Polymerase I Transcription Initiation,3,2300,43,0.9649283595381614,ERCC3;GTF2H5;POLR2H,0.9999999999999972
Reactome_2024,up,MyD88 MAL(TIRAP) Cascade Initiated on Plasma Membrane,10,2300,107,0.9668982927555427,IRAK3;MAP2K6;MAP3K8;MAPK10;MAPK14;NLRX1;S100A8;SIGIRR;USP18;VRK3,0.9999999999999972
Reactome_2024,up,Toll Like Receptor TLR6 TLR2 Cascade,10,2300,107,0.9668982927555427,IRAK3;MAP2K6;MAP3K8;MAPK10;MAPK14;NLRX1;S100A8;SIGIRR;USP18;VRK3,0.9999999999999972
Reactome_2024,up,Chaperonin-mediated Protein Folding,6,2300,72,0.9669746523767889,FBXW10;FBXW9;GNA14;TUBA1A;TUBB2B;WRAP53,0.9999999999999972
Reactome_2024,up,MAP Kinase Activation,5,2300,63,0.9675932872991231,MAP2K6;MAP3K8;MAPK10;MAPK14;VRK3,0.9999999999999972
Reactome_2024,up,Gastrulation,8,2300,90,0.9676022119271549,EPHA4;FOXA1;MYB;OTX2;PSMA4;PSMA5;PSMB5;SEM1,0.9999999999999972
Reactome_2024,up,HSP90 Chaperone Cycle for Steroid Hormone Receptors (SHR) in the Presence of Ligand,3,2300,44,0.9689308135900977,DYNLL1;TUBA1A;TUBB2B,0.9999999999999972
Reactome_2024,up,NCAM Signaling for Neurite Out-Growth,3,2300,44,0.9689308135900977,ARTN;CACNA1D;GDNF,0.9999999999999972
Reactome_2024,up,Activation of NF-kappaB in B Cells,4,2300,54,0.9692583317916033,PSMA4;PSMA5;PSMB5;SEM1,0.9999999999999972
Reactome_2024,up,"Nucleotide-binding Domain, Leucine Rich Repeat Containing Receptor (NLR) Signaling Pathways",4,2300,54,0.9692583317916033,BCL2L1;CASP2;MAP2K6;MAPK14,0.9999999999999972
Reactome_2024,up,Toll Like Receptor 2 (TLR2) Cascade,10,2300,108,0.9695175714199334,IRAK3;MAP2K6;MAP3K8;MAPK10;MAPK14;NLRX1;S100A8;SIGIRR;USP18;VRK3,0.9999999999999972
Reactome_2024,up,Toll Like Receptor TLR1 TLR2 Cascade,10,2300,108,0.9695175714199334,IRAK3;MAP2K6;MAP3K8;MAPK10;MAPK14;NLRX1;S100A8;SIGIRR;USP18;VRK3,0.9999999999999972
Reactome_2024,up,Immunoregulatory Interactions Between a Lymphoid and a non-Lymphoid Cell,7,2300,82,0.9699893004887952,C3;CD19;CD300LF;FCGR3A;ICAM5;RAET1E;SH2D1B,0.9999999999999972
Reactome_2024,up,Macroautophagy,12,2300,126,0.9719568344586039,ATG9B;BECN1;DYNLL1;IFT88;NBR1;RRAGA;SLC38A9;TUBA1A;TUBB2B;UBE2L3;USP30;VDAC3,0.9999999999999972
Reactome_2024,up,Formation of RNA Pol II Elongation Complex,4,2300,55,0.9725195629601446,ERCC3;GTF2H5;POLR2H;POLR2I,0.9999999999999972
Reactome_2024,up,RNA Polymerase II Transcription Elongation,4,2300,55,0.9725195629601446,ERCC3;GTF2H5;POLR2H;POLR2I,0.9999999999999972
Reactome_2024,up,Regulation of PTEN Stability and Activity,4,2300,55,0.9725195629601446,PSMA4;PSMA5;PSMB5;SEM1,0.9999999999999972
Reactome_2024,up,Regulation of Cholesterol Biosynthesis by SREBP (SREBF),4,2300,55,0.9725195629601446,CARM1;MVK;SCAP;SQLE,0.9999999999999972
Reactome_2024,up,Cell-cell Junction Organization,5,2300,65,0.9737142370339787,AGO4;CDH2;CDH24;CDH3;CLDN3,0.9999999999999972
Reactome_2024,up,Apoptosis,15,2300,152,0.9739968261895834,BAD;BCL2L1;BMF;BMX;CASP7;DYNLL1;E2F1;GSDMD;GSN;LMNB1;PSMA4;PSMA5;PSMB5;SEM1;TP73,0.9999999999999972
Reactome_2024,up,Complex I Biogenesis,5,2300,66,0.9763542383153401,NDUFA8;NDUFAB1;NDUFAF3;NDUFAF6;NDUFB5,0.9999999999999972
Reactome_2024,up,DDX58 IFIH1-mediated Induction of Interferon-Alpha Beta,5,2300,66,0.9763542383153401,DHX58;NLRX1;PIN1;RNF135;TKFC,0.9999999999999972
Reactome_2024,up,High Laminar Flow Shear Stress Activates Signaling by PIEZO1 and PECAM1 CDH5 KDR in Endothelial Cell,4,2300,57,0.9780925845793251,ADCY7;ADCY9;CAPNS1;P2RY2,0.9999999999999972
Reactome_2024,up,COPII-mediated Vesicle Transport,5,2300,67,0.9787451791107187,CNIH2;CNIH3;SEC31B;SERPINA1;TRAPPC9,0.9999999999999972
Reactome_2024,up,Interleukin-17 Signaling,5,2300,67,0.9787451791107187,MAP2K6;MAP3K8;MAPK10;MAPK14;VRK3,0.9999999999999972
Reactome_2024,up,Toll-like Receptor Cascades,15,2300,155,0.9791429923740653,CTSK;GSDMD;IRAK3;MAP2K6;MAP3K8;MAPK10;MAPK14;NLRX1;PLCG2;S100A8;SIGIRR;TLR3;UNC93B1;USP18;VRK3,0.9999999999999972
Reactome_2024,up,Adipogenesis,8,2300,95,0.9794144405692088,BMP7;CARM1;FAM120B;MED18;MED22;MED24;MED25;MED31,0.9999999999999972
Reactome_2024,up,CLEC7A (Dectin-1) Signaling,7,2300,86,0.9794871619486877,ITPR3;PLCG2;PSMA4;PSMA5;PSMB5;SEM1;SYK,0.9999999999999972
Reactome_2024,up,COPI-mediated Anterograde Transport,7,2300,86,0.9794871619486877,ANK1;COG1;COG6;COG7;DYNLL1;TUBA1A;TUBB2B,0.9999999999999972
Reactome_2024,up,PI3K AKT Signaling in Cancer,7,2300,86,0.9794871619486877,BAD;BDNF;CD19;FOXO6;IRS1;NTRK2;RAC2,0.9999999999999972
Reactome_2024,up,RNA Polymerase II Pre-transcription Events,6,2300,77,0.9799380068154931,ERCC3;GTF2E2;GTF2H5;POLR2H;POLR2I;TAF6,0.9999999999999972
Reactome_2024,up,NOTCH1 Intracellular Domain Regulates Transcription,3,2300,48,0.9810119669342255,HDAC9;HEY2;RBX1,0.9999999999999972
Reactome_2024,up,Peptide Hormone Metabolism,3,2300,48,0.9810119669342255,CPA3;IGF1;INHBB,0.9999999999999972
Reactome_2024,up,RNA Polymerase I Promoter Clearance,3,2300,48,0.9810119669342255,ERCC3;GTF2H5;POLR2H,0.9999999999999972
Reactome_2024,up,RNA Polymerase I Transcription,3,2300,48,0.9810119669342255,ERCC3;GTF2H5;POLR2H,0.9999999999999972
Reactome_2024,up,Signaling by Nuclear Receptors,21,2300,206,0.9815637503142919,ABCG1;AGO4;AKR1C3;CARM1;CXXC5;CYP26A1;DHRS3;DHRS9;DLAT;FOXA1;GNAI2;HSBP1;KDM1B;KDM4B;MYB;POLR2H;POLR2I;PPP5C;RDH10;TFF3;ZDHHC7,0.9999999999999972
Reactome_2024,up,Signaling by Insulin Receptor,4,2300,59,0.9825876000986583,ATP6V1E1;ATP6V1F;ATP6V1H;IRS1,0.9999999999999972
Reactome_2024,up,Translocation of SLC2A4 (GLUT4) to the Plasma Membrane,4,2300,59,0.9825876000986583,KIF3B;RAB11A;TUBA1A;TUBB2B,0.9999999999999972
Reactome_2024,up,Asparagine N-linked Glycosylation,29,2300,271,0.9827297085523365,ANK1;B4GALT4;B4GALT5;CHST10;CNIH2;CNIH3;COG1;COG6;COG7;DYNLL1;FUT3;GNE;HK1;MGAT3;MGAT4B;MGAT5;NPL;NUDT14;PMM1;RNF139;SEC31B;SERPINA1;SRD5A3;ST3GAL2;TRAPPC9;TRIM13;TUBA1A;TUBB2B;TUSC3,0.9999999999999972
Reactome_2024,up,Transcriptional Regulation by RUNX2,8,2300,97,0.9829112694783265,CCNB1;CDK1;HEY2;PSMA4;PSMA5;PSMB5;RBX1;SEM1,0.9999999999999972
Reactome_2024,up,Deadenylation-dependent mRNA Decay,3,2300,49,0.9832412903688598,CNOT6;EXOSC7;LSM5,0.9999999999999972
Reactome_2024,up,Regulation of Endogenous Retroelements by KRAB-ZFP Proteins,3,2300,49,0.9832412903688598,ZNF273;ZNF418;ZNF816,0.9999999999999972
Reactome_2024,up,Signaling by Non-Receptor Tyrosine Kinases,3,2300,50,0.9852187223017788,ARAP1;GPNMB;PXN,0.9999999999999972
Reactome_2024,up,Signaling by PTK6,3,2300,50,0.9852187223017788,ARAP1;GPNMB;PXN,0.9999999999999972
Reactome_2024,up,Transport of Mature Transcript to Cytoplasm,6,2300,80,0.9852522266772281,CPSF3;NDC1;NUP133;NUP50;NUP93;THOC5,0.9999999999999972
Reactome_2024,up,Platelet Degranulation,8,2300,99,0.9858507364911894,CD109;CYB5R1;F13A1;IGF1;SERPINA1;SYTL4;TGFB2;TOR4A,0.9999999999999972
Reactome_2024,up,PTEN Regulation,11,2300,126,0.9861305530951396,AGO4;CBX8;MECOM;PHC2;PSMA4;PSMA5;PSMB5;RRAGA;SALL4;SEM1;SLC38A9,0.9999999999999972
Reactome_2024,up,Transport of Mature mRNA Derived From an Intron-Containing Transcript,5,2300,71,0.9862232046282353,NDC1;NUP133;NUP50;NUP93;THOC5,0.9999999999999972
Reactome_2024,up,Cell Junction Organization,7,2300,91,0.9874473762257954,AGO4;ARHGEF6;CDH2;CDH24;CDH3;CLDN3;PXN,0.9999999999999972
Reactome_2024,up,Interleukin-4 and Interleukin-13 Signaling,7,2300,91,0.9874473762257954,ALOX5;BCL2L1;F13A1;IGHG4;IL10;IL13;IL13RA1,0.9999999999999972
Reactome_2024,up,MAPK1 MAPK3 Signaling,22,2300,220,0.9875638540239046,ABHD17C;ARRB1;ARRB2;ARTN;BCL2L1;CDK1;CSK;DLG4;GDNF;GFRA3;ICMT;IL5RA;IRS1;PPP5C;PSMA4;PSMA5;PSMB5;RASAL3;RBX1;RGL1;SEM1;SYNGAP1,0.9999999999999972
Reactome_2024,up,Cellular Response to Heat Stress,7,2300,92,0.9886437481957694,BAG2;HSBP1;NDC1;NUP133;NUP50;NUP93;RPA3,0.9999999999999972
Reactome_2024,up,MAPK Family Signaling Cascades,26,2300,254,0.9887569442924358,ABHD17C;AGO4;ARRB1;ARRB2;ARTN;BCL2L1;CDC14A;CDC14B;CDK1;CSK;DLG4;GDNF;GFRA3;HSBP1;ICMT;IL5RA;IRS1;PPP5C;PSMA4;PSMA5;PSMB5;RASAL3;RBX1;RGL1;SEM1;SYNGAP1,0.9999999999999972
Reactome_2024,up,ER-Phagosome Pathway,5,2300,73,0.988953560321276,PSMA4;PSMA5;PSMB5;S100A8;SEM1,0.9999999999999972
Reactome_2024,up,Chromatin Modifying Enzymes,19,2300,197,0.988975304037178,ARID1A;CARM1;DPY30;KAT14;KDM1B;KDM4B;KMT5C;MECOM;PADI1;PHF21A;PHF8;PRMT3;PRMT7;RUVBL1;RUVBL2;SAP30;SETD7;SMYD2;SUPT20H,0.9999999999999972
Reactome_2024,up,Chromatin Organization,19,2300,197,0.988975304037178,ARID1A;CARM1;DPY30;KAT14;KDM1B;KDM4B;KMT5C;MECOM;PADI1;PHF21A;PHF8;PRMT3;PRMT7;RUVBL1;RUVBL2;SAP30;SETD7;SMYD2;SUPT20H,0.9999999999999972
Reactome_2024,up,Costimulation by the CD28 Family,4,2300,63,0.9890910408777008,CD4;CSK;MAP3K8;PTPN6,0.9999999999999972
Reactome_2024,up,Fc Epsilon Receptor (FCERI) Signaling,10,2300,120,0.9892105942160226,FCER1G;ITPR3;MAPK10;MS4A2;PLCG2;PSMA4;PSMA5;PSMB5;SEM1;SYK,0.9999999999999972
Reactome_2024,up,RAF MAP Kinase Cascade,21,2300,214,0.9893160445385127,ABHD17C;ARRB1;ARRB2;ARTN;BCL2L1;CSK;DLG4;GDNF;GFRA3;ICMT;IL5RA;IRS1;PPP5C;PSMA4;PSMA5;PSMB5;RASAL3;RBX1;RGL1;SEM1;SYNGAP1,0.9999999999999972
Reactome_2024,up,SARS-CoV-2 Activates Modulates Innate and Adaptive Immune Responses,8,2300,102,0.9893892394462575,BECN1;NDC1;NUP133;NUP50;NUP93;PTPN6;RNF135;TKFC,0.9999999999999972
Reactome_2024,up,ER to Golgi Anterograde Transport,12,2300,138,0.9894801198814015,ANK1;CNIH2;CNIH3;COG1;COG6;COG7;DYNLL1;SEC31B;SERPINA1;TRAPPC9;TUBA1A;TUBB2B,0.9999999999999972
Reactome_2024,up,Programmed Cell Death,17,2300,181,0.9895622105218976,BAD;BCL2L1;BMF;BMX;CASP7;DYNLL1;E2F1;GSDMD;GSN;LMNB1;PDCD6IP;PSMA4;PSMA5;PSMB5;SEM1;TP73;UBE2L3,0.9999999999999972
Reactome_2024,up,Response to Elevated Platelet Cytosolic Ca2+,8,2300,103,0.9903714150314452,CD109;CYB5R1;F13A1;IGF1;SERPINA1;SYTL4;TGFB2;TOR4A,0.9999999999999972
Reactome_2024,up,Respiratory Electron Transport,13,2300,148,0.9905409915177202,CMC1;COA3;COX14;COX5A;COX6A1;COX6B2;COX7A2;NDUFA8;NDUFAB1;NDUFAF3;NDUFAF6;NDUFB5;SDHA,0.9999999999999972
Reactome_2024,up,MyD88 Cascade Initiated on Plasma Membrane,7,2300,94,0.9907223935677584,MAP2K6;MAP3K8;MAPK10;MAPK14;NLRX1;USP18;VRK3,0.9999999999999972
Reactome_2024,up,Toll Like Receptor 10 (TLR10) Cascade,7,2300,94,0.9907223935677584,MAP2K6;MAP3K8;MAPK10;MAPK14;NLRX1;USP18;VRK3,0.9999999999999972
Reactome_2024,up,Toll Like Receptor 5 (TLR5) Cascade,7,2300,94,0.9907223935677584,MAP2K6;MAP3K8;MAPK10;MAPK14;NLRX1;USP18;VRK3,0.9999999999999972
Reactome_2024,up,Neuronal System,22,2300,225,0.9911846859737654,ADCY7;ADCY9;AP2A1;CAMKK2;DLG4;GABRB2;GNAI2;GNAL;KCNAB2;KCNH3;KCNJ12;KCNJ16;LIN7B;LRFN4;LRTOMT;NPTN;NRXN3;PLCB2;PRKX;TSPOAP1;TUBA1A;TUBB2B,0.9999999999999972
Reactome_2024,up,Toll Like Receptor 3 (TLR3) Cascade,8,2300,104,0.9912677774901847,MAP2K6;MAP3K8;MAPK10;MAPK14;NLRX1;TLR3;USP18;VRK3,0.9999999999999972
Reactome_2024,up,Transport of Small Molecules,60,2300,526,0.9921577309375537,ABCA10;ABCA5;ABCB10;ABCC1;ABCG1;ADCY7;ADCY9;AMN;AP2A1;AQP10;ASIC1;ATP10B;ATP12A;ATP13A1;ATP13A4;ATP13A5;ATP2B4;ATP2C2;ATP6V1E1;ATP6V1F;ATP6V1H;CLCN6;CLTA;CLTC;CTNS;CYB5R1;CYB5R4;CYB5RL;DERL3;FXYD1;MB;PCSK5;PEX19;PSMA4;PSMA5;PSMB5;RAB11A;SEM1;SLC12A4;SLC13A3;SLC15A1;SLC22A16;SLC22A4;SLC26A6;SLC29A4;SLC34A2;SLC35A2;SLC44A4;SLC4A8;SLC5A5;SLC6A14;SLC6A6;SLC7A6;SLC7A7;SLC9A3;SRI;STEAP3;STOM;TUSC3;VDAC3,0.9999999999999972
Reactome_2024,up,SUMO E3 Ligases SUMOylate Target Proteins,14,2300,159,0.9921814838117184,BRCA1;CBX8;CETN2;DNMT1;L3MBTL2;NDC1;NUP133;NUP50;NUP93;PCGF2;PCNA;PHC2;PIAS3;XRCC4,0.9999999999999972
Reactome_2024,up,Regulated Necrosis,3,2300,55,0.9921826758050635,GSDMD;PDCD6IP;UBE2L3,0.9999999999999972
Reactome_2024,up,Diseases of Metabolism,19,2300,202,0.9923593596723902,AMN;B3GALT6;DAG1;FDXR;GALNS;GALNT12;GCLC;GNE;GNS;GPC3;GPC4;LARGE1;MUC12;MUC16;MUC4;SDC1;SGSH;SLC34A2;SRD5A3,0.9999999999999972
Reactome_2024,up,Innate Immune System,100,2300,827,0.9924235810559455,ABCA13;ADAM8;ALDH3B1;ALOX5;AMPD3;ARPC3;ATP6V1E1;ATP6V1F;ATP6V1H;AZU1;BAIAP2;BCL2L1;BRK1;BST2;C1QA;C3;C5AR1;C6;CASP2;CD19;CD4;CEACAM6;CEP290;COMMD9;COTL1;CSTB;CTSK;CYBB;DDX41;DHX58;DTX4;DYNLL1;DYNLT1;ENPP4;EPPIN;FCER1G;FCGR2A;FCGR3A;GALNS;GNS;GSDMD;GSN;GSTP1;HCK;IGHG4;IRAK3;ITPR3;KCNAB2;MAP2K6;MAP3K8;MAPK10;MAPK14;MOSPD2;MS4A2;MUC12;MUC16;MUC4;MVP;NCF1;NCF2;NCF4;NCKAP1L;NLRX1;PGM2;PIN1;PKM;PLAC8;PLCG2;PLD4;POLR2H;POLR3K;PRSS3;PSMA4;PSMA5;PSMB5;PTAFR;PTPN6;PTPRN2;RAB31;RAB37;RAC2;RNF135;S100A8;S100P;SEM1;SERPINA1;SERPINB6;SIGIRR;SNAP29;STK11IP;STOM;SYK;TBC1D10C;TKFC;TLR3;TRIM32;TRIM56;UNC93B1;USP18;VRK3,0.9999999999999972
Reactome_2024,up,Cytokine Signaling in Immune System,74,2300,633,0.992463106818008,ALOX5;BCL2L1;BECN1;BLNK;BST2;CD4;CDK1;CSK;CTF1;DUS2;EDA2R;EIF4E2;F13A1;FAAP100;FAAP20;FAAP24;FANCF;GBP6;GSDMD;HCK;IFI27;IFIT1;IFITM2;IFITM3;IGHG4;IL10;IL13;IL13RA1;IL18R1;IL20RA;IL5RA;IRAK3;IRS1;LMNB1;MAP2K6;MAP3K8;MAPK10;MAPK14;NDC1;NLRX1;NUP133;NUP50;NUP93;OAS1;OAS2;OAS3;PIN1;PLCG2;PSMA4;PSMA5;PSMB5;PTAFR;PTK2B;PTPN6;PTPN9;RBX1;SAMHD1;SDC1;SEM1;SIGIRR;SYK;THOC5;TNFRSF13C;TNFRSF18;TNFRSF25;TRIM14;TRIM3;TRIM31;TRIM6;TRIM62;TUBA1A;TUBB2B;USP18;VRK3,0.9999999999999972
Reactome_2024,up,ESR-mediated Signaling,13,2300,151,0.9926515905945937,AGO4;CARM1;CXXC5;FOXA1;GNAI2;HSBP1;KDM4B;MYB;POLR2H;POLR2I;PPP5C;TFF3;ZDHHC7,0.9999999999999972
Reactome_2024,up,Toll Like Receptor 4 (TLR4) Cascade,11,2300,135,0.9937286286850188,IRAK3;MAP2K6;MAP3K8;MAPK10;MAPK14;NLRX1;PLCG2;S100A8;SIGIRR;USP18;VRK3,0.9999999999999972
Reactome_2024,up,TRAF6 Mediated Induction of NFkB and MAP Kinases Upon TLR7 8 or 9 Activation,7,2300,98,0.9938514799090861,MAP2K6;MAP3K8;MAPK10;MAPK14;NLRX1;USP18;VRK3,0.9999999999999972
Reactome_2024,up,Cell-Cell Communication,9,2300,117,0.9939051007024181,AGO4;ARHGEF6;CDH2;CDH24;CDH3;CLDN3;PTK2B;PTPN6;PXN,0.9999999999999972
Reactome_2024,up,Signaling by WNT,21,2300,222,0.9939703299159047,AGO4;AP2A1;ARRB2;CBY1;CCDC88C;CLTA;CLTC;FRAT2;ITPR3;PDE6B;PLCB2;PSMA4;PSMA5;PSMB5;RAC2;RBX1;RUVBL1;SEM1;VPS35;WNT4;WNT7B,0.9999999999999972
Reactome_2024,up,Downstream Signaling Events of B Cell Receptor (BCR),4,2300,68,0.9940045415667791,PSMA4;PSMA5;PSMB5;SEM1,0.9999999999999972
Reactome_2024,up,Aerobic Respiration and Respiratory Electron Transport,23,2300,239,0.9941057795377369,CMC1;COA3;COX14;COX5A;COX6A1;COX6B2;COX7A2;DLAT;GID8;HAGH;IDH3G;ISCA2;ME1;NDUFA8;NDUFAB1;NDUFAF3;NDUFAF6;NDUFB5;PKM;SDHA;SDHAF4;SLC25A14;UCP2,0.9999999999999972
Reactome_2024,up,Regulation of Endogenous Retroelements,5,2300,79,0.9943895488195483,ARID1A;BCL7A;ZNF273;ZNF418;ZNF816,0.9999999999999972
Reactome_2024,up,MyD88 Dependent Cascade Initiated on Endosome,7,2300,99,0.9944602321256651,MAP2K6;MAP3K8;MAPK10;MAPK14;NLRX1;USP18;VRK3,0.9999999999999972
Reactome_2024,up,tRNA Processing,9,2300,118,0.9944674522685477,DUS2;NDC1;NUP133;NUP50;NUP93;POP7;TRMT12;TRMT61B;TSEN2,0.9999999999999972
Reactome_2024,up,RHOG GTPase Cycle,4,2300,69,0.9946901209138246,ARHGAP39;ARHGEF16;PAK4;VANGL1,0.9999999999999972
Reactome_2024,up,Vesicle-mediated Transport,68,2300,596,0.9949029712000205,ANK1;AP1G2;AP2A1;AP4E1;AP4M1;APOL1;ARPC3;ARRB1;ARRB2;BLOC1S4;CD4;CHMP5;CLTA;CLTC;CLTCL1;CNIH2;CNIH3;COG1;COG6;COG7;DENND6B;DYNLL1;FCHO1;GAPVD1;GDI1;GGA3;GJB2;GNS;HPX;JCHAIN;KIF11;KIF15;KIF19;KIF20A;KIF23;KIF26B;KIF27;KIF3B;KIF4A;KIF6;KIF9;MVB12B;PAFAH1B3;RAB11A;RAB12;RAB31;RAB36;RACGAP1;RIN1;SEC31B;SERPINA1;SNAP29;ST5;STAB1;STX18;SYT8;TACR1;TBC1D10C;TBC1D14;TRAPPC12;TRAPPC9;TSG101;TUBA1A;TUBB2B;UBQLN2;VPS25;VPS37D;VPS52,0.9999999999999972
Reactome_2024,up,Membrane Trafficking,64,2300,566,0.9950400664070019,ANK1;AP1G2;AP2A1;AP4E1;AP4M1;ARPC3;ARRB1;ARRB2;BLOC1S4;CD4;CHMP5;CLTA;CLTC;CLTCL1;CNIH2;CNIH3;COG1;COG6;COG7;DENND6B;DYNLL1;FCHO1;GAPVD1;GDI1;GGA3;GJB2;GNS;KIF11;KIF15;KIF19;KIF20A;KIF23;KIF26B;KIF27;KIF3B;KIF4A;KIF6;KIF9;MVB12B;PAFAH1B3;RAB11A;RAB12;RAB31;RAB36;RACGAP1;RIN1;SEC31B;SERPINA1;SNAP29;ST5;STX18;SYT8;TACR1;TBC1D10C;TBC1D14;TRAPPC12;TRAPPC9;TSG101;TUBA1A;TUBB2B;UBQLN2;VPS25;VPS37D;VPS52,0.9999999999999972
Reactome_2024,up,Adaptive Immune System,74,2300,643,0.9952197784144413,ANAPC10;AP2A1;ASB13;ASB9;BECN1;BLNK;C3;CD19;CD300LF;CD4;CDC16;CDC20;CDC26;CLTA;CLTC;CSK;CTSK;CYBB;DET1;DYNLL1;DZIP3;FBXL13;FBXL14;FBXL7;FBXO15;FBXO2;FBXO41;FBXO7;FBXW10;FBXW9;FCGR3A;HERC6;ICAM5;ITPR3;KIF11;KIF15;KIF20A;KIF23;KIF3B;KIF4A;KLHL13;KLHL5;MAP3K8;MRC1;NCF1;NCF2;NCF4;ORAI2;PLCG2;PSMA4;PSMA5;PSMB5;PTPN6;RACGAP1;RAET1E;RBX1;RNF220;S100A8;SEM1;SH2D1B;SIAH2;SPSB2;SYK;TRAIP;TRIM32;TRIM37;TUBA1A;TUBB2B;UBAC1;UBE2C;UBE2L3;UBE2V2;UBE3D;ZNRF1,0.9999999999999972
Reactome_2024,up,SUMOylation,14,2300,165,0.9952732969161959,BRCA1;CBX8;CETN2;DNMT1;L3MBTL2;NDC1;NUP133;NUP50;NUP93;PCGF2;PCNA;PHC2;PIAS3;XRCC4,0.9999999999999972
Reactome_2024,up,TCR Signaling,7,2300,101,0.9955101889701106,CD4;CSK;PLCG2;PSMA4;PSMA5;PSMB5;SEM1,0.9999999999999972
Reactome_2024,up,Toll Like Receptor 7 8 (TLR7 8) Cascade,7,2300,101,0.9955101889701106,MAP2K6;MAP3K8;MAPK10;MAPK14;NLRX1;USP18;VRK3,0.9999999999999972
Reactome_2024,up,Downstream TCR Signaling,5,2300,81,0.9955441437687941,CD4;PSMA4;PSMA5;PSMB5;SEM1,0.9999999999999972
Reactome_2024,up,Signaling by TGFB Family Members,11,2300,139,0.9956512974630624,ACVR2B;AGO4;ARRB1;ARRB2;CGN;GIPC1;INHBB;PSEN2;PSENEN;TCF3;TGFB2,0.9999999999999972
Reactome_2024,up,Epigenetic Regulation of Adipogenesis Genes by MLL3 and MLL4 Complexes,4,2300,71,0.9958417249072974,CDK5;DPY30;MED24;MED31,0.9999999999999972
Reactome_2024,up,Epigenetic Regulation of Gene Expression by MLL3 and MLL4 Complexes,4,2300,71,0.9958417249072974,CDK5;DPY30;MED24;MED31,0.9999999999999972
Reactome_2024,up,MLL4 and MLL3 Complexes Regulate Expression of PPARG Targets in Adipogenesis and Hepatic Steatosis,4,2300,71,0.9958417249072974,CDK5;DPY30;MED24;MED31,0.9999999999999972
Reactome_2024,up,Toll Like Receptor 9 (TLR9) Cascade,7,2300,105,0.9970691719403275,MAP2K6;MAP3K8;MAPK10;MAPK14;NLRX1;USP18;VRK3,0.9999999999999972
Reactome_2024,up,Stimuli-sensing Channels,4,2300,74,0.9971292176247943,ASIC1;CLCN6;SRI;STOM,0.9999999999999972
Reactome_2024,up,"PI5P, PP2A and IER3 Regulate PI3K AKT Signaling",5,2300,85,0.9972070557259889,BDNF;CD19;IRS1;NTRK2;RAC2,0.9999999999999972
Reactome_2024,up,MyD88-independent TLR4 Cascade,7,2300,107,0.9976391079805575,MAP2K6;MAP3K8;MAPK10;MAPK14;NLRX1;USP18;VRK3,0.9999999999999972
Reactome_2024,up,TRIF (TICAM1)-mediated TLR4 Signaling,7,2300,107,0.9976391079805575,MAP2K6;MAP3K8;MAPK10;MAPK14;NLRX1;USP18;VRK3,0.9999999999999972
Reactome_2024,up,Signaling by ROBO Receptors,16,2300,192,0.9978580548368958,ARHGAP39;CAP2;DAG1;MSI1;NTN1;PAK4;PAK6;PFN2;PSMA4;PSMA5;PSMB5;RBX1;RPL39L;SEM1;SRGAP2;SRGAP3,0.9999999999999972
Reactome_2024,up,Extra-nuclear Estrogen Signaling,3,2300,66,0.9981606648093497,GNAI2;HSBP1;ZDHHC7,0.9999999999999972
Reactome_2024,up,RNA Polymerase II Transcription Termination,3,2300,66,0.9981606648093497,CPSF3;THOC5;ZNF473,0.9999999999999972
Reactome_2024,up,HATs Acetylate Histones,4,2300,79,0.9984663226882735,KAT14;RUVBL1;RUVBL2;SUPT20H,0.9999999999999972
Reactome_2024,up,Cellular Responses to Mechanical Stimuli,4,2300,80,0.9986488289545491,ADCY7;ADCY9;CAPNS1;P2RY2,0.9999999999999972
Reactome_2024,up,Response of Endothelial Cells to Shear Stress,4,2300,80,0.9986488289545491,ADCY7;ADCY9;CAPNS1;P2RY2,0.9999999999999972
Reactome_2024,up,Signaling by Interleukins,37,2300,376,0.9986510684643931,ALOX5;BCL2L1;BLNK;CD4;CTF1;F13A1;GSDMD;HCK;IGHG4;IL10;IL13;IL13RA1;IL18R1;IL20RA;IL5RA;IRAK3;IRS1;LMNB1;MAP2K6;MAP3K8;MAPK10;MAPK14;NLRX1;PSMA4;PSMA5;PSMB5;PTAFR;PTK2B;PTPN6;PTPN9;RBX1;SDC1;SEM1;SIGIRR;SYK;USP18;VRK3,0.9999999999999972
Reactome_2024,up,Epigenetic Regulation by WDR5-containing Histone Modifying Complexes,6,2300,102,0.998687290528619,CDK5;DPY30;KAT14;MED24;MED31;PSIP1,0.9999999999999972
Reactome_2024,up,Negative Regulation of the PI3K AKT Network,5,2300,92,0.9987893521053076,BDNF;CD19;IRS1;NTRK2;RAC2,0.9999999999999972
Reactome_2024,up,TCF Dependent Signaling in Response to WNT,10,2300,144,0.9989268672329145,CBY1;CCDC88C;FRAT2;PSMA4;PSMA5;PSMB5;RBX1;RUVBL1;SEM1;WNT4,0.9999999999999972
Reactome_2024,up,Signaling by Receptor Tyrosine Kinases,46,2300,453,0.9989511188231847,AP2A1;ATP6V1E1;ATP6V1F;ATP6V1H;BAIAP2;BDNF;BRK1;CDK5;CLTA;CLTC;CSK;CYBB;DLG4;DNAL4;DNMT1;FAM83A;FAM83D;GABRB2;GGA3;GIPC1;HSBP1;IGF1;IRS1;ITGA3;ITPR3;LTK;LYL1;MAPK14;MATK;MST1;NCF1;NCF2;NCF4;NCKAP1L;NTRK2;PCSK5;POLR2H;POLR2I;PSEN2;PSENEN;PTK2B;PTPN6;PTPRU;PXN;RRAD;VRK3,0.9999999999999972
Reactome_2024,up,Mitochondrial Protein Degradation,5,2300,94,0.9990503313381057,ALAS1;BDH1;COX5A;IARS2;MRPS10,0.9999999999999972
Reactome_2024,up,Intracellular Signaling by Second Messengers,23,2300,265,0.999171461806502,ADCY7;ADCY9;AGO4;BAD;BDNF;CAMKK2;CBX8;CD19;FOXO6;IRS1;ITPR3;MECOM;NTRK2;PHC2;PRKX;PSMA4;PSMA5;PSMB5;RAC2;RRAGA;SALL4;SEM1;SLC38A9,0.9999999999999972
Reactome_2024,up,Signaling by FGFR,3,2300,72,0.9991822212987373,GIPC1;POLR2H;POLR2I,0.9999999999999972
Reactome_2024,up,Transcriptional Regulation by RUNX3,4,2300,85,0.9992872065521585,PSMA4;PSMA5;PSMB5;SEM1,0.9999999999999972
Reactome_2024,up,SARS-CoV-2-host Interactions,12,2300,175,0.9996690141800394,BECN1;GEMIN6;NDC1;NUP133;NUP50;NUP93;PTPN6;RNF135;TKFC;VPS11;VPS33A;VPS41,0.9999999999999972
Reactome_2024,up,SARS-CoV-1-host Interactions,4,2300,91,0.9996731471375453,BCL2L1;BST2;NMI;TKFC,0.9999999999999972
Reactome_2024,up,Metabolism of Amino Acids and Derivatives,24,2300,286,0.9996929387945641,AADAT;AIMP2;ASPG;ASRGL1;AZIN2;BBOX1;BCAT1;CKB;CRYM;DUOX1;EEFSEC;HDC;NQO1;PRODH;PSMA4;PSMA5;PSMB5;RIMKLA;RPL39L;SCLY;SEM1;SLC5A5;SLC6A8;TPO,0.9999999999999972
Reactome_2024,up,PIP3 Activates AKT Signaling,18,2300,234,0.9997396639683838,AGO4;BAD;BDNF;CBX8;CD19;FOXO6;IRS1;MECOM;NTRK2;PHC2;PSMA4;PSMA5;PSMB5;RAC2;RRAGA;SALL4;SEM1;SLC38A9,0.9999999999999972
Reactome_2024,up,SARS-CoV-2 Infection,21,2300,264,0.9997948854430548,BECN1;GEMIN6;GPC3;GPC4;MGAT4B;MGAT5;NDC1;NUP133;NUP50;NUP93;PARP4;PTPN6;RNF135;SDC1;ST3GAL2;TKFC;TUSC3;VPS11;VPS33A;VPS41;ZDHHC20,0.9999999999999972
Reactome_2024,up,SARS-CoV Infections,33,2300,370,0.999807458931663,AP2A1;BCL2L1;BECN1;BLNK;BST2;CYSLTR1;FXYD1;GEMIN6;GPC3;GPC4;MGAT4B;MGAT5;NDC1;NMI;NUP133;NUP50;NUP93;PARP4;PHF21A;PLCG2;PTPN6;RBX1;RNF135;SAP30;SDC1;ST3GAL2;SYK;TKFC;TUSC3;VPS11;VPS33A;VPS41;ZDHHC20,0.9999999999999972
Reactome_2024,up,Axon Guidance,42,2300,446,0.999808163713716,ABLIM2;ANK1;AP2A1;ARHGAP39;ARPC3;ARTN;CACNA1D;CAP2;CDK5;CLTA;CLTC;CLTCL1;DAG1;DLG4;DPYSL3;EFNB3;EPHA4;GDNF;GFRA3;KIF4A;LIMK2;LYPLA2;MSI1;MYL6;NTN1;PAK4;PAK6;PFN2;PLXNB1;PSEN2;PSENEN;PSMA4;PSMA5;PSMB5;RBX1;RPL39L;SEM1;SIAH2;SRGAP2;SRGAP3;TUBA1A;TUBB2B,0.9999999999999972
Reactome_2024,up,Influenza Infection,9,2300,151,0.9998239661058511,CLTA;CLTC;NDC1;NUP133;NUP50;NUP93;POLR2H;POLR2I;RPL39L,0.9999999999999972
Reactome_2024,up,Influenza Viral RNA Transcription and Replication,7,2300,132,0.9998628839222194,NDC1;NUP133;NUP50;NUP93;POLR2H;POLR2I;RPL39L,0.9999999999999972
Reactome_2024,up,Cellular Response to Starvation,8,2300,145,0.9998942362045631,ATP6V1E1;ATP6V1F;ATP6V1H;BMT2;RPL39L;RRAGA;SLC38A9;WDR24,0.9999999999999972
Reactome_2024,up,SARS-CoV-1 Infection,7,2300,135,0.9999040336257081,BCL2L1;BECN1;BST2;NMI;PARP4;ST3GAL2;TKFC,0.9999999999999972
Reactome_2024,up,Cellular Responses to Stress,68,2300,674,0.9999300689605485,ABCC1;ACD;AGO4;ANAPC10;ATP6V1E1;ATP6V1F;ATP6V1H;BAG2;BCL2L1;BLVRA;BMT2;BRCA1;CARM1;CBX8;CCNA2;CDC16;CDC26;COX5A;COX6A1;COX6B2;COX7A2;CYBB;DYNLL1;E2F1;EGLN2;EGLN3;EIF2AK1;EXOSC7;GCLC;GPX2;GSTP1;HIF1AN;HMGA2;HSBP1;KLHDC3;LMNB1;MAP2K6;MAPK10;MAPK14;ME1;NCF1;NCF2;NCF4;NDC1;NQO1;NRF1;NUDT2;NUP133;NUP50;NUP93;PGD;PHC2;POT1;PRDX1;PSMA4;PSMA5;PSMB5;RBX1;RPA3;RPL39L;RRAGA;SEM1;SLC38A9;TKT;TUBA1A;TUBB2B;UBE2C;WDR24,0.9999999999999972
Reactome_2024,up,Regulation of Expression of SLITs and ROBOs,8,2300,149,0.9999335535898943,DAG1;MSI1;PSMA4;PSMA5;PSMB5;RBX1;RPL39L;SEM1,0.9999999999999972
Reactome_2024,up,Selenoamino Acid Metabolism,4,2300,104,0.9999419647051799,AIMP2;EEFSEC;RPL39L;SCLY,0.9999999999999972
Reactome_2024,up,Translation,20,2300,270,0.9999476318541429,AIMP2;EIF2B2;GFM2;IARS2;MRPL13;MRPL14;MRPL27;MRPL28;MRPL40;MRPL42;MRPL51;MRPL57;MRPS10;MRPS21;MRPS23;MRPS31;MRPS9;RPL39L;TARS2;VARS2,0.9999999999999972
Reactome_2024,up,Diseases of Signal Transduction by Growth Factor Receptors and Second Messengers,35,2300,405,0.9999510516413083,AGK;AGO4;AGTRAP;ARRB1;ARRB2;BAD;BCL2L1;BDNF;CCNB1;CD19;CLCN6;CLTC;CSK;DNMT1;FOXM1;FOXO6;HDAC9;HEY2;IL10;IRS1;NEURL1;NEURL1B;NTRK2;POLR2H;POLR2I;PSEN2;PSENEN;PSMA4;PSMA5;PSMB5;PTPN6;RAC2;RBX1;SEM1;TRAK1,0.9999999999999972
Reactome_2024,up,Viral Infection Pathways,70,2300,696,0.9999514500871718,AP2A1;APOBEC3G;ATP6V1H;BCL2L1;BECN1;BLNK;BST2;CD4;CHMP5;CLTA;CLTC;CYSLTR1;DYNLL1;ERCC3;FXYD1;GEMIN6;GPC3;GPC4;GTF2E2;GTF2H5;HCK;IRS1;LIG1;MED18;MED22;MED24;MED25;MED31;MGAT4B;MGAT5;MVB12B;NDC1;NMI;NUP133;NUP50;NUP93;OAS2;PARP4;PDCD6IP;PHF21A;PLCG2;POLR2H;POLR2I;PSIP1;PSMA4;PSMA5;PSMB5;PTPN6;RBX1;RNF135;RPL39L;SAP30;SDC1;SEM1;ST3GAL2;SYK;TAF6;TKFC;TLR3;TSG101;TUBA1A;TUBB2B;TUSC3;VPS11;VPS25;VPS33A;VPS37D;VPS41;XRCC4;ZDHHC20,0.9999999999999972
Reactome_2024,up,Epigenetic Regulation of Gene Expression,17,2300,243,0.9999537273028861,ARID1A;BCL7A;CDK5;DNMT1;DPY30;ERCC3;GTF2H5;KAT14;MED24;MED31;POLR2H;PSIP1;SAP30;UHRF1;ZNF273;ZNF418;ZNF816,0.9999999999999972
Reactome_2024,up,Nervous System Development,42,2300,468,0.9999607832901413,ABLIM2;ANK1;AP2A1;ARHGAP39;ARPC3;ARTN;CACNA1D;CAP2;CDK5;CLTA;CLTC;CLTCL1;DAG1;DLG4;DPYSL3;EFNB3;EPHA4;GDNF;GFRA3;KIF4A;LIMK2;LYPLA2;MSI1;MYL6;NTN1;PAK4;PAK6;PFN2;PLXNB1;PSEN2;PSENEN;PSMA4;PSMA5;PSMB5;RBX1;RPL39L;SEM1;SIAH2;SRGAP2;SRGAP3;TUBA1A;TUBB2B,0.9999999999999972
Reactome_2024,up,Infectious Disease,90,2300,862,0.9999670152181357,ADCY7;ADCY9;AP2A1;APOBEC3G;ARPC3;ATP6V1H;BAIAP2;BCL2L1;BECN1;BLNK;BRK1;BST2;C3;CD4;CHMP5;CLTA;CLTC;CYSLTR1;DLAT;DYNLL1;ERCC3;FCGR2A;FCGR3A;FXYD1;GEMIN6;GNAI2;GPC3;GPC4;GSDMD;GTF2E2;GTF2H5;HCK;IGHG4;IL10;IRS1;ITPR3;LIG1;MAP2K6;MAPK14;MED18;MED22;MED24;MED25;MED31;MGAT4B;MGAT5;MRC1;MVB12B;NCKAP1L;NDC1;NMI;NUP133;NUP50;NUP93;OAS2;PARP4;PDCD6IP;PGK1;PHF21A;PLCG2;POLR2H;POLR2I;PRKX;PSIP1;PSMA4;PSMA5;PSMB5;PTPN6;RBX1;RNF135;RPL39L;SAP30;SDC1;SEM1;ST3GAL2;SYK;TAF6;TKFC;TLR3;TSG101;TUBA1A;TUBB2B;TUSC3;VPS11;VPS25;VPS33A;VPS37D;VPS41;XRCC4;ZDHHC20,0.9999999999999972
Reactome_2024,up,Developmental Biology,93,2300,897,0.9999828520627279,ABLIM2;ACVR2B;AGO4;AIMP2;ANK1;AP2A1;ARHGAP39;ARID1A;ARPC3;ARTN;ATP6V1E1;ATP6V1F;ATP6V1H;BCL7A;BMP7;CACNA1D;CAP2;CAPNS1;CARM1;CCNB1;CDH2;CDK5;CLTA;CLTC;CLTCL1;CNOT6;CPEB1;CSTA;DAG1;DLG4;DPY30;DPYSL3;E2F1;EFNB3;EPHA4;EVPL;FAM120B;FOXA1;GDNF;GFRA3;HEY2;HNF1B;HOXB2;KAZN;KDM1B;KDM4B;KIF4A;LIG1;LIMK2;LYPLA2;MAP2K6;MAPK14;MECOM;MED18;MED22;MED24;MED25;MED31;MESP1;MSI1;MYB;MYL6;NTN1;OTX2;PAK4;PAK6;PCGF2;PFN2;PLAC8;PLK1;PLXNB1;POLR2H;POLR2I;PSEN2;PSENEN;PSMA4;PSMA5;PSMB5;RBX1;RPL39L;SALL4;SEM1;SIAH2;SPI1;SRGAP2;SRGAP3;SYTL2;TCF3;TGM1;TUBA1A;TUBB2B;UHRF1;WNT4,0.9999999999999972
Reactome_2024,up,Nonsense Mediated Decay (NMD) Enhanced by the Exon Junction Complex (EJC),3,2300,112,0.9999971354139591,RPL39L;SMG7;UPF1,0.9999999999999972
Reactome_2024,up,Nonsense-Mediated Decay (NMD),3,2300,112,0.9999971354139591,RPL39L;SMG7;UPF1,0.9999999999999972
Reactome_2024,up,Cellular Responses to Stimuli,72,2300,757,0.999997358148869,ABCC1;ACD;ADCY7;ADCY9;AGO4;ANAPC10;ATP6V1E1;ATP6V1F;ATP6V1H;BAG2;BCL2L1;BLVRA;BMT2;BRCA1;CAPNS1;CARM1;CBX8;CCNA2;CDC16;CDC26;COX5A;COX6A1;COX6B2;COX7A2;CYBB;DYNLL1;E2F1;EGLN2;EGLN3;EIF2AK1;EXOSC7;GCLC;GPX2;GSTP1;HIF1AN;HMGA2;HSBP1;KLHDC3;LMNB1;MAP2K6;MAPK10;MAPK14;ME1;NCF1;NCF2;NCF4;NDC1;NQO1;NRF1;NUDT2;NUP133;NUP50;NUP93;P2RY2;PGD;PHC2;POT1;PRDX1;PSMA4;PSMA5;PSMB5;RBX1;RPA3;RPL39L;RRAGA;SEM1;SLC38A9;TKT;TUBA1A;TUBB2B;UBE2C;WDR24,0.9999999999999972
Reactome_2024,up,mRNA Splicing,11,2300,210,0.9999976038578887,DDX41;GPATCH1;IK;LSM5;POLR2H;POLR2I;PPIL3;SF3B6;SNRNP25;SNRNP35;ZRSR2,0.9999999999999972
Reactome_2024,up,Processing of Capped Intron-Containing Pre-mRNA,17,2300,277,0.99999854284399,CPSF3;DDX41;GPATCH1;IK;LSM5;NDC1;NUP133;NUP50;NUP93;POLR2H;POLR2I;PPIL3;SF3B6;SNRNP25;SNRNP35;THOC5;ZRSR2,0.9999999999999972
Reactome_2024,up,mRNA Splicing - Major Pathway,8,2300,202,0.9999999044947874,DDX41;GPATCH1;IK;LSM5;POLR2H;POLR2I;PPIL3;SF3B6,0.9999999999999972
Reactome_2024,up,Major Pathway of rRNA Processing in the Nucleolus and Cytosol,4,2300,176,0.9999999978206342,EXOSC7;IMP3;RPL39L;WDR18,0.9999999999999972
Reactome_2024,up,rRNA Processing in the Nucleus and Cytosol,4,2300,186,0.9999999994987232,EXOSC7;IMP3;RPL39L;WDR18,0.9999999999999972
Reactome_2024,up,rRNA Processing,4,2300,207,0.9999999999777712,EXOSC7;IMP3;RPL39L;WDR18,0.9999999999999972
Reactome_2024,up,Metabolism of RNA,40,2300,697,0.9999999999999972,CNOT6;CPSF3;DDX41;DUS2;ERCC3;EXOSC7;GEMIN6;GPATCH1;GTF2H5;HSBP1;IGF2BP3;IK;IMP3;LSM5;MAPK14;NDC1;NUP133;NUP50;NUP93;POLR2H;POLR2I;POP7;PPIL3;PSMA4;PSMA5;PSMB5;RPL39L;SEM1;SF3B6;SMG7;SNRNP25;SNRNP35;THOC5;TRMT12;TRMT61B;TSEN2;UPF1;WDR18;ZNF473;ZRSR2,0.9999999999999972
