gene,mean_expression,residual_variance,expression_bin,variance_bin,stratum
A1BG,1.1862416666666666,0.5328583088405797,3,3,3_3
A1BG-AS1,1.07765,0.11021415521739131,2,2,2_2
A1CF,0.9894791666666666,0.15552526380434784,0,2,0_2
A2M,1.01256875,0.048117500597826095,1,1,1_1
A2M-AS1,1.0732166666666667,0.09020649202898552,2,2,2_2
A2ML1,1.3288854166666668,0.878804783460145,4,4,4_4
A4GALT,1.0379875,0.11323104485507246,2,2,2_2
A4GNT,1.5333458333333334,2.8758712942753624,4,4,4_4
AAAS,0.9907624999999999,0.034903033985507245,0,0,0_0
AACS,0.9583666666666667,0.05531973913043478,0,1,0_1
AADAC,1.4543625,1.1969412205072465,4,4,4_4
AADACL2,1.0931125,0.4705221399275363,3,3,3_3
AADAT,1.0444666666666667,0.07161973347826088,2,1,2_1
AAED1,1.0635541666666668,0.12311883021739133,2,2,2_2
AAGAB,0.9990944444444446,0.0483191720289855,0,1,0_1
AAK1,1.2168291666666669,0.11308571194173321,3,2,3_2
AAMDC,1.028148611111111,0.08954436095813205,1,2,1_2
AAMP,1.036175,0.0796628491304348,2,1,2_1
AANAT,1.0307250000000001,1.809647012753623,2,4,2_4
AAR2,0.9955458333333334,0.03023111586956522,0,0,0_0
AARS,0.9998499999999999,0.043086431449275354,0,1,0_1
AARS2,1.0312291666666666,0.0209687327173913,2,0,2_0
AASDH,1.0357229166666666,0.05136042748188406,2,1,2_1
AASDHPPT,1.0386625,0.06029585975040257,2,1,2_1
AASS,0.9918458333333334,0.050313886992753624,0,1,0_1
AATBC,1.1109166666666666,0.128216725942029,3,2,3_2
AATF,1.0027416666666666,0.038022106521739124,1,1,1_1
AATK,1.2923958333333332,0.7413177541304349,4,4,4_4
ABAT,1.0515111111111113,0.055071859565217374,2,1,2_1
ABCA1,1.3679,0.6606275385235506,4,4,4_4
ABCA12,1.8615333333333333,3.238487760434783,4,4,4_4
ABCA13,1.013376388888889,0.08129204509661837,1,2,1_2
ABCA2,1.1164777777777777,0.17483081933977454,3,2,3_2
ABCA3,1.0352125,0.1001396826811594,2,2,2_2
ABCA4,1.6138583333333332,0.938403677246377,4,4,4_4
ABCA5,1.0394583333333334,0.037246490905797104,2,1,2_1
ABCA6,1.0042499999999999,0.07242268507246377,1,1,1_1
ABCA7,0.9591833333333334,0.05848320478260869,0,1,0_1
ABCA8,1.5611194444444443,1.070348978663446,4,4,4_4
ABCA9,0.9904888888888889,0.04163203871175523,0,1,0_1
ABCB1,1.0608270833333333,0.14705606610507244,2,2,2_2
ABCB10,1.001575,0.0080863015942029,1,0,1_0
ABCB11,1.2526166666666667,0.6452692414130434,4,4,4_4
ABCB4,0.9950597222222223,0.06149100586956521,0,1,0_1
ABCB5,1.3282666666666667,0.4171332704619566,4,3,4_3
ABCB6,1.03983125,0.13884612414855074,2,2,2_2
ABCB7,1.0076833333333333,0.02795868101449275,1,0,1_0
ABCB8,1.0173750000000001,0.04782542114331721,1,1,1_1
ABCB9,1.0458152777777776,0.13870880126409016,2,2,2_2
ABCC1,1.0083979166666666,0.012872643568840577,1,0,1_0
ABCC10,1.0275854166666667,0.04407595541666666,1,1,1_1
ABCC11,1.8099208333333332,1.5229774452173914,4,4,4_4
ABCC12,1.9537562500000003,2.1878619399456527,4,4,4_4
ABCC2,0.9719875,0.1249472029710145,0,2,0_2
ABCC3,1.2764833333333334,0.4199085559826086,4,3,4_3
ABCC4,1.026203125,0.08021311577445651,1,1,1_1
ABCC5,1.0552708333333334,0.0956832528099839,2,2,2_2
ABCC8,1.5613729166666666,0.9370176439673914,4,4,4_4
ABCC9,1.0324666666666669,0.11745415238840579,2,2,2_2
ABCD1,1.0491958333333333,0.1508923505072464,2,2,2_2
ABCD2,1.0049416666666666,0.14204661782608696,1,2,1_2
ABCD3,1.0760666666666665,0.19193628597826085,2,3,2_3
ABCD4,1.0575604166666668,0.046856797735507244,2,1,2_1
ABCE1,1.0056895833333332,0.005324042554347826,1,0,1_0
ABCF1,0.9819583333333334,0.015225800434782616,0,0,0_0
ABCF3,1.0170958333333333,0.03145491891304348,1,0,1_0
ABCG1,1.018265625,0.051693078174818836,1,1,1_1
ABCG2,1.071525,0.1427279262318841,2,2,2_2
ABCG4,0.9314833333333334,0.17101202014492756,0,2,0_2
ABCG5,1.4223833333333333,1.4967544657971015,4,4,4_4
ABCG8,1.9715666666666667,4.914024606086956,4,4,4_4
ABHD1,1.36005,0.4440199272624799,4,3,4_3
ABHD10,0.983625,0.012786781956521739,0,0,0_0
ABHD11,1.1771361111111112,0.27859157921095007,3,3,3_3
ABHD12,0.9965694444444445,0.09395452826086957,0,2,0_2
ABHD13,1.0080729166666667,0.028709391829710145,1,0,1_0
ABHD14A,1.002175,0.08010695753623188,1,1,1_1
ABHD14A-ACY1,0.9597583333333334,0.02702350855072464,0,0,0_0
ABHD14B,0.9901375,0.07132557717391305,0,1,0_1
ABHD15,0.9840625,0.03248667427536232,0,0,0_0
ABHD16A,1.0059791666666666,0.06973878054347826,1,1,1_1
ABHD16B,1.6228583333333333,4.048260306231884,4,4,4_4
ABHD17A,0.9568375000000001,0.040473985579710145,0,1,0_1
ABHD17B,1.0314472222222222,0.05746082594202899,2,1,2_1
ABHD17C,0.9826541666666667,0.040773269782608694,0,1,0_1
ABHD18,1.0113458333333332,0.03015491171497584,1,0,1_0
ABHD2,1.0640583333333333,0.06910429762077296,2,1,2_1
ABHD3,0.9756333333333335,0.05119615434782609,0,1,0_1
ABHD4,1.0102499999999999,0.04320207565217391,1,1,1_1
ABHD5,1.238940625,0.26864594297554345,4,3,4_3
ABHD6,1.216715625,0.2666023746059783,3,3,3_3
ABHD8,0.8695916666666667,0.2290789528985507,0,3,0_3
ABI1,1.262825,0.27764646169082124,4,3,4_3
ABI2,1.0177640624999997,0.051816467254302535,1,1,1_1
ABI3,1.0841625,0.0963287729710145,3,2,3_2
ABI3BP,1.4206194444444444,0.7173265570692433,4,4,4_4
ABL1,1.054825,0.07419551753623187,2,1,2_1
ABL2,1.0857597222222222,0.039623712487922694,3,1,3_1
ABLIM1,1.0082979166666666,0.029008706793478268,1,0,1_0
ABLIM2,1.0649175,0.07257389934202899,2,1,2_1
ABLIM3,1.2650125,0.4616093996376812,4,3,4_3
ABO,1.0611708333333334,0.13295746144122383,2,2,2_2
ABR,1.0232333333333334,0.06948591444444445,1,1,1_1
ABRA,1.0940458333333334,0.32302607891304347,3,3,3_3
ABRACL,1.0063041666666666,0.022192953260869567,1,0,1_0
ABT1,0.9959958333333333,0.04685149268115943,0,1,0_1
ABTB1,1.2656233333333333,0.2949732572057971,4,3,4_3
ABTB2,0.8522875000000001,0.47433876246376805,0,3,0_3
ACAA1,1.0638375,0.03538664474637681,2,0,2_0
ACAA2,1.1234555555555557,0.1115878947020934,3,2,3_2
ACACA,0.9887375,0.032221071920289855,0,0,0_0
ACACB,1.1997958333333332,0.2800065489603668,3,3,3_3
ACAD10,1.093584375,0.03844701460597826,3,1,3_1
ACAD8,0.9758666666666667,0.02376816246376812,0,0,0_0
ACAD9,1.0513729166666665,0.023493543677536234,2,0,2_0
ACADL,0.9063,0.09388215876811594,0,2,0_2
ACADM,1.0163166666666668,0.0432719004347826,1,1,1_1
ACADS,0.9954875,0.04121761963768117,0,1,0_1
ACADSB,1.0346875,0.021509244021739125,2,0,2_0
ACADVL,0.9680958333333334,0.04372056108695653,0,1,0_1
ACAN,1.676577083333333,2.6513110949456515,4,4,4_4
ACAP1,1.1115374999999998,0.1665656072866345,3,2,3_2
ACAP2,1.0504375000000001,0.01768119842995169,2,0,2_0
ACAP3,1.0317,0.03093213286231884,2,0,2_0
ACAT1,1.0926930555555556,0.09929660297101449,3,2,3_2
ACAT2,0.9733124999999999,0.017502958913043477,0,0,0_0
ACBD3,0.9766666666666667,0.03571872242753623,0,0,0_0
ACBD4,0.9358291666666666,0.12116502485507245,0,2,0_2
ACBD5,1.0166666666666666,0.09073839626811593,1,2,1_2
ACBD6,0.9758791666666667,0.06947502659420289,0,1,0_1
ACCS,1.0239291666666668,0.1019033793478261,1,2,1_2
ACD,0.9560791666666666,0.05382092920289856,0,1,0_1
ACE,1.0180791666666666,0.09392909576086957,1,2,1_2
ACE2,1.2153666666666667,0.42042913583333336,3,3,3_3
ACER1,1.5991583333333335,2.1711067627536234,4,4,4_4
ACER2,1.0558291666666666,0.09596104195652173,2,2,2_2
ACER3,1.0432069444444445,0.034932254094202905,2,0,2_0
ACHE,1.5365708333333332,0.34866825319645733,4,3,4_3
ACIN1,0.9823041666666666,0.024965366159420292,0,0,0_0
ACKR1,1.258375,0.3536825711594203,4,3,4_3
ACKR2,1.602273611111111,0.7145420278663445,4,4,4_4
ACKR3,1.0678194444444444,0.24715657557165863,2,3,2_3
ACKR4,0.9343833333333333,0.08108549347826087,0,2,0_2
ACLY,0.9947916666666666,0.020144888212560386,0,0,0_0
ACMSD,1.1541791666666665,1.5360260605072462,3,4,3_4
ACO1,1.6552187500000002,3.211527295380435,4,4,4_4
ACO2,1.39044375,0.9813199687862317,4,4,4_4
ACOD1,0.9845791666666667,0.3436397832608695,0,3,0_3
ACOT1,1.0450166666666667,0.07982405231884057,2,1,2_1
ACOT11,1.2009302083333333,0.22576698556612323,3,3,3_3
ACOT12,1.1167375,0.49836845137681157,3,3,3_3
ACOT13,0.9990833333333334,0.06826673608695652,0,1,0_1
ACOT4,0.9640916666666666,0.13677825985507247,0,2,0_2
ACOT6,1.0966125,0.46543979572463773,3,3,3_3
ACOT7,1.00559375,0.12921372063405795,1,2,1_2
ACOT8,1.0744354166666668,0.1277054544021739,2,2,2_2
ACOT9,1.0183375,0.0386071806521739,1,1,1_1
ACOX1,1.1594666666666666,0.21390289963478268,3,3,3_3
ACOX2,1.0004416666666667,0.044672015652173915,0,1,0_1
ACOX3,1.021625,0.03064137351449275,1,0,1_0
ACOXL,1.7982645833333333,3.1413099167934777,4,4,4_4
ACP1,1.1316229166666667,0.07592373180253624,3,1,3_1
ACP2,1.0370625,0.02888365833333333,2,0,2_0
ACP5,1.0051083333333333,0.11147031028985507,1,2,1_2
ACP6,0.9902458333333334,0.06750243384057972,0,1,0_1
ACPP,1.0092180555555554,0.1173974265458937,1,2,1_2
ACR,1.0574916666666667,0.24295437884057974,2,3,2_3
ACRBP,1.4519597222222222,0.34666625053945255,4,3,4_3
ACRV1,1.1734381944444445,0.15178412992149753,3,2,3_2
ACSBG1,1.0793291666666667,0.17321268898550723,2,2,2_2
ACSBG2,1.1193374999999999,0.29518838311594203,3,3,3_3
ACSF2,1.121875,0.11433960739130432,3,2,3_2
ACSF3,1.0448861111111112,0.0804696551851852,2,1,2_1
ACSL1,1.0264729166666668,0.12008922936594205,1,2,1_2
ACSL3,1.027398611111111,0.025605230217391303,1,0,1_0
ACSL4,1.0649680555555554,0.14851236495169082,2,2,2_2
ACSL5,1.0107645833333334,0.07826174846014494,1,1,1_1
ACSL6,1.1061308333333333,0.15473373531884052,3,2,3_2
ACSM1,1.1398166666666667,0.21879317097826084,3,3,3_3
ACSM2A,1.5955312499999998,1.1282462464311596,4,4,4_4
ACSM2B,1.069248611111111,0.3889279529227053,2,3,2_3
ACSM3,0.9926458333333334,0.1224905464130435,0,2,0_2
ACSM5,1.620338888888889,0.8810106529629629,4,4,4_4
ACSS1,1.2493383333333332,0.18319727541449274,4,2,4_2
ACSS2,1.0404,0.02293177318840579,2,0,2_0
ACSS3,1.0148291666666667,0.027374509673913045,1,0,1_0
ACTA1,1.5655666666666666,1.5058577192753624,4,4,4_4
ACTA2,1.110126388888889,0.4479590789613527,3,3,3_3
ACTA2-AS1,1.2829375,0.9920837097826086,4,4,4_4
ACTB,1.0709520833333332,0.03368205013083737,2,0,2_0
ACTC1,2.7184458333333335,27.27629912978261,4,4,4_4
ACTG1,0.9859356481481482,0.029213052661477903,0,0,0_0
ACTG2,1.3891395833333335,0.7412943513586956,4,4,4_4
ACTL10,1.0062583333333333,0.23229873942028992,1,3,1_3
ACTL6A,1.0317,0.05055171289855074,2,1,2_1
ACTL6B,1.4339250000000001,0.5183207093840579,4,3,4_3
ACTL7A,2.1694666666666667,6.525701129565217,4,4,4_4
ACTL7B,2.4521374999999996,5.861721444855072,4,4,4_4
ACTL8,1.7045166666666667,3.2644944036231878,4,4,4_4
ACTL9,1.0728083333333334,0.9679148813043479,2,4,2_4
ACTN1,1.03980625,0.06368871825181159,2,1,2_1
ACTN2,1.4312083333333334,0.6099674183967391,4,4,4_4
ACTN3,1.1887916666666667,0.5783115317391304,3,4,3_4
ACTN4,1.0322666666666667,0.0280105884057971,2,0,2_0
ACTR10,1.0132625,0.007284608333333331,1,0,1_0
ACTR1A,0.9999687499999999,0.02187982838768116,0,0,0_0
ACTR1B,0.9520125,0.026949922826086953,0,0,0_0
ACTR2,1.0168857142857142,0.05362816489795917,1,1,1_1
ACTR3,1.0120366666666667,0.01001761892173913,1,0,1_0
ACTR3B,1.0133041666666667,0.02225872833333334,1,0,1_0
ACTR3C,1.0280916666666666,0.08749578855072464,1,2,1_2
ACTR5,0.9792312499999999,0.030961654257246375,0,0,0_0
ACTR6,1.0233854166666665,0.0919129410326087,1,2,1_2
ACTR8,1.0081125,0.03228489960144927,1,0,1_0
ACTRT2,1.0385458333333333,0.687706432826087,2,4,2_4
ACTRT3,1.0082458333333333,0.0987258158695652,1,2,1_2
ACVR1,1.0189625,0.03606556456521738,1,0,1_0
ACVR1B,1.10838125,0.15089148795289856,3,2,3_2
ACVR1C,1.06944375,0.2068216220471015,2,3,2_3
ACVR2A,1.016425,0.017054991666666665,1,0,1_0
ACVR2B,1.0327319444444445,0.1426650124879227,2,2,2_2
ACVR2B-AS1,1.1274416666666667,0.17785206797101447,3,2,3_2
ACVRL1,1.11608125,0.18854081704710146,3,2,3_2
ACY1,1.3650416666666665,2.073777370434783,4,4,4_4
ACY3,1.072525,0.3231418011231884,2,3,2_3
ACYP1,1.0222749999999998,0.0363211979710145,1,1,1_1
ADA,1.1011583333333335,0.14899521735507246,3,2,3_2
ADAD1,1.2480854166666666,0.9440981782065216,4,4,4_4
ADAD2,1.0930458333333333,0.8828846464492753,3,4,3_4
ADAL,1.0065902777777778,0.038482362938808364,1,1,1_1
ADAM10,1.0119111111111112,0.01884226181964574,1,0,1_0
ADAM11,1.62995,0.9116850596376811,4,4,4_4
ADAM12,1.3431008333333334,0.41872634058260866,4,3,4_3
ADAM15,1.2668916666666667,0.6278484602536232,4,4,4_4
ADAM17,1.016234722222222,0.048740624613526566,1,1,1_1
ADAM18,1.1216854166666668,1.115870126503623,3,4,3_4
ADAM19,1.2659645833333333,0.23847082766304348,4,3,4_3
ADAM2,1.180125,1.8320349402898548,3,4,3_4
ADAM20,1.1106729166666665,0.30088568726449266,3,3,3_3
ADAM21,1.0412791666666668,0.235226024094203,2,3,2_3
ADAM22,1.2309354166666668,0.12765709601222824,3,2,3_2
ADAM23,1.0222302083333332,0.11660430471467394,1,2,1_2
ADAM28,1.1258947916666668,0.15964093036684784,3,2,3_2
ADAM30,1.5558750000000001,0.8308529323550724,4,4,4_4
ADAM32,1.1165458333333333,0.26574555688405793,3,3,3_3
ADAM33,1.1313875,0.08702870054347825,3,2,3_2
ADAM7,1.767363888888889,1.1303849089049918,4,4,4_4
ADAM8,1.0770104166666667,0.06434135451086956,2,1,2_1
ADAM9,1.059798611111111,0.04286824058776167,2,1,2_1
ADAMDEC1,2.8544625000000003,9.151303546159422,4,4,4_4
ADAMTS1,1.5937812500000001,1.606826758460145,4,4,4_4
ADAMTS10,1.0374270833333332,0.18366402541666668,2,2,2_2
ADAMTS12,1.213025,0.40889488097826077,3,3,3_3
ADAMTS13,1.0684979166666666,0.15445632067028986,2,2,2_2
ADAMTS14,1.0171,0.09006305434782612,1,2,1_2
ADAMTS15,1.5298458333333336,0.9269791234782607,4,4,4_4
ADAMTS16,0.9392458333333332,0.31450393702898544,0,3,0_3
ADAMTS17,1.0344499999999999,0.0554608205152979,2,1,2_1
ADAMTS18,1.0732208333333333,0.2552816081521739,2,3,2_3
ADAMTS19,1.3524895833333332,0.5165349195833331,4,3,4_3
ADAMTS2,1.3698027777777775,0.6057771250724637,4,4,4_4
ADAMTS20,0.9900208333333333,0.11696560967391306,0,2,0_2
ADAMTS3,1.1248083333333334,0.2296882652173913,3,3,3_3
ADAMTS4,1.01265,0.4043685589855072,1,3,1_3
ADAMTS5,1.2332052083333334,0.26241388509510866,3,3,3_3
ADAMTS6,1.3997611111111112,0.7023168071980678,4,4,4_4
ADAMTS7,1.5385986111111112,0.9930863221497583,4,4,4_4
ADAMTS8,1.0187694444444444,0.17079358417069243,1,2,1_2
ADAMTS9,1.3869020833333332,0.4943843010778987,4,3,4_3
ADAMTS9-AS1,1.3113395833333332,0.7278612333152175,4,4,4_4
ADAMTS9-AS2,1.0112758333333334,0.1422935339101449,1,2,1_2
ADAMTSL1,1.193451388888889,0.286913342379227,3,3,3_3
ADAMTSL2,2.116420833333333,6.346097771956521,4,4,4_4
ADAMTSL3,1.5377583333333333,0.7595916388768116,4,4,4_4
ADAMTSL4,1.1868166666666669,0.2165722895289855,3,3,3_3
ADAMTSL5,1.7157833333333334,2.4814161940579713,4,4,4_4
ADAP1,1.04666875,0.18764604284420291,2,2,2_2
ADAP2,1.9622624999999998,2.9426580636594197,4,4,4_4
ADAR,0.9936833333333333,0.012871217391304354,0,0,0_0
ADARB1,1.2482841666666669,0.21941049028115944,4,3,4_3
ADARB2,1.2103520833333334,0.6501344454528987,3,4,3_4
ADARB2-AS1,0.9978791666666668,0.3273309393478261,0,3,0_3
ADAT1,1.0123,0.08689052246376812,1,2,1_2
ADAT2,0.9856708333333333,0.04054678666666667,0,1,0_1
ADAT3,1.0125624999999998,0.033308156803542675,1,0,1_0
ADCK1,1.0114541666666668,0.024187798043478256,1,0,1_0
ADCK2,0.99109375,0.01661964865942029,0,0,0_0
ADCK5,1.0192208333333332,0.100288015,1,2,1_2
ADCY1,1.484708333333333,0.5025281596811595,4,3,4_3
ADCY10,1.6127333333333336,1.3346685289130438,4,4,4_4
ADCY2,1.2531291666666668,0.429715245,4,3,4_3
ADCY3,1.3742249999999998,0.30478530282608707,4,3,4_3
ADCY4,1.2416416666666668,0.4388167514492754,4,3,4_3
ADCY5,1.3223104166666666,0.9341388741847827,4,4,4_4
ADCY6,1.040825,0.03532643376811594,2,0,2_0
ADCY7,1.9513625,3.1274076435507254,4,4,4_4
ADCY8,1.8403291666666668,4.086552751521739,4,4,4_4
ADCY9,1.0335652777777777,0.055333299734299506,2,1,2_1
ADCYAP1,3.2036812500000003,20.32877342958334,4,4,4_4
ADCYAP1R1,1.0763458333333333,0.33554261597826085,2,3,2_3
ADD1,1.4255125,0.5528291672282607,4,4,4_4
ADD2,1.4530923611111113,0.2960157487016908,4,3,4_3
ADD3,1.020996875,0.022233986499094204,1,0,1_0
ADGB,1.0991833333333334,0.31277517086956513,3,3,3_3
ADGRA1,2.0533208333333337,3.813646614710145,4,4,4_4
ADGRA2,1.0777666666666665,0.12682361264492756,2,2,2_2
ADGRA3,1.0706166666666668,0.11193138958132047,2,2,2_2
ADGRB1,0.9504041666666666,0.32836986586956524,0,3,0_3
ADGRB2,1.0585625,0.4058627625362319,2,3,2_3
ADGRB3,1.00319375,0.05932886164855073,1,1,1_1
ADGRD1,1.1763208333333335,0.572341070652174,3,4,3_4
ADGRD2,0.9676458333333334,0.27032499384057973,0,3,0_3
ADGRE1,1.8357124999999999,1.7388556831159419,4,4,4_4
ADGRE2,1.3384958333333337,0.7363059485144928,4,4,4_4
ADGRE3,1.3528916666666666,0.34408905231884057,4,3,4_3
ADGRE5,1.0245041666666665,0.1319949948550725,1,2,1_2
ADGRF1,1.1293572916666665,0.5510297903668477,3,4,3_4
ADGRF2,3.2320041666666666,9.954414126014493,4,4,4_4
ADGRF3,1.0627520833333335,0.25235795762681157,2,3,2_3
ADGRF4,1.6677312499999999,2.1307360915760873,4,4,4_4
ADGRF5,1.211275,0.2931022134782609,3,3,3_3
ADGRG1,1.0111062499999999,0.05493937360507246,1,1,1_1
ADGRG2,0.8912041666666667,0.11413965586956523,0,2,0_2
ADGRG3,1.5673104166666667,1.1559626673369563,4,4,4_4
ADGRG4,1.2654041666666667,4.853442460797103,4,4,4_4
ADGRG5,1.1100604166666665,0.19516648346014492,3,3,3_3
ADGRG6,0.9682194444444443,0.07844579096618359,0,1,0_1
ADGRG7,1.3830791666666666,1.2427212716666667,4,4,4_4
ADGRL1,1.0229180555555555,0.011851949734299516,1,0,1_0
ADGRL2,1.0325354166666667,0.1321972367572464,2,2,2_2
ADGRL3,1.1580791666666668,0.39595536850543483,3,3,3_3
ADGRL4,1.3020583333333333,0.2346329485507246,4,3,4_3
ADGRV1,1.0986916666666666,0.11149024793043481,3,2,3_2
ADH1A,0.9474416666666667,0.18665456927536234,0,2,0_2
ADH1B,1.1400520833333332,0.2894691829619565,3,3,3_3
ADH1C,1.1604124999999998,0.25747183355072467,3,3,3_3
ADH4,1.2404010416666666,0.21942715283967387,4,3,4_3
ADH5,1.0339124999999998,0.032374295253623196,2,0,2_0
ADH6,1.2142395833333335,0.69941534067029,3,4,3_4
ADH7,1.1175666666666666,0.6189449923188406,3,4,3_4
ADHFE1,1.0360958333333332,0.05792541934782609,2,1,2_1
ADI1,1.013211111111111,0.01819130987117552,1,0,1_0
ADIG,0.9373208333333333,0.1296208085869565,0,2,0_2
ADIPOQ,2.1542583333333334,7.455466054637683,4,4,4_4
ADIPOR1,1.01875,0.039639399855072456,1,1,1_1
ADIPOR2,1.0355083333333333,0.030587359565217385,2,0,2_0
ADIRF,1.2469583333333334,0.4046245273913044,4,3,4_3
ADK,1.0541520833333333,0.037228322626811604,2,1,2_1
ADM,1.2872541666666668,0.37933718847826087,4,3,4_3
ADM2,1.3561291666666666,1.0262506299275365,4,4,4_4
ADM5,0.9678999999999999,0.32919365000000006,0,3,0_3
ADNP,1.0199479166666667,0.0106626135326087,1,0,1_0
ADNP2,1.0352041666666667,0.030919553043478255,2,0,2_0
ADO,0.9884812500000001,0.008525310923913041,0,0,0_0
ADORA1,1.02438125,0.17339547041666667,1,2,1_2
ADORA2A-AS1,1.5641187499999998,1.5228926531340576,4,4,4_4
ADORA2B,1.0395458333333334,0.20416579557971015,2,3,2_3
ADORA3,1.4965625000000002,1.8656227040217395,4,4,4_4
ADPGK,1.0450833333333334,0.02255347913043478,2,0,2_0
ADPRH,1.057376388888889,0.14601611031400963,2,2,2_2
ADPRHL1,1.0982,0.15914596148550725,3,2,3_2
ADPRHL2,1.0510916666666665,0.09990977521739132,2,2,2_2
ADPRM,1.0226916666666666,0.029978722065217397,1,0,1_0
ADRA1A,1.4913524999999999,1.1108361225072463,4,4,4_4
ADRA1B,2.3705166666666666,7.785756936956522,4,4,4_4
ADRA1D,1.59526875,1.3048687361775362,4,4,4_4
ADRA2A,1.1187583333333333,0.20012564681159417,3,3,3_3
ADRA2B,1.4537125,0.746445288768116,4,4,4_4
ADRA2C,1.0831958333333334,0.19999653021739128,3,3,3_3
ADRB1,1.1275763888888888,0.4743766000885669,3,3,3_3
ADRB2,1.0455458333333334,0.10278855166666666,2,2,2_2
ADRB3,1.9705020833333335,2.0264613201992754,4,4,4_4
ADRM1,1.0414583333333334,0.06296851173913044,2,1,2_1
ADSL,0.9894041666666666,0.03319150427536232,0,0,0_0
ADSS,1.007925,0.033168650760869556,1,0,1_0
ADSSL1,1.0858375,0.16801487228260867,3,2,3_2
ADTRP,1.0853291666666667,0.15240377253623186,3,2,3_2
AEBP1,1.1200916666666665,0.19770036652173917,3,3,3_3
AEBP2,1.03050625,0.048102817192028996,2,1,2_1
AEN,1.0430166666666667,0.05169058753623188,2,1,2_1
AES,0.9845375000000001,0.045554431086956504,0,1,0_1
AFAP1,1.0211041666666667,0.037029081086956524,1,1,1_1
AFAP1-AS1,1.5891979166666665,1.5878377016485505,4,4,4_4
AFAP1L1,1.0162208333333334,0.07492063452898551,1,1,1_1
AFAP1L2,1.0397583333333333,0.06699313449275363,2,1,2_1
AFDN,1.0825940476190477,0.07488636108251996,3,1,3_1
AFF1,1.0431180555555555,0.06765142396940418,2,1,2_1
AFF2,1.2362416666666667,0.3772916270531401,3,3,3_3
AFF3,1.1018486111111112,0.20790175826892107,3,3,3_3
AFF4,1.1460890625,0.09974250826653079,3,2,3_2
AFG3L2,0.9751666666666668,0.01599612458937198,0,0,0_0
AFM,1.4035291666666667,1.8083870109420288,4,4,4_4
AFMID,1.1029333333333333,0.1780412852173913,3,2,3_2
AFP,1.0099916666666668,0.5241925905797101,1,3,1_3
AFTPH,1.0338541666666667,0.008109587500000003,2,0,2_0
AGA,1.0948222222222224,0.05110902103059582,3,1,3_1
AGAP1,1.0357486111111112,0.045162237705314,2,1,2_1
AGAP2,1.0251180555555557,0.0898692477858293,1,2,1_2
AGAP2-AS1,1.6842958333333333,2.355522071666666,4,4,4_4
AGAP3,0.9708347222222221,0.10247024530595814,0,2,0_2
AGAP4,1.0849041666666668,0.3868333857246377,3,3,3_3
AGAP6,1.0184354166666667,0.0515912291847826,1,1,1_1
AGAP9,1.0499562500000001,0.14033748552536232,2,2,2_2
AGBL1,1.1191666666666666,0.6223467834782609,3,4,3_4
AGBL2,0.986525,0.25839700739130433,0,3,0_3
AGBL3,1.0665236111111112,0.055520237512077304,2,1,2_1
AGBL4,1.2235958333333332,0.9322974838405796,3,4,3_4
AGBL5,1.0244513888888889,0.029959195048309177,1,0,1_0
AGER,1.17705625,0.4245329753442029,3,3,3_3
AGFG1,1.0152175,0.03280072592753624,1,0,1_0
AGFG2,1.2049756944444445,0.26813218986111115,3,3,3_3
AGGF1,1.0124177083333334,0.016567238636775363,1,0,1_0
AGK,1.0399416666666668,0.055341848582930765,2,1,2_1
AGL,1.0222208333333334,0.021332171086956522,1,0,1_0
AGMAT,1.0288472222222222,0.05521070834138487,1,1,1_1
AGO1,1.155407291666667,0.06363307147192031,3,1,3_1
AGO2,1.1013791666666666,0.12731578688405798,3,2,3_2
AGO3,0.9970500000000001,0.01454000855072464,0,0,0_0
AGO4,1.0180864583333333,0.058617438319746376,1,1,1_1
AGPAT1,0.9886125,0.04902427170289854,0,1,0_1
AGPAT2,1.0206104166666667,0.034382732518115945,1,0,1_0
AGPAT3,1.1426069444444444,0.1558415397141707,3,2,3_2
AGPAT4,0.9853437499999999,0.05202605675724637,0,1,0_1
AGPAT5,1.0071541666666668,0.03336682460144928,1,0,1_0
AGPS,1.0193895833333333,0.01446580529891304,1,0,1_0
AGR2,1.0088,0.0872764629347826,1,2,1_2
AGR3,1.1294041666666665,0.29439183934782615,3,3,3_3
AGRN,1.2766989583333332,0.34344233480525366,4,3,4_3
AGRP,2.4311416666666665,5.00570120710145,4,4,4_4
AGT,1.4513375,0.6684383636956521,4,4,4_4
AGTPBP1,1.0179895833333332,0.03167399179347826,1,0,1_0
AGTR1,1.0792020833333333,0.38968573972826087,2,3,2_3
AGTR2,1.203486111111111,0.23698919489533013,3,3,3_3
AGTRAP,0.9845375000000001,0.051932903792270536,0,1,0_1
AGXT,1.7407763888888887,0.6592304906360709,4,4,4_4
AGXT2,1.7791875,2.354230045,4,4,4_4
AHCTF1,1.0122708333333332,0.02053626655797101,1,0,1_0
AHCY,1.0278958333333332,0.02522816572463768,1,0,1_0
AHCYL1,1.0363218749999998,0.07263989767663047,2,1,2_1
AHCYL2,1.0743104166666668,0.06867369157608695,2,1,2_1
AHDC1,1.030113888888889,0.07716856666666667,1,1,1_1
AHI1,1.0488583333333334,0.06833283269565217,2,1,2_1
AHNAK,1.0713433333333333,0.07756673796521739,2,1,2_1
AHNAK2,1.2032895833333332,0.27194701422101447,3,3,3_3
AHR,1.0597416666666666,0.04981293318840581,2,1,2_1
AHRR,1.1969041666666669,0.8305967654347827,3,4,3_4
AHSA1,0.9920374999999999,0.030280362391304345,0,0,0_0
AHSG,1.5256229166666666,2.3701875436413045,4,4,4_4
AHSP,1.8841583333333334,3.324315723913044,4,4,4_4
AICDA,1.9619833333333332,2.882287428550725,4,4,4_4
AIDA,1.0103604166666666,0.014995354112318844,1,0,1_0
AIF1,2.0761729166666667,1.7489987274365946,4,4,4_4
AIF1L,0.9736291666666667,0.1319235304710145,0,2,0_2
AIFM1,1.0001125,0.021227781376811593,0,0,0_0
AIFM2,0.9897520833333333,0.06662018914855071,0,1,0_1
AIFM3,0.9100291666666666,0.13383022514492754,0,2,0_2
AIG1,1.0172291666666666,0.05795067623993559,1,1,1_1
AIM2,1.2171125,0.39641153833333337,3,3,3_3
AIMP1,0.9986722222222223,0.009293403172302737,0,0,0_0
AIMP2,1.0138666666666667,0.02367957650563606,1,0,1_0
AIP,1.0492249999999999,0.14088431416666664,2,2,2_2
AIPL1,1.4976958333333332,1.482485751195652,4,4,4_4
AIRE,1.7588041666666667,1.9956153215217391,4,4,4_4
AJAP1,1.6331895833333334,1.2662949304076085,4,4,4_4
AJUBA,1.153078125,0.18750823025815214,3,2,3_2
AK1,1.0085041666666668,0.04965873079710146,1,1,1_1
AK2,1.0238527777777777,0.05004171977455717,1,1,1_1
AK3,0.9985791666666666,0.019456752572463768,0,0,0_0
AK5,1.2666479166666667,0.4366178766123188,4,3,4_3
AK6,1.0185458333333333,0.008072549710144924,1,0,1_0
AK7,1.3036979166666667,0.24153489511775364,4,3,4_3
AK8,1.1329979166666666,0.2747520284963768,3,3,3_3
AK9,1.0469333333333335,0.12504140104669886,2,2,2_2
AKAIN1,1.0461250000000002,1.1512464986956519,2,4,2_4
AKAP1,1.02551875,0.10074361211050725,1,2,1_2
AKAP10,1.0112739583333334,0.03227941999547101,1,0,1_0
AKAP11,0.9632312500000001,0.022119472844202893,0,0,0_0
AKAP12,1.0840175,0.1746676879507247,3,2,3_2
AKAP13,1.099128409090909,0.07226539555815066,3,1,3_1
AKAP14,1.0586333333333333,0.2573880125120773,2,3,2_3
AKAP17A,0.9983722222222221,0.04594359334943639,0,1,0_1
AKAP3,0.9708208333333334,0.18892752789855077,0,2,0_2
AKAP4,0.8940208333333333,0.2701725025362318,0,3,0_3
AKAP5,1.2244166666666667,0.4344518794927536,3,3,3_3
AKAP6,1.7947374999999999,1.5029048730072463,4,4,4_4
AKAP7,0.967311111111111,0.08021305431561995,0,1,0_1
AKAP8,1.0424145833333334,0.023011674257246376,2,0,2_0
AKAP8L,1.0611241666666666,0.10716952530144926,2,2,2_2
AKAP9,1.0651861111111112,0.09796485811594204,2,2,2_2
AKIP1,1.0299958333333332,0.02084237739130435,1,0,1_0
AKIRIN1,1.0678652777777777,0.04870952582125603,2,1,2_1
AKIRIN2,0.990459375,0.041605721508152185,0,1,0_1
AKNA,1.053825,0.08836092836956523,2,2,2_2
AKNAD1,1.6265361111111112,1.083101395925926,4,4,4_4
AKR1A1,1.0359416666666668,0.1585224275724638,2,2,2_2
AKR1B1,1.135775,0.2090168772463768,3,3,3_3
AKR1B10,1.380325,1.1991781563768118,4,4,4_4
AKR1C1,1.0926883333333335,0.23777323019710148,3,3,3_3
AKR1C3,1.1186708333333333,0.11947302934782607,3,2,3_2
AKR1C4,2.4434833333333335,9.225557253478263,4,4,4_4
AKR1D1,1.7360041666666668,3.1017520668840577,4,4,4_4
AKR1E2,1.1050861111111112,0.5351975957004832,3,4,3_4
AKR7A2,0.9942583333333334,0.027911516847826074,0,0,0_0
AKR7A3,1.03713125,0.07130444494565218,2,1,2_1
AKT1,1.0137833333333333,0.05179638449275361,1,1,1_1
AKT1S1,0.9759041666666667,0.10780635902173913,0,2,0_2
AKT2,1.3396309523809524,0.13694429678497486,4,2,4_2
AKT3,1.3575583333333334,0.20797312367642706,4,3,4_3
AKTIP,1.01340625,0.020137009039855075,1,0,1_0
ALAD,1.0566875,0.10338666967391305,2,2,2_2
ALAS1,1.0198333333333334,0.03133947927536233,1,0,1_0
ALAS2,1.3628520833333333,0.6276899990760871,4,4,4_4
ALB,1.0325916666666668,0.10662983790760869,2,2,2_2
ALCAM,1.0137986111111112,0.03693531061996779,1,1,1_1
ALDH16A1,1.1372125,0.127212295,3,2,3_2
ALDH18A1,0.9764958333333335,0.062000160471014504,0,1,0_1
ALDH1A1,0.9828666666666667,0.022177580144927544,0,0,0_0
ALDH1A2,1.0826208333333334,0.19237059702898554,3,3,3_3
ALDH1A3,1.1697729166666668,0.36218624280797107,3,3,3_3
ALDH1B1,1.055,0.07064171210144927,2,1,2_1
ALDH1L1,0.9455958333333334,0.07716740692028985,0,1,0_1
ALDH1L1-AS2,1.5210916666666667,1.5132891528985504,4,4,4_4
ALDH1L2,0.9523125000000001,0.1264298206521739,0,2,0_2
ALDH2,1.010675,0.020008611159420285,1,0,1_0
ALDH3A1,1.2192874999999999,0.5296980557246377,3,3,3_3
ALDH3A2,1.017863888888889,0.05685059059581318,1,1,1_1
ALDH3B1,1.2266847222222221,0.23945885359903385,3,3,3_3
ALDH3B2,1.22963125,0.3539370456340579,3,3,3_3
ALDH4A1,1.0022624999999998,0.05646413322463767,1,1,1_1
ALDH5A1,1.0329479166666669,0.05961989081521741,2,1,2_1
ALDH6A1,1.0437283333333334,0.026679965907246382,2,0,2_0
ALDH7A1,1.0134805555555555,0.03291920144927536,1,0,1_0
ALDH8A1,1.0991583333333335,0.31845850492753625,3,3,3_3
ALDH9A1,0.9649458333333335,0.01881839673913043,0,0,0_0
ALDOA,1.0276972222222223,0.01068102407407407,1,0,1_0
ALDOB,1.4809120370370368,0.25114881756128105,4,3,4_3
ALDOC,1.0030458333333334,0.04040654934782609,1,1,1_1
ALG1,0.996425,0.09384397637681162,0,2,0_2
ALG10,1.0401083333333334,0.02812916507246377,2,0,2_0
ALG10B,0.9880819444444443,0.044534954533011255,0,1,0_1
ALG11,1.0088020833333333,0.025177528677536237,1,0,1_0
ALG12,1.0460041666666668,0.07125460891304349,2,1,2_1
ALG13,1.0373333333333332,0.022732436684057965,2,0,2_0
ALG14,1.0577375,0.068514585942029,2,1,2_1
ALG2,1.0130125,0.021129956702898554,1,0,1_0
ALG3,0.9471875000000001,0.05223190224637681,0,1,0_1
ALG5,1.028548611111111,0.0915023209903382,1,2,1_2
ALG6,1.0247083333333333,0.04341519782608696,1,1,1_1
ALG8,1.0136375,0.01297298905797102,1,0,1_0
ALG9,1.0210291666666667,0.020557950615942025,1,0,1_0
ALK,1.0650875,0.22176821413043482,2,3,2_3
ALKBH1,0.9713416666666669,0.045788244239130436,0,1,0_1
ALKBH2,0.9604708333333334,0.05198614195652174,0,1,0_1
ALKBH3,1.0497833333333333,0.04944936304347825,2,1,2_1
ALKBH3-AS1,1.7591291666666666,1.1619882395289856,4,4,4_4
ALKBH4,0.8997333333333333,0.14517613492753623,0,2,0_2
ALKBH5,1.0160208333333334,0.0535031552415459,1,1,1_1
ALKBH6,1.0050291666666666,0.037851837028985515,1,1,1_1
ALKBH7,1.0204177083333335,0.0683116750951087,1,1,1_1
ALKBH8,0.9625041666666667,0.03473813789855073,0,0,0_0
ALLC,1.2147333333333332,0.8603448276811593,3,4,3_4
ALMS1,1.0276930555555557,0.028076888429951687,1,0,1_0
ALOX12,1.0939875000000001,0.34276445384057974,3,3,3_3
ALOX12-AS1,0.9929104166666667,0.02922270346014493,0,0,0_0
ALOX12B,1.3536583333333334,1.655271986521739,4,4,4_4
ALOX15,1.3575333333333333,0.6253107404347826,4,4,4_4
ALOX15B,1.6635333333333335,2.0273755127173914,4,4,4_4
ALOX5,1.13240625,0.1323372857427536,3,2,3_2
ALOX5AP,1.2268125,0.21585231615942027,3,3,3_3
ALOXE3,1.46914375,0.6337014080615941,4,4,4_4
ALPI,0.9978583333333333,0.442882204057971,0,3,0_3
ALPK1,1.037003125,0.1092602211548913,2,2,2_2
ALPK2,1.5882499999999997,1.1085797444202898,4,4,4_4
ALPK3,1.0401395833333333,0.1642271944021739,2,2,2_2
ALPL,1.3355395833333332,0.7686192267210145,4,4,4_4
ALPP,1.1692166666666666,0.6304891076811593,3,4,3_4
ALS2,1.1277158333333333,0.18577162372463765,3,2,3_2
ALS2CL,0.9742097222222222,0.03410865915458936,0,0,0_0
ALS2CR12,1.0873833333333334,0.20236375597826087,3,3,3_3
ALX1,1.011175,0.3826104962318841,1,3,1_3
ALX3,1.2111374999999998,0.6491298803623188,3,4,3_4
ALX4,2.4201833333333336,3.930450232463769,4,4,4_4
ALYREF,1.1075645833333334,0.1696032890398551,3,2,3_2
AMACR,1.0098875,0.0738810650805153,1,1,1_1
AMBN,0.9502041666666668,0.136170305,0,2,0_2
AMBP,1.5189083333333333,1.040573310978261,4,4,4_4
AMBRA1,1.0317358333333333,0.07702978825217388,2,1,2_1
AMD1,1.0380708333333335,0.03112250329710145,2,0,2_0
AMDHD1,1.0932125,0.10471480224637682,3,2,3_2
AMELX,2.2493041666666667,5.9733937432608695,4,4,4_4
AMELY,1.3654916666666665,2.0132784679710145,4,4,4_4
AMER1,0.98895,0.05770244304347827,0,1,0_1
AMER2,1.1433027777777778,0.8384580911111111,3,4,3_4
AMER3,1.0430680555555556,0.14799408218196458,2,2,2_2
AMFR,1.2272895833333333,0.2276665148731884,3,3,3_3
AMHR2,1.7782541666666667,3.2246782242753627,4,4,4_4
AMIGO1,1.0088333333333332,0.07363764623188407,1,1,1_1
AMIGO2,1.0875333333333332,0.11951360536231884,3,2,3_2
AMIGO3,1.3326708333333332,0.7452710137278582,4,4,4_4
AMMECR1,1.2046760416666666,0.307288116589674,3,3,3_3
AMMECR1L,1.0327291666666667,0.01741072804347826,2,0,2_0
AMN,0.8977972222222222,0.08790742605475041,0,2,0_2
AMN1,1.0459458333333334,0.03713254586956523,2,1,2_1
AMOT,1.0501250000000002,0.13478253420289854,2,2,2_2
AMOTL1,1.0311875,0.05672399830615943,2,1,2_1
AMOTL2,1.0682083333333334,0.10972175869565222,2,2,2_2
AMPD1,1.1782958333333333,0.2978212735507247,3,3,3_3
AMPD2,1.0708625,0.1859175009420289,2,2,2_2
AMPD3,0.9416458333333333,0.02764607079710145,0,0,0_0
AMPH,1.2191291666666668,0.19816748528985506,3,3,3_3
AMT,1.1466375,0.13570035717391304,3,2,3_2
AMZ1,1.1283270833333334,0.2813630981702898,3,3,3_3
AMZ2,1.0111375,0.015417118043478258,1,0,1_0
ANAPC10,1.0390083333333333,0.01681564402173913,2,0,2_0
ANAPC11,1.51106875,1.0665712366847824,4,4,4_4
ANAPC13,1.0840895833333333,0.14732685994565226,3,2,3_2
ANAPC15,1.0537541666666665,0.06580924210144928,2,1,2_1
ANAPC16,1.0380375,0.015050885969202904,2,0,2_0
ANAPC2,1.0425958333333334,0.016287108478260873,2,0,2_0
ANAPC4,1.0113458333333334,0.018189613876811592,1,0,1_0
ANAPC5,1.006138888888889,0.01673679950483092,1,0,1_0
ANAPC7,1.0012645833333333,0.007775877119565217,1,0,1_0
ANG,0.9497708333333333,0.12097577934782607,0,2,0_2
ANGEL1,1.092175,0.5802352674235107,3,4,3_4
ANGEL2,0.9798263888888888,0.011000096449275364,0,0,0_0
ANGPT1,1.0595125,0.12009857775362316,2,2,2_2
ANGPT2,1.1166802083333334,0.1711964320606884,3,2,3_2
ANGPT4,0.6862833333333332,0.8198744424637681,0,4,0_4
ANGPTL1,0.9786319444444445,0.06999463285829308,0,1,0_1
ANGPTL2,1.0245861111111112,0.16283797280193238,1,2,1_2
ANGPTL3,1.3696847222222222,0.7080173262560387,4,4,4_4
ANGPTL4,1.7252083333333335,0.8447365308333332,4,4,4_4
ANGPTL6,1.0726875,0.30738616586956524,2,3,2_3
ANGPTL7,1.1687416666666666,0.397435910289855,3,3,3_3
ANGPTL8,2.0966375,5.460299567028986,4,4,4_4
ANHX,1.4473875000000003,1.0935196741666666,4,4,4_4
ANK1,1.1085934523809524,0.10162099653504883,3,2,3_2
ANK2,1.4592677083333332,0.5105499016802536,4,3,4_3
ANK3,0.9866741666666666,0.023761662866666672,0,0,0_0
ANKAR,1.2829125,0.45843420485507247,4,3,4_3
ANKDD1A,1.1068104166666666,0.16034372447463766,3,2,3_2
ANKEF1,1.0234625,0.04263651126811594,1,1,1_1
ANKFN1,1.0507097222222221,0.2703410005233494,2,3,2_3
ANKFY1,1.0984166666666668,0.17009412124094206,3,2,3_2
ANKH,1.0108851190476191,0.04716065226116534,1,1,1_1
ANKHD1,1.0724541666666667,0.03127516833333334,2,0,2_0
ANKHD1-EIF4EBP3,1.0298775,0.015956973660869556,1,0,1_0
ANKIB1,1.01835,0.015237105523349434,1,0,1_0
ANKLE1,0.9242208333333334,0.30524880920289854,0,3,0_3
ANKLE2,1.0159,0.05756216961352657,1,1,1_1
ANKMY1,1.1200166666666667,0.19367546256038645,3,3,3_3
ANKMY2,1.0067875,0.01985073702898551,1,0,1_0
ANKRA2,1.057625,0.03275215434782609,2,0,2_0
ANKRD1,0.9527416666666667,0.7925072785507246,0,4,0_4
ANKRD10,1.0078739583333334,0.01805431693387681,1,0,1_0
ANKRD11,1.004620138888889,0.016770490122785826,1,0,1_0
ANKRD12,1.014628125,0.013967169723731887,1,0,1_0
ANKRD13A,1.2276354166666668,0.2838771375543478,3,3,3_3
ANKRD13B,1.0238166666666666,0.056885067246376805,1,1,1_1
ANKRD13C,1.0069958333333333,0.009497329718840583,1,0,1_0
ANKRD13D,1.0212319444444444,0.06817590417874397,1,1,1_1
ANKRD16,0.9701354166666666,0.03893913201086957,0,1,0_1
ANKRD17,0.9806375000000002,0.008166817789855077,0,0,0_0
ANKRD18A,1.046836111111111,0.12892601318840577,2,2,2_2
ANKRD18B,1.081875,0.43894686304347813,3,3,3_3
ANKRD2,1.260175,1.4499624982608699,4,4,4_4
ANKRD20A4,1.4075416666666667,1.3679176056521738,4,4,4_4
ANKRD22,1.3755166666666667,1.0141452044927532,4,4,4_4
ANKRD23,1.070551388888889,0.1348253144041868,2,2,2_2
ANKRD24,1.5536569444444446,1.091191111457327,4,4,4_4
ANKRD26,1.0104333333333333,0.07069347452898551,1,1,1_1
ANKRD27,1.0177833333333333,0.011261592608695655,1,0,1_0
ANKRD28,1.0146781249999999,0.044481416924818835,1,1,1_1
ANKRD29,1.1152375,0.14605610887681159,3,2,3_2
ANKRD30A,0.8765625,0.5272745832608695,0,3,0_3
ANKRD30B,1.8862750000000001,3.0269648715217388,4,4,4_4
ANKRD31,1.0192166666666667,0.6285207439130434,1,4,1_4
ANKRD33,1.2323041666666665,0.8718859202173913,3,4,3_4
ANKRD33B,1.1507458333333334,0.7013403747101449,3,4,3_4
ANKRD34A,1.1138208333333333,0.2798890173188406,3,3,3_3
ANKRD34C,1.1068916666666666,0.5745967347826086,3,4,3_4
ANKRD35,0.9706624999999999,0.0522018570289855,0,1,0_1
ANKRD36,0.97595625,0.059381947989130435,0,1,0_1
ANKRD36B,0.9873250000000001,0.02204062898550725,0,0,0_0
ANKRD36C,1.0160083333333334,0.09789927608695652,1,2,1_2
ANKRD37,1.0444041666666666,0.5085471488043479,2,3,2_3
ANKRD39,0.9942208333333333,0.2308845941304348,0,3,0_3
ANKRD40,1.2192291666666666,0.24721622483896943,3,3,3_3
ANKRD42,0.9090375,0.07512686311594204,0,1,0_1
ANKRD44,1.0381641666666666,0.041837984031884046,2,1,2_1
ANKRD45,1.1791916666666666,0.3265861091304348,3,3,3_3
ANKRD46,0.9927333333333334,0.014984906521739135,0,0,0_0
ANKRD49,1.0126958333333334,0.010637607753623187,1,0,1_0
ANKRD50,1.1374694444444444,0.08634293859903379,3,2,3_2
ANKRD52,1.0089083333333333,0.03790187826086957,1,1,1_1
ANKRD53,1.1665270833333334,0.4468629167934781,3,3,3_3
ANKRD54,1.0722625,0.1939147840217391,2,3,2_3
ANKRD55,1.067025,0.2716843960869565,2,3,2_3
ANKRD6,0.9947708333333333,0.04177907518115943,0,1,0_1
ANKRD60,0.7210958333333334,0.07864243369565217,0,1,0_1
ANKRD65,1.0489833333333334,0.08929277402173913,2,2,2_2
ANKRD7,1.0112249999999998,0.3046457450724637,1,3,1_3
ANKRD9,1.1940666666666666,0.44001793971014497,3,3,3_3
ANKS1A,1.0308875,0.028376094130434786,2,0,2_0
ANKS1B,1.0925525,0.21565070842028985,3,3,3_3
ANKS3,0.925125,0.12308504855072465,0,2,0_2
ANKS4B,1.731458333333333,2.548215640869565,4,4,4_4
ANKS6,1.0223354166666665,0.0595061122463768,1,1,1_1
ANKUB1,1.1896194444444443,0.5066962833333334,3,3,3_3
ANKZF1,0.9980708333333332,0.038602638623188405,0,1,0_1
ANLN,1.3081229166666668,0.4174358996557971,4,3,4_3
ANO1,1.0147958333333333,0.14429895717391303,1,2,1_2
ANO10,1.0097583333333333,0.04758120637681159,1,1,1_1
ANO2,1.4230958333333332,0.8124340082971012,4,4,4_4
ANO3,1.1430083333333332,0.3710603105797102,3,3,3_3
ANO4,1.2750555555555556,0.5076425907729469,4,3,4_3
ANO5,0.9316125,0.1302380210869565,0,2,0_2
ANO6,0.9779520833333333,0.0936312005978261,0,2,0_2
ANO7,0.9489833333333334,0.18666663333333333,0,2,0_2
ANO8,1.0178458333333333,0.06451141326086955,1,1,1_1
ANO9,0.98755,0.031530244202898544,0,0,0_0
ANOS1,1.07944375,0.22736318077898549,2,3,2_3
ANP32A,0.9941236111111111,0.051497078140096623,0,1,0_1
ANP32B,1.01243125,0.008067267083333331,1,0,1_0
ANP32D,0.6534958333333333,0.6178230877536233,0,4,0_4
ANP32E,1.019302777777778,0.03558329644122383,1,0,1_0
ANPEP,1.4273625,0.8813816712640903,4,4,4_4
ANTXR1,1.0889006944444446,0.07947206100442834,3,1,3_1
ANTXR2,1.12201875,0.08994236619565217,3,2,3_2
ANXA1,1.3119395833333334,0.6076773428079711,4,4,4_4
ANXA10,1.1265166666666666,1.0662825981159418,3,4,3_4
ANXA11,1.01435,0.026911756876006453,1,0,1_0
ANXA13,0.9228375,0.40171844630434783,0,3,0_3
ANXA2,1.0361677083333334,0.027268804578804345,2,0,2_0
ANXA2R,1.0736416666666668,0.1316838728985507,2,2,2_2
ANXA3,0.91635,0.0607571715942029,0,1,0_1
ANXA4,1.0101541666666667,0.026832595434782607,1,0,1_0
ANXA5,0.9687875,0.02149970355072465,0,0,0_0
ANXA6,1.044975,0.11092254181159421,2,2,2_2
ANXA7,1.0004729166666666,0.006444475163043479,0,0,0_0
ANXA8L1,1.1633958333333334,0.28315950384057975,3,3,3_3
ANXA9,1.42075,0.8679995722463769,4,4,4_4
AOAH,1.1469916666666666,0.4487622102898552,3,3,3_3
AOC1,1.303683333333333,0.8119414973913044,4,4,4_4
AOC2,0.9212875,0.06826990398550725,0,1,0_1
AOC3,1.3360291666666668,0.8864803984782607,4,4,4_4
AOX1,1.2803250000000002,0.4168443877173913,4,3,4_3
AP1AR,1.034538888888889,0.0510985686151369,2,1,2_1
AP1B1,1.0329333333333333,0.027554730579710144,2,0,2_0
AP1G1,1.0194999999999999,0.00653427022544284,1,0,1_0
AP1G2,0.9701208333333332,0.03867094648550724,0,1,0_1
AP1M1,1.01223125,0.07081885762681159,1,1,1_1
AP1M2,1.0023666666666666,0.059422503586956534,1,1,1_1
AP1S1,1.0175124999999998,0.09618023092592595,1,2,1_2
AP1S2,1.102425,0.07015915823369565,3,1,3_1
AP1S3,1.0338608333333335,0.08410783654782611,2,2,2_2
AP2A1,0.997178125,0.0364392369067029,0,1,0_1
AP2A2,1.0121104166666666,0.03162336703804348,1,0,1_0
AP2B1,0.9895354166666666,0.025704108315217383,0,0,0_0
AP2M1,1.0692125,0.06413845833333334,2,1,2_1
AP2S1,1.045163888888889,0.06745324123993558,2,1,2_1
AP3B1,1.0225104166666668,0.025358508894927537,1,0,1_0
AP3B2,1.0451124999999999,0.07963842706521737,2,1,2_1
AP3D1,0.9619888888888889,0.03352871914653783,0,0,0_0
AP3M1,0.9790520833333334,0.015630620018115948,0,0,0_0
AP3M2,1.05910625,0.08263509581521739,2,2,2_2
AP3S1,1.0077875,0.013162357898550728,1,0,1_0
AP4B1,1.035986111111111,0.09934311473429949,2,2,2_2
AP4E1,1.1054166666666665,0.15364459845108697,3,2,3_2
AP4M1,0.9519916666666667,0.04651659,0,1,0_1
AP4S1,0.9911447916666667,0.019208754343297104,0,0,0_0
AP5B1,0.9756166666666667,0.17028075057971015,0,2,0_2
AP5M1,1.0102499999999999,0.013097250382608701,1,0,1_0
AP5S1,0.9674250000000001,0.05207758275362319,0,1,0_1
APAF1,1.0547319444444445,0.11263273575684381,2,2,2_2
APBA1,1.0391666666666666,0.12775963467391302,2,2,2_2
APBA2,1.0420416666666668,0.15651480010869565,2,2,2_2
APBA3,0.9622166666666666,0.027394644456521733,0,0,0_0
APBB1,1.1175916666666668,0.6467082042028985,3,4,3_4
APBB1IP,1.2443236111111111,0.3095210286876006,4,3,4_3
APBB2,1.0532547619047619,0.0705072121532091,2,1,2_1
APC,1.0114883333333333,0.01355168529275362,1,0,1_0
APC2,1.2423499999999998,0.9198431417391303,4,4,4_4
APCDD1,1.0545541666666667,0.1309628954347826,2,2,2_2
APCDD1L,1.8798666666666668,5.625755926231885,4,4,4_4
APCS,0.9674875,0.23354823673913042,0,3,0_3
APEH,0.9974249999999999,0.015164605978260866,0,0,0_0
APELA,2.0930833333333334,3.9972862286956525,4,4,4_4
APEX1,0.9802041666666667,0.017592491666666658,0,0,0_0
APEX2,0.9756562500000001,0.03405784802536231,0,0,0_0
APH1A,1.0236347222222222,0.0875562772705314,1,2,1_2
APH1B,0.9872104166666668,0.03288378668478262,0,0,0_0
API5,1.0314233333333334,0.024904432255072453,2,0,2_0
APIP,1.1959458333333333,0.16149087684782606,3,2,3_2
APLF,1.02426875,0.13986843451086955,1,2,1_2
APLN,1.4618791666666666,0.5792821935144928,4,4,4_4
APLNR,1.2697833333333335,0.48144074391304353,4,3,4_3
APLP1,0.9691458333333335,0.03319664065217391,0,0,0_0
APLP2,1.0056072916666665,0.00713966118432971,1,0,1_0
APMAP,0.998786111111111,0.025867310595813205,0,0,0_0
APOA1,1.4576111111111112,0.960302962914654,4,4,4_4
APOA2,1.22176875,0.48438782588768114,3,3,3_3
APOA4,1.4880666666666666,1.8309941123188407,4,4,4_4
APOA5,1.2311458333333334,0.8498800020652174,3,4,3_4
APOB,1.3569833333333332,1.4092091582971014,4,4,4_4
APOBEC1,0.9103249999999999,0.3257589057971014,0,3,0_3
APOBEC2,1.0231,0.07453815623188406,1,1,1_1
APOBEC3B,1.3089541666666664,0.503778992826087,4,3,4_3
APOBEC3C,1.0503625,0.03973303065217392,2,1,2_1
APOBEC3D,1.0281791666666666,0.20347875804347826,1,3,1_3
APOBEC3F,1.0762194444444446,0.13080223228663448,2,2,2_2
APOBEC3G,1.4615333333333336,0.976303063768116,4,4,4_4
APOBEC4,1.1106624999999999,0.43913525007246373,3,3,3_3
APOBR,1.0952708333333334,0.3037356078985507,3,3,3_3
APOC1,1.3974625000000003,0.8000672177898553,4,4,4_4
APOC2,1.1131416666666667,0.3161458967753623,3,3,3_3
APOC3,0.8149020833333335,0.1429429040036232,0,2,0_2
APOC4-APOC2,1.8160270833333334,0.9453176657789853,4,4,4_4
APOD,1.01095,0.039496614927536235,1,1,1_1
APOE,1.0754597222222222,0.14944462975040257,2,2,2_2
APOF,1.0414625,0.33356477137681156,2,3,2_3
APOH,1.3799437499999998,1.194014955597826,4,4,4_4
APOL1,1.1941583333333334,0.3025079775362319,3,3,3_3
APOL2,1.0244604166666667,0.1099564389311594,1,2,1_2
APOL3,1.2330875000000001,0.256588038768116,3,3,3_3
APOL4,1.0566805555555556,0.22574087695652176,2,3,2_3
APOL5,1.1090916666666668,0.5065707030434782,3,3,3_3
APOL6,1.0935625,0.1950640422192029,3,3,3_3
APOLD1,1.2813020833333333,0.4330645708514492,4,3,4_3
APOM,1.0357166666666666,0.08303055739130435,2,2,2_2
APOO,0.9981166666666667,0.039562896956521744,0,1,0_1
APOOL,0.9952510416666666,0.010362492730978256,0,0,0_0
APOPT1,1.0241916666666666,0.02227669557971014,1,0,1_0
APP,1.0210444444444444,0.007017882415458937,1,0,1_0
APPBP2,0.990515625,0.013108678727355072,0,0,0_0
APPL1,1.0172291666666666,0.056677592608695634,1,1,1_1
APPL2,1.1361708333333331,0.104138275,3,2,3_2
APRT,0.9782958333333335,0.03555559500000001,0,0,0_0
APTR,0.9965812499999999,0.03169901541666666,0,0,0_0
APTX,1.0809972222222222,0.05717919183574879,3,1,3_1
AQP1,1.047075,0.12588704996376812,2,2,2_2
AQP10,0.9289,0.41119754855072466,0,3,0_3
AQP11,1.0808458333333333,0.03782004036231884,3,1,3_1
AQP12B,1.3809979166666666,1.0812901644384059,4,4,4_4
AQP2,1.53835,1.010300292415459,4,4,4_4
AQP3,1.2307611111111112,0.2532995363446055,3,3,3_3
AQP4,1.091845,0.1393764078202898,3,2,3_2
AQP4-AS1,1.0227958333333333,0.09722893293478262,1,2,1_2
AQP5,0.9673875000000001,0.1251792648550725,0,2,0_2
AQP6,1.2990125000000001,0.6235786473550725,4,4,4_4
AQP8,1.0226666666666666,0.4643956595652174,1,3,1_3
AQP9,2.0259916666666666,7.667948531594204,4,4,4_4
AQR,0.9985958333333333,0.02349772035326087,0,0,0_0
AR,1.1143677083333332,0.09540301688858695,3,2,3_2
ARAF,1.06333125,0.04572098538043479,2,1,2_1
ARAP1,1.1134555555555556,0.1078979114170692,3,2,3_2
ARAP2,1.1706513888888888,0.18701434475845413,3,2,3_2
ARAP3,1.05860625,0.08033249603260871,2,1,2_1
ARC,0.9569875,0.48152161746376804,0,3,0_3
ARCN1,0.9849833333333334,0.01002093927536232,0,0,0_0
AREG,3.3337916666666665,22.030919541417067,4,4,4_4
AREL1,1.051775,0.02845263975845409,2,0,2_0
ARF1,0.9567958333333334,0.09562665644927536,0,2,0_2
ARF3,1.0094972222222223,0.03944140681159421,1,1,1_1
ARF4,1.0582874999999998,0.05583775536231885,2,1,2_1
ARF5,0.9563416666666665,0.20237457115942026,0,3,0_3
ARF6,1.0046364583333334,0.02754858249547101,1,0,1_0
ARFGAP1,0.9563354166666667,0.034001643641304334,0,0,0_0
ARFGAP2,1.4312250000000002,0.6899542453260871,4,4,4_4
ARFGAP3,1.0618666666666667,0.034388897826086964,2,0,2_0
ARFGEF1,0.9965125,0.023017603293075683,0,0,0_0
ARFGEF2,1.0062072916666667,0.023429036408514504,1,0,1_0
ARFGEF3,0.9781875000000001,0.06051836078804347,0,1,0_1
ARFIP1,1.0341229166666668,0.01930818552536232,2,0,2_0
ARFIP2,1.0160125,0.028845649492753627,1,0,1_0
ARFRP1,1.04498125,0.16420415317028986,2,2,2_2
ARG1,1.4639020833333334,0.4861888530525362,4,3,4_3
ARG2,1.2831666666666668,0.33209057949275356,4,3,4_3
ARGLU1,1.2912229166666667,0.3097676987952898,4,3,4_3
ARHGAP1,1.0946697916666668,0.10667441534873189,3,2,3_2
ARHGAP10,1.1196,0.1343849523188406,3,2,3_2
ARHGAP11A,1.0763624999999999,0.09316149340579712,2,2,2_2
ARHGAP12,0.9563083333333333,0.028233540724637685,0,0,0_0
ARHGAP17,0.9757708333333334,0.015974035434782607,0,0,0_0
ARHGAP18,1.0077208333333332,0.019199515917874395,1,0,1_0
ARHGAP19,0.9770666666666665,0.05998636906602255,0,1,0_1
ARHGAP20,0.9731895833333333,0.09299490175724638,0,2,0_2
ARHGAP21,0.9905187500000001,0.02993460563405797,0,0,0_0
ARHGAP22,1.1979072916666667,0.24941106093750004,3,3,3_3
ARHGAP23,1.3546635416666668,0.4639534653759058,4,3,4_3
ARHGAP24,1.06065625,0.08372870270833334,2,2,2_2
ARHGAP25,1.1517541666666666,0.07213931252012883,3,1,3_1
ARHGAP26,1.1591854166666666,0.17608863686594203,3,2,3_2
ARHGAP26-AS1,0.9981958333333333,0.15401040630434784,0,2,0_2
ARHGAP27,1.1481933333333332,0.08295780867826083,3,2,3_2
ARHGAP28,1.0327194444444443,0.14450744933977458,2,2,2_2
ARHGAP29,1.1396364583333334,0.1636631267889493,3,2,3_2
ARHGAP30,1.2514930555555555,0.2545391487198067,4,3,4_3
ARHGAP31,1.14184375,0.18252091726449274,3,2,3_2
ARHGAP32,0.9826760416666667,0.040679117758152174,0,1,0_1
ARHGAP33,1.5554680555555553,1.7179108026972627,4,4,4_4
ARHGAP35,1.0036458333333333,0.0421438986,1,1,1_1
ARHGAP36,1.1922291666666667,1.1567420558695651,3,4,3_4
ARHGAP39,0.9824916666666667,0.16909447782608694,0,2,0_2
ARHGAP4,0.9970875,0.09838259355072464,0,2,0_2
ARHGAP42,1.5740791666666665,0.7973367385104669,4,4,4_4
ARHGAP44,0.9762020833333334,0.0307550296557971,0,0,0_0
ARHGAP45,1.1453166666666668,0.2451693681159421,3,3,3_3
ARHGAP5,1.018365,0.04549757347246378,1,1,1_1
ARHGAP5-AS1,1.084875,0.0622636827536232,3,1,3_1
ARHGAP6,1.5366604166666669,1.2619619775905797,4,4,4_4
ARHGAP9,1.154786111111111,0.27207212561996774,3,3,3_3
ARHGDIA,1.3001375,0.5234228579257245,4,3,4_3
ARHGDIB,1.1328319444444443,0.12343851438808374,3,2,3_2
ARHGDIG,0.9915250000000001,0.39913165492753633,0,3,0_3
ARHGEF1,1.00225,0.07188619724637682,1,1,1_1
ARHGEF10,1.0137354166666668,0.05061002017210146,1,1,1_1
ARHGEF10L,1.0584250000000002,0.2080234325724638,2,3,2_3
ARHGEF11,1.3776430555555557,0.7380770639855072,4,4,4_4
ARHGEF12,1.1643307692307692,0.05974189257439328,3,1,3_1
ARHGEF15,1.1183458333333334,0.24483589829710145,3,3,3_3
ARHGEF16,1.0415249999999998,0.05229439202898551,2,1,2_1
ARHGEF17,1.013525,0.10783359913043478,1,2,1_2
ARHGEF18,0.9736791666666668,0.019747470072463767,0,0,0_0
ARHGEF19,1.1006083333333334,0.09548935782608696,3,2,3_2
ARHGEF2,1.0270614583333335,0.06243524301177537,1,1,1_1
ARHGEF25,1.0691,0.14249353173913043,2,2,2_2
ARHGEF26,1.015011111111111,0.0814925239130435,1,2,1_2
ARHGEF28,1.0543819444444444,0.09694352074074074,2,2,2_2
ARHGEF3,0.97625,0.014537820579710143,0,0,0_0
ARHGEF33,1.0369875,0.20150103702898547,2,3,2_3
ARHGEF37,1.0607104166666668,0.05246966682971014,2,1,2_1
ARHGEF38,0.9495541666666666,0.3175724313768116,0,3,0_3
ARHGEF39,1.135463888888889,0.17614840542673105,3,2,3_2
ARHGEF4,1.8014833333333335,2.053066718695652,4,4,4_4
ARHGEF40,1.0221895833333334,0.05324328706723027,1,1,1_1
ARHGEF5,1.0484291666666665,0.12051345039855073,2,2,2_2
ARHGEF6,1.0398458333333334,0.0395747234057971,2,1,2_1
ARHGEF7,1.0332476851851853,0.06475154842637322,2,1,2_1
ARHGEF7-AS2,1.0602541666666667,0.5420596655797102,2,4,2_4
ARHGEF9,1.03053125,0.021066185126811587,2,0,2_0
ARID1A,1.2409260416666665,0.22559726150815215,4,3,4_3
ARID1B,0.9924047619047619,0.013911281688849456,0,0,0_0
ARID2,1.02314375,0.01521116822463768,1,0,1_0
ARID3A,1.0163624999999998,0.04517945518115942,1,1,1_1
ARID3B,1.0049166666666667,0.07412460202898552,1,1,1_1
ARID4A,1.01368125,0.016076224184782606,1,0,1_0
ARID4B,1.0248284722222223,0.016747538113929147,1,0,1_0
ARID5A,1.1854166666666666,0.3295251597101449,3,3,3_3
ARID5B,1.1428408333333333,0.2537886964434783,3,3,3_3
ARIH1,0.9958895833333333,0.020471512489935582,0,0,0_0
ARIH2,0.9870841666666665,0.01990478639710145,0,0,0_0
ARIH2OS,1.0101208333333334,0.1145538038405797,1,2,1_2
ARL1,1.0192694444444443,0.02907148623188405,1,0,1_0
ARL10,1.17343,0.2078794567246377,3,3,3_3
ARL11,1.1824645833333334,0.6493794323369565,3,4,3_4
ARL13B,0.9578375,0.035261048913043484,0,0,0_0
ARL14,1.8963166666666667,3.4309467059420293,4,4,4_4
ARL14EP,0.995625,0.009211904782608695,0,0,0_0
ARL15,1.0265791666666666,0.03416940916666667,1,0,1_0
ARL16,0.9843125,0.06921231644927536,0,1,0_1
ARL17B,1.209340909090909,0.07783703078332736,3,1,3_1
ARL2,1.0078541666666665,0.06397201992753622,1,1,1_1
ARL2BP,1.0453041666666667,0.0746946379347826,2,1,2_1
ARL3,1.0035430555555556,0.06671729907407407,1,1,1_1
ARL4A,1.1355374999999999,0.15145385326086955,3,2,3_2
ARL4C,1.242471875,0.18843143966938405,4,2,4_2
ARL4D,1.1882229166666667,0.24023625719202898,3,3,3_3
ARL5B,1.02926875,0.02680652157608696,1,0,1_0
ARL5C,1.303225,0.714098101884058,4,4,4_4
ARL6,0.9884833333333334,0.08951500851449276,0,2,0_2
ARL6IP1,1.0196833333333333,0.012262299855072465,1,0,1_0
ARL6IP4,1.0067083333333333,0.027665637210144922,1,0,1_0
ARL6IP5,0.9874083333333332,0.014668559347826089,0,0,0_0
ARL6IP6,0.9976791666666666,0.03756026842995171,0,1,0_1
ARL8A,0.9978791666666668,0.04300593934782609,0,1,0_1
ARL8B,0.9812541666666666,0.0139160075,0,0,0_0
ARL9,0.9962916666666667,0.11204213086956522,0,2,0_2
ARMC1,1.01155625,0.027762965126811593,1,0,1_0
ARMC10,0.9798874999999999,0.011070435108695655,0,0,0_0
ARMC12,1.1355458333333333,0.29629146963768116,3,3,3_3
ARMC2,1.0120083333333334,0.2307007068115942,1,3,1_3
ARMC2-AS1,1.0670541666666666,0.08324551326086957,2,2,2_2
ARMC3,1.0036208333333334,0.3136777835507246,1,3,1_3
ARMC4,0.9986958333333332,0.24407870329710143,0,3,0_3
ARMC5,0.9455416666666667,0.11424732217391305,0,2,0_2
ARMC6,1.0201291666666668,0.09774306355072465,1,2,1_2
ARMC7,0.9786625,0.04056845010869564,0,1,0_1
ARMC8,1.008267361111111,0.04386227506239935,1,1,1_1
ARMC9,1.195273611111111,0.2593496517270531,3,3,3_3
ARMCX1,1.0198541666666667,0.045423225,1,1,1_1
ARMCX2,1.0018291666666668,0.10080756123188407,1,2,1_2
ARMCX3,1.02190625,0.03850926067028987,1,1,1_1
ARMCX4,1.0039416666666667,0.06048605907826087,1,1,1_1
ARMCX5,1.0114458333333334,0.028872948442028996,1,0,1_0
ARMCX6,1.4475395833333333,0.6015496486050723,4,4,4_4
ARMT1,1.024475,0.028142009855072463,1,0,1_0
ARNT,1.2296190476190476,0.2218927365601893,3,3,3_3
ARNT2,1.0105083333333333,0.15959691072463766,1,2,1_2
ARNTL,1.0247083333333336,0.17011691971014492,1,2,1_2
ARNTL2,1.030848611111111,0.05513988635265699,2,1,2_1
ARNTL2-AS1,1.5270041666666667,1.5456359974637683,4,4,4_4
ARPC1A,1.0315625,0.01872815210144928,2,0,2_0
ARPC1B,1.2128458333333334,0.1448499829710145,3,2,3_2
ARPC2,1.0159402777777777,0.0160205879468599,1,0,1_0
ARPC3,0.9953208333333334,0.03933737688405797,0,1,0_1
ARPC4,1.0746041666666668,0.11797357423913044,2,2,2_2
ARPC4-TTLL3,0.9974145833333333,0.06810080676630434,0,1,0_1
ARPC5,1.0843680555555555,0.045046519219001616,3,1,3_1
ARPC5L,1.039346875,0.05960655271286232,2,1,2_1
ARPIN,1.3411208333333333,0.40940273177938813,4,3,4_3
ARPP19,1.010923611111111,0.024011228655394526,1,0,1_0
ARPP21,1.3198180555555554,0.23190617835346217,4,3,4_3
ARR3,2.2646041666666665,5.013980140652174,4,4,4_4
ARRB1,1.003869642857143,0.031098907392783207,1,0,1_0
ARRB2,1.2268541666666666,0.18251203152173912,3,2,3_2
ARRDC1,0.9579395833333333,0.02026827440217391,0,0,0_0
ARRDC1-AS1,0.8502458333333335,0.2009636902173913,0,3,0_3
ARRDC2,1.0156416666666666,0.11219191260869567,1,2,1_2
ARRDC3,1.1215,0.08398934884057971,3,2,3_2
ARRDC3-AS1,1.0643208333333334,0.15551281413043477,2,2,2_2
ARRDC4,1.0786041666666668,0.1401903989130435,2,2,2_2
ARSA,1.1283895833333333,0.12819409480072466,3,2,3_2
ARSB,1.2069041666666667,0.1773268432155797,3,2,3_2
ARSD,1.056011458333333,0.061862745160779,2,1,2_1
ARSE,1.1640833333333334,0.6120144789855072,3,4,3_4
ARSF,1.6198083333333333,2.849091953913043,4,4,4_4
ARSG,1.0609479166666667,0.028727681829710142,2,0,2_0
ARSI,2.0530416666666667,5.613490757391304,4,4,4_4
ARSJ,0.9411833333333334,0.05109822536231884,0,1,0_1
ARSK,1.1833402777777777,0.20843713920289858,3,3,3_3
ART1,1.1096736111111112,0.31831077443639294,3,3,3_3
ART3,1.1481125,0.5228015123913042,3,3,3_3
ART4,1.09458125,0.18059366596014492,3,2,3_2
ART5,1.9845625,4.014454428623188,4,4,4_4
ARTN,1.5278180555555554,0.48826771116747164,4,3,4_3
ARV1,0.9934583333333333,0.031197002065217395,0,0,0_0
ARVCF,0.9311791666666668,0.05754937545088566,0,1,0_1
ARX,1.0406333333333333,0.165482540942029,2,2,2_2
AS3MT,1.158175,0.2363639847826087,3,3,3_3
ASAH1,1.1621991666666667,0.09557291178840582,3,2,3_2
ASAH2B,1.0922125,0.19354810713768117,3,3,3_3
ASAP1,1.0535483333333333,0.05685631344347825,2,1,2_1
ASAP2,1.0050875,0.01449799384057971,1,0,1_0
ASAP3,1.0062145833333334,0.05144601538043478,1,1,1_1
ASB1,1.3147166666666668,0.6635050143961354,4,4,4_4
ASB10,1.7360916666666668,1.3377991302898553,4,4,4_4
ASB11,1.0503916666666666,1.6783356447826088,2,4,2_4
ASB12,1.1535430555555555,0.812563363115942,3,4,3_4
ASB13,0.9583541666666667,0.02554145847826087,0,0,0_0
ASB14,1.05025,0.17566804380434783,2,2,2_2
ASB15,1.4629458333333332,2.881350146739131,4,4,4_4
ASB16,1.0527749999999998,0.4422341507246377,2,3,2_3
ASB16-AS1,1.0748041666666668,0.085369650942029,2,2,2_2
ASB17,1.0760083333333335,0.5317201253623188,2,3,2_3
ASB2,1.1999229166666667,0.3474386291123189,3,3,3_3
ASB3,1.2779125,1.2523721318115941,4,4,4_4
ASB4,1.080659722222222,0.17679814687198064,2,2,2_2
ASB5,1.2160291666666667,0.9694529009420291,3,4,3_4
ASB6,1.0298875,0.057536231702898545,1,1,1_1
ASB7,1.0106979166666665,0.023946166503623186,1,0,1_0
ASB8,1.02635625,0.029699480054347825,1,0,1_0
ASB9,1.1076666666666668,0.12778008478260872,3,2,3_2
ASCC1,1.0021479166666667,0.035805018641304344,1,0,1_0
ASCC2,1.0501041666666666,0.08042244471014491,2,1,2_1
ASCC3,1.0103520833333333,0.013689513605072466,1,0,1_0
ASCL1,1.457753125,0.5816890511277175,4,4,4_4
ASCL2,0.93723125,0.1782703990036232,0,2,0_2
ASCL3,1.1885041666666665,0.7014607706521738,3,4,3_4
ASCL5,1.5656958333333335,2.1704775003623187,4,4,4_4
ASF1A,0.9771625,0.017050460978260868,0,0,0_0
ASF1B,1.1576374999999999,0.23275191818840585,3,3,3_3
ASGR1,0.985375,0.1205673997101449,0,2,0_2
ASGR2,1.1048,0.1564183111594203,3,2,3_2
ASH1L,0.9997250000000001,0.032762620563607084,0,0,0_0
ASH1L-AS1,1.0545208333333334,0.07394819949275364,2,1,2_1
ASH2L,0.980825,0.01238247637681159,0,0,0_0
ASIC1,1.0863645833333333,0.14853286748188407,3,2,3_2
ASIC2,0.8646625,0.2655921267391304,0,3,0_3
ASIC4,1.1543083333333333,0.732247494057971,3,4,3_4
ASIC5,1.4283458333333332,1.2389351036956524,4,4,4_4
ASIP,1.5614375,1.6783355428260867,4,4,4_4
ASL,1.0597208333333334,0.03399173065217391,2,0,2_0
ASMT,1.0480708333333333,0.30562050206521735,2,3,2_3
ASMTL,0.9870208333333333,0.016305127528180363,0,0,0_0
ASMTL-AS1,1.2388141666666668,0.31121514930144933,3,3,3_3
ASNA1,1.0951,0.2541946285507246,3,3,3_3
ASNS,1.1314958333333334,0.2533139767028985,3,3,3_3
ASNSD1,0.976125,0.02703989913043478,0,0,0_0
ASPA,1.0922770833333333,0.19687017219202899,3,3,3_3
ASPDH,1.3432458333333333,2.1370615405072466,4,4,4_4
ASPG,1.1793354166666665,0.8931158889673911,3,4,3_4
ASPH,1.1502657407407408,0.06981422440865985,3,1,3_1
ASPHD1,1.1110770833333332,0.15517142882246376,3,2,3_2
ASPHD2,1.02926875,0.04536532219202899,1,1,1_1
ASPM,1.314740277777778,0.4645780560305958,4,3,4_3
ASPN,1.1963270833333333,0.5064033880978261,3,3,3_3
ASPRV1,1.0057,0.10149779405797102,1,2,1_2
ASPSCR1,1.0202041666666666,0.0682906993478261,1,1,1_1
ASRGL1,1.1033083333333333,0.07313910884057971,3,1,3_1
ASS1,0.9876000000000001,0.037896309420289855,0,1,0_1
ASTE1,1.011075,0.0243182931884058,1,0,1_0
ASTN1,1.1148791666666666,0.24677634297101445,3,3,3_3
ASTN2,0.9322819444444445,0.060053636884057966,0,1,0_1
ASXL1,1.0347,0.04252428368357488,2,1,2_1
ASXL2,0.9351243055555556,0.026370721990740732,0,0,0_0
ASXL3,1.024840625,0.09612211439764494,1,2,1_2
ASZ1,1.8398458333333334,3.0477406712318844,4,4,4_4
ATAD1,1.0164729166666666,0.025558101394927535,1,0,1_0
ATAD2,1.0263854166666666,0.02957119197463769,1,0,1_0
ATAD2B,1.0101097222222224,0.05689248462962963,1,1,1_1
ATAD3A,1.0013791666666667,0.04669124920289855,1,1,1_1
ATAD3B,1.1126675,0.10304813376521738,3,2,3_2
ATAD3C,0.9994333333333333,0.07574969115942029,0,1,0_1
ATAD5,1.1054375,0.13605124876811595,3,2,3_2
ATAT1,0.9963479166666668,0.04855287864130436,0,1,0_1
ATCAY,1.95125,4.477096603623188,4,4,4_4
ATE1,1.0221614583333334,0.02800817867300725,1,0,1_0
ATF1,0.9990027777777778,0.020918986392914653,0,0,0_0
ATF2,1.3110638888888888,0.6131877181159419,4,4,4_4
ATF3,1.9403875,3.6612733721819652,4,4,4_4
ATF4,0.9988625,0.032248229202898555,0,0,0_0
ATF5,1.027325,0.09994108499094202,1,2,1_2
ATF6,1.0121875,0.026385598233695646,1,0,1_0
ATF6B,1.1894152777777778,0.3536791844041867,3,3,3_3
ATF7,1.0197558333333334,0.03935301645507247,1,1,1_1
ATF7IP,1.0163802083333333,0.016731536372282606,1,0,1_0
ATF7IP2,0.9936020833333333,0.10428750429347827,0,2,0_2
ATG10,1.3168552083333334,0.4911936589266304,4,3,4_3
ATG101,1.0138291666666668,0.0414863686231884,1,1,1_1
ATG12,1.0105180555555555,0.006713955885668279,1,0,1_0
ATG13,1.0033430555555556,0.011420566996779388,1,0,1_0
ATG14,1.0043916666666668,0.03933523405797102,1,1,1_1
ATG16L1,1.03734375,0.27965566548913046,2,3,2_3
ATG16L2,1.012175,0.11475626489130436,1,2,1_2
ATG2A,0.9242708333333334,0.07697160891304348,0,1,0_1
ATG2B,1.0403791666666666,0.02106084897644927,2,0,2_0
ATG3,1.0262020833333334,0.01727486125,1,0,1_0
ATG4A,1.0497708333333333,0.020427205144927536,2,0,2_0
ATG4B,1.0336222222222222,0.0342288916747182,2,0,2_0
ATG4C,1.0124333333333333,0.04293871826086956,1,1,1_1
ATG4D,0.9627041666666667,0.03445607499999999,0,0,0_0
ATG5,0.9900847222222223,0.009023811103059576,0,0,0_0
ATG7,1.0327614583333333,0.02654523202445652,2,0,2_0
ATG9A,1.0098916666666666,0.02225422217391304,1,0,1_0
ATG9B,1.4181645833333334,0.8869388530978262,4,4,4_4
ATIC,1.0216416666666666,0.021193218115942027,1,0,1_0
ATL1,1.0559125,0.039248775434782605,2,1,2_1
ATL2,0.9919111111111111,0.039345307262479874,0,1,0_1
ATL3,1.190736111111111,0.23626594371980672,3,3,3_3
ATM,1.1324750000000001,0.10889468184782607,3,2,3_2
ATMIN,0.9824083333333333,0.009813928615136877,0,0,0_0
ATN1,1.1626791666666667,0.18733466173007243,3,2,3_2
ATOH1,1.1091416666666667,0.683907301884058,3,4,3_4
ATOH7,1.5411604166666668,0.9722394105978261,4,4,4_4
ATOH8,1.100623611111111,0.2244854856119162,3,3,3_3
ATOX1,1.0396833333333333,0.11051134797101449,2,2,2_2
ATP10A,1.035488888888889,0.12850710109500807,2,2,2_2
ATP10B,1.0581666666666667,0.31341071655797104,2,3,2_3
ATP10D,0.9493708333333334,0.057334877608695656,0,1,0_1
ATP11A,1.06108125,0.1113959531461353,2,2,2_2
ATP11A-AS1,1.7050888888888889,1.374864787777778,4,4,4_4
ATP11B,1.030079861111111,0.0238482242089372,1,0,1_0
ATP11C,1.2433666666666665,0.6852038016304346,4,4,4_4
ATP12A,1.0005708333333334,0.2903569235507246,0,3,0_3
ATP13A1,1.0067083333333333,0.05163097507246377,1,1,1_1
ATP13A2,0.9962166666666666,0.029436719999999996,0,0,0_0
ATP13A3,1.0220458333333333,0.021959148804347822,1,0,1_0
ATP13A4,1.094701388888889,0.14380172710950082,3,2,3_2
ATP13A4-AS1,1.3182625,1.4936495118115947,4,4,4_4
ATP13A5,0.9887750000000001,0.17686495003623184,0,2,0_2
ATP1A1,0.9973583333333332,0.10781440460144928,0,2,0_2
ATP1A2,1.0888125000000002,0.18539452916666666,3,2,3_2
ATP1A4,1.8440041666666669,1.5127687799919485,4,4,4_4
ATP1B1,1.0284562499999998,0.024537025561594195,1,0,1_0
ATP1B2,1.1607666666666667,0.7145349647826087,3,4,3_4
ATP1B3,1.3084291666666668,0.4525274935829307,4,3,4_3
ATP1B4,1.5561083333333334,0.7376481367391305,4,4,4_4
ATP23,1.0641666666666667,0.07187077894927535,2,1,2_1
ATP2A1,1.1553479166666667,0.4358751408152174,3,3,3_3
ATP2A1-AS1,0.9471708333333334,0.04334810456521739,0,1,0_1
ATP2A2,1.1799135416666664,0.20116969528532605,3,3,3_3
ATP2A3,0.9983266666666667,0.11317237629565217,0,2,0_2
ATP2B1,1.0040194444444446,0.014491865555555558,1,0,1_0
ATP2B2,1.4293125,0.5238420977012881,4,3,4_3
ATP2B3,1.3633187500000001,0.6104376602807973,4,4,4_4
ATP2B4,1.1035263888888889,0.11324644991143316,3,2,3_2
ATP2C1,1.0400895833333332,0.016581269990942026,2,0,2_0
ATP2C2,1.1629069444444444,0.261801661215781,3,3,3_3
ATP4A,0.8333124999999999,0.16376742355072463,0,2,0_2
ATP4B,1.8653638888888888,1.7933252507085349,4,4,4_4
ATP5S,1.043421875,0.037765204309329704,2,1,2_1
ATP6AP1,1.026875,0.025272401159420296,1,0,1_0
ATP6AP1L,1.0624666666666667,0.08014309369565219,2,1,2_1
ATP6AP2,0.9748194444444445,0.006421399227053142,0,0,0_0
ATP6V0A1,2.2113375000000004,4.1394428908695655,4,4,4_4
ATP6V0A2,1.2309958333333333,0.20987554960144927,3,3,3_3
ATP6V0A4,1.0894291666666667,0.064013115,3,1,3_1
ATP6V0B,1.0112791666666665,0.08031842775362319,1,1,1_1
ATP6V0C,0.9918020833333333,0.02389833030797101,0,0,0_0
ATP6V0D1,1.007825,0.06350396594202898,1,1,1_1
ATP6V0D2,1.4330597222222223,0.6671532719887278,4,4,4_4
ATP6V0E1,1.0389017857142857,0.02768501030908015,2,0,2_0
ATP6V0E2,0.9601958333333332,0.07219953615942028,0,1,0_1
ATP6V0E2-AS1,0.9347333333333333,0.09804616463768115,0,2,0_2
ATP6V1A,1.0160708333333333,0.04071275938405798,1,1,1_1
ATP6V1B1,1.13405,0.26652281800724636,3,3,3_3
ATP6V1B2,1.052725,0.02583353275362319,2,0,2_0
ATP6V1C1,1.067228125,0.05989097553894928,2,1,2_1
ATP6V1C2,1.0851979166666668,0.16755617346014495,3,2,3_2
ATP6V1D,1.008025,0.02160986645833334,1,0,1_0
ATP6V1E1,1.0027791666666666,0.009440352971014494,1,0,1_0
ATP6V1E2,1.0136416666666666,0.04274158130434782,1,1,1_1
ATP6V1G1,1.0269583333333332,0.025491872644927534,1,0,1_0
ATP6V1G2,1.0253499999999998,0.06522956507246377,1,1,1_1
ATP6V1G2-DDX39B,1.0574062499999999,0.0384941782789855,2,1,2_1
ATP6V1G3,1.1689708333333333,0.2063833158695652,3,3,3_3
ATP6V1H,1.3975111111111111,0.52474243,4,3,4_3
ATP7A,0.9477270833333332,0.04126274422101448,0,1,0_1
ATP7B,1.1653125,0.4038725020289856,3,3,3_3
ATP8A1,1.1335986111111112,0.191190946900161,3,3,3_3
ATP8A2,1.2322,0.18113185331723028,3,2,3_2
ATP8B1,1.0005125,0.008949362717391303,0,0,0_0
ATP8B2,1.0401354166666668,0.10120973603260867,2,2,2_2
ATP8B3,1.376859722222222,0.5217169510386472,4,3,4_3
ATP8B4,1.1019708333333333,0.2526223780434782,3,3,3_3
ATP9A,1.0171124999999999,0.04765354413043478,1,1,1_1
ATP9B,1.0442583333333333,0.05430399661835749,2,1,2_1
ATPAF1,1.0005916666666665,0.01161315050724638,0,0,0_0
ATPAF2,0.9365895833333333,0.06173422722826088,0,1,0_1
ATR,1.0268069444444443,0.03179894756038647,1,0,1_0
ATRAID,1.0273541666666668,0.024135475579710148,1,0,1_0
ATRIP,0.9695805555555556,0.02612076690821256,0,0,0_0
ATRN,1.0157395833333334,0.02202655871376812,1,0,1_0
ATRNL1,1.1098416666666668,0.3183105671175524,3,3,3_3
ATRX,1.0090333333333332,0.015650371268115946,1,0,1_0
ATXN1,1.0084525,0.021287026866666673,1,0,1_0
ATXN10,1.0269020833333333,0.019173352010869567,1,0,1_0
ATXN1L,1.0134229166666666,0.013683043025362322,1,0,1_0
ATXN2,1.0015125,0.024939514855072457,1,0,1_0
ATXN2L,0.9982666666666667,0.05296884271739131,0,1,0_1
ATXN3,1.0303666666666667,0.03074220899142265,2,0,2_0
ATXN3L,1.2283458333333332,1.9057243771739132,3,4,3_4
ATXN7L1,1.0704239583333333,0.16030303702445653,2,2,2_2
ATXN7L2,1.0128708333333334,0.21524557195652172,1,3,1_3
ATXN7L3,0.9860541666666666,0.06815996442028986,0,1,0_1
ATXN7L3B,1.5959750000000001,2.9456829569927536,4,4,4_4
ATXN8OS,1.4294333333333331,4.656652934347827,4,4,4_4
AUH,0.9946416666666665,0.03145998869565216,0,0,0_0
AUNIP,1.06351875,0.16476167661231886,2,2,2_2
AUP1,1.0121291666666667,0.046748187753623195,1,1,1_1
AURKA,1.2481972222222222,0.1726650823188406,4,2,4_2
AURKAIP1,1.1244833333333333,0.10561786618357485,3,2,3_2
AURKB,1.4787875,0.7981218508695653,4,4,4_4
AURKC,1.0928166666666665,0.2193307360869565,3,3,3_3
AUTS2,1.0654430555555554,0.11393967321256039,2,2,2_2
AVEN,1.0290375,0.11548465195652176,1,2,1_2
AVIL,1.0005055555555555,0.07750501850241545,0,1,0_1
AVL9,1.1247944444444444,0.10851871514492753,3,2,3_2
AVP,0.6746041666666667,0.3069965763043478,0,3,0_3
AVPI1,1.1708541666666668,0.2988160445652174,3,3,3_3
AVPR1A,1.3353858333333335,0.35663320658260866,4,3,4_3
AVPR1B,0.811025,0.23309534507246374,0,3,0_3
AVPR2,1.40651875,0.9612559541485508,4,4,4_4
AWAT1,1.0701916666666667,0.5030172204347825,2,3,2_3
AXDND1,1.0686791666666666,0.3222257390217392,2,3,2_3
AXIN1,0.8936541666666665,0.08781474152173911,0,2,0_2
AXIN2,1.4343135416666666,0.48262276721467395,4,3,4_3
AXL,1.1013249999999999,0.1536323367391304,3,2,3_2
AZGP1,0.8936166666666666,0.08800161347826087,0,2,0_2
AZI2,1.024352777777778,0.012718993707729472,1,0,1_0
AZIN1,1.0087472222222222,0.0450280145410628,1,1,1_1
AZIN2,1.0621708333333333,0.17093863329710146,2,2,2_2
AZU1,1.0019833333333334,0.4188087420289855,1,3,1_3
B2M,1.0688958333333334,0.05272065599838971,2,1,2_1
B3GALNT1,1.036161111111111,0.025022851449275355,2,0,2_0
B3GALNT2,1.0200614583333334,0.03863240925271739,1,1,1_1
B3GALT1,1.0784395833333333,0.8972192836413043,2,4,2_4
B3GALT2,1.17894375,0.2850867136775362,3,3,3_3
B3GALT4,0.97395,0.051202344384057956,0,1,0_1
B3GALT5,1.1179458333333334,0.28788858604669887,3,3,3_3
B3GALT5-AS1,1.4788875,1.129143641268116,4,4,4_4
B3GALT6,1.564376388888889,0.5324009988164251,4,3,4_3
B3GAT1,1.3833624999999998,1.631449410217391,4,4,4_4
B3GAT2,1.3275791666666665,0.43576350967391286,4,3,4_3
B3GAT3,1.04884375,0.07574555277173911,2,1,2_1
B3GLCT,1.1445916666666667,0.0878419182246377,3,2,3_2
B3GNT2,1.1452055555555554,0.2897500642512077,3,3,3_3
B3GNT3,1.0629375,0.17601279224637678,2,2,2_2
B3GNT4,1.0223875,0.35686052978260874,1,3,1_3
B3GNT5,1.0468374999999999,0.11882842061996779,2,2,2_2
B3GNT6,1.0604125,0.20059769771739133,2,3,2_3
B3GNT7,1.1364854166666667,0.17569515089673912,3,2,3_2
B3GNT8,0.9866250000000001,0.38635492478260874,0,3,0_3
B3GNT9,1.0235416666666668,0.02360260014492754,1,0,1_0
B3GNTL1,1.0525479166666667,0.10016058617753625,2,2,2_2
B4GALNT1,0.9536770833333333,0.08531497226449274,0,2,0_2
B4GALNT2,1.2176291666666668,0.7972725729710145,3,4,3_4
B4GALNT3,1.4167847222222223,0.3834193742592592,4,3,4_3
B4GALNT4,1.53473125,2.065548383786232,4,4,4_4
B4GALT1,1.2519958333333332,0.26628398134057973,4,3,4_3
B4GALT2,1.0319458333333333,0.1858994557246377,2,2,2_2
B4GALT3,1.0272916666666665,0.046902974963768114,1,1,1_1
B4GALT4,1.0160520833333333,0.07286073179347825,1,1,1_1
B4GALT5,1.0582541666666667,0.08310714510869566,2,2,2_2
B4GALT6,1.0629010416666667,0.09279049184329712,2,2,2_2
B4GALT7,1.0547104166666665,0.08364268846014493,2,2,2_2
B4GAT1,1.0187458333333332,0.0438826713405797,1,1,1_1
B9D1,0.9776361111111113,0.09229245647342996,0,2,0_2
B9D2,1.0762833333333333,0.15077750913043478,2,2,2_2
BAALC,1.2236895833333332,0.4458263171195652,3,3,3_3
BAALC-AS2,1.6283291666666664,1.756586824021739,4,4,4_4
BAAT,1.0190416666666666,0.3607679982608695,1,3,1_3
BABAM1,1.0314875000000001,0.07007355007246376,2,1,2_1
BACE1,1.0280552083333332,0.04556082960597826,1,1,1_1
BACE2,1.0274597222222221,0.07878925314814818,1,1,1_1
BACH1,1.0268583333333332,0.319774618953301,1,3,1_3
BACH2,1.0844916666666666,0.20551229880434785,3,3,3_3
BAD,1.0726680555555557,0.1173009154830918,2,2,2_2
BAG1,1.0361236111111112,0.04440109873590983,2,1,2_1
BAG2,1.0651652777777778,0.07367946430756843,2,1,2_1
BAG3,1.0683083333333334,0.051478161884057974,2,1,2_1
BAG4,1.0523708333333335,0.0673137175120773,2,1,2_1
BAG5,1.0116625000000001,0.009667450523349446,1,0,1_0
BAG6,0.9972916666666668,0.03026266881340579,0,0,0_0
BAHCC1,1.2921875,0.5176433020370369,4,3,4_3
BAHD1,1.0316,0.041558819855072475,2,1,2_1
BAIAP2,1.0366427083333332,0.0733585454936594,2,1,2_1
BAIAP2L1,1.026561111111111,0.04691951814814815,1,1,1_1
BAIAP2L2,1.0591166666666665,0.11840858250000001,2,2,2_2
BAIAP3,1.1714604166666667,0.135045542192029,3,2,3_2
BAK1,0.9783666666666666,0.08693987101449276,0,2,0_2
BAMBI,1.0662291666666668,0.0842899997826087,2,2,2_2
BANCR,1.1676833333333334,0.6131898071014492,3,4,3_4
BANF1,1.0450333333333333,0.12312055376811594,2,2,2_2
BANF2,1.0825875,0.3520231770289855,3,3,3_3
BANK1,1.14125,0.18449710570048308,3,2,3_2
BANP,1.0158708333333333,0.02768845377616747,1,0,1_0
BAP1,1.0579791666666667,0.08130222228260871,2,2,2_2
BARD1,1.0490833333333331,0.06005157790660225,2,1,2_1
BARHL1,1.1272208333333333,0.16811625876811595,3,2,3_2
BARX1,0.9849583333333333,0.15570967434782607,0,2,0_2
BARX2,1.0509625,0.09152098311594203,2,2,2_2
BASP1,0.9838166666666667,0.12143983105072464,0,2,0_2
BATF,1.0864208333333334,0.14362780253623186,3,2,3_2
BATF2,1.2694375,0.7759553334057969,4,4,4_4
BATF3,1.1863333333333335,0.2005228644927536,3,3,3_3
BAX,1.0479791666666667,0.15547343286231882,2,2,2_2
BAZ1A,1.0397770833333333,0.022906394619565226,2,0,2_0
BAZ1B,1.0178552083333334,0.029634316363224642,1,0,1_0
BAZ2A,1.1184427083333333,0.054066824089673914,3,1,3_1
BAZ2B,0.9950416666666667,0.013105345507246378,0,0,0_0
BBIP1,1.0230766666666666,0.007612475994202901,1,0,1_0
BBOF1,1.1757520833333333,0.23803191298913046,3,3,3_3
BBOX1,1.0916041666666667,0.3599642710869566,3,3,3_3
BBOX1-AS1,1.0664291666666668,0.13138960847826087,2,2,2_2
BBS1,1.0699444444444444,0.1531109461030596,2,2,2_2
BBS10,1.0183791666666666,0.05295626891304348,1,1,1_1
BBS12,1.0123,0.07694423797101449,1,1,1_1
BBS2,0.9792041666666668,0.0474399297826087,0,1,0_1
BBS4,0.9935645833333333,0.046941203387681166,0,1,0_1
BBS5,1.06145,0.11850462594202898,2,2,2_2
BBS7,0.9468020833333334,0.021495017590579712,0,0,0_0
BBS9,1.05016,0.09528388485797101,2,2,2_2
BBX,0.9895517857142858,0.014950117874889085,0,0,0_0
BCAM,1.13205625,0.0847413719746377,3,2,3_2
BCAN,1.4606135416666668,0.7893678376494565,4,4,4_4
BCAP29,1.0426159722222221,0.030066789865136875,2,0,2_0
BCAP31,1.0665916666666666,0.07392741782608696,2,1,2_1
BCAR1,0.9998604166666666,0.03347127900362319,0,0,0_0
BCAR3,0.9597541666666666,0.0231321497826087,0,0,0_0
BCAR4,1.539391666666667,1.9121233497101453,4,4,4_4
BCAS1,0.9861,0.08082129086956522,0,2,0_2
BCAS2,1.035925,0.010844379565217393,2,0,2_0
BCAS3,1.0843749999999999,0.2508034444927536,3,3,3_3
BCAS4,1.1100825,0.13848177440289855,3,2,3_2
BCAT1,0.9990541666666667,0.07792036542572464,0,1,0_1
BCAT2,1.0476166666666666,0.14150613032608697,2,2,2_2
BCCIP,1.005188888888889,0.024540051835748797,1,0,1_0
BCDIN3D,1.0282375000000001,0.024216136594202898,1,0,1_0
BCDIN3D-AS1,1.0511541666666666,0.08429296478260868,2,2,2_2
BCHE,1.093275,0.5068121847826087,3,3,3_3
BCKDHA,0.9491624999999999,0.025525404855072466,0,0,0_0
BCKDHB,1.0008000000000001,0.04027874630434782,0,1,0_1
BCKDK,1.0240500000000001,0.0631418668115942,1,1,1_1
BCL10,1.0427638888888888,0.1591093949758454,2,2,2_2
BCL11A,1.000396875,0.02947244285778985,0,0,0_0
BCL11B,1.1793583333333333,0.23715407729468602,3,3,3_3
BCL2,1.2361625,0.24472159886775363,3,3,3_3
BCL2A1,1.7261,1.9271178389855073,4,4,4_4
BCL2L1,1.0361791666666667,0.18636414540760873,2,2,2_2
BCL2L10,1.2735062499999998,0.45420963219202903,4,3,4_3
BCL2L11,1.0893886904761905,0.17842226003697131,3,2,3_2
BCL2L12,0.9738083333333334,0.05288729028985508,0,1,0_1
BCL2L13,1.1392958333333334,0.08250778493623188,3,2,3_2
BCL2L14,1.2891159722222223,0.14633088372181963,4,2,4_2
BCL2L15,1.068576388888889,0.18484335074879224,2,2,2_2
BCL2L2,1.0254083333333333,0.12134016999999997,1,2,1_2
BCL2L2-PABPN1,0.9908520833333334,0.06369652429347827,0,1,0_1
BCL6,1.0498972222222223,0.07476305169082122,2,1,2_1
BCL6B,1.0731489583333333,0.08563359919836955,2,2,2_2
BCL7A,1.0737979166666667,0.12490840516304348,2,2,2_2
BCL7B,1.0122125000000002,0.027934508913043474,1,0,1_0
BCL7C,0.9324166666666667,0.20757854681159424,0,3,0_3
BCL9,0.9502416666666668,0.02540850884057971,0,0,0_0
BCL9L,0.9867604166666668,0.11703032121376812,0,2,0_2
BCLAF1,1.0002847222222222,0.012839346735104668,0,0,0_0
BCO1,1.1842666666666668,0.3935213936231884,3,3,3_3
BCO2,1.058625,0.25990280188405795,2,3,2_3
BCOR,1.0006104166666667,0.03867824635869565,0,1,0_1
BCORL1,1.1685729166666667,0.292174325307971,3,3,3_3
BCR,1.002673611111111,0.029257447109500807,1,0,1_0
BCS1L,0.9732583333333334,0.024925371739130432,0,0,0_0
BDH1,1.0678729166666667,0.11062676657608694,2,2,2_2
BDH2,0.99499375,0.046215121974637674,0,1,0_1
BDKRB1,1.0616458333333334,0.21316915804347827,2,3,2_3
BDKRB2,1.1412583333333333,0.21060131101449275,3,3,3_3
BDNF,1.2007958333333333,0.48705358152173917,3,3,3_3
BDNF-AS,1.036925,0.12861729358695653,2,2,2_2
BDP1,1.0936291666666667,0.11849701968599036,3,2,3_2
BEAN1,1.1200625,0.32035450152173917,3,3,3_3
BECN1,1.0427208333333333,0.07717695623993558,2,1,2_1
BEGAIN,1.1647166666666666,0.22095987014492754,3,3,3_3
BEND2,1.4350916666666667,2.1603213095652167,4,4,4_4
BEND3,0.9891208333333332,0.0371751829710145,0,1,0_1
BEND4,0.9942791666666667,0.08132918097826085,0,2,0_2
BEND5,1.0499625000000001,0.10875016282608697,2,2,2_2
BEND6,1.1089583333333335,0.2482320704347826,3,3,3_3
BEND7,1.1841486111111112,0.4821131536473429,3,3,3_3
BEST1,1.1656791666666668,0.26443245873590987,3,3,3_3
BEST2,1.0349541666666668,1.3564886103623188,2,4,2_4
BEST3,1.0399597222222223,0.1294384381078905,2,2,2_2
BEST4,1.178675,0.49863555594202896,3,3,3_3
BET1,0.9729875,0.012175294565217386,0,0,0_0
BET1L,0.9967979166666666,0.09551599929347827,0,2,0_2
BEX1,1.1162458333333334,0.3706474438405797,3,3,3_3
BEX2,0.9132000000000001,0.045107590869565214,0,1,0_1
BEX3,0.9836583333333332,0.01730704739130435,0,0,0_0
BEX4,1.0487208333333333,0.04071866369565217,2,1,2_1
BEX5,1.3723333333333334,0.9334788357971016,4,4,4_4
BFAR,0.9730833333333333,0.01286987028985507,0,0,0_0
BFSP1,0.9301208333333332,0.16676594775362316,0,2,0_2
BFSP2,1.5614583333333334,1.5655290010144929,4,4,4_4
BFSP2-AS1,1.4483375,0.8495314552576493,4,4,4_4
BGLT3,1.0225916666666668,0.2635914691304348,1,3,1_3
BGN,1.2026513888888888,0.2811639492351047,3,3,3_3
BHLHA15,0.9040374999999999,0.11567818181159421,0,2,0_2
BHLHB9,1.0110458333333334,0.02231634195652174,1,0,1_0
BHLHE22,1.1553166666666668,0.3653923878985507,3,3,3_3
BHLHE23,1.8949666666666667,2.9730803647826085,4,4,4_4
BHLHE40,1.0669875,0.36254271576086955,2,3,2_3
BHLHE41,1.2853395833333334,0.3509528194746377,4,3,4_3
BHMT,2.1821875,7.219694339782609,4,4,4_4
BHMT2,1.2197708333333332,0.3651222377858293,3,3,3_3
BICC1,1.0432479166666666,0.07297927661231884,2,1,2_1
BICD1,1.0329583333333334,0.04052495311191626,2,1,2_1
BICD2,1.44988125,0.8532506145561595,4,4,4_4
BICDL1,1.27185,0.4934178559782609,4,3,4_3
BICDL2,1.0313125,0.09955507963768115,2,2,2_2
BID,0.9873958333333334,0.030887637028985507,0,0,0_0
BIK,1.0478291666666666,0.10477698673913045,2,2,2_2
BIN1,1.0074391666666667,0.026102399110144926,1,0,1_0
BIN2,1.2919333333333334,0.2840016526086956,4,3,4_3
BIN3,1.0005416666666667,0.08095467568840577,0,2,0_2
BIRC2,1.0056458333333333,0.012796217318840586,1,0,1_0
BIRC3,1.1035270833333335,0.15640366994565216,3,2,3_2
BIRC5,1.493521875,0.7503932584193839,4,4,4_4
BIRC6,1.0249041666666667,0.012650455978260871,1,0,1_0
BIRC7,0.9822083333333333,0.3594152208695651,0,3,0_3
BIVM,1.0101250000000002,0.021121016284057968,1,0,1_0
BLACAT1,1.0246833333333334,0.12795034057971016,1,2,1_2
BLCAP,0.9903166666666667,0.033743711594202905,0,0,0_0
BLID,1.2926666666666666,0.8764432334782607,4,4,4_4
BLK,1.2159604166666667,0.38378119117753623,3,3,3_3
BLM,1.07655,0.07335851666666668,2,1,2_1
BLMH,1.0292291666666669,0.02635606673913043,1,0,1_0
BLNK,1.0130708333333334,0.07824303760869566,1,1,1_1
BLOC1S1,1.0237791666666667,0.054623399492753626,1,1,1_1
BLOC1S2,0.9940916666666667,0.042455056521739136,0,1,0_1
BLOC1S3,0.9653645833333333,0.08446412382246377,0,2,0_2
BLOC1S4,1.1390416666666667,0.11858084101449273,3,2,3_2
BLOC1S5-TXNDC5,0.9879791666666667,0.06901702239130435,0,1,0_1
BLOC1S6,1.0263472222222223,0.07999737489533013,1,1,1_1
BLVRA,1.0251700000000001,0.06177562698550725,1,1,1_1
BLVRB,0.9971833333333332,0.11847546333333332,0,2,0_2
BLZF1,1.0351729166666666,0.04270183978260869,2,1,2_1
BMF,1.0207416666666667,0.07282037115942028,1,1,1_1
BMP1,1.5133714285714284,0.32969008694173324,4,3,4_3
BMP10,1.2550000000000001,2.5841636117391302,4,4,4_4
BMP15,1.1068416666666667,0.8225527697101448,3,4,3_4
BMP2,1.0315104166666667,0.20562667900362316,2,3,2_3
BMP2K,1.106086111111111,0.1139357785426731,3,2,3_2
BMP3,2.1475500000000003,4.658897934927537,4,4,4_4
BMP4,1.0173583333333334,0.13706457,1,2,1_2
BMP5,1.07764375,0.11174806038043478,2,2,2_2
BMP6,1.1105916666666666,0.18397776697262477,3,2,3_2
BMP7,1.0999125,0.17626795154891303,3,2,3_2
BMP8A,1.170022222222222,0.4531842255555555,3,3,3_3
BMP8B,1.1151472222222223,0.17146053521739132,3,2,3_2
BMPER,1.2589166666666667,1.0005693160869564,4,4,4_4
BMPR1A,1.0257575,0.03167583725507246,1,0,1_0
BMPR1B,1.0759486111111112,0.13938300828502412,2,2,2_2
BMPR2,1.0232875000000001,0.030895942749597418,1,0,1_0
BMS1,1.0208625,0.02611985398550724,1,0,1_0
BMT2,1.0421333333333334,0.0368213643478261,2,1,2_1
BMX,1.0822041666666666,0.2243336758695652,3,3,3_3
BNC1,1.5053666666666665,0.6626695557608696,4,4,4_4
BNC2,1.1906194444444445,0.15601043862721414,3,2,3_2
BNIP1,1.0476097222222223,0.0733696957890499,2,1,2_1
BNIP2,1.0169041666666665,0.014299521992753625,1,0,1_0
BNIP3,1.0188020833333333,0.03494523346014494,1,0,1_0
BNIP3L,0.9962229166666666,0.01514497418478261,0,0,0_0
BNIPL,1.9548854166666667,1.8797650754891304,4,4,4_4
BOC,0.9935694444444444,0.05660823077294685,0,1,0_1
BOD1,1.0116791666666665,0.013949349202898543,1,0,1_0
BOD1L1,1.0452847222222221,0.028696358446054736,2,0,2_0
BOD1L2,1.0171,0.23657309579710142,1,3,1_3
BOK,1.3052458333333334,0.5884595293840581,4,4,4_4
BOLA1,0.9675916666666667,0.05743457869565217,0,1,0_1
BOLA2,0.9805083333333333,0.04113472028985507,0,1,0_1
BOLA2B,1.09035,0.07437403550724637,3,1,3_1
BOLA3,1.2114958333333334,0.1565242129710145,3,2,3_2
BOLA3-AS1,1.5237187500000002,0.7644180955253624,4,4,4_4
BOLL,1.1831083333333334,0.3943110839130435,3,3,3_3
BORA,1.1830166666666666,0.15190088275362318,3,2,3_2
BORCS5,1.0904458333333333,0.0978199175,3,2,3_2
BORCS6,1.2013,0.1749648048822464,3,2,3_2
BORCS7,1.0512333333333335,0.018177953478260876,2,0,2_0
BORCS8,1.101175,0.0716016025,3,1,3_1
BPESC1,1.4436625000000003,3.741635908913044,4,4,4_4
BPGM,0.9753250000000001,0.0190662068115942,0,0,0_0
BPHL,1.0403083333333334,0.051904409420289864,2,1,2_1
BPIFA1,1.0199916666666666,0.10453224913043478,1,2,1_2
BPIFA2,1.2942083333333334,0.5853195720289855,4,4,4_4
BPIFA3,1.3906124999999998,1.5513117184782608,4,4,4_4
BPIFB1,1.0271541666666668,0.09545332760869565,1,2,1_2
BPIFB2,0.8888250000000001,0.1334506172463768,0,2,0_2
BPIFB4,1.6933166666666668,2.2101401720289853,4,4,4_4
BPIFB6,1.4368499999999997,1.155538263478261,4,4,4_4
BPIFC,1.3506875,1.7250771389130435,4,4,4_4
BPNT1,1.0285555555555554,0.05914848326892109,1,1,1_1
BPTF,1.0208891666666666,0.018249381730434788,1,0,1_0
BPY2,1.3112208333333333,1.385601516304348,4,4,4_4
BRAF,1.0184125,0.029180074726247986,1,0,1_0
BRAP,0.995528125,0.015436277060688404,0,0,0_0
BRAT1,0.9379083333333332,0.1911813386956522,0,3,0_3
BRCA1,0.9827145833333333,0.07046797342391305,0,1,0_1
BRCA2,1.0391208333333335,0.2439131285144928,2,3,2_3
BRCC3,0.9810916666666666,0.023297497599637677,0,0,0_0
BRD1,1.0241583333333333,0.01723851644927536,1,0,1_0
BRD2,1.0068041666666667,0.036836703776167476,1,1,1_1
BRD3,1.0259319444444444,0.05202362812399355,1,1,1_1
BRD4,1.0699303571428571,0.04189734422508133,2,1,2_1
BRD7,1.0288770833333334,0.021001843297101454,1,0,1_0
BRD8,1.017090277777778,0.09205487356682769,1,2,1_2
BRD9,0.9854541666666666,0.024656589782608696,0,0,0_0
BRDT,2.0257583333333335,5.428551418985507,4,4,4_4
BRF1,1.1606249999999998,0.21596909774456524,3,3,3_3
BRF2,1.051489583333333,0.06464687125,2,1,2_1
BRI3,1.0065,0.031101816050724634,1,0,1_0
BRI3BP,1.0544666666666667,0.028580610869565225,2,0,2_0
BRICD5,1.0568291666666667,0.11443874253623192,2,2,2_2
BRINP1,1.1933958333333334,0.18013258518115943,3,2,3_2
BRINP2,1.6897416666666665,4.056887856086957,4,4,4_4
BRINP3,1.0894833333333331,0.562646942173913,3,4,3_4
BRIP1,1.1988375,0.5027935323550724,3,3,3_3
BRIX1,0.9784916666666668,0.02489362623188406,0,0,0_0
BRK1,1.0816187499999999,0.09421091458333332,3,2,3_2
BRMS1,0.9948916666666667,0.0853169215942029,0,2,0_2
BRMS1L,1.0563375,0.04805112105072464,2,1,2_1
BROX,1.0234777777777777,0.022032250933977454,1,0,1_0
BRPF1,1.00125,0.0462660479710145,1,1,1_1
BRPF3,1.5704180555555556,0.7981892641304347,4,4,4_4
BRS3,1.2948895833333334,0.5370376592210145,4,4,4_4
BRSK1,1.0637833333333333,0.19454815782608698,2,3,2_3
BRSK2,2.0993145833333333,4.711276838315217,4,4,4_4
BRWD1,1.0083890625,0.018192492664175722,1,0,1_0
BRWD3,1.0254083333333333,0.021006948647342986,1,0,1_0
BSDC1,1.3286555555555557,0.4835299709339775,4,3,4_3
BSG,1.0002666666666666,0.11736721188405794,0,2,0_2
BSN,1.4214083333333336,1.3542955046376814,4,4,4_4
BSND,1.384025,0.9288104892109502,4,4,4_4
BSPRY,1.0006083333333333,0.065985695,0,1,0_1
BST1,1.1830375,0.3037499941304348,3,3,3_3
BST2,1.1793208333333334,0.5667746706521739,3,4,3_4
BTAF1,1.0366083333333334,0.014404233188405799,2,0,2_0
BTBD1,1.028075,0.015751792318840583,1,0,1_0
BTBD10,1.0121624999999999,0.014978123405797102,1,0,1_0
BTBD11,1.03400625,0.06170995682971015,2,1,2_1
BTBD16,1.6766416666666666,2.429333838985507,4,4,4_4
BTBD17,1.4082416666666668,1.1108939643478262,4,4,4_4
BTBD18,1.1491,0.4188280626086956,3,3,3_3
BTBD19,1.1265104166666668,0.14113218581521741,3,2,3_2
BTBD2,1.0151958333333335,0.07024736384057971,1,1,1_1
BTBD3,1.0569958333333334,0.028958586014492752,2,0,2_0
BTBD6,1.0043625,0.023597063260869567,1,0,1_0
BTBD7,1.048285,0.026163227159420294,2,0,2_0
BTBD8,1.1798208333333333,0.27753883427536236,3,3,3_3
BTBD9,1.7288072916666668,0.7470192597961957,4,4,4_4
BTC,1.1071625,0.07566058184782608,3,1,3_1
BTD,0.9912708333333334,0.021602578804347822,0,0,0_0
BTF3,0.9652156249999999,0.03381387634510869,0,0,0_0
BTF3L4,1.005495,0.020649221942028985,1,0,1_0
BTG1,1.1059305555555556,0.08315603687600644,3,2,3_2
BTG2,1.0906666666666667,0.25702075565217386,3,3,3_3
BTG3,1.029934375,0.022625267975543466,1,0,1_0
BTG4,1.3828375,1.9019166332971016,4,4,4_4
BTK,1.0522291666666668,0.17943260195652175,2,2,2_2
BTLA,1.0136041666666669,0.09778085775362319,1,2,1_2
BTN1A1,1.2240583333333332,0.587318505652174,3,4,3_4
BTN2A1,1.0072937499999999,0.03861744213768116,1,1,1_1
BTN2A2,1.260588888888889,0.20713418309178747,4,3,4_3
BTN3A1,1.0412666666666668,0.05380048173913043,2,1,2_1
BTN3A2,1.0719527777777778,0.15330384702093397,2,2,2_2
BTN3A3,1.2156041666666668,0.24242058282608694,3,3,3_3
BTNL2,2.074125,5.107228752318841,4,4,4_4
BTNL3,0.9372875,0.2947572797826087,0,3,0_3
BTNL8,1.1688083333333334,0.8612416334782608,3,4,3_4
BTNL9,1.2770841666666668,0.49168246173043484,4,3,4_3
BTRC,1.4907583333333332,0.3386388264753623,4,3,4_3
BUB1,1.2276341666666666,0.18704686662898548,3,2,3_2
BUB1B,1.2441375000000001,0.4156663176086956,4,3,4_3
BUB3,1.0186708333333334,0.007899086332528183,1,0,1_0
BUD13,0.9774750000000001,0.03582717898550724,0,0,0_0
BUD31,1.4388395833333334,0.731803645597826,4,4,4_4
BVES,1.2100833333333334,0.2989477589492754,3,3,3_3
BVES-AS1,1.0813666666666666,0.37278566782608696,3,3,3_3
BYSL,0.99955,0.06565246942028988,0,1,0_1
BZW1,1.0260395833333333,0.019068353351449276,1,0,1_0
BZW2,1.02095,0.01271429028985507,1,0,1_0
C10orf113,1.7762916666666666,2.6210666937681153,4,4,4_4
C10orf25,1.1363458333333334,0.2875271789130435,3,3,3_3
C10orf53,1.0508145833333333,0.30447784907608694,2,3,2_3
C10orf55,1.0082625,0.49897526253623187,1,3,1_3
C10orf62,1.4811458333333334,1.6159265944202896,4,4,4_4
C10orf67,1.1234263888888887,0.1565389119243156,3,2,3_2
C10orf71,1.783475,2.879972686811594,4,4,4_4
C10orf71-AS1,0.9811249999999999,0.11371716695652175,0,2,0_2
C10orf82,1.2958625,1.1312467536956523,4,4,4_4
C10orf88,1.0131708333333334,0.0238324204710145,1,0,1_0
C10orf90,1.2099861111111112,0.3695473589371981,3,3,3_3
C10orf91,0.9539291666666667,0.31053011152173915,0,3,0_3
C10orf95,1.0183708333333332,0.16346219427536232,1,2,1_2
C10orf99,1.6931270833333336,6.718874504184785,4,4,4_4
C11orf1,1.0340854166666666,0.045580385443840576,2,1,2_1
C11orf16,1.1708791666666667,0.46466822630434795,3,3,3_3
C11orf21,1.04064375,0.19257875201086955,2,3,2_3
C11orf24,1.027825,0.052691801195652185,1,1,1_1
C11orf40,0.6982166666666667,0.6578374710144927,0,4,0_4
C11orf42,1.7014166666666668,2.4398246355072466,4,4,4_4
C11orf44,1.8964333333333334,5.309578887391304,4,4,4_4
C11orf45,1.0094791666666667,0.085195415,1,2,1_2
C11orf49,1.1055833333333334,0.32321945380434786,3,3,3_3
C11orf53,2.3606916666666664,6.115986814927537,4,4,4_4
C11orf54,0.9892402777777778,0.028575658945249594,0,0,0_0
C11orf58,0.9818333333333333,0.01593469723478261,0,0,0_0
C11orf65,1.0661166666666666,0.21260729550724636,2,3,2_3
C11orf68,1.0262666666666667,0.013466525652173914,1,0,1_0
C11orf71,0.9894416666666667,0.05084010090579709,0,1,0_1
C11orf72,1.9891541666666666,2.826914873115942,4,4,4_4
C11orf74,0.9583625000000001,0.06035454572463768,0,1,0_1
C11orf80,0.9982687499999999,0.03846114335144928,0,1,0_1
C11orf86,1.7913208333333335,2.679159387753623,4,4,4_4
C11orf87,1.6887138888888888,0.8814669395008051,4,4,4_4
C11orf88,1.0586458333333335,0.39070649065217394,2,3,2_3
C11orf94,1.1664208333333332,0.7518507754347826,3,4,3_4
C11orf95,1.51800625,1.2245359469746377,4,4,4_4
C11orf96,1.2384458333333332,0.8291430531521738,3,4,3_4
C11orf97,1.0322,0.34092252420289854,2,3,2_3
C11orf98,1.0299875,0.06253558847826086,1,1,1_1
C12orf10,1.0062291666666667,0.09894753586956521,1,2,1_2
C12orf29,1.00144375,0.017132714945652164,1,0,1_0
C12orf4,1.0096520833333333,0.019681568315217394,1,0,1_0
C12orf40,1.4425937500000001,1.1885864954891303,4,4,4_4
C12orf42,1.3970875000000003,0.7580071774275363,4,4,4_4
C12orf43,1.0151416666666666,0.02133724217391305,1,0,1_0
C12orf45,1.0267249999999999,0.05548425304347826,1,1,1_1
C12orf49,1.0198858333333334,0.03114559651304347,1,0,1_0
C12orf50,0.7707666666666667,0.8193974618840582,0,4,0_4
C12orf54,1.1462402777777776,0.3639543973188406,3,3,3_3
C12orf56,1.2018791666666668,0.6428331273188406,3,4,3_4
C12orf57,1.1112791666666666,0.3122879493478261,3,3,3_3
C12orf60,1.0451083333333333,0.06403687351449275,2,1,2_1
C12orf65,1.0102305555555555,0.05682591790660226,1,1,1_1
C12orf66,0.9849791666666666,0.0315027859983897,0,0,0_0
C12orf73,0.9799625000000001,0.014922269239130436,0,0,0_0
C12orf74,1.8714625,4.976846813985508,4,4,4_4
C12orf75,1.09585,0.2688272739130435,3,3,3_3
C12orf76,1.7154479166666665,1.2314283979891305,4,4,4_4
C12orf77,2.1101541666666663,4.923774110652173,4,4,4_4
C12orf80,1.7239104166666668,0.9720688065760869,4,4,4_4
C14orf119,1.0066375,0.010909755000000007,1,0,1_0
C14orf132,1.1926645833333334,0.2484464610326087,3,3,3_3
C14orf178,0.778325,0.22200046884057972,0,3,0_3
C14orf180,2.0039208333333334,3.317189042028986,4,4,4_4
C14orf28,1.0101375,0.023175876014492756,1,0,1_0
C14orf39,0.9614333333333333,0.07334084594202898,0,1,0_1
C14orf93,1.01565,0.04315292536231884,1,1,1_1
C15orf32,1.0554,1.0527898271014495,2,4,2_4
C15orf38-AP3S2,1.0133305555555554,0.029333878502415468,1,0,1_0
C15orf39,1.0137652777777777,0.06522992971819645,1,1,1_1
C15orf40,1.0011375,0.051918495398550715,0,1,0_1
C15orf41,0.9820833333333333,0.0593727985990338,0,1,0_1
C15orf48,1.8709416666666667,2.7738198697101453,4,4,4_4
C15orf54,0.9862000000000001,0.48423162014492754,0,3,0_3
C15orf59,1.0392,0.23279869539855072,2,3,2_3
C15orf61,1.0218041666666666,0.035961511521739126,1,0,1_0
C15orf62,1.03063125,0.127363409692029,2,2,2_2
C15orf65,1.0093625,0.06309719847826088,1,1,1_1
C16orf45,1.0131666666666668,0.05171239844202898,1,1,1_1
C16orf46,1.4513666666666667,0.7368778598188406,4,4,4_4
C16orf54,0.9593291666666667,0.06934479775362319,0,1,0_1
C16orf58,0.9868930555555555,0.061164963647342974,0,1,0_1
C16orf70,0.9364708333333334,0.07530624713768119,0,1,0_1
C16orf71,1.1476083333333336,0.4483604975362319,3,3,3_3
C16orf72,1.1206130952380953,0.04532186987577639,3,1,3_1
C16orf74,0.8985916666666668,0.2346959331884058,0,3,0_3
C16orf78,0.7251208333333334,0.5718456154347827,0,4,0_4
C16orf82,0.7239249999999999,0.08645567347826087,0,2,0_2
C16orf86,1.113575,0.20613941420289852,3,3,3_3
C16orf87,1.0281354166666665,0.14412450161231885,1,2,1_2
C16orf89,1.269975,0.4058516924637681,4,3,4_3
C16orf91,0.9903624999999999,0.04463676572463767,0,1,0_1
C16orf92,0.97405,0.20796516507246376,0,3,0_3
C16orf95,1.0427986111111112,0.0917208928904992,2,2,2_2
C17orf100,1.0404458333333333,0.06106897717391304,2,1,2_1
C17orf47,1.581308333333333,2.1814195282608693,4,4,4_4
C17orf50,1.1262458333333332,0.5958618142753622,3,4,3_4
C17orf51,1.156803125,0.1202013714990942,3,2,3_2
C17orf53,1.7697,1.9479648085507246,4,4,4_4
C17orf58,1.037225,0.030716931449275366,2,0,2_0
C17orf64,0.9794458333333335,0.1401446936956522,0,2,0_2
C17orf67,1.0556416666666666,0.10099693347826087,2,2,2_2
C17orf75,1.0133625000000002,0.036654666594202905,1,1,1_1
C17orf77,1.0463791666666664,0.23731889108695653,2,3,2_3
C17orf78,1.4435624999999999,2.2563023029710143,4,4,4_4
C17orf80,1.3615527777777778,0.47380337930756833,4,3,4_3
C17orf82,0.9862291666666666,0.25503515572463764,0,3,0_3
C17orf97,1.0567541666666667,0.18434929673913042,2,2,2_2
C17orf98,1.5545291666666667,4.067673693405797,4,4,4_4
C17orf99,1.7001875,1.8165828907971013,4,4,4_4
C18orf21,1.2131062499999998,0.4132286466485507,3,3,3_3
C18orf25,1.0401697916666668,0.08856797606431159,2,2,2_2
C18orf54,1.0500025,0.08510376680869565,2,2,2_2
C19orf12,0.9823749999999999,0.012914230322061192,0,0,0_0
C19orf18,1.0622458333333336,0.07091189268115941,2,1,2_1
C19orf24,1.0716916666666665,0.16811592449275364,2,2,2_2
C19orf25,0.9496375,0.045340246847826095,0,1,0_1
C19orf33,1.2758583333333335,0.6934423873913044,4,4,4_4
C19orf44,1.0363916666666666,0.06711416971014492,2,1,2_1
C19orf47,1.20533125,0.3648187532789855,3,3,3_3
C19orf53,1.0925791666666667,0.1326422729710145,3,2,3_2
C19orf54,0.9868291666666668,0.02693103471014493,0,0,0_0
C19orf57,1.0050458333333334,0.31039994760869566,1,3,1_3
C19orf66,1.0243805555555554,0.051244350966183565,1,1,1_1
C19orf70,1.0469833333333334,0.10642162115942029,2,2,2_2
C19orf73,0.9827333333333333,0.4560275582608696,0,3,0_3
C19orf81,1.275275,1.3747474586956523,4,4,4_4
C19orf84,1.19195,1.191332739710145,3,4,3_4
C1D,1.0037916666666666,0.029517457536231882,1,0,1_0
C1GALT1,1.054538888888889,0.04247922874396133,2,1,2_1
C1GALT1C1,1.0119020833333332,0.017468326902173918,1,0,1_0
C1GALT1C1L,1.0582166666666668,0.11833590971014492,2,2,2_2
C1QA,1.5525375,1.5242650057246379,4,4,4_4
C1QB,1.8282291666666668,2.4663736721014495,4,4,4_4
C1QBP,1.0013020833333333,0.013355603931159416,1,0,1_0
C1QC,1.5711166666666667,1.5631425995652173,4,4,4_4
C1QL1,0.9370791666666666,0.35909797384057973,0,3,0_3
C1QTNF1,1.2044604166666666,0.3814181306702899,3,3,3_3
C1QTNF1-AS1,1.0439625,0.386944643115942,2,3,2_3
C1QTNF2,1.0340791666666667,0.6725513476086957,2,4,2_4
C1QTNF3,1.14816875,0.2822853409963768,3,3,3_3
C1QTNF3-AMACR,1.0590319444444445,0.05844735847826087,2,1,2_1
C1QTNF4,1.8025083333333332,2.3493543336231886,4,4,4_4
C1QTNF5,1.5884958333333337,1.0843363679347826,4,4,4_4
C1QTNF6,1.09166875,0.17058882494565217,3,2,3_2
C1QTNF7,1.1642375,0.3227533767028985,3,3,3_3
C1QTNF9B,1.1693833333333332,0.6286439292753624,3,4,3_4
C1R,1.5102,0.59560077,4,4,4_4
C1RL,1.1283333333333334,0.1011631204710145,3,2,3_2
C1RL-AS1,0.9675125000000001,0.059745080434782605,0,1,0_1
C1S,1.256775,0.26144990369565213,4,3,4_3
C1orf100,1.3989,1.3165844842028986,4,4,4_4
C1orf105,1.5788624999999998,1.4698897341304349,4,4,4_4
C1orf109,0.9895291666666667,0.030220493840579715,0,0,0_0
C1orf112,0.9811874999999999,0.026169152246376802,0,0,0_0
C1orf115,1.6115062500000004,1.3082147260326087,4,4,4_4
C1orf116,0.959375,0.1102631495652174,0,2,0_2
C1orf122,1.0362458333333333,0.0742261794927536,2,1,2_1
C1orf123,1.0121208333333334,0.051221060217391305,1,1,1_1
C1orf127,1.0052291666666668,0.24152215949275363,1,3,1_3
C1orf131,0.9616791666666668,0.03423124311594204,0,0,0_0
C1orf158,1.0039125,0.280751403115942,1,3,1_3
C1orf159,1.0672833333333331,0.22132220492753618,2,3,2_3
C1orf162,1.2730125,0.22492344181159418,4,3,4_3
C1orf167,1.0137916666666669,0.19432824130434784,1,3,1_3
C1orf174,1.04749375,0.08991954980072464,2,2,2_2
C1orf194,1.04725,0.24865827101449273,2,3,2_3
C1orf198,1.00235,0.11241533681159421,1,2,1_2
C1orf21,1.1459866666666667,0.19052150607536233,3,2,3_2
C1orf210,1.2755124999999998,0.5118780829710146,4,3,4_3
C1orf216,1.0623625,0.09105917992753623,2,2,2_2
C1orf220,1.1879791666666666,0.7267133803623189,3,4,3_4
C1orf226,1.0504208333333334,0.05257615181159421,2,1,2_1
C1orf35,1.0269666666666668,0.05591888246376812,1,1,1_1
C1orf43,1.012775,0.04062939247987118,1,1,1_1
C1orf50,1.0136916666666667,0.033248890289855074,1,0,1_0
C1orf52,0.9893708333333334,0.01615439061594203,0,0,0_0
C1orf53,1.0058604166666667,0.21656492023550725,1,3,1_3
C1orf54,1.1069458333333333,0.14527055775362321,3,2,3_2
C1orf56,1.0187166666666667,0.07503128463768116,1,1,1_1
C1orf61,1.4125989583333334,0.4475998947418479,4,3,4_3
C1orf68,1.4527520833333334,0.9384739977355074,4,4,4_4
C1orf74,1.1306874999999998,0.16944558550724637,3,2,3_2
C1orf87,1.1698750000000002,0.44374319057971023,3,3,3_3
C1orf94,2.6565291666666666,6.329979838188406,4,4,4_4
C2,0.9987229166666666,0.12240882940217392,0,2,0_2
C20orf141,1.0874208333333333,0.22922262804347823,3,3,3_3
C20orf144,1.1688625000000001,1.297344916014493,3,4,3_4
C20orf173,1.8973875,6.31888682152174,4,4,4_4
C20orf187,1.1264333333333332,1.6153133201449277,3,4,3_4
C20orf194,1.0472395833333332,0.06409714686594203,2,1,2_1
C20orf197,1.4209333333333334,0.5712482853985507,4,4,4_4
C20orf202,1.0676583333333334,0.21503870076086953,2,3,2_3
C20orf203,1.0180395833333333,0.1309347130978261,1,2,1_2
C20orf27,0.9721729166666667,0.03262828407608696,0,0,0_0
C20orf85,1.2640125,0.5588763290579709,4,4,4_4
C20orf96,1.1232416666666667,0.12285474028985509,3,2,3_2
C21orf2,1.1764791666666667,0.20701376554421771,3,3,3_3
C21orf58,1.2744965277777778,0.3311891613224638,4,3,4_3
C21orf62,1.28098125,0.5889691544746377,4,4,4_4
C21orf62-AS1,1.4526770833333333,0.9456814887500001,4,4,4_4
C21orf91,1.0156645833333333,0.04261964846014494,1,1,1_1
C21orf91-OT1,1.1491312500000002,0.2733677826630435,3,3,3_3
C22orf15,1.2808270833333333,0.6655012332427538,4,4,4_4
C22orf23,1.1829041666666666,0.5639782184782609,3,4,3_4
C22orf31,1.0219,0.09951114797101449,1,2,1_2
C22orf34,1.0941124999999998,0.20458720315217396,3,3,3_3
C22orf39,1.0035520833333333,0.005514818496376811,1,0,1_0
C22orf42,1.3774375,1.581658751594203,4,4,4_4
C22orf46,0.9625625000000001,0.03809953746376811,0,1,0_1
C2CD2,0.9774458333333333,0.026995486014492743,0,0,0_0
C2CD2L,1.07618125,0.12630181443840577,2,2,2_2
C2CD3,1.2299364583333332,0.2641584151766304,3,3,3_3
C2CD4A,1.569025,2.3192417250724633,4,4,4_4
C2CD4B,1.1875166666666666,0.22352693420289854,3,3,3_3
C2CD4C,1.198425,0.7945609517391304,3,4,3_4
C2CD5,0.9945750000000001,0.020154065652173914,0,0,0_0
C2orf15,1.106975,0.14584655782608696,3,2,3_2
C2orf16,1.0386625,0.562032376884058,2,4,2_4
C2orf40,1.0102291666666667,0.17090983239130433,1,2,1_2
C2orf42,1.0043583333333332,0.025999375797101446,1,0,1_0
C2orf49,1.0540722222222223,0.03184815721417069,2,0,2_0
C2orf50,0.9086666666666666,0.3549659517391305,0,3,0_3
C2orf54,1.0489583333333332,0.2894898642028985,2,3,2_3
C2orf68,0.9891635416666666,0.024521367359601448,0,0,0_0
C2orf69,1.04855625,0.020147840018115946,2,0,2_0
C2orf70,0.9674833333333334,0.13356222014492755,0,2,0_2
C2orf71,2.062725,6.580851542608697,4,4,4_4
C2orf72,1.1103444444444446,0.20495775801932364,3,3,3_3
C2orf73,1.1141416666666666,0.526457465942029,3,3,3_3
C2orf74,1.0527083333333334,0.08431242043478261,2,2,2_2
C2orf76,0.9502875,0.03447675152173913,0,0,0_0
C2orf80,0.9252958333333335,0.4983121615217391,0,3,0_3
C2orf81,1.1495375,0.31195345224637683,3,3,3_3
C2orf83,1.7756291666666666,2.706068495869565,4,4,4_4
C2orf88,0.9886666666666667,0.053813592355072465,0,1,0_1
C3,1.0586875,0.4272559054347827,2,3,2_3
C3AR1,1.2851083333333333,0.4559401797101449,4,3,4_3
C3orf14,0.9708354166666666,0.057698359764492745,0,1,0_1
C3orf18,1.0247791666666668,0.03100028528985508,1,0,1_0
C3orf20,1.8553583333333334,2.0973949442028985,4,4,4_4
C3orf22,1.7592791666666665,2.05102816384058,4,4,4_4
C3orf30,1.277275,0.8906917355072462,4,4,4_4
C3orf33,1.0757708333333333,0.12075173992753621,2,2,2_2
C3orf36,1.2866375,1.1530336110869566,4,4,4_4
C3orf38,1.0339177083333333,0.06597743425271739,2,1,2_1
C3orf49,0.9562166666666666,0.2003184128985507,0,3,0_3
C3orf52,1.0138791666666667,0.0641628806884058,1,1,1_1
C3orf56,1.4769583333333334,2.771699454927536,4,4,4_4
C3orf58,1.0938708333333333,0.083799483921095,3,2,3_2
C3orf62,1.0231333333333332,0.5782545650724638,1,4,1_4
C3orf67,1.0134666666666667,0.21006803652173914,1,3,1_3
C3orf70,1.0215604166666667,0.12634204106884056,1,2,1_2
C3orf79,0.808125,0.40667240028985513,0,3,0_3
C3orf80,1.1203916666666667,0.4289811994202899,3,3,3_3
C4BPA,1.1105625000000001,0.6998228754347827,3,4,3_4
C4BPB,1.0802958333333335,0.19510134413043478,2,3,2_3
C4orf17,1.1032250000000001,0.4123966920289855,3,3,3_3
C4orf19,1.0150041666666667,0.08512244322463769,1,2,1_2
C4orf3,1.0618611111111111,0.06388625447665054,2,1,2_1
C4orf33,1.1850277777777778,0.20505182024154586,3,3,3_3
C4orf36,1.0626416666666667,0.5204045882608695,2,3,2_3
C4orf45,2.2475625,5.0843454900724625,4,4,4_4
C4orf46,1.0091,0.020027721690821267,1,0,1_0
C4orf47,1.0144479166666667,0.15246953614130435,1,2,1_2
C4orf48,0.9700708333333333,0.03699345210144927,0,1,0_1
C5,1.0047041666666667,0.05590349688405796,1,1,1_1
C5AR1,1.0885916666666666,0.1899264520289855,3,2,3_2
C5AR2,1.0891208333333333,0.5762524689130436,3,4,3_4
C5orf15,1.01055625,0.048908048242753625,1,1,1_1
C5orf17,1.1198208333333333,1.2301441054347824,3,4,3_4
C5orf22,0.9873347222222223,0.04356145326086957,0,1,0_1
C5orf24,1.0576590277777778,0.04546668424516908,2,1,2_1
C5orf30,1.0656375,0.14245802891304346,2,2,2_2
C5orf34,1.0008,0.08665651434782609,0,2,0_2
C5orf46,1.3112958333333333,0.6021881325362319,4,4,4_4
C5orf47,1.29673125,0.6271079097644928,4,4,4_4
C5orf49,1.046075,0.3036509913043478,2,3,2_3
C5orf51,1.05013125,0.16363722023550725,2,2,2_2
C5orf58,1.0170291666666667,0.07602971152173914,1,1,1_1
C5orf63,0.9983083333333335,0.02450293347826087,0,0,0_0
C5orf66,1.0288041666666667,0.18494140760869565,1,2,1_2
C5orf66-AS1,0.9873458333333334,0.1698013870289855,0,2,0_2
C6,2.058570833333333,9.372035206304348,4,4,4_4
C6orf10,1.3926458333333336,3.0704496493478266,4,4,4_4
C6orf106,1.1174958333333331,0.1290576355152979,3,2,3_2
C6orf118,1.2079791666666668,0.3261495586231884,3,3,3_3
C6orf120,1.010825,0.0059213455797101425,1,0,1_0
C6orf132,1.0349437499999998,0.05509254088768116,2,1,2_1
C6orf136,0.9850583333333333,0.044340962572463775,0,1,0_1
C6orf141,1.0444770833333334,0.1848351449094203,2,2,2_2
C6orf15,1.1635083333333334,0.7256178866666668,3,4,3_4
C6orf163,1.0624583333333335,0.0966127192753623,2,2,2_2
C6orf201,1.0635208333333332,0.2523973384782609,2,3,2_3
C6orf203,1.0466458333333335,0.012957567173913043,2,0,2_0
C6orf223,0.9957875,0.12662948996376813,0,2,0_2
C6orf226,1.0259708333333333,0.14434205471014494,1,2,1_2
C6orf47,1.0321,0.05726271782608697,2,1,2_1
C6orf48,1.0658416666666668,0.14764866913043476,2,2,2_2
C6orf52,1.0546805555555556,0.11503300574879226,2,2,2_2
C6orf58,0.9244,0.1195938231521739,0,2,0_2
C6orf62,0.9837986111111112,0.014660923325281804,0,0,0_0
C6orf89,0.9981008333333333,0.029335926513043474,0,0,0_0
C6orf99,1.1387875,0.22635032659420287,3,3,3_3
C7,1.2782,0.6162948423913044,4,4,4_4
C7orf25,0.9632437499999998,0.01250803893115942,0,0,0_0
C7orf26,1.0225375,0.10079021702898552,1,2,1_2
C7orf31,1.0008666666666668,0.022786432028985507,0,0,0_0
C7orf33,1.6328166666666668,3.0228716326086955,4,4,4_4
C7orf43,1.0372125,0.1016563734057971,2,2,2_2
C7orf50,1.0278375,0.08951436136070853,1,2,1_2
C7orf55-LUC7L2,1.0134333333333334,0.019229762383252816,1,0,1_0
C7orf57,0.9332625,0.1995648700724638,0,3,0_3
C7orf61,1.009083333333333,0.10105226072463767,1,2,1_2
C7orf69,0.9614041666666667,0.397265982826087,0,3,0_3
C7orf71,1.285775,0.6480045413043477,4,4,4_4
C7orf77,1.2483958333333334,1.018240700217391,4,4,4_4
C8A,2.2926958333333336,5.92263298978261,4,4,4_4
C8B,1.5052125,1.9278884974637678,4,4,4_4
C8G,1.0202083333333334,0.5008887134782609,1,3,1_3
C8orf33,1.0227291666666665,0.02646476869565217,1,0,1_0
C8orf34,1.0848645833333332,0.20043814161231882,3,3,3_3
C8orf34-AS1,0.9730333333333334,0.19512317463768114,0,3,0_3
C8orf37,0.9985791666666666,0.02975461384057971,0,0,0_0
C8orf44,0.9528291666666667,0.12031488108695652,0,2,0_2
C8orf48,1.0363916666666666,0.09192932999999999,2,2,2_2
C8orf49,1.063325,0.8144777221739131,2,4,2_4
C8orf58,1.2745541666666667,0.33591970626811596,4,3,4_3
C8orf59,1.0499583333333333,0.03604083048309178,2,0,2_0
C8orf74,1.0026875000000002,0.08824654380434781,1,2,1_2
C8orf76,1.0122833333333334,0.022335419275362322,1,0,1_0
C8orf82,1.0501166666666666,0.06284781173913044,2,1,2_1
C8orf88,1.0201104166666666,0.11140436523550724,1,2,1_2
C9,1.3416416666666666,3.4482863524637684,4,4,4_4
C9orf116,1.0813833333333334,0.30602103800724634,3,3,3_3
C9orf131,1.3946458333333336,1.0592951389130434,4,4,4_4
C9orf135,1.1247479166666665,0.26466624182971016,3,3,3_3
C9orf152,0.8900041666666668,0.05381451644927537,0,1,0_1
C9orf16,1.0708489583333334,0.09828549730525361,2,2,2_2
C9orf163,1.0802291666666666,0.2286412363043478,2,3,2_3
C9orf24,1.08335,0.39302379492753625,3,3,3_3
C9orf3,1.0586239583333332,0.03608127608242754,2,0,2_0
C9orf40,1.1348895833333332,0.05597618190217392,3,1,3_1
C9orf41-AS1,2.2411958333333333,4.874126552391304,4,4,4_4
C9orf43,1.0861958333333332,0.10915014514492756,3,2,3_2
C9orf47,1.05776875,0.14915876635869568,2,2,2_2
C9orf50,1.7400375,2.4357359561594203,4,4,4_4
C9orf57,0.9991166666666667,0.45573654753623183,0,3,0_3
C9orf62,1.0642083333333334,0.17547488188405796,2,2,2_2
C9orf64,0.960625,0.05114401510869566,0,1,0_1
C9orf66,1.1867354166666668,0.4220525384963769,3,3,3_3
C9orf72,1.0022013888888888,0.12182744931561997,1,2,1_2
C9orf78,0.9811708333333332,0.01894426007246377,0,0,0_0
C9orf84,1.026075,0.16100488358695653,1,2,1_2
C9orf85,0.9884236111111111,0.06045336575684381,0,1,0_1
CA1,1.3271458333333332,0.7312189203623187,4,4,4_4
CA10,1.0669312499999999,0.14424714570652172,2,2,2_2
CA11,0.9949124999999999,0.11801507369565216,0,2,0_2
CA12,1.1163517857142857,0.16767093177018635,3,2,3_2
CA14,0.9952624999999999,0.22389918572463766,0,3,0_3
CA2,0.9335416666666667,0.12915730739130438,0,2,0_2
CA3,1.1728250000000002,0.21817625637681157,3,3,3_3
CA4,1.0130729166666665,0.2162099464673913,1,3,1_3
CA5A,2.2189083333333337,2.591037313188406,4,4,4_4
CA5B,1.0013958333333333,0.05989273956521737,1,1,1_1
CA6,1.6993312500000002,2.32293399432971,4,4,4_4
CA7,2.1108208333333334,4.801259470942029,4,4,4_4
CA8,1.2162958333333334,0.20828563020128824,3,3,3_3
CA9,1.7515958333333332,2.0350051023913043,4,4,4_4
CAAP1,1.0096055555555556,0.036417618695652174,1,1,1_1
CAB39,0.9900083333333334,0.009219782499999999,0,0,0_0
CAB39L,1.0176444444444444,0.07140049355877616,1,1,1_1
CABIN1,1.0728354166666667,0.06482254211956523,2,1,2_1
CABLES1,0.9803111111111112,0.058910703043478264,0,1,0_1
CABLES2,1.0563375,0.04137230862318841,2,1,2_1
CABP1,0.9750055555555557,0.10610456822866345,0,2,0_2
CABP2,0.9268583333333335,0.22652776478260872,0,3,0_3
CABP4,1.4185680555555555,0.6943172133091788,4,4,4_4
CABP5,1.09105,1.994606072898551,3,4,3_4
CABP7,0.9770020833333334,0.09217952346014494,0,2,0_2
CABS1,1.6195874999999997,1.6729658936956517,4,4,4_4
CABYR,0.9984791666666665,0.06100453478260867,0,1,0_1
CACFD1,1.0174520833333334,0.031714006431159424,1,0,1_0
CACHD1,1.0338395833333334,0.036334823713768116,2,1,2_1
CACNA1B,1.6677708333333332,2.0371720330072463,4,4,4_4
CACNA1C,1.1143510416666667,0.17429096190670287,3,2,3_2
CACNA1D,1.0250583333333332,0.15783366479166663,1,2,1_2
CACNA1E,1.2585895833333334,0.5288024314995975,4,3,4_3
CACNA1F,2.0369875,4.86752229094203,4,4,4_4
CACNA1G,1.1678091666666666,0.11706513262898556,3,2,3_2
CACNA1G-AS1,1.1298000000000001,0.3450640526086957,3,3,3_3
CACNA1H,2.1571479166666667,1.952785374148551,4,4,4_4
CACNA1I,1.723077777777778,1.474494409581321,4,4,4_4
CACNA1S,1.4477375,1.4080196632608695,4,4,4_4
CACNA2D1,1.1705270833333332,0.33584757719202896,3,3,3_3
CACNA2D2,1.0106166666666667,0.07060718275362318,1,1,1_1
CACNA2D3,1.1829583333333333,0.31422411492753627,3,3,3_3
CACNA2D4,1.0902354166666666,0.12986003440217392,3,2,3_2
CACNB1,0.9583180555555556,0.09010583834943638,0,2,0_2
CACNB2,1.0399208333333334,0.08338464361916265,2,2,2_2
CACNB3,1.0305770833333334,0.04428639726449277,2,1,2_1
CACNB4,1.2135166666666668,0.38670087641304346,3,3,3_3
CACNG1,1.0326583333333332,0.27092905579710147,2,3,2_3
CACNG2,1.1046958333333334,0.22435840307971017,3,3,3_3
CACNG3,1.46845,1.2010275360869564,4,4,4_4
CACNG4,1.8777083333333333,1.5008557804347824,4,4,4_4
CACNG5,1.1935625,0.6639910469927537,3,4,3_4
CACNG6,0.9794229166666666,0.08920898425724637,0,2,0_2
CACNG7,1.15375,0.5345027430434782,3,3,3_3
CACNG8,1.1304152777777776,0.16761596026570047,3,2,3_2
CACTIN,1.2251258333333335,0.26786311472173924,3,3,3_3
CACUL1,1.0935722222222222,0.03361389914653785,3,0,3_0
CACYBP,0.9965239583333334,0.008485636381340584,0,0,0_0
CAD,1.0367458333333335,0.1358251054347826,2,2,2_2
CADM1,1.0362520833333333,0.10379351397141712,2,2,2_2
CADM2,1.3907158333333332,0.6052870878753623,4,4,4_4
CADM2-AS1,2.7323916666666666,6.454291026956523,4,4,4_4
CADM3,1.1585400000000001,0.27210295448115934,3,3,3_3
CADM3-AS1,1.3118083333333332,0.7678831442028986,4,4,4_4
CADM4,1.2568016666666666,0.21553617491594207,4,3,4_3
CADPS,1.1190416666666667,0.2378204228824477,3,3,3_3
CADPS2,1.0110374999999998,0.06628380456521739,1,1,1_1
CAGE1,1.1405541666666668,1.182625395,3,4,3_4
CAHM,1.0845875,0.07049819282608696,3,1,3_1
CALB1,6.9326125,357.04907147974643,4,4,4_4
CALB2,0.8597458333333333,0.2517269273188406,0,3,0_3
CALCA,1.4487291666666666,0.512790214356884,4,3,4_3
CALCB,1.2199583333333335,1.0292064163768118,3,4,3_4
CALCOCO1,1.030675,0.029137976376811595,2,0,2_0
CALCOCO2,0.9610052083333334,0.035414977069746376,0,0,0_0
CALCR,1.0085520833333332,0.14433449045289853,1,2,1_2
CALCRL,1.2084652777777778,0.13366430087761674,3,2,3_2
CALD1,1.0847136363636365,0.09840410166606779,3,2,3_2
CALHM1,1.2604791666666666,0.6278282815217391,4,4,4_4
CALHM2,1.0937916666666667,0.09388741663043479,3,2,3_2
CALHM3,1.125475,0.6636942453623188,3,4,3_4
CALM1,1.025575,0.051036900289855074,1,1,1_1
CALM3,1.0174812500000001,0.014570543460144926,1,0,1_0
CALML3,1.2625895833333334,0.5361170454891304,4,4,4_4
CALML4,1.1293966666666668,0.1429132267768116,3,2,3_2
CALML5,0.8895749999999999,0.2912936697101449,0,3,0_3
CALML6,1.1389708333333333,0.32791756268115946,3,3,3_3
CALN1,1.0980972222222223,0.2606619087439614,3,3,3_3
CALR,1.0831152777777777,0.07746163506441225,3,1,3_1
CALR3,1.0556666666666665,0.49343872782608694,2,3,2_3
CALU,1.0533108333333334,0.046508638692753644,2,1,2_1
CALY,1.0612708333333334,0.5119074141304347,2,3,2_3
CAMK1,0.9886291666666667,0.06851503307971014,0,1,0_1
CAMK1D,1.0636885416666666,0.16637126556612317,2,2,2_2
CAMK1G,1.16578125,0.63271185125,3,4,3_4
CAMK2A,1.1729958333333332,0.34590438478260876,3,3,3_3
CAMK2B,1.1956983333333333,0.21557985118840575,3,3,3_3
CAMK2D,1.1435025,0.12122991639710144,3,2,3_2
CAMK2G,1.1157697916666667,0.12643560025815218,3,2,3_2
CAMK2N1,0.968523611111111,0.11982046329307568,0,2,0_2
CAMK2N2,1.5426312500000001,0.918577524365942,4,4,4_4
CAMK4,1.0898875,0.14787367358293074,3,2,3_2
CAMKK1,1.05795625,0.20174797675724637,2,3,2_3
CAMKK2,1.0126291666666667,0.053042972599637674,1,1,1_1
CAMKMT,0.9727770833333335,0.05782065364130435,0,1,0_1
CAMKV,1.4810125000000003,1.6616607589130437,4,4,4_4
CAMLG,0.9895791666666666,0.015637964565217394,0,0,0_0
CAMP,1.7534666666666665,4.66357610884058,4,4,4_4
CAMSAP1,1.1766303571428571,0.08705915680715763,3,2,3_2
CAMSAP2,0.9969486111111111,0.01455639746376812,0,0,0_0
CAMSAP3,1.0595791666666667,0.0685713324637681,2,1,2_1
CAMTA1,1.0563506944444445,0.028980664281400975,2,0,2_0
CAMTA2,1.0197625,0.06453371572463767,1,1,1_1
CAND1,1.0402309523809523,0.021852917388346643,2,0,2_0
CAND2,1.2305145833333333,0.49074166125,3,3,3_3
CANT1,1.0512375,0.09241071831723026,2,2,2_2
CANX,1.0970225000000002,0.09950705211304348,3,2,3_2
CAP1,1.0248312499999999,0.013580564039855076,1,0,1_0
CAP2,1.1987770833333333,0.19388811824275365,3,3,3_3
CAPG,1.0306166666666667,0.07311775637681162,2,1,2_1
CAPN1,0.9910166666666665,0.010142994782608694,0,0,0_0
CAPN10,1.2632791666666667,0.5013186519202898,4,3,4_3
CAPN11,1.3191125,0.9146035892028989,4,4,4_4
CAPN12,1.0643666666666667,0.09275742985507245,2,2,2_2
CAPN13,1.24135,0.7273585031400964,4,4,4_4
CAPN14,1.7147875,2.3918685444202903,4,4,4_4
CAPN15,0.9691583333333332,0.06560969583333333,0,1,0_1
CAPN2,1.0196833333333333,0.039480612500000005,1,1,1_1
CAPN3,1.005125,0.05994423296296297,1,1,1_1
CAPN5,1.0832062500000001,0.15366552795289853,3,2,3_2
CAPN6,1.2495208333333334,0.36930031662640905,4,3,4_3
CAPN7,0.9724416666666666,0.031231157427536235,0,0,0_0
CAPN8,1.0026416666666667,0.18117417217391307,1,2,1_2
CAPN9,0.9844354166666666,0.26919282353260876,0,3,0_3
CAPNS1,1.0731708333333334,0.15119004456521737,2,2,2_2
CAPNS2,1.1413541666666667,0.6207326248550724,3,4,3_4
CAPRIN1,1.0339546874999999,0.020840338689990946,2,0,2_0
CAPRIN2,0.95929375,0.050610858749999994,0,1,0_1
CAPS,1.1404197916666667,0.2277798124139493,3,3,3_3
CAPS2,1.0743937499999998,0.1813695575543478,2,2,2_2
CAPSL,1.0026458333333332,0.25711300905797096,1,3,1_3
CAPZA1,0.9968416666666667,0.05970491699275361,0,1,0_1
CAPZA2,1.0634902777777777,0.06860295026570049,2,1,2_1
CAPZA3,1.7297333333333331,3.332270724782609,4,4,4_4
CAPZB,1.14570625,0.2005698042934783,3,3,3_3
CARD10,1.2066083333333333,0.2268840684380032,3,3,3_3
CARD11,0.9396020833333334,0.11115257538043478,0,2,0_2
CARD14,1.297145138888889,0.2813728182065217,4,3,4_3
CARD16,1.1021277777777778,0.12242769421900161,3,2,3_2
CARD18,0.9325916666666666,0.5426156411594202,0,4,0_4
CARD19,1.6759458333333335,2.0745811246739128,4,4,4_4
CARD6,0.9677083333333334,0.046729254347826085,0,1,0_1
CARD8,1.1454864583333333,0.0662817599048913,3,1,3_1
CARD8-AS1,1.0916958333333333,0.1577492913405797,3,2,3_2
CARF,0.9161833333333332,0.07294762373188406,0,1,0_1
CARHSP1,1.5741166666666666,0.8477025732971014,4,4,4_4
CARM1,1.0135375,0.0393765913768116,1,1,1_1
CARMIL1,1.0211822916666666,0.10016970133605074,1,2,1_2
CARMIL2,1.4599833333333334,0.5779905005434783,4,4,4_4
CARMIL3,1.0035125,0.10658140586956522,1,2,1_2
CARMN,1.2068013888888889,0.41174964343800324,3,3,3_3
CARNMT1,0.9931708333333334,0.06768588199275363,0,1,0_1
CARNS1,1.1016083333333333,0.13564105260869563,3,2,3_2
CARS,1.25181875,0.21823715746376818,4,3,4_3
CARS-AS1,1.545870833333333,2.2112476223913045,4,4,4_4
CARS2,1.0406141666666666,0.06652606031594202,2,1,2_1
CARTPT,1.0269375,0.5139919310869566,1,3,1_3
CASC1,1.0553833333333333,0.33680305884057976,2,3,2_3
CASC10,1.129,0.15529846515297907,3,2,3_2
CASC11,1.0346791666666666,0.3565311867391304,2,3,2_3
CASC15,1.5646395833333333,0.6605239803532609,4,4,4_4
CASC16,1.0250625,0.31391449456521736,1,3,1_3
CASC17,1.2249208333333332,0.9064581273188407,3,4,3_4
CASC18,1.0655416666666666,0.18450959115942026,2,2,2_2
CASC2,1.2982508333333334,0.30628699006666654,4,3,4_3
CASC22,1.0912208333333335,0.5156686893478261,3,3,3_3
CASC23,1.4555875,1.9225467602173913,4,4,4_4
CASC4,1.0277097222222222,0.08700581292270533,1,2,1_2
CASC6,0.9015000000000001,1.2875008542028987,0,4,0_4
CASD1,1.28405,0.459823150805153,4,3,4_3
CASK,1.0603508333333334,0.08126369761449279,2,2,2_2
CASKIN1,1.466901388888889,0.6857771309581322,4,4,4_4
CASKIN2,1.0428270833333333,0.09619970552536232,2,2,2_2
CASP1,1.0857491666666668,0.16161405535362325,3,2,3_2
CASP10,1.026473958333333,0.4964637550317028,1,3,1_3
CASP14,1.3891625,2.5671415593478266,4,4,4_4
CASP2,1.0479190476190476,0.10291520281277729,2,2,2_2
CASP3,1.0762541666666667,0.05853371514492754,2,1,2_1
CASP4,1.02500625,0.04182848875,1,1,1_1
CASP5,1.681304166666667,5.259878645144928,4,4,4_4
CASP6,1.10553125,0.15465360559782612,3,2,3_2
CASP7,1.0578958333333333,0.04904837630434783,2,1,2_1
CASP8,1.0653180555555555,0.08281278496779389,2,2,2_2
CASP8AP2,1.05156875,0.09515730251811594,2,2,2_2
CASP9,1.158873611111111,0.16658366709339772,3,2,3_2
CASQ1,1.1469958333333332,0.5037734236956521,3,3,3_3
CASQ2,1.1924916666666665,0.3383993165217391,3,3,3_3
CASR,1.602995,0.3758686919710145,4,3,4_3
CASS4,0.96745,0.14285718394927538,0,2,0_2
CAST,1.0454350000000001,0.03750843908985507,2,1,2_1
CASZ1,1.3594941666666667,0.22560321324347823,4,3,4_3
CAT,1.07025,0.044980687294685996,2,1,2_1
CATSPER1,1.5181083333333334,3.681035164347826,4,4,4_4
CATSPER3,1.002175,0.08787384869565217,1,2,1_2
CATSPERB,1.17013125,0.5212163523007246,3,3,3_3
CATSPERD,1.1704958333333333,0.5387087484782609,3,4,3_4
CATSPERG,1.1217125000000001,0.2439671792190016,3,3,3_3
CAV1,1.1117270833333335,0.1842332977717391,3,2,3_2
CAV2,1.0069597222222224,0.041478060152979064,1,1,1_1
CAV3,1.2667166666666667,1.2629960339130435,4,4,4_4
CBARP,0.9454083333333333,0.10804189171195654,0,2,0_2
CBFA2T2,0.9981825,0.023353074994202902,0,0,0_0
CBFA2T3,1.0514083333333335,0.06316503695652173,2,1,2_1
CBFB,1.0030291666666666,0.012784643731884062,1,0,1_0
CBL,1.2552766666666666,0.09991321503768112,4,2,4_2
CBLB,1.0731569444444444,0.057731408864734296,2,1,2_1
CBLC,1.4170854166666667,0.5824677123007247,4,4,4_4
CBLL1,0.9924333333333334,0.029740988876811588,0,0,0_0
CBLN1,1.3106041666666666,0.36454643586956514,4,3,4_3
CBLN2,1.1619458333333335,0.8148763455797102,3,4,3_4
CBLN3,0.9997916666666665,0.21709908898550723,0,3,0_3
CBLN4,2.0538708333333333,12.162745351920288,4,4,4_4
CBR1,1.0123375000000001,0.08906370094202899,1,2,1_2
CBR3,1.0848291666666667,0.17757323673913045,3,2,3_2
CBR4,1.000361111111111,0.014083924299516905,0,0,0_0
CBS,0.9787527777777778,0.10833192613526568,0,2,0_2
CBX1,1.0254750000000001,0.02524705898550724,1,0,1_0
CBX2,1.6553874999999998,0.5227226153985507,4,3,4_3
CBX3,1.0220927083333333,0.03689867183423914,1,1,1_1
CBX4,1.0020770833333332,0.12228885889492754,1,2,1_2
CBX5,1.0052493055555554,0.03580117184581321,1,0,1_0
CBX6,1.0170229166666667,0.02101667617753623,1,0,1_0
CBX7,0.9851166666666668,0.03760470246376811,0,1,0_1
CBX8,1.1337041666666667,0.23517208746376814,3,3,3_3
CBY1,0.985275,0.10143894376811594,0,2,0_2
CBY3,1.0533291666666666,0.10261018949275362,2,2,2_2
CC2D1A,1.0416333333333332,0.048137040063405793,2,1,2_1
CC2D1B,1.06485625,0.06647338096014492,2,1,2_1
CC2D2A,1.0954958333333333,0.2548693209963768,3,3,3_3
CC2D2B,1.0420458333333333,0.15865754137681157,2,2,2_2
CCAR1,1.0187208333333333,0.021174371521739132,1,0,1_0
CCAR2,1.0174027777777777,0.1725427577616747,1,2,1_2
CCBE1,1.1187333333333334,0.1711923748148148,3,2,3_2
CCDC102A,1.0677541666666668,0.11051978847826088,2,2,2_2
CCDC102B,1.2569270833333333,0.46169844798913046,4,3,4_3
CCDC105,1.6112000000000002,1.731374265942029,4,4,4_4
CCDC106,0.925425,0.08290886826086957,0,2,0_2
CCDC107,1.0206208333333333,0.04588189992753624,1,1,1_1
CCDC110,1.0279458333333331,0.10847708195652173,1,2,1_2
CCDC112,1.1423791666666667,0.14187902471014494,3,2,3_2
CCDC113,1.0341791666666664,0.277680217173913,2,3,2_3
CCDC114,1.1550916666666666,0.3183551586956521,3,3,3_3
CCDC115,1.0303041666666666,0.062372044565217395,2,1,2_1
CCDC116,1.0503875,0.462019123115942,2,3,2_3
CCDC117,0.9341416666666666,0.029091379927536236,0,0,0_0
CCDC12,0.9847791666666666,0.04508248557971015,0,1,0_1
CCDC120,1.42193125,0.9103556437862317,4,4,4_4
CCDC121,1.0397958333333335,0.05644765369565219,2,1,2_1
CCDC122,0.9795875,0.08256335166666666,0,2,0_2
CCDC124,1.0014895833333333,0.04391063664855073,1,1,1_1
CCDC125,1.0102916666666666,0.07915129373188404,1,1,1_1
CCDC126,0.9972687499999999,0.02293654748188406,0,0,0_0
CCDC127,1.0397458333333331,0.04187130902173915,2,1,2_1
CCDC129,1.1064104166666666,0.5123060255253623,3,3,3_3
CCDC13,1.1930052083333333,0.31678914479619563,3,3,3_3
CCDC13-AS1,1.0871833333333332,0.22244268231884057,3,3,3_3
CCDC130,0.9916083333333333,0.034779711449275365,0,0,0_0
CCDC134,1.1558770833333334,0.24233735063405798,3,3,3_3
CCDC136,1.052775,0.09840810122383253,2,2,2_2
CCDC137,1.0175541666666668,0.04700408094202899,1,1,1_1
CCDC138,1.07090625,0.13617517780797103,2,2,2_2
CCDC14,1.0361291666666668,0.13532678223027375,2,2,2_2
CCDC140,1.1342166666666667,0.1902268207246377,3,2,3_2
CCDC141,1.39040625,1.0512988495471014,4,4,4_4
CCDC142,0.9122499999999999,0.06425704217391305,0,1,0_1
CCDC144A,0.9650687499999999,0.19118999679347826,0,3,0_3
CCDC144NL-AS1,1.1019927083333334,0.2463474817527174,3,3,3_3
CCDC146,0.9806541666666666,0.12061741934782608,0,2,0_2
CCDC148,0.9788562500000001,0.06481182961956522,0,1,0_1
CCDC148-AS1,1.6333083333333331,4.304286911739131,4,4,4_4
CCDC149,1.02295625,0.05092857281702898,1,1,1_1
CCDC15,1.1803770833333334,0.2524978162862319,3,3,3_3
CCDC150,1.018261111111111,0.2747414203864734,1,3,1_3
CCDC151,1.0157916666666666,0.35277214652173916,1,3,1_3
CCDC152,1.0450875,0.08609424626811592,2,2,2_2
CCDC153,1.0876875,0.21887763065217392,3,3,3_3
CCDC154,1.090025,0.11213927376811596,3,2,3_2
CCDC155,1.3279083333333335,1.4854017995652173,4,4,4_4
CCDC157,1.0571916666666665,0.11843367022544282,2,2,2_2
CCDC158,1.358575,0.599676906268116,4,4,4_4
CCDC159,0.9309249999999999,0.22955427492753622,0,3,0_3
CCDC160,0.9483541666666667,0.030243468913043477,0,0,0_0
CCDC163,1.0370770833333334,0.21911351237318843,2,3,2_3
CCDC167,1.0849416666666665,0.1585224795652174,3,2,3_2
CCDC168,1.6709041666666666,2.253222609911433,4,4,4_4
CCDC169,1.4964395833333333,1.092203355172101,4,4,4_4
CCDC169-SOHLH2,1.1463020833333333,0.3651570208514493,3,3,3_3
CCDC17,0.8893583333333334,0.17220945188405795,0,2,0_2
CCDC170,1.1377166666666667,0.3506397152173913,3,3,3_3
CCDC171,1.0805988095238097,0.0658927968707483,2,1,2_1
CCDC172,1.5111541666666668,2.0295397702173914,4,4,4_4
CCDC173,1.0333708333333333,0.2642616655797102,2,3,2_3
CCDC174,0.9700166666666666,0.020472180982286623,0,0,0_0
CCDC177,1.0841083333333332,0.795980044347826,3,4,3_4
CCDC178,1.3808208333333332,0.6882703167391303,4,4,4_4
CCDC18,1.071025,0.044506488969404207,2,1,2_1
CCDC180,1.0703729166666667,0.1958225161775362,2,3,2_3
CCDC181,1.4094104166666668,0.3825609106431159,4,3,4_3
CCDC182,0.9476875000000001,0.18538192891304348,0,2,0_2
CCDC184,1.3045958333333334,0.47824433398550725,4,3,4_3
CCDC185,0.9915916666666668,0.16551722710144928,0,2,0_2
CCDC186,0.9795513888888889,0.022272709090177138,0,0,0_0
CCDC187,1.1877104166666668,0.532644118423913,3,3,3_3
CCDC189,1.0502916666666666,0.22075127420289853,2,3,2_3
CCDC190,1.2767000000000002,0.6962925146376812,4,4,4_4
CCDC191,1.0251416666666666,0.09048847028985507,1,2,1_2
CCDC22,0.9991458333333334,0.04153820750000001,0,1,0_1
CCDC24,0.99835,0.10075934579710145,0,2,0_2
CCDC25,0.9999479166666667,0.01578195806159421,0,0,0_0
CCDC26,1.1622041666666665,0.6691805897826086,3,4,3_4
CCDC27,1.8501666666666665,3.038610807826087,4,4,4_4
CCDC28A,1.016475,0.022868245072463766,1,0,1_0
CCDC28B,1.0033291666666668,0.14252451307971015,1,2,1_2
CCDC3,0.9737,0.08539480202898551,0,2,0_2
CCDC30,1.109425,0.1442132850080515,3,2,3_2
CCDC33,1.1001687500000001,0.20578746726449273,3,3,3_3
CCDC34,1.0957041666666667,0.17631784318840577,3,2,3_2
CCDC36,1.0397722222222223,0.10396116051529791,2,2,2_2
CCDC38,0.9759375,0.5413875878985508,0,4,0_4
CCDC40,1.0434083333333335,0.13264635001159422,2,2,2_2
CCDC42,2.044245833333333,6.016070374130436,4,4,4_4
CCDC43,1.0089,0.024880196376811593,1,0,1_0
CCDC47,1.0187979166666667,0.011790494583333328,1,0,1_0
CCDC50,1.0349383333333333,0.023569674927536227,2,0,2_0
CCDC51,1.0031791666666667,0.06938199036231883,1,1,1_1
CCDC54,1.1612833333333334,3.3170302294202907,3,4,3_4
CCDC57,1.0557408333333334,0.0557497489652174,2,1,2_1
CCDC58,1.0109666666666666,0.4098621871014492,1,3,1_3
CCDC59,0.9861041666666667,0.010430192862318841,0,0,0_0
CCDC6,1.01185,0.02876789583333333,1,0,1_0
CCDC60,1.0080083333333334,0.21117768927536232,1,3,1_3
CCDC61,1.116184722222222,0.20816884710950082,3,3,3_3
CCDC62,1.0116666666666667,0.12620771666666666,1,2,1_2
CCDC63,1.4530541666666668,5.992975700797101,4,4,4_4
CCDC65,1.0603902777777778,0.26717995741545897,2,3,2_3
CCDC66,1.0000208333333334,0.1370512531884058,0,2,0_2
CCDC68,1.171820833333333,0.12550954050724636,3,2,3_2
CCDC69,1.0926041666666668,0.13403583902173913,3,2,3_2
CCDC7,1.0274069444444442,0.06473771545088568,1,1,1_1
CCDC70,2.3488416666666665,7.2125708126086945,4,4,4_4
CCDC71,1.0119791666666667,0.3781374364492754,1,3,1_3
CCDC71L,1.2427322916666668,0.28685745219655795,4,3,4_3
CCDC74B,1.3183395833333333,0.3482227033152174,4,3,4_3
CCDC77,1.06985,0.0539793104347826,2,1,2_1
CCDC78,1.0472208333333333,0.26598246326086955,2,3,2_3
CCDC8,1.0559770833333333,0.21689947759057973,2,3,2_3
CCDC80,1.0697388888888888,0.10695151533011273,2,2,2_2
CCDC81,1.1701083333333335,0.4220673995652174,3,3,3_3
CCDC82,1.13511875,0.1884966279076087,3,2,3_2
CCDC83,1.1385541666666665,1.9031665342753625,3,4,3_4
CCDC84,1.0101875,0.010518070652173911,1,0,1_0
CCDC85A,1.10600625,0.16928088606884062,3,2,3_2
CCDC85B,1.4097333333333333,0.5742670921256038,4,4,4_4
CCDC85C,1.0528625,0.044962790253623194,2,1,2_1
CCDC86,1.0009333333333335,0.02519354884057971,0,0,0_0
CCDC87,0.9756,0.20318203463768114,0,3,0_3
CCDC88A,1.0306979166666668,0.04986975236916265,2,1,2_1
CCDC88B,1.0283916666666666,0.06063767826086957,1,1,1_1
CCDC88C,1.0322944444444444,0.049145331787439614,2,1,2_1
CCDC89,1.1958875,0.5272979719565217,3,3,3_3
CCDC9,1.0463250000000002,0.0700203779710145,2,1,2_1
CCDC90B,1.0215347222222222,0.03778076719001611,1,1,1_1
CCDC91,1.022622916666667,0.0554616346557971,1,1,1_1
CCDC92,0.9801125,0.028427557028985508,0,0,0_0
CCDC93,1.006203125,0.033098134415760885,1,0,1_0
CCDC96,1.0513291666666666,0.21050115992753624,2,3,2_3
CCDC97,1.056325,0.09206868314009661,2,2,2_2
CCER1,2.1512541666666665,4.816662452391303,4,4,4_4
CCHCR1,1.0325333333333333,0.03597451486413043,2,0,2_0
CCIN,1.5042124999999997,2.7852241549999994,4,4,4_4
CCK,1.2791499999999998,0.3994054215942029,4,3,4_3
CCKAR,1.6484375,2.471326350253623,4,4,4_4
CCKBR,0.9864604166666666,0.4043901537499999,0,3,0_3
CCL1,1.1496708333333334,0.4254335413768116,3,3,3_3
CCL11,1.9191708333333335,2.221499787753623,4,4,4_4
CCL13,7.7169187500000005,111.6596785052355,4,4,4_4
CCL15-CCL14,1.1612666666666667,0.2812269082971014,3,3,3_3
CCL16,1.2392708333333333,0.5529175151449275,4,4,4_4
CCL17,1.2839333333333334,0.5697056439130436,4,4,4_4
CCL18,7.707529166666667,76.51952791822465,4,4,4_4
CCL19,1.6378458333333334,2.7157778794927534,4,4,4_4
CCL2,1.5089416666666668,1.03337494884058,4,4,4_4
CCL20,2.1768666666666667,9.71814862594203,4,4,4_4
CCL21,1.0361833333333335,0.2302899917391304,2,3,2_3
CCL22,1.7368,1.2957354821739135,4,4,4_4
CCL23,2.063541666666667,3.639874633731884,4,4,4_4
CCL24,0.9291041666666665,0.1244117602173913,0,2,0_2
CCL25,1.8133,3.2066880291304347,4,4,4_4
CCL26,4.952145833333334,66.15143458514494,4,4,4_4
CCL27,1.0726250000000002,0.3264859356521739,2,3,2_3
CCL28,0.9098541666666667,0.07616602917069241,0,1,0_1
CCL4,1.4189458333333331,0.9785094521014495,4,4,4_4
CCL5,1.164584722222222,0.3993065613768116,3,3,3_3
CCL7,2.675266666666667,43.45891246536232,4,4,4_4
CCL8,2.4713,5.101337369710144,4,4,4_4
CCM2,0.909525,0.05326923144927537,0,1,0_1
CCM2L,1.2346833333333331,0.3103859697101449,3,3,3_3
CCNA1,1.4201791666666665,0.685849093115942,4,4,4_4
CCNA2,1.0766270833333333,0.09461173527173913,2,2,2_2
CCNB1,1.1489854166666666,0.2171890166485507,3,3,3_3
CCNB1IP1,1.0330291666666667,0.01905417369565217,2,0,2_0
CCNB2,1.2706333333333333,0.21400689666666664,4,3,4_3
CCNB3,0.9850083333333334,0.22641585492753621,0,3,0_3
CCNC,1.0099458333333333,0.0334481172826087,1,0,1_0
CCND1,1.0230520833333332,0.04854434849637681,1,1,1_1
CCND2,1.2165458333333332,0.20429145221920295,3,3,3_3
CCND3,1.028675,0.12108890496376809,1,2,1_2
CCNDBP1,1.0018875,0.018078662826086955,1,0,1_0
CCNE1,0.9634229166666666,0.09860649418478261,0,2,0_2
CCNE2,1.0421666666666667,0.14466196242753623,2,2,2_2
CCNF,1.5882375,0.9879850248550724,4,4,4_4
CCNG1,1.0060624999999999,0.020560751956521735,1,0,1_0
CCNG2,1.1983791666666666,0.13820246139420295,3,2,3_2
CCNH,1.0289458333333334,0.026098467463768114,1,0,1_0
CCNI,1.0483416666666667,0.03945297209339775,2,1,2_1
CCNJ,1.1462277777777776,0.12606506777777773,3,2,3_2
CCNJL,1.0544125,0.1697563454347826,2,2,2_2
CCNK,1.0119145833333334,0.02728271679347827,1,0,1_0
CCNL1,1.1572458333333333,0.21219564986413048,3,3,3_3
CCNL2,0.9913416666666667,0.026129056006441224,0,0,0_0
CCNO,1.0889583333333333,0.12188614565217393,3,2,3_2
CCNT1,1.0150791666666665,0.11482323728260871,1,2,1_2
CCNT2,1.016796875,0.02120775650815217,1,0,1_0
CCNT2-AS1,0.9424333333333333,0.10085702478260869,0,2,0_2
CCNY,1.2172558333333334,0.1854225186173913,3,2,3_2
CCNYL1,0.9951270833333333,0.017595762916666677,0,0,0_0
CCP110,1.0750583333333334,0.1573155552536232,2,2,2_2
CCPG1,1.0924666666666667,0.3207148642028985,3,3,3_3
CCR1,1.4078437499999998,0.7516249594384057,4,4,4_4
CCR10,1.2441166666666665,0.735381686811594,4,4,4_4
CCR2,1.1850249999999998,0.2710134052898551,3,3,3_3
CCR3,2.773404166666667,6.159084039782607,4,4,4_4
CCR4,2.0469541666666666,3.52500722442029,4,4,4_4
CCR5,1.0722541666666667,0.1827924145652174,2,2,2_2
CCR6,1.2520291666666667,0.6275666241304348,4,4,4_4
CCR7,1.3212,0.9337741988405798,4,4,4_4
CCR8,1.6185166666666666,2.8225502378260865,4,4,4_4
CCR9,1.1544333333333334,0.6828270966666667,3,4,3_4
CCRL2,1.176825,0.19978781420289857,3,3,3_3
CCS,1.0465791666666666,0.04042152717391304,2,1,2_1
CCSAP,1.092840625,0.05516796294836957,3,1,3_1
CCSER1,0.9806916666666666,0.08800120014492753,0,2,0_2
CCSER2,1.00375,0.06446716956521738,1,1,1_1
CCT2,0.9984958333333335,0.018635802028985505,0,0,0_0
CCT4,1.0120916666666666,0.019854807717391308,1,0,1_0
CCT5,1.0085020833333334,0.01912602552536232,1,0,1_0
CCT6A,1.01596875,0.007513440163043479,1,0,1_0
CCT6B,0.9388291666666667,0.07711416108695653,0,1,0_1
CCT7,1.033625,0.025355642318840577,2,0,2_0
CCT8,1.0935249999999999,0.19917621663043475,3,3,3_3
CCT8L2,1.0733833333333334,0.5523297463768116,2,4,2_4
CCZ1,0.9285375,0.18250156992753624,0,2,0_2
CCZ1B,1.0157,0.042949617761674726,1,1,1_1
CD101,0.9706250000000001,0.10248231981884058,0,2,0_2
CD109,1.153701388888889,0.21710925364734301,3,3,3_3
CD14,1.1970375,0.24616810789855076,3,3,3_3
CD151,1.1150541666666667,0.18881023601449273,3,2,3_2
CD160,1.0061708333333332,0.05979900456521738,1,1,1_1
CD163,1.4683944444444446,1.0455910445893721,4,4,4_4
CD163L1,1.2027541666666666,0.34425900065217396,3,3,3_3
CD164,1.0127930555555555,0.013113734082125602,1,0,1_0
CD177,1.3071708333333334,0.8626099434057971,4,4,4_4
CD180,1.200575,0.2956768473913044,3,3,3_3
CD19,1.2232750000000001,0.4877924944927536,3,3,3_3
CD1A,1.8999333333333333,5.422073261304348,4,4,4_4
CD1B,1.9235083333333334,4.379182835797101,4,4,4_4
CD1C,2.066525,2.417254058115942,4,4,4_4
CD1D,1.4784083333333335,0.3846918644927538,4,3,4_3
CD1E,1.3942854166666667,0.707277312807971,4,4,4_4
CD2,0.9807750000000001,0.2733332656521739,0,3,0_3
CD200,1.1694104166666668,0.25132466081521737,3,3,3_3
CD200R1,1.3059791666666667,0.6492103204347827,4,4,4_4
CD207,1.1532833333333332,0.6079057778260869,3,4,3_4
CD209,1.4438249999999997,0.3340489454106279,4,3,4_3
CD22,2.0650385416666666,3.896082336798006,4,4,4_4
CD226,1.4656416666666665,0.8512291885507246,4,4,4_4
CD24,1.037992361111111,0.02444611573067633,2,0,2_0
CD244,1.3955270833333333,0.9614295814673911,4,4,4_4
CD247,1.02094375,0.11206706639492751,1,2,1_2
CD248,1.2149958333333333,0.3943141370289855,3,3,3_3
CD27,1.0452208333333333,0.1785182351449275,2,2,2_2
CD274,0.9993500000000001,0.09188593554347825,0,2,0_2
CD276,1.3112430555555556,0.6345890934541062,4,4,4_4
CD28,1.4397708333333334,0.9431531938888891,4,4,4_4
CD2AP,1.15510625,0.29089708527173913,3,3,3_3
CD2BP2,1.032725,0.06257029163043476,2,1,2_1
CD300A,1.6434597222222223,1.2793180662238324,4,4,4_4
CD300C,0.9932624999999998,0.23198797992753623,0,3,0_3
CD300LB,1.3356374999999998,0.9084758430797102,4,4,4_4
CD300LF,1.6727875,1.1798023631159422,4,4,4_4
CD300LG,1.153140625,0.17001975600090583,3,2,3_2
CD320,1.0119666666666667,0.08139659,1,2,1_2
CD33,1.2988083333333333,0.46839268913043475,4,3,4_3
CD34,1.223325,0.2707742407246376,3,3,3_3
CD36,1.2429166666666667,0.30945103063768115,4,3,4_3
CD37,1.3286791666666666,0.7121419181521739,4,4,4_4
CD38,1.0888499999999999,0.21060711637681157,3,3,3_3
CD3D,1.0821541666666665,0.38370361978260864,3,3,3_3
CD3E,1.002525,0.3151392328985507,1,3,1_3
CD3EAP,1.1219666666666666,0.06627027666666666,3,1,3_1
CD3G,1.1667708333333333,0.4198102863043478,3,3,3_3
CD4,1.5326041666666665,0.6791883382971015,4,4,4_4
CD40,1.0111697916666664,0.06566716629981884,1,1,1_1
CD40LG,0.9862541666666665,0.8192607167391305,0,4,0_4
CD44,1.0590759615384615,0.04222097695866564,2,1,2_1
CD46,0.9728416666666666,0.01707889734299517,0,0,0_0
CD47,1.00775,0.01473722890564922,1,0,1_0
CD48,1.0964333333333334,0.15091512829710144,3,2,3_2
CD5,0.9817937499999999,0.15428459951086956,0,2,0_2
CD52,1.5066958333333333,0.8364940144565216,4,4,4_4
CD53,1.168838888888889,0.4131890993719806,3,3,3_3
CD55,1.1120222222222222,0.12498093747181964,3,2,3_2
CD58,1.022145,0.021469827947826096,1,0,1_0
CD59,0.9975566666666666,0.011986097373913047,0,0,0_0
CD5L,2.2800666666666665,5.166641727391304,4,4,4_4
CD6,1.2484982142857144,0.1047674872094055,4,2,4_2
CD63,1.0197208333333334,0.042934805724637676,1,1,1_1
CD69,1.2192833333333335,0.6181801836231885,3,4,3_4
CD7,1.0890458333333335,0.15969304960144926,3,2,3_2
CD70,1.0927,0.6220248772463768,3,4,3_4
CD72,1.1179916666666667,0.48288075463768115,3,3,3_3
CD74,1.0831652777777778,0.21216559395330115,3,3,3_3
CD79A,1.283695833333333,0.389452917210145,4,3,4_3
CD79B,1.1198124999999999,0.14163111218196456,3,2,3_2
CD80,1.3740277777777778,0.5452252660708534,4,4,4_4
CD81,1.1018375,0.06750634050724637,3,1,3_1
CD81-AS1,1.1856875,0.9063508678985507,3,4,3_4
CD82,1.0201604166666665,0.07849572610507248,1,1,1_1
CD83,1.1829833333333333,0.26467878753623186,3,3,3_3
CD84,1.5771744791666666,0.2611841114594656,4,3,4_3
CD86,1.4404458333333334,0.6320774240338163,4,4,4_4
CD8A,1.03565,0.22962656130434783,2,3,2_3
CD8B,1.345504166666667,1.6222501952898551,4,4,4_4
CD9,1.0625694444444445,0.06924308400966184,2,1,2_1
CD93,1.2419,0.29395687242753626,4,3,4_3
CD96,0.95830625,0.13598148628623188,0,2,0_2
CD99,1.1114416666666667,0.07771218764492753,3,1,3_1
CD99L2,1.0338114583333333,0.06118325342844204,2,1,2_1
CDA,2.205420833333333,4.855999324855072,4,4,4_4
CDADC1,0.9890083333333334,0.046493641059782605,0,1,0_1
CDAN1,1.1608520833333333,0.19947093429347823,3,3,3_3
CDC123,1.0561291666666666,0.04593677311594204,2,1,2_1
CDC14A,1.2445758333333332,0.09762248557391305,4,2,4_2
CDC14B,1.1210093749999999,0.04945989456974638,3,1,3_1
CDC16,0.9891305555555556,0.010841592866344608,0,0,0_0
CDC20,1.1306708333333333,0.13709475036231883,3,2,3_2
CDC20B,1.6017425,2.228388690043478,4,4,4_4
CDC23,1.0195187499999998,0.020101286213768117,1,0,1_0
CDC25A,1.2170083333333332,0.2795658770531401,3,3,3_3
CDC25B,1.0678958333333333,0.10045453152173912,2,2,2_2
CDC25C,1.8104930555555558,1.2729883500241548,4,4,4_4
CDC26,1.0303833333333334,0.09648209478260869,2,2,2_2
CDC27,1.0102677083333333,0.015442799334239131,1,0,1_0
CDC34,1.1075479166666666,0.284735009076087,3,3,3_3
CDC37,1.0209125,0.11037659384057971,1,2,1_2
CDC37L1,1.0284597222222223,0.01741544329307568,1,0,1_0
CDC40,1.0156229166666668,0.023330346974637685,1,0,1_0
CDC42,1.0417408333333333,0.03411346719710144,2,0,2_0
CDC42BPA,1.0083416666666667,0.04043238976811594,1,1,1_1
CDC42BPB,0.90991875,0.088530082192029,0,2,0_2
CDC42BPG,1.3874770833333334,1.2384771874456522,4,4,4_4
CDC42EP1,1.0649208333333333,0.08808377456521739,2,2,2_2
CDC42EP2,1.0649062500000002,0.1331930680615942,2,2,2_2
CDC42EP3,1.028984375,0.04922630251358694,1,1,1_1
CDC42EP4,1.1311694444444444,0.14691886705314008,3,2,3_2
CDC42EP5,0.9939833333333334,0.04806664173913044,0,1,0_1
CDC42SE1,1.1330608333333334,0.12558908508695651,3,2,3_2
CDC42SE2,1.015875,0.0274020288134058,1,0,1_0
CDC45,1.5138166666666664,0.9795215156521738,4,4,4_4
CDC5L,0.9923177083333332,0.01393281436141304,0,0,0_0
CDC6,0.9868062499999999,0.11399277175724636,0,2,0_2
CDC7,1.0518708333333333,0.13677720442028984,2,2,2_2
CDC73,0.9827166666666667,0.013333866586151367,0,0,0_0
CDCA2,1.4183583333333332,0.42547619467391307,4,3,4_3
CDCA3,1.0899354166666668,0.3281402255253623,3,3,3_3
CDCA4,1.0711,0.08636209985507247,2,2,2_2
CDCA5,1.0202125,0.19610365949275363,1,3,1_3
CDCA7,1.0115999999999998,0.10327789778985508,1,2,1_2
CDCA7L,1.03655,0.06611751463768116,2,1,2_1
CDCA8,1.0916208333333333,0.23639895442028988,3,3,3_3
CDCP1,1.1920333333333335,0.16340237003220615,3,2,3_2
CDH1,0.9445916666666667,0.107921884057971,0,2,0_2
CDH10,1.6410666666666665,2.9182009917391305,4,4,4_4
CDH11,1.1823364583333333,0.1755556778668478,3,2,3_2
CDH12,0.9808708333333335,0.08742284717391305,0,2,0_2
CDH13,0.9707666666666667,0.12175321115942031,0,2,0_2
CDH15,1.2222645833333334,0.6629546265760871,3,4,3_4
CDH16,1.1393166666666668,3.072505404492754,3,4,3_4
CDH17,1.3222374999999997,0.6432423745652173,4,4,4_4
CDH18,1.6660666666666666,2.484397808695652,4,4,4_4
CDH19,1.0922347222222222,0.24844476744766514,3,3,3_3
CDH2,1.0318604166666667,0.18484989041666666,2,2,2_2
CDH20,1.0046541666666666,0.5074084777536232,1,3,1_3
CDH22,1.1985916666666665,0.2675183055434783,3,3,3_3
CDH24,1.2486458333333335,0.4406918982608696,4,3,4_3
CDH26,1.8122916666666669,1.3762293131159422,4,4,4_4
CDH3,1.1833166666666666,0.1507151007246377,3,2,3_2
CDH4,1.9013333333333335,1.0448546201449276,4,4,4_4
CDH5,1.0414541666666668,0.11794422166666667,2,2,2_2
CDH6,1.37738125,0.33460625146336553,4,3,4_3
CDH7,1.13555,0.9410840352536232,3,4,3_4
CDH8,1.4629364583333333,0.824963063138587,4,4,4_4
CDH9,1.3944374999999998,3.517455830942029,4,4,4_4
CDHR1,1.3113958333333333,0.468662989094203,4,3,4_3
CDHR2,0.9356875000000001,0.057740158768115946,0,1,0_1
CDHR3,1.0645729166666666,0.28442703454710144,2,3,2_3
CDHR5,1.2157944444444444,0.5641774203864733,3,4,3_4
CDIP1,1.0111354166666666,0.060703417119565214,1,1,1_1
CDIPT,0.9915125000000001,0.015000363405797102,0,0,0_0
CDK1,1.2541833333333334,0.2109941463134058,4,3,4_3
CDK10,0.9514694444444446,0.03797340049919485,0,1,0_1
CDK11A,1.0219183333333335,0.051444330626086957,1,1,1_1
CDK12,1.00735,0.027939224137228248,1,0,1_0
CDK13,1.0082994047619047,0.0200407454259095,1,0,1_0
CDK14,1.051023611111111,0.0672084691062802,2,1,2_1
CDK15,1.5689513888888886,0.9267559131803543,4,4,4_4
CDK16,1.036748611111111,0.038299321457326896,2,1,2_1
CDK17,1.0747791666666666,0.0583801638768116,2,1,2_1
CDK18,1.0278125,0.0562131338405797,1,1,1_1
CDK19,1.3133729166666666,0.21688509688405797,4,3,4_3
CDK2,0.8890069444444445,0.13617626699677943,0,2,0_2
CDK20,1.0239833333333335,0.06642153666666666,1,1,1_1
CDK2AP1,1.0793541666666668,0.06263953717391305,2,1,2_1
CDK2AP2,1.0848083333333334,0.136026965942029,3,2,3_2
CDK4,0.9998958333333334,0.018981866594202895,0,0,0_0
CDK5,0.9629541666666667,0.1330574042753623,0,2,0_2
CDK5R1,1.09906875,0.49212429784420275,3,3,3_3
CDK5R2,2.4119041666666665,5.287584383695652,4,4,4_4
CDK5RAP1,1.019,0.05827328623188406,1,1,1_1
CDK5RAP2,1.1192125,0.1252066165942029,3,2,3_2
CDK5RAP3,1.0055458333333334,0.029608619057971013,1,0,1_0
CDK6,1.0182535714285714,0.05430908855959774,1,1,1_1
CDK7,1.0114333333333334,0.01909840173913044,1,0,1_0
CDK8,1.0089138888888889,0.017851007681159423,1,0,1_0
CDK9,0.9768694444444445,0.08891123576489532,0,2,0_2
CDKAL1,0.9244947916666667,0.14092357508605072,0,2,0_2
CDKL1,1.0282944444444444,0.12391101888888888,1,2,1_2
CDKL2,1.0473270833333335,0.1263117696195652,2,2,2_2
CDKL3,0.9818583333333334,0.035988121050724645,0,0,0_0
CDKL5,1.3952736111111113,0.2818028386714975,4,3,4_3
CDKN1A,1.179075,0.5387810476811594,3,4,3_4
CDKN1B,0.9987791666666667,0.015726262391304348,0,0,0_0
CDKN1C,1.1496166666666667,0.11005105109565219,3,2,3_2
CDKN2A,1.2355736111111113,0.42896041680354274,3,3,3_3
CDKN2AIP,0.9869583333333334,0.022190994927536237,0,0,0_0
CDKN2AIPNL,1.0627291666666665,0.07865340514492751,2,1,2_1
CDKN2B,1.4268062499999996,0.7181410118297101,4,4,4_4
CDKN2B-AS1,1.6470624999999999,4.6103716997826085,4,4,4_4
CDKN2C,1.0414812500000001,0.07689081983695649,2,1,2_1
CDKN2D,2.3623083333333335,2.0503513642391304,4,4,4_4
CDKN3,1.2983791666666666,0.3821867220652175,4,3,4_3
CDNF,1.1495,0.1623825024637681,3,2,3_2
CDO1,0.9580562499999999,0.17846598389492752,0,2,0_2
CDON,1.4033972222222222,0.6335308520933979,4,4,4_4
CDPF1,0.9800333333333332,0.02694198108695652,0,0,0_0
CDR1,1.073475,0.28740838999999996,2,3,2_3
CDR2L,0.9855041666666667,0.09819200427536234,0,2,0_2
CDRT1,1.1971822916666666,0.31565383061141306,3,3,3_3
CDRT15,0.9295083333333333,0.27547905826086955,0,3,0_3
CDRT15L2,0.8031083333333333,1.7304081179710145,0,4,0_4
CDS1,0.9945770833333333,0.04598371763586957,0,1,0_1
CDS2,1.0143341666666668,0.015790122976811594,1,0,1_0
CDSN,1.4069520833333335,1.0094773600181162,4,4,4_4
CDT1,1.1418812500000002,0.26007132708333336,3,3,3_3
CDV3,1.0341458333333333,0.015966715434782616,2,0,2_0
CDX1,0.9461749999999999,0.29898135927536235,0,3,0_3
CDX2,1.5985916666666666,2.2094322351449276,4,4,4_4
CDX4,2.3750875,5.181487963985508,4,4,4_4
CDY1,2.2207458333333334,6.339162178478261,4,4,4_4
CDY1B,1.1090416666666665,0.5730846385507246,3,4,3_4
CDYL,1.0280791666666667,0.036944406223832535,1,1,1_1
CDYL2,1.0274791666666665,0.07756494786231884,1,1,1_1
CEACAM1,0.9436916666666667,0.06340105844057971,0,1,0_1
CEACAM19,1.006025,0.08355135217391305,1,2,1_2
CEACAM21,1.4117645833333334,1.097227604076087,4,4,4_4
CEACAM3,1.3786013888888888,0.4912794597020935,4,3,4_3
CEACAM4,1.3192458333333332,1.574813859347826,4,4,4_4
CEACAM5,1.3027416666666667,0.5190882664130435,4,3,4_3
CEACAM6,1.0057916666666669,0.0761821145289855,1,1,1_1
CEACAM7,1.291197222222222,0.6639047535104668,4,4,4_4
CEACAM8,1.7374500000000002,2.3801368118840576,4,4,4_4
CEBPA,1.1087749999999998,0.086361765942029,3,2,3_2
CEBPB,1.0297541666666665,0.039922255434782616,1,1,1_1
CEBPD,1.275125,0.5449738359782608,4,4,4_4
CEBPE,1.4556833333333332,1.555338127826087,4,4,4_4
CEBPG,1.0141791666666666,0.027209929746376805,1,0,1_0
CEBPZ,1.0031208333333332,0.014542712826086957,1,0,1_0
CEBPZOS,1.0231083333333333,0.032084914766505636,1,0,1_0
CECR2,1.0432750000000002,0.18262389716586153,2,2,2_2
CECR3,1.0295833333333333,0.2524898111594203,1,3,1_3
CEL,1.0961437500000002,0.25666800288043484,3,3,3_3
CELA1,2.452825,5.345846905507247,4,4,4_4
CELA2A,1.0783104166666668,0.37174594088768126,2,3,2_3
CELA2B,1.9707458333333332,4.211882390217392,4,4,4_4
CELA3A,0.9999062499999999,0.17072658563405796,0,2,0_2
CELA3B,1.0054375,0.47382524717391306,1,3,1_3
CELF1,1.286975,0.12760100561963916,4,2,4_2
CELF2,1.0969738095238097,0.10981133640047325,3,2,3_2
CELF2-AS1,2.170725,6.088227960724637,4,4,4_4
CELF3,1.5673124999999999,1.5892800913405798,4,4,4_4
CELF4,1.1031190476190476,0.09513157999704226,3,2,3_2
CELF5,1.1224527777777777,0.19416034478260868,3,3,3_3
CELF6,1.0634625,0.0861957818115942,2,2,2_2
CELSR1,1.0589305555555557,0.07673922151368759,2,1,2_1
CELSR2,1.087975,0.09049920800724637,3,2,3_2
CELSR3,1.0538291666666666,0.11549579402173915,2,2,2_2
CEMIP,1.4939583333333335,0.6701389215942029,4,4,4_4
CEMP1,1.1620680555555556,0.25152430899355877,3,3,3_3
CEND1,1.5858375,2.5616652006521736,4,4,4_4
CENPA,0.9832875,0.13562074079710146,0,2,0_2
CENPB,0.9920625,0.06528685746376812,0,1,0_1
CENPBD1,1.0308097222222221,0.1040897307004831,2,2,2_2
CENPC,1.0512,0.036769349420289865,2,1,2_1
CENPE,1.4886041666666667,0.8402414139855072,4,4,4_4
CENPF,1.4687430555555556,0.4195085414734299,4,3,4_3
CENPH,1.0553333333333335,0.21100169463768118,2,3,2_3
CENPI,1.4006677083333334,0.5077771169248189,4,3,4_3
CENPJ,1.0508291666666667,0.06661077239130435,2,1,2_1
CENPK,1.2666708333333334,0.20501613108695652,4,3,4_3
CENPL,1.0829979166666666,0.13506643418478256,3,2,3_2
CENPM,1.0586833333333334,0.14652144304347825,2,2,2_2
CENPN,1.2844510416666666,0.2717000062182971,4,3,4_3
CENPO,1.1600354166666667,0.09986895074275362,3,2,3_2
CENPQ,1.0414583333333332,0.0611915163768116,2,1,2_1
CENPT,1.0284375,0.036918706811594204,1,1,1_1
CENPU,1.0540944444444444,0.04641981428341384,2,1,2_1
CENPV,0.9841791666666667,0.05435856102254427,0,1,0_1
CENPVL2,1.6572875,4.320610309637681,4,4,4_4
CENPW,1.0969583333333333,0.1829120356521739,3,2,3_2
CEP104,1.0167861111111112,0.03843675550724638,1,1,1_1
CEP112,1.0566597222222223,0.10813325896135263,2,2,2_2
CEP120,0.9929,0.0397136868115942,0,1,0_1
CEP126,1.026486111111111,0.106306623784219,1,2,1_2
CEP128,1.0617808333333334,0.1098144478405797,2,2,2_2
CEP131,1.0307458333333333,0.08085740717391303,2,2,2_2
CEP135,1.0707041666666666,0.08480238293478262,2,2,2_2
CEP152,1.2058108333333333,0.1259583685478261,3,2,3_2
CEP162,1.0192479166666668,0.052417124112318844,1,1,1_1
CEP164,1.0358527777777777,0.06889295402576487,2,1,2_1
CEP170B,1.0923125,0.021313764275362322,3,0,3_0
CEP19,0.96895,0.042114847282608704,0,1,0_1
CEP192,1.0518833333333333,0.0347338720289855,2,0,2_0
CEP250,1.055763888888889,0.055115460628019315,2,1,2_1
CEP290,1.060788888888889,0.04404356252818036,2,1,2_1
CEP295,1.1699395833333333,0.20461064691123185,3,3,3_3
CEP350,1.012496875,0.007243345412137684,1,0,1_0
CEP41,1.0499090277777778,0.09975661141908213,2,2,2_2
CEP44,1.017302777777778,0.031326375378421895,1,0,1_0
CEP55,1.471845833333333,0.9052358263043478,4,4,4_4
CEP57,1.0038108333333333,0.012824889289855066,1,0,1_0
CEP57L1,1.0960427083333333,0.16268864369112318,3,2,3_2
CEP63,1.006977777777778,0.020773204782608686,1,0,1_0
CEP68,1.0077291666666666,0.045303654797101446,1,1,1_1
CEP70,1.0367841666666666,0.022645162826086952,2,0,2_0
CEP72,1.2780375,0.4919257773188406,4,3,4_3
CEP76,0.992125,0.022380382355072462,0,0,0_0
CEP78,1.0235708333333333,0.030935075,1,0,1_0
CEP83,1.0568041666666668,0.09441217887681157,2,2,2_2
CEP85,1.0340125,0.10594368996376813,2,2,2_2
CEP85L,1.1393270833333333,0.2179854071557971,3,3,3_3
CEP89,1.0128368055555557,0.06251311359702093,1,1,1_1
CEP95,0.9803208333333333,0.053128986207729455,0,1,0_1
CEP97,0.9912875,0.07223930174718197,0,1,0_1
CEPT1,1.0262510416666666,0.018680791906702906,1,0,1_0
CER1,0.9316125000000001,0.10807625746376813,0,2,0_2
CERCAM,0.9961083333333333,0.12403877163043477,0,2,0_2
CERK,1.0396666666666665,0.029423417826086953,2,0,2_0
CERS1,0.94313125,0.15743181208333337,0,2,0_2
CERS2,0.9784958333333332,0.03588704615942029,0,0,0_0
CERS3,1.0916499999999998,0.20640118931159418,3,3,3_3
CERS4,0.9186791666666666,0.1773255902173913,0,2,0_2
CERS5,1.3645833333333333,0.6148485040217391,4,4,4_4
CERS6,1.0228593750000001,0.03459257763134058,1,0,1_0
CES2,1.0196666666666667,0.047280399758454106,1,1,1_1
CES3,1.0369,0.17978175445652173,2,2,2_2
CES4A,1.0159583333333335,0.13943708739130437,1,2,1_2
CES5A,1.3940708333333334,1.5774875412318843,4,4,4_4
CETN1,1.2540458333333335,1.1983565523913042,4,4,4_4
CETN2,1.0152041666666667,0.1342197365942029,1,2,1_2
CETN3,1.0040791666666666,0.009277296594202898,1,0,1_0
CETP,0.8874749999999999,0.3046794147826087,0,3,0_3
CFAP100,0.9738041666666667,0.24209545163043475,0,3,0_3
CFAP126,1.1842249999999999,0.6537948111594202,3,4,3_4
CFAP157,1.2070055555555557,0.30943330842190014,3,3,3_3
CFAP161,1.1856208333333333,0.7712051396376812,3,4,3_4
CFAP20,1.0104666666666666,0.032057504782608694,1,0,1_0
CFAP206,1.1384875,0.3348965544202898,3,3,3_3
CFAP221,1.1172979166666666,0.28294072680253624,3,3,3_3
CFAP36,1.0005083333333333,0.02800771231884058,0,0,0_0
CFAP43,1.0790322916666666,0.26404952486865946,2,3,2_3
CFAP44,1.07316875,0.059727944981884086,2,1,2_1
CFAP45,1.0810208333333333,0.32297137210144927,3,3,3_3
CFAP46,1.426851388888889,1.41439523147343,4,4,4_4
CFAP47,1.2456458333333333,0.5339099032608696,4,3,4_3
CFAP52,1.0748875,0.3522663846376812,2,3,2_3
CFAP53,1.03026875,0.24582123983695653,2,3,2_3
CFAP54,1.0682625000000001,0.22840464978260872,2,3,2_3
CFAP57,1.108975,0.35993817333333344,3,3,3_3
CFAP58,1.0456333333333332,0.17040573047101448,2,2,2_2
CFAP61,1.241386111111111,0.46470657077294675,4,3,4_3
CFAP65,1.423758333333333,0.7177349937198066,4,4,4_4
CFAP69,1.0841819444444445,0.15839750826892116,3,2,3_2
CFAP70,1.0193583333333331,0.08322145169082126,1,2,1_2
CFAP73,0.97575,0.07828254141304347,0,1,0_1
CFAP74,1.3891930555555554,0.42007024939613535,4,3,4_3
CFAP97,1.0296447916666667,0.04952218402626811,1,1,1_1
CFAP99,1.12525,0.1986162152173913,3,3,3_3
CFB,1.8472541666666666,2.8263376938405798,4,4,4_4
CFC1,1.6555854166666666,1.803977796938406,4,4,4_4
CFC1B,1.0658916666666667,0.13625993829710148,2,2,2_2
CFD,1.1975375,0.3714020535507247,3,3,3_3
CFDP1,1.0245125,0.028177499830917864,1,0,1_0
CFH,1.0197666666666667,0.0389244484057971,1,1,1_1
CFHR1,1.0276291666666666,0.022199211956521737,1,0,1_0
CFHR2,1.0871291666666667,0.15038364152173914,3,2,3_2
CFHR3,1.245225,0.5676451740217392,4,4,4_4
CFHR4,1.1677583333333332,0.9163080286956522,3,4,3_4
CFHR5,1.3227499999999999,2.0909961559420287,4,4,4_4
CFI,1.4644479166666666,0.25586958306159424,4,3,4_3
CFL1,1.4532697916666664,0.5575674044610508,4,4,4_4
CFL2,1.006977777777778,0.042894819049919486,1,1,1_1
CFLAR,0.9895880952380952,0.02575144247781721,0,0,0_0
CFLAR-AS1,1.0334416666666666,0.04733930347826087,2,1,2_1
CFP,1.040025,0.15558278536231884,2,2,2_2
CFTR,1.3566104166666666,0.30114538107689215,4,3,4_3
CGA,2.5951937500000004,21.360699630815212,4,4,4_4
CGB1,1.9270354166666666,1.6825004660688407,4,4,4_4
CGB7,1.0111583333333334,0.08271933275362318,1,2,1_2
CGGBP1,1.0143708333333334,0.012416581222826092,1,0,1_0
CGN,1.0125979166666668,0.07765292414855073,1,1,1_1
CGREF1,1.2896916666666665,0.9474935749275362,4,4,4_4
CGRRF1,1.0357625,0.012936089057971013,2,0,2_0
CH25H,1.2513750000000001,0.3163684349275362,4,3,4_3
CHAC1,1.2948666666666666,0.7674239624637683,4,4,4_4
CHAC2,1.1342208333333332,0.3140548558695652,3,3,3_3
CHAD,1.1227625,0.5597894529710146,3,4,3_4
CHADL,0.9315458333333334,0.042533134275362317,0,1,0_1
CHAF1A,1.0346645833333332,0.09220159890398551,2,2,2_2
CHAF1B,0.9957416666666666,0.06779308521739132,0,1,0_1
CHAMP1,0.9859,0.028160020869565216,0,0,0_0
CHAT,1.7676958333333335,4.906333041811595,4,4,4_4
CHCHD1,1.0020041666666668,0.020726892971014498,1,0,1_0
CHCHD10,1.0146208333333333,0.04663910079710146,1,1,1_1
CHCHD2,1.0005,0.04134938347826087,0,1,0_1
CHCHD3,1.12195625,0.17368227230072464,3,2,3_2
CHCHD4,1.0060666666666667,0.03281964797101449,1,0,1_0
CHCHD5,1.1086958333333332,0.1399316914090177,3,2,3_2
CHCHD6,0.9957875,0.03408850485507246,0,0,0_0
CHCHD7,1.018,0.017072144673913044,1,0,1_0
CHD1,0.9774958333333332,0.012813845760869563,0,0,0_0
CHD1L,1.019735,0.03146127606376812,1,0,1_0
CHD2,1.0267673611111112,0.02452685791666667,1,0,1_0
CHD3,1.0088354166666667,0.02205064951086957,1,0,1_0
CHD4,1.0110097222222223,0.025782880297906617,1,0,1_0
CHD5,0.9762895833333335,0.12553264701086955,0,2,0_2
CHD6,1.0114885416666668,0.02727345197010871,1,0,1_0
CHD7,1.0938520833333334,0.11333433932065216,3,2,3_2
CHD8,0.9806624999999999,0.03212301934782608,0,0,0_0
CHD9,1.031204761904762,0.011926669923099667,2,0,2_0
CHDH,1.1579285714285714,0.19357586101449267,3,3,3_3
CHEK1,1.1026437500000001,0.11704410397644929,3,2,3_2
CHEK2,1.07205,0.0862836992753623,2,2,2_2
CHERP,1.1715513888888889,0.267074214742351,3,3,3_3
CHFR,1.03221875,0.01571077059782609,2,0,2_0
CHGA,1.9115041666666668,3.27872846615942,4,4,4_4
CHGB,1.4430291666666666,1.4028704955797102,4,4,4_4
CHI3L1,1.581272222222222,1.437318366521739,4,4,4_4
CHI3L2,1.2743375,0.7680287544202898,4,4,4_4
CHIA,1.0760833333333333,0.5097897927536231,2,3,2_3
CHIC1,0.9843291666666666,0.041426284758454106,0,1,0_1
CHIC2,1.0047916666666667,0.04636033811594202,1,1,1_1
CHID1,1.0354875,0.07211489673913044,2,1,2_1
CHIT1,2.1712666666666665,11.950475913188408,4,4,4_4
CHKA,1.05335,0.07065878271739132,2,1,2_1
CHKB,1.0292166666666667,0.06432985347826085,1,1,1_1
CHKB-CPT1B,0.9830770833333333,0.08407292635869565,0,2,0_2
CHL1,0.9941999999999999,0.08781818996376813,0,2,0_2
CHL1-AS1,1.1707166666666666,0.6610868504347827,3,4,3_4
CHM,0.9922680555555555,0.0851337250322061,0,2,0_2
CHML,1.1569833333333333,0.10704163327294688,3,2,3_2
CHMP1A,1.0153541666666668,0.05143915688405798,1,1,1_1
CHMP1B,1.2353083333333335,0.3490354495289854,3,3,3_3
CHMP2A,1.0260083333333334,0.04263909536231884,1,1,1_1
CHMP2B,0.9930222222222221,0.007593786779388088,0,0,0_0
CHMP4A,1.0198645833333335,0.0401037610326087,1,1,1_1
CHMP4B,1.02589375,0.025710433713768112,1,0,1_0
CHMP4C,0.9847208333333333,0.04597786239130435,0,1,0_1
CHMP5,1.0360479166666667,0.024265108786231882,2,0,2_0
CHMP6,0.9620583333333333,0.05837887333333334,0,1,0_1
CHMP7,1.0382041666666666,0.06818313369565217,2,1,2_1
CHN1,1.22335,0.1858523263768116,3,2,3_2
CHN2,1.0638489583333335,0.046913598817934776,2,1,2_1
CHODL,1.0638875,0.47407889340579706,2,3,2_3
CHORDC1,1.0026416666666667,0.03409244162640902,1,0,1_0
CHP1,1.0862479166666665,0.09383974092391303,3,2,3_2
CHP2,1.4880125,3.005517063260869,4,4,4_4
CHPF,1.0414166666666667,0.11140770391304348,2,2,2_2
CHPF2,0.9811458333333333,0.04242880282608696,0,1,0_1
CHPT1,1.025311111111111,0.11316782942028988,1,2,1_2
CHRAC1,0.9771000000000001,0.03891250492753623,0,1,0_1
CHRD,1.7736395833333336,2.272864525307971,4,4,4_4
CHRDL1,1.1133125,0.18357911442028985,3,2,3_2
CHRDL2,1.6573250000000002,3.4928573386956523,4,4,4_4
CHRM1,0.9977416666666666,0.22189504739130436,0,3,0_3
CHRM2,1.3498458333333334,1.924906466884058,4,4,4_4
CHRM3,1.1054576388888888,0.17487074397544283,3,2,3_2
CHRM3-AS2,1.2237958333333332,0.43398155615942036,3,3,3_3
CHRM4,1.9198458333333335,3.6160834731159417,4,4,4_4
CHRM5,2.1437291666666667,7.630236427753623,4,4,4_4
CHRNA1,1.0395270833333334,0.5083304867210144,2,3,2_3
CHRNA10,0.9995083333333333,0.3111802070370371,0,3,0_3
CHRNA2,1.0310125,0.27047772920289853,2,3,2_3
CHRNA3,1.1494555555555557,0.29732341444444443,3,3,3_3
CHRNA4,1.4147645833333333,0.37501830853260865,4,3,4_3
CHRNA5,0.9807125000000001,0.43167541297101447,0,3,0_3
CHRNA6,1.0496791666666667,0.15054345079710144,2,2,2_2
CHRNA9,1.0756625,0.6279348635507246,2,4,2_4
CHRNB1,1.024275,0.3337379598550725,1,3,1_3
CHRNB2,0.9336916666666667,0.10517489612318841,0,2,0_2
CHRNB3,1.3459729166666667,1.5429978277717393,4,4,4_4
CHRNB4,1.0192791666666665,0.17151833311594203,1,2,1_2
CHRND,1.0888166666666665,0.26861437347826095,3,3,3_3
CHRNE,1.3867020833333334,0.5627771054528985,4,4,4_4
CHRNG,0.9218083333333333,0.16482773057971015,0,2,0_2
CHST1,1.1495958333333334,0.4038854727173913,3,3,3_3
CHST10,1.0866791666666666,0.11472359152173912,3,2,3_2
CHST11,1.1056319444444445,0.19578775195652173,3,3,3_3
CHST12,1.0414541666666666,0.03758274445652174,2,1,2_1
CHST13,1.1989583333333333,0.27935311467391305,3,3,3_3
CHST14,1.0096583333333333,0.059046288550724635,1,1,1_1
CHST15,0.9889895833333334,0.08395140534420292,0,2,0_2
CHST2,1.0750541666666666,0.13985949090579708,2,2,2_2
CHST3,1.2365041666666665,0.3091415851288245,3,3,3_3
CHST4,1.2635,0.27983937202898546,4,3,4_3
CHST5,0.9668875,0.0851086436594203,0,2,0_2
CHST6,0.9903875000000001,0.06740423442028985,0,1,0_1
CHST7,1.1501333333333335,0.15660022115942027,3,2,3_2
CHST8,0.9173833333333333,0.3959494349275362,0,3,0_3
CHST9,1.0541125,0.09125439358695651,2,2,2_2
CHSY1,1.0955208333333335,0.05960460224637681,3,1,3_1
CHSY3,1.498,0.7347894479710145,4,4,4_4
CHTF18,1.0218333333333334,0.04423378391304348,1,1,1_1
CHTF8,0.9924041666666668,0.013274631666666667,0,0,0_0
CHTOP,1.0340944444444444,0.017564316070853462,2,0,2_0
CHUK,0.9767791666666668,0.014496541956521738,0,0,0_0
CHURC1,1.2870958333333335,0.20480394401771337,4,3,4_3
CHURC1-FNTB,1.0361666666666667,0.11517699521739129,2,2,2_2
CIAO1,0.988825,0.026515019903381638,0,0,0_0
CIAPIN1,1.02535,0.038541582028985506,1,1,1_1
CIART,1.008525,0.16851385173913044,1,2,1_2
CIB1,1.2064083333333333,0.2819541194202898,3,3,3_3
CIB2,1.1009208333333333,0.2813948734057971,3,3,3_3
CIB3,0.8180166666666665,0.13575968278985506,0,2,0_2
CIB4,2.1959500000000003,8.728512518985507,4,4,4_4
CIC,1.1261125,0.10173452065217391,3,2,3_2
CIDEA,0.8317208333333334,0.1396989441304348,0,2,0_2
CIDEB,0.9851291666666667,0.03431786398550724,0,0,0_0
CIDEC,1.0075583333333336,0.08661309927536233,1,2,1_2
CIITA,1.0067166666666667,0.16166906822866345,1,2,1_2
CILP,1.0827,0.13410049333333332,3,2,3_2
CILP2,1.6415958333333334,2.1410948574637683,4,4,4_4
CINP,0.9927513888888889,0.020932834339774553,0,0,0_0
CIPC,1.0134166666666666,0.03801215710144927,1,1,1_1
CIR1,1.0421375,0.039724449782608695,2,1,2_1
CIRBP,1.0233616666666665,0.019435032910144923,1,0,1_0
CIRBP-AS1,1.1194,0.37208540373188403,3,3,3_3
CISD1,1.0258833333333333,0.031659668260869564,1,0,1_0
CISD2,0.9912263888888889,0.023666619106280186,0,0,0_0
CISD3,1.0079270833333334,0.09369363168478262,1,2,1_2
CISH,1.2048555555555556,0.2894031231400966,3,3,3_3
CITED1,1.7192166666666668,2.9914350994202894,4,4,4_4
CITED2,1.1280527777777778,0.23589719835748785,3,3,3_3
CITED4,1.1408458333333333,0.16590621702898553,3,2,3_2
CIZ1,0.976284375,0.029556968944746378,0,0,0_0
CKAP2,1.2325991666666667,0.21189932522608695,3,3,3_3
CKAP2L,1.1149791666666666,0.19426629557971015,3,3,3_3
CKAP4,1.0018680555555555,0.09339948242351047,1,2,1_2
CKAP5,1.0011145833333333,0.013323679402173914,0,0,0_0
CKB,1.0944083333333332,0.34095170405797104,3,3,3_3
CKLF,1.1166770833333333,0.08569481081521739,3,2,3_2
CKLF-CMTM1,1.0184083333333334,0.07285601391304349,1,1,1_1
CKM,2.4958875000000003,8.252479720652175,4,4,4_4
CKMT1A,1.0678375,0.08492975630434783,2,2,2_2
CKMT2,1.0965416666666667,0.22784132971014495,3,3,3_3
CKMT2-AS1,1.0582874999999998,0.0746654331884058,2,1,2_1
CKS1B,1.0417041666666667,0.04644673557971015,2,1,2_1
CKS2,1.0252458333333334,0.17321091760869567,1,2,1_2
CLASP1,1.0617104166666667,0.10951624074275364,2,2,2_2
CLASP2,1.0275145833333335,0.025066283480273753,1,0,1_0
CLASRP,1.0112875,0.04799608152173912,1,1,1_1
CLC,7.302395833333333,101.48932269253622,4,4,4_4
CLCA1,12.425883333333333,1151.8379958681162,4,4,4_4
CLCA2,2.8144124999999995,23.726836639157614,4,4,4_4
CLCA4,1.5327083333333336,3.040724021014492,4,4,4_4
CLCC1,1.0105791666666668,0.02078188194041868,1,0,1_0
CLCF1,1.1303333333333334,0.1866015592753623,3,2,3_2
CLCN1,1.3655083333333333,1.1049523508695653,4,4,4_4
CLCN2,1.1434499999999999,0.22534513782608695,3,3,3_3
CLCN3,1.0186760416666667,0.019099567930253625,1,0,1_0
CLCN4,1.4344658333333333,0.5797107080086957,4,4,4_4
CLCN5,1.02519,0.027766102028985513,1,0,1_0
CLCN6,1.0941416666666666,0.08041276478260867,3,1,3_1
CLCN7,1.0019361111111111,0.051044558599033826,1,1,1_1
CLCNKB,1.238153125,0.43955420169836956,3,3,3_3
CLDN1,1.2828958333333333,0.43992398749999995,4,3,4_3
CLDN10,0.9364583333333334,0.0757303795652174,0,1,0_1
CLDN10-AS1,1.3179375,0.5434206455797101,4,4,4_4
CLDN11,1.2963347222222223,0.5132266448067632,4,3,4_3
CLDN12,0.9697166666666667,0.013134201594202895,0,0,0_0
CLDN14,1.1151208333333333,0.4070028693478261,3,3,3_3
CLDN15,1.63629375,1.4241726655978264,4,4,4_4
CLDN16,1.0116541666666665,0.1418012415217391,1,2,1_2
CLDN17,1.2173874999999998,0.7385452505072463,3,4,3_4
CLDN18,1.5184562499999998,0.926297310914855,4,4,4_4
CLDN19,1.3838222222222223,0.29400877901771333,4,3,4_3
CLDN2,1.1244,0.3800909315942029,3,3,3_3
CLDN20,1.0931,0.26568825565217385,3,3,3_3
CLDN23,1.0621527777777777,0.05604201468599034,2,1,2_1
CLDN3,1.0498541666666668,0.23210084365942024,2,3,2_3
CLDN4,1.0943270833333332,0.1302700942210145,3,2,3_2
CLDN5,1.8143083333333332,2.3401204473913046,4,4,4_4
CLDN6,1.0355041666666667,0.4040626094202899,2,3,2_3
CLDN7,1.1390083333333332,0.13858990275362318,3,2,3_2
CLDN8,1.1252416666666667,0.15768236347826084,3,2,3_2
CLDN9,1.0199458333333336,0.09886102992753623,1,2,1_2
CLDND1,1.1828708333333333,0.07510107276268117,3,1,3_1
CLDND2,0.9983708333333333,0.3631883405072464,0,3,0_3
CLEC10A,1.170120833333333,0.23680980615942027,3,3,3_3
CLEC11A,1.0296277777777778,0.12001900671497584,1,2,1_2
CLEC12A,1.4834069444444447,1.6096594371417068,4,4,4_4
CLEC12B,2.0615229166666666,3.353242529293478,4,4,4_4
CLEC14A,1.2376375000000002,0.20033767804347824,3,3,3_3
CLEC16A,1.0193562500000002,0.0402813591847826,1,1,1_1
CLEC18A,1.19145,0.8575713798550725,3,4,3_4
CLEC1A,1.1022791666666667,0.15586153586956522,3,2,3_2
CLEC1B,1.1063291666666666,0.4384817022463768,3,3,3_3
CLEC2B,1.1967333333333334,0.25693354105072463,3,3,3_3
CLEC2D,1.0580114583333333,0.11706901175271739,2,2,2_2
CLEC2L,1.7040166666666667,1.491008404637681,4,4,4_4
CLEC3A,0.867575,1.797246374637681,0,4,0_4
CLEC4A,1.0048958333333333,0.10814422663043477,1,2,1_2
CLEC4C,1.9564666666666668,5.043666058007246,4,4,4_4
CLEC4D,1.5995687500000002,2.4100506666847825,4,4,4_4
CLEC4E,1.8140833333333335,3.299845095,4,4,4_4
CLEC4F,1.139725,0.29584042739130434,3,3,3_3
CLEC4G,2.415075,4.59427984594203,4,4,4_4
CLEC4M,0.9138979166666666,0.19697336813405797,0,3,0_3
CLEC5A,1.1958416666666667,0.7428735426086955,3,4,3_4
CLEC7A,1.5017763888888889,0.9525344214774555,4,4,4_4
CLECL1,1.6406229166666666,1.8458509374094203,4,4,4_4
CLGN,1.3316208333333333,0.5653476742753624,4,4,4_4
CLHC1,1.1345416666666666,0.10357923405797101,3,2,3_2
CLIC1,1.0462166666666668,0.03890942884057972,2,1,2_1
CLIC2,1.1588666666666667,0.16814372579710146,3,2,3_2
CLIC3,1.23255,0.4013156450724637,3,3,3_3
CLIC4,1.0658013888888889,0.07320662828502414,2,1,2_1
CLIC5,1.0169641666666667,0.0751179789478261,1,1,1_1
CLIC6,1.05285,0.1024160889492754,2,2,2_2
CLINT1,1.0359722222222223,0.0882882421095008,2,2,2_2
CLIP1,1.0199243055555556,0.02183762916465378,1,0,1_0
CLIP1-AS1,0.9758166666666668,0.5048637830434783,0,3,0_3
CLIP2,1.0827916666666666,0.1012969547826087,3,2,3_2
CLIP3,1.0489729166666668,0.0881048544021739,2,2,2_2
CLIP4,1.05356875,0.04392245585144927,2,1,2_1
CLK1,1.032675,0.02014521231884058,2,0,2_0
CLK2,0.9987208333333334,0.02666449297101449,0,0,0_0
CLK3,0.97360625,0.05411263860507245,0,1,0_1
CLK4,1.0348177083333334,0.021535299361413046,2,0,2_0
CLMN,0.975346875,0.059359068745471005,0,1,0_1
CLMP,1.0716708333333334,0.07454199902173912,2,1,2_1
CLN3,1.0322729166666667,0.05226941030797101,2,1,2_1
CLN5,0.9793027777777777,0.011629920917874393,0,0,0_0
CLN6,1.152722619047619,0.17119854392487432,3,2,3_2
CLN8,1.003775,0.03713909348985507,1,1,1_1
CLNK,1.0266069444444443,0.08641239400161031,1,2,1_2
CLNS1A,1.0328395833333335,0.0410850523731884,2,1,2_1
CLOCK,1.1294947916666667,0.09885198920742753,3,2,3_2
CLP1,1.3826,0.5614144758695653,4,4,4_4
CLPB,1.3949145833333334,0.6189330970108696,4,4,4_4
CLPP,0.994425,0.07308490666666667,0,1,0_1
CLPS,2.5046000000000004,8.491375481304349,4,4,4_4
CLPTM1,0.9954916666666667,0.07106302307971013,0,1,0_1
CLPTM1L,1.01265,0.04280406315619968,1,1,1_1
CLPX,1.0022354166666667,0.011897344365942026,1,0,1_0
CLRN1,1.3023152777777778,0.5831243791545894,4,4,4_4
CLRN1-AS1,1.2536666666666667,1.0687208456521742,4,4,4_4
CLRN3,0.9937583333333334,0.4108476249275363,0,3,0_3
CLSPN,1.3355249999999999,0.2700600889221015,4,3,4_3
CLSTN1,0.9922458333333334,0.02792134195652174,0,0,0_0
CLSTN2,1.3571666666666669,0.9184549266304345,4,4,4_4
CLSTN2-AS1,2.0622000000000003,4.202916525072465,4,4,4_4
CLSTN3,1.0025416666666667,0.13333443550724638,1,2,1_2
CLTA,1.0313284722222222,0.023937852276570054,2,0,2_0
CLTB,0.99381875,0.030040829692028984,0,0,0_0
CLTC,0.9996472222222222,0.033151610048309174,0,0,0_0
CLTCL1,0.9605625,0.06800387499999999,0,1,0_1
CLU,1.0493708333333334,0.05323680852355072,2,1,2_1
CLUAP1,1.0928208333333334,0.16766915632045087,3,2,3_2
CLUH,1.32696875,0.7357038857065218,4,4,4_4
CLUL1,0.9772249999999999,0.15188347202898547,0,2,0_2
CLVS1,1.0360125,0.45861915137681164,2,3,2_3
CLVS2,1.4778458333333333,2.23370335152174,4,4,4_4
CLYBL,1.2656430555555556,0.2871646062560386,4,3,4_3
CLYBL-AS1,1.1213,0.7010301114492755,3,4,3_4
CLYBL-AS2,0.9933125,0.1100569874637681,0,2,0_2
CMA1,1.6605,1.4781076157971016,4,4,4_4
CMAS,1.0557395833333334,0.03692599418478261,2,1,2_1
CMBL,1.0335152777777779,0.04609746717391305,2,1,2_1
CMC1,1.0308958333333333,0.041786280652173914,2,1,2_1
CMC2,1.0135916666666667,0.02738149362318841,1,0,1_0
CMC4,1.0008847222222224,0.014458318333333336,0,0,0_0
CMIP,1.1546013888888889,0.13886393575684378,3,2,3_2
CMKLR1,1.1178875000000001,0.159353084726248,3,2,3_2
CMPK1,1.0356611111111114,0.053726976908212556,2,1,2_1
CMPK2,1.2404958333333334,0.8830617423913045,4,4,4_4
CMSS1,1.0447583333333332,0.03729863,2,1,2_1
CMTM1,1.4650833333333333,1.3053733863405799,4,4,4_4
CMTM2,2.3613750000000002,7.051255487681158,4,4,4_4
CMTM3,1.0978541666666668,0.08896021596618356,3,2,3_2
CMTM4,1.0446694444444444,0.0379923456199678,2,1,2_1
CMTM5,1.0953291666666667,0.402836531231884,3,3,3_3
CMTM6,1.0090239583333334,0.034269194307065216,1,0,1_0
CMTM7,1.0582958333333334,0.09400495297101451,2,2,2_2
CMTM8,0.9914041666666668,0.044988950652173905,0,1,0_1
CMTR1,1.0193666666666668,0.03693083913043478,1,1,1_1
CMTR2,1.02055,0.01590173652173913,1,0,1_0
CMYA5,1.0647020833333334,0.18274436222826088,2,2,2_2
CNBD1,1.5128187499999999,1.8468094394021737,4,4,4_4
CNBD2,1.4502305555555557,0.5653723052657006,4,4,4_4
CNBP,0.9890125,0.005759290543478259,0,0,0_0
CNDP1,1.0532541666666666,0.2482535812318841,2,3,2_3
CNDP2,1.0123666666666666,0.09047225196457326,1,2,1_2
CNEP1R1,1.0023208333333333,0.024956515144927534,1,0,1_0
CNFN,1.1176125,0.17535096108695655,3,2,3_2
CNGA1,1.3106,0.4059009766666666,4,3,4_3
CNGA3,1.0304624999999998,0.27779934311594195,2,3,2_3
CNGA4,1.1570958333333332,0.7667744510869565,3,4,3_4
CNGB1,1.4753041666666666,0.5672851478180354,4,4,4_4
CNGB3,1.5923,1.3334854092391306,4,4,4_4
CNIH1,1.0027791666666668,0.015617556376811597,1,0,1_0
CNIH2,2.1522791666666663,2.6575399480434783,4,4,4_4
CNIH3,1.1021854166666667,0.12035682762681157,3,2,3_2
CNIH4,0.9951256944444443,0.016202005859500802,0,0,0_0
CNKSR1,1.0463250000000002,0.02711470420289855,2,0,2_0
CNKSR2,1.0538333333333332,0.15136798375201285,2,2,2_2
CNKSR3,1.0412760416666667,0.0519869725317029,2,1,2_1
CNN1,1.2433833333333333,0.49726810637681157,4,3,4_3
CNN2,1.0465125000000002,0.04616859557971015,2,1,2_1
CNN3,1.0587125000000002,0.04454325568840579,2,1,2_1
CNNM1,1.058125,0.2861182056521739,2,3,2_3
CNNM2,1.0280145833333334,0.03840596099637681,1,1,1_1
CNNM3,1.0033166666666669,0.0742445515942029,1,1,1_1
CNNM4,1.0070625,0.04688367833333333,1,1,1_1
CNOT1,0.9988291666666665,0.010957470008051529,0,0,0_0
CNOT10,0.9938708333333333,0.03080100108695652,0,0,0_0
CNOT11,1.0211249999999998,0.006892798115942031,1,0,1_0
CNOT2,1.068865625,0.07710090703351449,2,1,2_1
CNOT3,1.0326236111111111,0.10259805152173913,2,2,2_2
CNOT4,1.02424,0.04603276622028988,1,1,1_1
CNOT6,1.0158104166666666,0.019565890126811588,1,0,1_0
CNOT6L,1.4056558333333333,0.29502722395072467,4,3,4_3
CNOT7,1.0155277777777778,0.032776440140901766,1,0,1_0
CNOT8,1.0301194444444446,0.022532427681159425,1,0,1_0
CNOT9,0.9327666666666666,0.01820236454911433,0,0,0_0
CNP,0.9943270833333333,0.06007182929347825,0,1,0_1
CNPPD1,1.0751229166666667,0.11040207773550724,2,2,2_2
CNPY1,1.144825,0.5801021656521739,3,4,3_4
CNPY2,1.0250875,0.03961204037137681,1,1,1_1
CNPY3,1.064953125,0.04316983759510869,2,1,2_1
CNPY4,1.55834375,1.5161570863949279,4,4,4_4
CNR1,1.3467677083333334,0.531469245647645,4,3,4_3
CNR2,2.068516666666667,2.521284270869565,4,4,4_4
CNRIP1,1.09035,0.16164175811594203,3,2,3_2
CNST,1.0290083333333333,0.1115313618206522,1,2,1_2
CNTD1,1.2033375,0.3397085470289855,3,3,3_3
CNTD2,0.988375,0.09634345811594204,0,2,0_2
CNTF,1.6678374999999999,2.0753313651449274,4,4,4_4
CNTFR,1.047225,0.15697792942028985,2,2,2_2
CNTFR-AS1,1.2634208333333332,0.38332391061594195,4,3,4_3
CNTLN,1.0891489583333334,0.08546749837409419,3,2,3_2
CNTN1,1.0561979166666668,0.11807148410326088,2,2,2_2
CNTN2,1.8904249999999998,2.3083494018478263,4,4,4_4
CNTN3,1.0590958333333333,0.19941797369565215,2,3,2_3
CNTN4,0.9950791666666667,0.10585913449275362,0,2,0_2
CNTN5,1.201225,0.5682674003985507,3,4,3_4
CNTN6,0.9425833333333333,0.5224270201449276,0,3,0_3
CNTNAP1,1.0366916666666668,0.09050569173913045,2,2,2_2
CNTNAP2,1.7170750000000001,1.3368122023913043,4,4,4_4
CNTNAP3,1.1158583333333334,0.3176373691304348,3,3,3_3
CNTNAP3B,1.0274020833333333,0.11924685429347824,1,2,1_2
CNTNAP4,1.0558208333333334,0.21606527162137676,2,3,2_3
CNTNAP5,1.4324270833333335,1.2718157816847826,4,4,4_4
CNTRL,1.0528333333333333,0.08647112057971015,2,2,2_2
CNTROB,1.367229166666667,0.3375530956431159,4,3,4_3
COA1,1.2833354166666666,0.2693547329619566,4,3,4_3
COA3,0.9053812499999999,0.07327288538043479,0,1,0_1
COA4,0.9769791666666667,0.0517813065942029,0,1,0_1
COA5,1.0177104166666666,0.010413137771739136,1,0,1_0
COA6,0.9912791666666667,0.027056107608695656,0,0,0_0
COA7,1.0558229166666668,0.034262707047101444,2,0,2_0
COASY,0.9833250000000001,0.022565644782608696,0,0,0_0
COBL,1.0883645833333333,0.0931331578442029,3,2,3_2
COBLL1,1.0200541666666665,0.044344069243478265,1,1,1_1
COCH,1.0233583333333331,0.0897034839452496,1,2,1_2
COG1,1.1704027777777777,0.19270566806763284,3,3,3_3
COG2,0.9837916666666667,0.022301977210144926,0,0,0_0
COG3,1.06304375,0.1023621527717391,2,2,2_2
COG4,1.0198458333333333,0.02167620369565217,1,0,1_0
COG5,1.0056916666666667,0.013893676843800327,1,0,1_0
COG6,1.0735166666666667,0.06786904246376811,2,1,2_1
COG7,1.0324125000000002,0.04412830557971015,2,1,2_1
COG8,0.999663888888889,0.021431024879227056,0,0,0_0
COIL,0.9572791666666666,0.03967911347826086,0,1,0_1
COL10A1,1.9557333333333335,3.2846240030797103,4,4,4_4
COL11A1,1.1399916666666667,0.25043031473429955,3,3,3_3
COL11A2,1.0551812499999997,0.18377904338768117,2,2,2_2
COL12A1,1.0790108333333333,0.1442757098347826,2,2,2_2
COL13A1,1.3136986111111113,0.8889037529871177,4,4,4_4
COL14A1,1.2200489583333332,0.19478400157155792,3,3,3_3
COL15A1,1.1079708333333336,0.05537776123188407,3,1,3_1
COL16A1,1.0310583333333334,0.1566665327536232,2,2,2_2
COL17A1,0.9404291666666666,0.29799722123188405,0,3,0_3
COL18A1,1.09666875,0.11818075056159419,3,2,3_2
COL18A1-AS1,2.4206000000000003,7.307400610000002,4,4,4_4
COL19A1,1.0798708333333333,0.7595333447101449,2,4,2_4
COL1A1,1.1582433333333333,0.4266657533971014,3,3,3_3
COL1A2,1.1379083333333333,0.24621972851851853,3,3,3_3
COL20A1,1.5662500000000001,1.1522359093115944,4,4,4_4
COL21A1,1.0645375,0.1578221397826087,2,2,2_2
COL22A1,1.563451388888889,1.0514141690579708,4,4,4_4
COL23A1,1.0546708333333334,0.17958552586956522,2,2,2_2
COL24A1,1.0552708333333334,0.10142489673913044,2,2,2_2
COL25A1,1.550326388888889,0.8982357707165861,4,4,4_4
COL26A1,1.4669416666666664,0.5659614580797101,4,4,4_4
COL27A1,1.1484541666666666,0.15849770799130436,3,2,3_2
COL28A1,1.1373854166666668,0.22080176940217394,3,3,3_3
COL2A1,1.9420000000000002,3.7681506620652176,4,4,4_4
COL3A1,1.1091283333333333,0.10147728997681159,3,2,3_2
COL4A1,1.2360666666666666,0.2598949459782609,3,3,3_3
COL4A2,1.1252437499999999,0.1579275529891304,3,2,3_2
COL4A3,1.0837809523809525,0.05425240728482697,3,1,3_1
COL4A3BP,1.0160291666666665,0.02782987011775362,1,0,1_0
COL4A4,0.9823611111111111,0.09093051354267312,0,2,0_2
COL4A5,1.0578604166666665,0.10460072342391305,2,2,2_2
COL4A6,1.0637999999999999,0.06740920391304349,2,1,2_1
COL5A1,1.252126388888889,0.3495511151449275,4,3,4_3
COL5A2,1.1862791666666668,0.23059676380434782,3,3,3_3
COL5A3,1.1924666666666666,0.1518842275,3,2,3_2
COL6A1,1.1288067708333334,0.1257988633774909,3,2,3_2
COL6A2,1.1254687499999998,0.2682460570108695,3,3,3_3
COL6A3,1.1343708333333333,0.1366157981884058,3,2,3_2
COL6A5,2.215441666666667,12.810931577934783,4,4,4_4
COL6A6,1.2847187500000001,0.8179669661775361,4,4,4_4
COL7A1,1.1445791666666667,0.15979454550724634,3,2,3_2
COL8A1,1.161913888888889,0.27646955175523347,3,3,3_3
COL8A2,1.1874104166666666,0.3665179041847826,3,3,3_3
COL9A1,0.9233645833333334,0.27113390965579715,0,3,0_3
COL9A2,1.0060708333333335,0.10465059807971015,1,2,1_2
COL9A3,1.1096416666666666,0.12538649521739129,3,2,3_2
COLCA1,1.2043375,0.1643975631521739,3,2,3_2
COLCA2,1.1012083333333333,0.33783402565217396,3,3,3_3
COLEC10,1.0740041666666666,1.913469235,2,4,2_4
COLEC11,1.08215,0.6893255294202898,3,4,3_4
COLEC12,1.1604208333333332,0.21107059905797104,3,3,3_3
COLGALT1,1.5844979166666668,0.9520619271195653,4,4,4_4
COLGALT2,0.9466958333333334,0.033470245833333336,0,0,0_0
COLQ,0.9868125000000001,0.08731460311594204,0,2,0_2
COMMD1,1.0751833333333334,0.05622022478260869,2,1,2_1
COMMD10,0.9471020833333332,0.0834821253351449,0,2,0_2
COMMD2,1.00901875,0.020920118967391307,1,0,1_0
COMMD3,1.0128166666666667,0.009715847971014492,1,0,1_0
COMMD3-BMI1,1.024025,0.010460416086956524,1,0,1_0
COMMD4,1.0503222222222222,0.04982746291465378,2,1,2_1
COMMD5,0.9827479166666667,0.03263774096014493,0,0,0_0
COMMD6,0.9997708333333334,0.07030911231884059,0,1,0_1
COMMD7,0.9048791666666668,0.25207221684782616,0,3,0_3
COMMD8,1.0236750000000001,0.022613745652173917,1,0,1_0
COMMD9,1.0100791666666666,0.033053015,1,0,1_0
COMP,0.9543208333333334,0.19296309528985509,0,3,0_3
COMT,0.9039916666666667,0.04687106906702899,0,1,0_1
COMTD1,1.0434166666666667,0.05077699637681158,2,1,2_1
COPA,1.003584375,0.014749071616847827,1,0,1_0
COPB1,1.0049680555555556,0.03584097396940418,1,0,1_0
COPB2,0.9911,0.02812469141304349,0,0,0_0
COPE,1.3646583333333335,0.7988820140217392,4,4,4_4
COPG1,1.0375375,0.10362436760869563,2,2,2_2
COPG2,1.5198958333333332,1.1168208776086956,4,4,4_4
COPRS,0.9965833333333333,0.03275491913043478,0,0,0_0
COPS2,0.99050625,0.007314097554347826,0,0,0_0
COPS3,1.0044333333333333,0.013360251014492756,1,0,1_0
COPS4,0.9433520833333332,0.09875795335144928,0,2,0_2
COPS5,0.9936458333333333,0.014026338043478262,0,0,0_0
COPS6,0.9837979166666666,0.008256246358695655,0,0,0_0
COPS7A,1.0190083333333333,0.015638494492753622,1,0,1_0
COPS7B,1.0557236111111112,0.07075036147342996,2,1,2_1
COPS8,1.0326069444444446,0.026491608997584553,2,0,2_0
COPS9,1.8220895833333335,1.510534725706522,4,4,4_4
COPZ1,1.0468208333333333,0.06688249844202898,2,1,2_1
COPZ2,1.0494854166666665,0.06743419911231882,2,1,2_1
COQ10A,0.9802041666666668,0.032716743405797104,0,0,0_0
COQ10B,1.0345145833333333,0.023675600851449277,2,0,2_0
COQ2,1.0230208333333335,0.06008269199275363,1,1,1_1
COQ3,1.0163666666666666,0.019285062971014493,1,0,1_0
COQ4,1.06165,0.03177787471014492,2,0,2_0
COQ5,1.0116708333333333,0.030210591086956513,1,0,1_0
COQ6,1.0048166666666667,0.022848261304347826,1,0,1_0
COQ7,1.0016749999999999,0.05536087866344605,1,1,1_1
COQ8A,1.0390645833333334,0.043220240489130424,2,1,2_1
COQ8B,1.0016708333333333,0.10322090003623187,1,2,1_2
COQ9,0.9704104166666667,0.03539188030797102,0,0,0_0
CORIN,1.064538888888889,0.2615482044283414,2,3,2_3
CORO1A,1.5160416666666665,0.7877966265217391,4,4,4_4
CORO1B,1.00345,0.03085395010869565,1,0,1_0
CORO1C,1.0918291666666666,0.06296918913043478,3,1,3_1
CORO2A,1.0194124999999998,0.03427974271739131,1,0,1_0
CORO2B,1.0764250000000002,0.152761218115942,2,2,2_2
CORO6,1.0344416666666667,0.10578599144927538,2,2,2_2
CORO7,1.0275875,0.15261817007246375,1,2,1_2
CORT,0.9811208333333333,0.05568030282608697,0,1,0_1
COTL1,1.5444680555555557,0.5705405128582931,4,4,4_4
COX10,0.9912125,0.027140512028985507,0,0,0_0
COX11,1.0222791666666666,0.014392652454710142,1,0,1_0
COX14,1.0683208333333332,0.11844593760869566,2,2,2_2
COX15,1.0320697916666666,0.018667484479166666,2,0,2_0
COX16,1.0518708333333333,0.03890102601449274,2,1,2_1
COX17,0.9782375,0.03761717094202898,0,1,0_1
COX18,1.0327104166666665,0.04093872972826087,2,1,2_1
COX19,1.0064875,0.05606432365942029,1,1,1_1
COX20,1.0099847222222222,0.013110620169082123,1,0,1_0
COX4I1,1.052575,0.03754476203804348,2,1,2_1
COX4I2,1.1200333333333334,0.1488359178260869,3,2,3_2
COX5A,1.0205708333333334,0.030296726485507245,1,0,1_0
COX5B,1.0267052083333332,0.03041720641757248,1,0,1_0
COX6A1,1.303425,0.5740196730072463,4,4,4_4
COX6A2,1.5083666666666666,0.839567208695652,4,4,4_4
COX6B1,1.0306375,0.025619961666666666,2,0,2_0
COX6B2,1.1362583333333334,0.39642136144927537,3,3,3_3
COX6C,1.0238208333333334,0.04894692543478261,1,1,1_1
COX7A1,1.0205458333333333,0.1779226393478261,1,2,1_2
COX7A2,0.9966708333333333,0.00934997586956522,0,0,0_0
COX7A2L,1.0186208333333333,0.012600684855072463,1,0,1_0
COX7B,1.0216583333333336,0.00911675514492754,1,0,1_0
COX7B2,1.6104708333333333,3.1185842986231886,4,4,4_4
COX7C,1.0410861111111112,0.03460104181964574,2,0,2_0
COX8A,1.0240791666666667,0.09135583833333334,1,2,1_2
COX8C,1.4337791666666666,1.4317013194927535,4,4,4_4
CP,0.9900583333333334,0.12490783259963767,0,2,0_2
CPA1,2.659125,8.35446978884058,4,4,4_4
CPA2,0.9802833333333334,0.5309719720289855,0,3,0_3
CPA3,1.6252000000000002,0.5807078472463768,4,4,4_4
CPA4,2.670258333333333,10.838975567971014,4,4,4_4
CPA5,1.2293125,0.6753938535507246,3,4,3_4
CPA6,1.6036104166666665,2.4651596239673914,4,4,4_4
CPAMD8,1.0318666666666667,0.1161989052173913,2,2,2_2
CPB1,1.1588083333333332,0.6745674644927536,3,4,3_4
CPB2,1.0683458333333333,0.7522045016666666,2,4,2_4
CPD,1.0080233333333333,0.047050832318840594,1,1,1_1
CPE,1.038225,0.05603407163043478,2,1,2_1
CPEB1,1.10481875,0.2509423965036232,3,3,3_3
CPEB1-AS1,1.7425166666666663,2.67588735115942,4,4,4_4
CPEB2,1.1195069444444445,0.1286913797826087,3,2,3_2
CPEB3,1.2791572916666667,0.2732169894972827,4,3,4_3
CPEB4,1.0880656249999998,0.09957262120018118,3,2,3_2
CPED1,0.9754541666666667,0.047173584891304354,0,1,0_1
CPLX1,1.1360083333333335,0.2207426786956522,3,3,3_3
CPLX2,1.1862625,0.40250399605072457,3,3,3_3
CPLX3,1.20845625,0.5033857620108695,3,3,3_3
CPM,1.3545381944444443,0.5773749677717391,4,4,4_4
CPN1,2.1433125,3.6973201397826094,4,4,4_4
CPN2,1.1824958333333333,0.5922767300724638,3,4,3_4
CPNE1,0.9827333333333333,0.018719872898550725,0,0,0_0
CPNE2,0.9934875,0.11349523195652174,0,2,0_2
CPNE3,1.0295208333333334,0.05156143880434782,1,1,1_1
CPNE4,1.08203125,0.29647425440217384,3,3,3_3
CPNE5,1.2007416666666666,0.27343124869565216,3,3,3_3
CPNE6,1.5853604166666664,0.66230728125,4,4,4_4
CPNE7,0.9037875,0.15865440050724638,0,2,0_2
CPNE8,1.376065277777778,0.630165664758454,4,4,4_4
CPNE9,1.4938833333333335,1.4753128186956521,4,4,4_4
CPO,1.0276625,0.09943239050724637,1,2,1_2
CPOX,1.008125,0.03125141666666666,1,0,1_0
CPPED1,1.010873611111111,0.02690694306763284,1,0,1_0
CPQ,0.9852416666666667,0.04977134409420289,0,1,0_1
CPS1,1.07049375,0.11292836425724638,2,2,2_2
CPSF1,2.1048833333333334,3.290511674492754,4,4,4_4
CPSF2,1.0273791666666667,0.025674594935587765,1,0,1_0
CPSF3,1.0198875,0.02763377862318841,1,0,1_0
CPSF4,1.0604708333333333,0.056401660797101454,2,1,2_1
CPSF6,0.9871458333333334,0.006015692423510467,0,0,0_0
CPSF7,0.9775916666666667,0.03607326521739131,0,0,0_0
CPT1A,1.0371802083333332,0.0440114467798913,2,1,2_1
CPT1C,1.0917583333333334,0.26880914652173915,3,3,3_3
CPT2,1.04064375,0.023191391974637682,2,0,2_0
CPTP,0.9715999999999999,0.025733036811594202,0,0,0_0
CPVL,1.74345,1.1102971746376813,4,4,4_4
CPXCR1,1.05984375,0.4059728970471014,2,3,2_3
CPXM1,1.2531125,0.8207963993478262,4,4,4_4
CPXM2,0.9553041666666667,0.06339323398550727,0,1,0_1
CR1,1.6312666666666669,1.134858834162319,4,4,4_4
CR1L,1.2381499999999999,0.7359160990942029,3,4,3_4
CR2,1.1722458333333334,0.42053163728260873,3,3,3_3
CRABP1,1.5104145833333333,1.0672478944021742,4,4,4_4
CRABP2,1.4606875,0.7452460471739129,4,4,4_4
CRACR2A,1.0847166666666668,0.1417846351690821,3,2,3_2
CRACR2B,1.0408875,0.0543486013768116,2,1,2_1
CRADD,1.0061583333333333,0.04656937695652173,1,1,1_1
CRAMP1,1.2434319444444444,0.4178783067552335,4,3,4_3
CRAT,1.0013375,0.03750555532608696,1,1,1_1
CRB1,1.0875854166666665,0.1944614823369565,3,3,3_3
CRB2,0.8474791666666667,1.456591315,0,4,0_4
CRB3,0.9977916666666666,0.07997518188405796,0,1,0_1
CRBN,1.0061166666666665,0.009391263478260869,1,0,1_0
CRCP,1.0533208333333333,0.04897687373188406,2,1,2_1
CRCT1,2.2003458333333334,4.493000367898551,4,4,4_4
CREB1,0.9900422619047619,0.01827240563886424,0,0,0_0
CREB3,1.0059333333333333,0.07284591376811594,1,1,1_1
CREB3L1,1.0606708333333332,0.12192016376811592,2,2,2_2
CREB3L2,1.0745555555555555,0.07104743444444445,2,1,2_1
CREB3L3,1.0613041666666667,0.3010976915217391,2,3,2_3
CREB3L4,0.8796041666666667,0.042424435869565215,0,1,0_1
CREB5,1.4697916666666666,1.965266483043478,4,4,4_4
CREBBP,1.048928125,0.03932408598278986,2,1,2_1
CREBL2,0.9958416666666666,0.011893892753623186,0,0,0_0
CREBRF,1.0542791666666667,0.0305393333884058,2,0,2_0
CREBZF,0.9845386904761905,0.023551713198757766,0,0,0_0
CREG1,0.99505,0.019961047391304346,0,0,0_0
CREG2,1.1149125,0.2104902386231884,3,3,3_3
CRELD1,1.0366708333333332,0.08653652688405797,2,2,2_2
CRELD2,0.9817833333333335,0.0492242592753623,0,1,0_1
CREM,1.308538888888889,0.46187064845410636,4,3,4_3
CRH,1.5012020833333335,0.8615687403442029,4,4,4_4
CRHBP,1.1735624999999998,0.33494724036231877,3,3,3_3
CRHR1,1.212588888888889,0.21921925212560386,3,3,3_3
CRHR2,0.9827541666666667,0.26149264047101456,0,3,0_3
CRIM1,1.0087416666666666,0.0209544236231884,1,0,1_0
CRIP1,1.2606583333333334,0.4191224682608695,4,3,4_3
CRIP2,1.1230125,0.24258627181159423,3,3,3_3
CRIP3,0.9547833333333334,0.10840058217391305,0,2,0_2
CRIPT,1.0175194444444446,0.015705524979871172,1,0,1_0
CRISP1,1.2993020833333333,1.3151366111050726,4,4,4_4
CRISP2,0.9974458333333333,0.18305485760869566,0,2,0_2
CRISP3,0.8736083333333333,0.09122958420289855,0,2,0_2
CRISPLD1,1.0182041666666668,0.08538402702898551,1,2,1_2
CRISPLD2,1.21645625,0.4740072616485508,3,3,3_3
CRK,1.0469458333333332,0.04465138772141707,2,1,2_1
CRKL,1.0379208333333334,0.05739709713768116,2,1,2_1
CRLF1,1.1749458333333334,0.5665135045652173,3,4,3_4
CRLF2,1.1444041666666667,0.24241254152173913,3,3,3_3
CRLF3,1.0229916666666667,0.03306120043478261,1,0,1_0
CRLS1,1.0300333333333334,0.015710109733333335,1,0,1_0
CRMP1,1.19145,0.5271402263768116,3,3,3_3
CRNDE,0.9930854166666666,0.02249739730072463,0,0,0_0
CRNKL1,0.9580083333333332,0.013695768260869568,0,0,0_0
CRNN,3.0837625,49.56436893050725,4,4,4_4
CROCC,1.3908458333333333,0.6141302957568437,4,4,4_4
CROT,1.0474430555555554,0.06916927883252819,2,1,2_1
CRP,1.3731333333333333,1.1227085619565216,4,4,4_4
CRTAC1,1.21551875,0.6410455717210146,3,4,3_4
CRTAM,1.0609083333333331,0.2912781647826087,2,3,2_3
CRTAP,0.9973199999999999,0.03726457003478261,0,1,0_1
CRTC1,0.9409770833333333,0.08540143186594204,0,2,0_2
CRTC2,1.0092458333333334,0.13289367891304346,1,2,1_2
CRTC3,1.0691416666666667,0.09359482822463766,2,2,2_2
CRX,1.0636708333333333,0.7291776280797101,2,4,2_4
CRY1,1.0882,0.04748889202898551,3,1,3_1
CRY2,1.0843625,0.04933412659420291,3,1,3_1
CRYAA,1.3063833333333335,1.0322139471014493,4,4,4_4
CRYAB,1.1864916666666667,0.4493073266666666,3,3,3_3
CRYBA1,1.1568625000000001,0.7469418947101449,3,4,3_4
CRYBA2,1.78925,15.82802274405797,4,4,4_4
CRYBA4,1.8330708333333334,2.6982985964492756,4,4,4_4
CRYBB1,0.973175,0.46653487898550716,0,3,0_3
CRYBB2,1.1372166666666665,0.4543609062318841,3,3,3_3
CRYBB3,1.6660208333333333,2.5388942439855073,4,4,4_4
CRYBG3,1.0231000000000001,0.01521389579710145,1,0,1_0
CRYGA,0.9341875000000001,1.1725859600724637,0,4,0_4
CRYGB,0.7725958333333333,0.7192063219565218,0,4,0_4
CRYGC,1.0166958333333334,0.1251594294927536,1,2,1_2
CRYGD,1.8471166666666665,2.9206222317391304,4,4,4_4
CRYGN,1.7982791666666664,2.9556697661594207,4,4,4_4
CRYGS,1.00420625,0.052865508025362315,1,1,1_1
CRYL1,1.0793291666666667,0.07588098166666668,2,1,2_1
CRYM,0.9701541666666668,0.06716206036231885,0,1,0_1
CRYZ,0.9785833333333332,0.03147036913043478,0,0,0_0
CRYZL1,1.0145733333333333,0.03530038128695652,1,0,1_0
CS,1.0130375,0.024139073985507246,1,0,1_0
CSAD,1.0618291666666666,0.08001163633655395,2,1,2_1
CSAG2,1.8627666666666667,3.479171580869566,4,4,4_4
CSDC2,1.7150541666666665,3.4311179648550727,4,4,4_4
CSDE1,0.9966375,0.008607205144927533,0,0,0_0
CSE1L,0.9912479166666666,0.009807700208333336,0,0,0_0
CSF1,1.070815625,0.1627349325317029,2,2,2_2
CSF1R,1.6530916666666666,0.9771715476811593,4,4,4_4
CSF2,0.9957125000000001,0.4050707745289856,0,3,0_3
CSF2RA,1.0939125,0.1104040248097826,3,2,3_2
CSF2RB,1.0868791666666666,0.1322912193478261,3,2,3_2
CSF3,5.951929166666667,94.81432351340581,4,4,4_4
CSF3R,1.2534854166666667,0.7705692745833336,4,4,4_4
CSGALNACT1,1.0118895833333332,0.197481948423913,1,3,1_3
CSGALNACT2,1.057176388888889,0.04319644683574879,2,1,2_1
CSH1,1.5414541666666668,2.1246119105072467,4,4,4_4
CSH2,1.1272499999999999,0.34221643235104665,3,3,3_3
CSHL1,1.3760583333333332,0.28112503231304353,4,3,4_3
CSK,1.0631833333333331,0.07753234434782609,2,1,2_1
CSMD1,1.2707633333333332,0.2880826647710145,4,3,4_3
CSMD2,1.0700236111111112,0.3143592959822866,2,3,2_3
CSMD2-AS1,2.2368916666666667,3.7365847453623187,4,4,4_4
CSMD3,1.8752624999999998,10.668505557463765,4,4,4_4
CSN1S1,1.8292666666666666,2.5974014617391306,4,4,4_4
CSN2,1.1106166666666666,0.8476660157971014,3,4,3_4
CSN3,1.0493666666666666,0.3883062301449276,2,3,2_3
CSNK1A1,1.0299596153846153,0.02994146383757825,1,0,1_0
CSNK1D,1.060201388888889,0.06514508301932367,2,1,2_1
CSNK1E,1.0444770833333334,0.02833952034420289,2,0,2_0
CSNK1G1,0.97670625,0.10525327315217392,0,2,0_2
CSNK1G2,1.0199104166666668,0.01222782099637681,1,0,1_0
CSNK1G2-AS1,1.5406250000000001,3.5385792972463777,4,4,4_4
CSNK1G3,1.0804083333333334,0.04401911140096619,2,1,2_1
CSNK2A1,0.9744854166666667,0.01919089339673913,0,0,0_0
CSNK2A2,0.9952083333333334,0.013506390579710148,0,0,0_0
CSNK2B,1.0648583333333332,0.07145439173913044,2,1,2_1
CSPG4,1.0662479166666665,0.24771645005434784,2,3,2_3
CSPG5,1.0362270833333334,0.14206401744565217,2,2,2_2
CSPP1,1.0243383333333334,0.0603520679246377,1,1,1_1
CSRNP1,1.3163458333333333,0.3525190707971015,4,3,4_3
CSRNP2,1.0153270833333334,0.04554391726449275,1,1,1_1
CSRNP3,1.1007494047619046,0.11204412197426795,3,2,3_2
CSRP1,1.0562291666666666,0.12795232514492755,2,2,2_2
CSRP2,1.2057791666666666,0.2615181676449275,3,3,3_3
CSRP3,1.2089375,3.3521382767391303,3,4,3_4
CST1,6.905654166666667,130.21351303891305,4,4,4_4
CST11,1.563152083333333,0.9696292097282608,4,4,4_4
CST2,2.5399208333333334,8.226422401811595,4,4,4_4
CST3,1.0157319444444444,0.03844597398550724,1,1,1_1
CST4,1.8731041666666668,4.8849269655797105,4,4,4_4
CST5,1.279775,1.1244262563768115,4,4,4_4
CST6,1.0267916666666668,0.24541339112318838,1,3,1_3
CST7,1.3696291666666667,0.5750122384782609,4,4,4_4
CST8,1.2057708333333335,2.0223380454347826,3,4,3_4
CST9,1.4014416666666667,1.3762818326086956,4,4,4_4
CST9L,1.8161333333333334,4.80332869,4,4,4_4
CSTA,1.068925,0.1299991882608696,2,2,2_2
CSTB,1.0817020833333333,0.1442170226268116,3,2,3_2
CSTF1,0.9959770833333333,0.008104774836956518,0,0,0_0
CSTF2,0.9971604166666667,0.03325305403985507,0,0,0_0
CSTF2T,1.002425,0.01311587894927536,1,0,1_0
CSTF3,1.019036111111111,0.018559793027375208,1,0,1_0
CSTL1,1.0594416666666666,0.1464507156521739,2,2,2_2
CT45A8,1.5487854166666668,1.281513832300725,4,4,4_4
CT47A12,1.4460750000000002,2.5392283102898547,4,4,4_4
CT55,0.9566,0.3000894543478261,0,3,0_3
CT62,2.1228833333333332,6.446587598405798,4,4,4_4
CT83,1.0059375,0.2915467634057971,1,3,1_3
CTAG1A,1.9637097222222222,8.388061883888888,4,4,4_4
CTAG2,1.8506375000000002,2.744895076702899,4,4,4_4
CTAGE1,1.1351166666666668,0.9460080355072463,3,4,3_4
CTAGE8,1.0229375,0.06751729514492752,1,1,1_1
CTBP1,1.156853125,0.11792408767663042,3,2,3_2
CTBP1-AS,1.1611624999999999,1.0682328363043476,3,4,3_4
CTBP2,1.0770625,0.05136203097826087,2,1,2_1
CTBS,1.0148729166666666,0.02729153063405797,1,0,1_0
CTC1,1.067409722222222,0.0964916338405797,2,2,2_2
CTCF,1.0016458333333331,0.0054813336956521744,1,0,1_0
CTCFL,0.9868958333333332,1.2802763236956523,0,4,0_4
CTDNEP1,1.0072375000000002,0.013233722391304343,1,0,1_0
CTDP1,0.9840583333333335,0.04620938260869566,0,1,0_1
CTDSP1,0.9885208333333333,0.029836600652173906,0,0,0_0
CTDSP2,0.9782125,0.021361066340579705,0,0,0_0
CTDSPL,1.0130991666666667,0.04049744926086956,1,1,1_1
CTDSPL2,1.0239,0.013504728704710143,1,0,1_0
CTF1,1.1018999999999999,0.27847682362318843,3,3,3_3
CTGF,1.109075,0.4416415215942029,3,3,3_3
CTH,1.0384354166666667,0.06635385432971012,2,1,2_1
CTHRC1,0.9824833333333333,0.07925395376811595,0,1,0_1
CTIF,1.0026625,0.031708450615942026,1,0,1_0
CTLA4,1.3413858333333335,0.5375395392028984,4,4,4_4
CTNNA1,0.9952675000000001,0.02422916045507247,0,0,0_0
CTNNA2,1.1893541666666667,0.37949449485507253,3,3,3_3
CTNNA3,1.3781354166666666,0.6165843880615942,4,4,4_4
CTNNAL1,1.0099708333333333,0.019448859927536234,1,0,1_0
CTNNB1,0.985675,0.028707725974235113,0,0,0_0
CTNNBIP1,1.1110625,0.1010529794927536,3,2,3_2
CTNNBL1,0.9949499999999999,0.03183176420289856,0,0,0_0
CTNND2,1.2305180555555555,0.2580121562399356,3,3,3_3
CTNS,1.0017,0.05284884111111112,1,1,1_1
CTPS1,1.033775,0.11540700507246375,2,2,2_2
CTPS2,1.0018583333333333,0.015257765833333338,1,0,1_0
CTR9,0.9791208333333334,0.012403030652173913,0,0,0_0
CTRB2,2.0456958333333333,2.1914139782246376,4,4,4_4
CTRC,1.0748583333333332,0.23411355550724638,2,3,2_3
CTRL,1.0632583333333334,0.15513164855072462,2,2,2_2
CTSA,1.0484416666666665,0.04366252594202898,2,1,2_1
CTSB,1.0209750000000002,0.015190766718840584,1,0,1_0
CTSC,1.3197552083333333,0.22249024240489135,4,3,4_3
CTSD,1.0434125,0.0855739810869565,2,2,2_2
CTSE,0.94985,0.21942763623188402,0,3,0_3
CTSF,1.0394333333333334,0.059618863333333334,2,1,2_1
CTSG,1.2572083333333335,0.5900291439130435,4,4,4_4
CTSH,1.004925,0.06243627231884057,1,1,1_1
CTSK,1.1097583333333334,0.20917541797101452,3,3,3_3
CTSL,1.0832625,0.06353188282608695,3,1,3_1
CTSO,1.0494875,0.04999966108695652,2,1,2_1
CTSS,1.0734791666666668,0.08891546635265701,2,2,2_2
CTSV,1.1674625,0.43809779746376803,3,3,3_3
CTSW,1.2689083333333333,0.4361103501449275,4,3,4_3
CTSZ,1.0309041666666667,0.046552762282608684,2,1,2_1
CTTN,1.0064,0.04603662793623189,1,1,1_1
CTTNBP2,1.0252291666666666,0.05368639108695652,1,1,1_1
CTTNBP2NL,1.1299194444444443,0.11284078806763284,3,2,3_2
CTU2,1.2782760416666665,0.27542536907155796,4,3,4_3
CTXN1,1.400225,1.0158238284057972,4,4,4_4
CTXN2,0.9269124999999999,0.4170685222463768,0,3,0_3
CTXN3,1.0321395833333333,0.42319098682971007,2,3,2_3
CUBN,0.9103041666666667,0.30357673471014485,0,3,0_3
CUEDC1,1.0412791666666668,0.14009958989130436,2,2,2_2
CUEDC2,1.0149833333333333,0.056811489275362316,1,1,1_1
CUL1,1.0220666666666667,0.06847220130434784,1,1,1_1
CUL2,1.01315,0.013936941340579713,1,0,1_0
CUL3,1.010225,0.017659385169082126,1,0,1_0
CUL4A,1.073684375,0.07343997649003624,2,1,2_1
CUL4B,1.04088125,0.016889140679347832,2,0,2_0
CUL5,1.0074833333333333,0.021246710806159416,1,0,1_0
CUL7,1.2870437500000003,0.34401651750000006,4,3,4_3
CUL9,1.0870145833333333,0.20489039820652175,3,3,3_3
CUTA,1.00845,0.02555805275362319,1,0,1_0
CUTC,1.0348666666666666,0.02450684971014493,2,0,2_0
CUX1,1.0066416666666667,0.024121725530434776,1,0,1_0
CUX2,1.8892375000000001,3.7609017911956526,4,4,4_4
CUZD1,1.0948541666666667,0.134070175,3,2,3_2
CWC15,1.0438749999999999,0.05775751028985507,2,1,2_1
CWC22,0.9874083333333333,0.01066208579710145,0,0,0_0
CWC25,1.0097583333333333,0.02109371778985507,1,0,1_0
CWC27,1.0220277777777778,0.02727325818035427,1,0,1_0
CWF19L1,1.0520694444444443,0.07610639779388084,2,1,2_1
CWF19L2,1.0378125,0.060496950344202896,2,1,2_1
CWH43,1.4545458333333332,2.372862515072464,4,4,4_4
CX3CL1,1.1019916666666667,0.1997586182246377,3,3,3_3
CX3CR1,1.2004708333333334,0.3899546091304348,3,3,3_3
CXADR,1.3064125000000002,0.2728582347735507,4,3,4_3
CXCL1,1.4785875,2.1291729455797097,4,4,4_4
CXCL10,2.23655,10.623228888840579,4,4,4_4
CXCL11,2.1832229166666663,16.62066922505435,4,4,4_4
CXCL12,1.0994145833333333,0.15828476266304345,3,2,3_2
CXCL13,2.542175,13.857599522753619,4,4,4_4
CXCL14,1.0493763888888887,0.20127931643317226,2,3,2_3
CXCL16,1.0037,0.04188773101449275,1,1,1_1
CXCL17,0.9483125000000001,0.05389219673913043,0,1,0_1
CXCL2,1.4967347222222223,1.9317738671256037,4,4,4_4
CXCL3,1.9928125,6.5789264502173905,4,4,4_4
CXCL5,1.6054763888888892,1.9038361705394526,4,4,4_4
CXCL6,2.0158416666666668,3.300106013913043,4,4,4_4
CXCL8,1.44876875,2.085190110778986,4,4,4_4
CXCL9,2.5126708333333334,15.000965993695655,4,4,4_4
CXCR1,2.967804166666667,23.555323288623185,4,4,4_4
CXCR2,1.6392583333333335,1.3183449444927537,4,4,4_4
CXCR3,1.1332458333333333,0.3791510101811595,3,3,3_3
CXCR4,1.0489944444444443,0.11287080011272142,2,2,2_2
CXCR5,1.1445833333333333,0.29671596554347823,3,3,3_3
CXCR6,1.0575958333333333,0.2739609167753624,2,3,2_3
CXXC1,1.0058749999999999,0.01408669076086956,1,0,1_0
CXXC4,1.01505625,0.028858491865942037,1,0,1_0
CXXC5,0.9872194444444444,0.0339275733494364,0,0,0_0
CXorf21,1.2483583333333332,0.3673197589855073,4,3,4_3
CXorf36,1.2209364583333333,0.36999487011322474,3,3,3_3
CXorf38,1.0035625,0.019763050615942027,1,0,1_0
CXorf40A,0.9907541666666667,0.04200906760869565,0,1,0_1
CXorf40B,1.0114083333333335,0.017395663462157814,1,0,1_0
CXorf51B,1.0751166666666667,0.6166591560869567,2,4,2_4
CXorf56,0.9813541666666666,0.03811132032608694,0,1,0_1
CXorf57,1.1622312499999998,0.28117636338768115,3,3,3_3
CXorf58,1.0547625,0.2591951678985507,2,3,2_3
CXorf65,1.3508166666666668,1.0061482434782607,4,4,4_4
CXorf67,1.1486416666666666,0.6123021694202898,3,4,3_4
CYB561,0.9711891666666667,0.04730888891304348,0,1,0_1
CYB561A3,1.0354916666666665,0.03553639724637682,2,0,2_0
CYB561D1,1.0247208333333333,0.037628410362318836,1,1,1_1
CYB561D2,1.0021166666666665,0.029749170362318847,1,0,1_0
CYB5A,1.3725781249999998,0.35574656535779,4,3,4_3
CYB5B,0.998684375,0.020895959388586963,0,0,0_0
CYB5D1,1.0176,0.05396188481884059,1,1,1_1
CYB5D2,1.0019916666666668,0.08892451695652175,1,2,1_2
CYB5R1,1.1486729166666667,0.2624821142572464,3,3,3_3
CYB5R2,1.1126375,0.1201235425362319,3,2,3_2
CYB5R3,1.0108791666666666,0.07917678858695652,1,1,1_1
CYB5R4,1.03198125,0.04553076527173914,2,1,2_1
CYB5RL,1.1166791666666667,0.20314706125905796,3,3,3_3
CYBA,0.9995854166666667,0.1895860476268116,0,2,0_2
CYBB,1.2743052083333335,0.3715039472961958,4,3,4_3
CYBRD1,1.0231729166666665,0.03400575048913044,1,0,1_0
CYC1,1.0102041666666668,0.0441875786231884,1,1,1_1
CYCS,1.1414208333333333,0.15152820841384865,3,2,3_2
CYFIP1,1.0170041666666667,0.01022280427536232,1,0,1_0
CYFIP2,1.1045770833333333,0.0976825664673913,3,2,3_2
CYGB,1.0578888888888889,0.08559749908212559,2,2,2_2
CYHR1,1.0314020833333333,0.02365041269021739,2,0,2_0
CYLC1,1.2176708333333333,0.3295464880756843,3,3,3_3
CYLC2,1.6010416666666665,2.208887734347826,4,4,4_4
CYLD,1.0163994047619047,0.03769808418958889,1,1,1_1
CYP11A1,1.2173416666666668,0.6690889327536231,3,4,3_4
CYP11B1,2.0587437499999997,1.9149064344746376,4,4,4_4
CYP11B2,1.6209,3.0478067955072463,4,4,4_4
CYP17A1,1.4090041666666668,0.9494138227173913,4,4,4_4
CYP19A1,1.390657738095238,0.2904348643552203,4,3,4_3
CYP1A1,1.5583625,3.704144327608696,4,4,4_4
CYP1A2,1.5086166666666667,1.1068775003260871,4,4,4_4
CYP1B1,1.3081072916666667,0.32330088243206523,4,3,4_3
CYP1B1-AS1,1.4606020833333335,1.0651496314311593,4,4,4_4
CYP20A1,0.9821833333333334,0.01185123463768116,0,0,0_0
CYP24A1,1.2456,0.896895502463768,4,4,4_4
CYP26A1,2.0658624999999997,4.851338145579709,4,4,4_4
CYP26B1,1.09150625,0.19999019197463766,3,3,3_3
CYP27A1,1.0327666666666666,0.04507174043478261,2,1,2_1
CYP27B1,0.9971999999999999,0.1079211663768116,0,2,0_2
CYP27C1,1.3101541666666667,0.42927632224637674,4,3,4_3
CYP2A13,1.5921041666666669,1.8446215445652174,4,4,4_4
CYP2A6,1.1635447916666666,0.5406729573505434,3,4,3_4
CYP2A7,1.180525,0.7908804152173914,3,4,3_4
CYP2B6,1.0143104166666668,0.14115535744565214,1,2,1_2
CYP2C18,1.0357145833333332,0.12000371182971016,2,2,2_2
CYP2C19,1.0434583333333334,0.1319872427536232,2,2,2_2
CYP2C8,1.5326562499999998,1.3454734574818843,4,4,4_4
CYP2C9,1.0896267857142858,0.13813025146850047,3,2,3_2
CYP2D6,1.19725625,0.3180543437137681,3,3,3_3
CYP2E1,1.0377124999999998,0.08793473924818841,2,2,2_2
CYP2F1,1.6566875,5.120337261811594,4,4,4_4
CYP2J2,1.025775,0.06632375608695651,1,1,1_1
CYP2R1,1.091136111111111,0.15272154821256034,3,2,3_2
CYP2S1,1.1515791666666668,0.4104899306521739,3,3,3_3
CYP2U1,1.183396875,0.27383368504981875,3,3,3_3
CYP2W1,0.9224458333333333,0.15251950615942028,0,2,0_2
CYP39A1,1.0296583333333333,0.06203440027375201,1,1,1_1
CYP3A4,1.0651341666666667,0.05548865532463769,2,1,2_1
CYP3A43,0.9504052083333333,0.08753312113677535,0,2,0_2
CYP3A5,1.10735625,0.19439599052536238,3,3,3_3
CYP3A7-CYP3A51P,1.3922916666666667,0.5657691597101449,4,4,4_4
CYP46A1,1.0386666666666666,0.043633129130434774,2,1,2_1
CYP4A11,1.5932312499999999,1.0007715673369568,4,4,4_4
CYP4A22,1.0581708333333333,0.22791825280998387,2,3,2_3
CYP4B1,1.3843625,0.9489663246014494,4,4,4_4
CYP4F11,1.1398541666666666,0.5149380450000001,3,3,3_3
CYP4F12,1.2085375,0.32454774644927536,3,3,3_3
CYP4F2,1.0517166666666666,0.15531285159420288,2,2,2_2
CYP4F22,1.1861166666666667,0.7287379636231883,3,4,3_4
CYP4F3,1.2472666666666667,0.4098217897101449,4,3,4_3
CYP4F8,1.4554416666666665,1.6033599855072465,4,4,4_4
CYP4V2,0.9994999999999999,0.04416697344202898,0,1,0_1
CYP4X1,1.0193833333333333,0.0735272984057971,1,1,1_1
CYP4Z1,1.0822041666666666,0.15176275514492757,3,2,3_2
CYP51A1-AS1,1.9272916666666664,6.194997731159421,4,4,4_4
CYP7A1,0.9361833333333333,0.1905104320289855,0,2,0_2
CYP7B1,1.0193854166666667,0.06740191664855072,1,1,1_1
CYP8B1,1.4174833333333332,1.539159408550725,4,4,4_4
CYR61,1.3626104166666668,1.2245467666123189,4,4,4_4
CYS1,1.1140791666666665,0.2167292886231884,3,3,3_3
CYSLTR1,1.1509347222222222,0.12055271606280193,3,2,3_2
CYSLTR2,1.0695166666666667,0.3235312850724638,2,3,2_3
CYSRT1,0.9767583333333333,0.0914278215942029,0,2,0_2
CYSTM1,1.0732208333333333,0.07173777557971014,2,1,2_1
CYTH1,0.9876708333333332,0.10534028739130434,0,2,0_2
CYTH2,1.2273625000000001,0.20259856604669887,3,3,3_3
CYTH3,1.0606395833333335,0.14867544619565218,2,2,2_2
CYTH4,1.1706472222222224,0.3090077227536232,3,3,3_3
CYTIP,1.0417583333333333,0.10929964884057973,2,2,2_2
CYTL1,1.2856166666666666,0.7994739369565218,4,4,4_4
CYYR1,1.13111875,0.15984358284420289,3,2,3_2
D2HGDH,1.0796833333333333,0.11947594869565216,2,2,2_2
DAAM1,1.0190191666666666,0.029086994530434788,1,0,1_0
DAAM2,0.9546166666666668,0.07611484173913043,0,1,0_1
DAB1,1.3258208333333334,0.661441314710145,4,4,4_4
DAB1-AS1,1.3528583333333335,1.7654193362318842,4,4,4_4
DAB2,1.0232041666666667,0.10237778630434782,1,2,1_2
DAB2IP,0.9863263888888888,0.03922433185990339,0,1,0_1
DACH1,1.0849305555555555,0.08736784676328503,3,2,3_2
DACH2,1.381725,0.8064532311594202,4,4,4_4
DACT1,1.0881666666666667,0.10022833333333335,3,2,3_2
DACT2,1.1044416666666665,0.18595916608695656,3,2,3_2
DACT3,1.0414604166666666,0.18467214606884055,2,2,2_2
DACT3-AS1,0.9976833333333334,0.27132559913043475,0,3,0_3
DAD1,0.9987666666666667,0.05668544855072463,0,1,0_1
DAG1,1.0418833333333335,0.07242131304347828,2,1,2_1
DAGLA,0.9854333333333333,0.10032315927536233,0,2,0_2
DAGLB,1.0452937500000001,0.03322703732789855,2,0,2_0
DALRD3,1.0184479166666667,0.023283590235507242,1,0,1_0
DAND5,1.0900958333333335,0.1526002877536232,3,2,3_2
DANT2,1.0507083333333334,0.8914748620289856,2,4,2_4
DAO,0.9364458333333333,0.2764576854347826,0,3,0_3
DAOA,1.1341041666666667,0.19038640880434785,3,2,3_2
DAOA-AS1,0.5301125000000001,0.3618026335507246,0,3,0_3
DAP,0.9876166666666667,0.04706215347826086,0,1,0_1
DAP3,1.0219,0.014924987085346217,1,0,1_0
DAPK1,0.9875229166666667,0.10787927320652171,0,2,0_2
DAPK2,1.15015,0.14469663858695653,3,2,3_2
DAPK3,0.8299124999999999,0.4857870967391305,0,3,0_3
DAPL1,0.9883083333333333,0.3430302155072464,0,3,0_3
DAPP1,1.026240625,0.0994762464628623,1,2,1_2
DARS,1.08384375,0.035095123750000005,3,0,3_0
DARS-AS1,1.0656166666666667,0.30981089260869565,2,3,2_3
DARS2,1.0139791666666667,0.023424581956521747,1,0,1_0
DAW1,1.0886583333333333,0.3662818404347826,3,3,3_3
DAXX,1.0054125,0.03013125692028985,1,0,1_0
DAZ4,1.0544513888888891,0.31085285735507245,2,3,2_3
DAZAP1,0.9999347222222221,0.015611254903381642,0,0,0_0
DAZAP2,1.1108291666666668,0.05425819714673912,3,1,3_1
DAZL,1.5034333333333334,2.896798292463768,4,4,4_4
DBF4,0.9980458333333334,0.03890762152173914,0,1,0_1
DBF4B,1.2552364583333333,0.20474488289402173,4,3,4_3
DBH,1.3274375,0.6584399511231883,4,4,4_4
DBH-AS1,1.1258666666666666,0.32150027768115946,3,3,3_3
DBI,0.9804236111111111,0.022888521264090172,0,0,0_0
DBN1,1.0662270833333334,0.08444848697463768,2,2,2_2
DBNDD1,1.0502666666666667,0.1188215452173913,2,2,2_2
DBP,1.0157520833333333,0.08988794943840578,1,2,1_2
DBR1,1.0054416666666668,0.020751797934782604,1,0,1_0
DBT,0.9995506944444443,0.037158919148550726,0,1,0_1
DCAF1,1.01934,0.026497081101449268,1,0,1_0
DCAF10,1.0320583333333333,0.024487656186594205,2,0,2_0
DCAF11,0.9720145833333333,0.04262703574275363,0,1,0_1
DCAF12,0.9762124999999999,0.023956606739130436,0,0,0_0
DCAF12L1,2.2707208333333333,6.388484633405798,4,4,4_4
DCAF12L2,0.9407291666666667,0.11693338673913044,0,2,0_2
DCAF13,1.3272447916666665,0.5843101782563406,4,4,4_4
DCAF15,1.0344093749999999,0.05975710884510869,2,1,2_1
DCAF16,1.032936111111111,0.10601485570048308,2,2,2_2
DCAF17,0.98243125,0.017953312626811598,0,0,0_0
DCAF4,1.0308979166666667,0.1854099173731884,2,2,2_2
DCAF4L1,0.9955041666666666,0.12089110413043476,0,2,0_2
DCAF4L2,1.2761041666666666,0.5979269247463768,4,4,4_4
DCAF5,1.0048866666666667,0.029738688852173914,1,0,1_0
DCAF6,1.0426527777777779,0.02264199921095009,2,0,2_0
DCAF7,1.0194934523809525,0.041292232057083704,1,1,1_1
DCAF8,1.0436708333333333,0.02783017309804974,2,0,2_0
DCAKD,1.3540208333333332,0.2906307333091788,4,3,4_3
DCBLD1,0.9886270833333333,0.026339234547101447,0,0,0_0
DCBLD2,1.2618854166666666,0.25414357703804347,4,3,4_3
DCC,1.0743097222222222,0.2640878464331724,2,3,2_3
DCD,1.5727291666666667,3.192337422826087,4,4,4_4
DCDC2,1.0239979166666666,0.15603725726449275,1,2,1_2
DCDC2B,1.0852083333333333,0.26807147,3,3,3_3
DCHS1,1.0928916666666668,0.10285285572463766,3,2,3_2
DCHS2,1.0711583333333332,0.2846293663405797,2,3,2_3
DCK,1.0470833333333334,0.03653087840579709,2,1,2_1
DCLK1,1.18494375,0.2935995379257247,3,3,3_3
DCLK2,1.0229986111111111,0.05509879173107891,1,1,1_1
DCLK3,1.022775,0.452062578115942,1,3,1_3
DCLRE1A,0.9392958333333334,0.028861969347826092,0,0,0_0
DCLRE1B,1.0478083333333332,0.06742808938405798,2,1,2_1
DCLRE1C,1.035335,0.02139672813333333,2,0,2_0
DCN,1.098367857142857,0.14412119022478556,3,2,3_2
DCP1A,1.04793125,0.014903991865942032,2,0,2_0
DCP1B,1.004125,0.04547078594202898,1,1,1_1
DCP2,1.1224083333333332,0.12404891658514493,3,2,3_2
DCPS,1.0175458333333334,0.07851297746376812,1,1,1_1
DCST1,0.8832083333333333,0.40001127681159415,0,3,0_3
DCST2,1.0411875,0.03999938601449275,2,1,2_1
DCSTAMP,1.1649583333333335,0.8534258865217391,3,4,3_4
DCT,1.273790625,0.42151955008605063,4,3,4_3
DCTD,1.0025555555555554,0.019317130354267308,1,0,1_0
DCTN1,0.9904791666666667,0.023436178043478254,0,0,0_0
DCTN1-AS1,1.0069416666666668,0.39409972869565224,1,3,1_3
DCTN2,1.0173319444444446,0.05203210393719806,1,1,1_1
DCTN3,1.0146374999999999,0.024416673115942027,1,0,1_0
DCTN4,0.9824902777777776,0.04914026413043478,0,1,0_1
DCTN5,1.2042249999999999,0.17397364910724633,3,2,3_2
DCTN6,1.0352125,0.0432633297826087,2,1,2_1
DCTPP1,1.0735791666666668,0.06804389166666666,2,1,2_1
DCUN1D1,1.0271861111111111,0.017812174802737515,1,0,1_0
DCUN1D2,1.0056375,0.02215010355072464,1,0,1_0
DCUN1D3,1.0276833333333333,0.044661862210144926,1,1,1_1
DCUN1D4,0.9719736111111111,0.011983721409017711,0,0,0_0
DCUN1D5,1.0486805555555556,0.021011377697262478,2,0,2_0
DCX,1.87729375,1.573844874619565,4,4,4_4
DCXR,0.9186166666666665,0.04352033391304348,0,1,0_1
DDA1,1.2901444444444443,0.5150786854267311,4,3,4_3
DDAH1,1.2294447916666666,0.16623198000452896,3,2,3_2
DDAH2,1.0637819444444445,0.08663829612721416,2,2,2_2
DDB1,1.0393541666666666,0.0489740297826087,2,1,2_1
DDB2,1.0299833333333333,0.08196159347826089,1,2,1_2
DDC,1.4556958333333332,0.8648364202536232,4,4,4_4
DDC-AS1,0.8621958333333333,1.1381878939855072,0,4,0_4
DDHD1,1.0417208333333334,0.04179568677971015,2,1,2_1
DDHD2,1.0020291666666667,0.02920687731884058,1,0,1_0
DDI1,0.9709,0.5540599411594203,0,4,0_4
DDI2,1.0845947916666667,0.05168801591032608,3,1,3_1
DDIAS,1.1111958333333334,0.19346494500000003,3,3,3_3
DDIT3,1.0080791666666666,0.08521244239130434,1,2,1_2
DDIT4,1.1187291666666666,0.1778301073188406,3,2,3_2
DDIT4L,1.1545541666666665,0.2752502118115942,3,3,3_3
DDN,1.002225,0.26822373043478265,1,3,1_3
DDO,1.0446354166666667,0.12670944780797103,2,2,2_2
DDOST,0.9999124999999999,0.011071989094202902,0,0,0_0
DDR2,1.0459677083333334,0.11998408804800724,2,2,2_2
DDRGK1,1.0162000000000002,0.016298890434782606,1,0,1_0
DDTL,1.1121791666666667,0.1565097258695652,3,2,3_2
DDX1,1.0332458333333332,0.01161062485507246,2,0,2_0
DDX10,1.0102229166666667,0.09417862375000002,1,2,1_2
DDX11,1.05091875,0.11825432613224636,2,2,2_2
DDX11-AS1,0.9714375,0.4352277093478261,0,3,0_3
DDX17,1.0212583333333334,0.020457284556521738,1,0,1_0
DDX18,1.0112531249999999,0.027353608564311592,1,0,1_0
DDX19A,1.0449614583333333,0.09231648120923912,2,2,2_2
DDX19B,1.0112833333333333,0.055417667971014495,1,1,1_1
DDX20,0.9832208333333333,0.014014552028985505,0,0,0_0
DDX21,1.008629166666667,0.02066428612318841,1,0,1_0
DDX23,0.9878708333333334,0.02036634192028985,0,0,0_0
DDX24,0.9997375000000001,0.02952272221014492,0,0,0_0
DDX25,1.1085,0.13447216739130435,3,2,3_2
DDX27,0.9676,0.03431260223832528,0,0,0_0
DDX28,1.0503552083333334,0.07694962347373188,2,1,2_1
DDX31,0.9132777777777777,0.06444792333333331,0,1,0_1
DDX39A,1.0030958333333333,0.048377426014492755,1,1,1_1
DDX3X,1.079192361111111,0.1133849119384058,2,2,2_2
DDX3Y,1.3651354166666667,0.9141137375815218,4,4,4_4
DDX4,2.18275,4.543174909130435,4,4,4_4
DDX41,0.9773583333333334,0.017758118695652175,0,0,0_0
DDX42,1.0440847222222223,0.05463846205314011,2,1,2_1
DDX43,1.1066916666666666,0.43516951173913043,3,3,3_3
DDX46,1.0101645833333333,0.01326787686594203,1,0,1_0
DDX49,2.0143263888888887,2.1901717981561997,4,4,4_4
DDX5,0.9909,0.015041371449275358,0,0,0_0
DDX50,1.0398041666666666,0.0964060478341385,2,2,2_2
DDX51,1.006813888888889,0.09393536323671497,1,2,1_2
DDX52,1.0113125,0.04068114488224637,1,1,1_1
DDX53,1.3636333333333333,2.4474922957971015,4,4,4_4
DDX54,1.0486347222222223,0.1418464666425121,2,2,2_2
DDX55,0.9882874999999999,0.03335394891304348,0,0,0_0
DDX56,1.0061291666666667,0.056963497644927544,1,1,1_1
DDX58,1.1196611111111112,0.3511331013043479,3,3,3_3
DDX59,1.0053722222222223,0.009350840193236714,1,0,1_0
DDX6,0.9702986111111112,0.02668645358293076,0,0,0_0
DDX60,1.1679958333333333,0.5945908997826086,3,4,3_4
DDX60L,1.0586916666666666,0.12334389478260867,2,2,2_2
DEAF1,0.9988416666666667,0.13604587155797104,0,2,0_2
DEC1,0.9819249999999999,0.2715318360869565,0,3,0_3
DECR1,1.00395,0.01411182942028985,1,0,1_0
DECR2,1.070675,0.0822874152173913,2,2,2_2
DEDD,1.0164305555555557,0.051486577922705314,1,1,1_1
DEDD2,0.9618916666666667,0.017730290000000003,0,0,0_0
DEF6,1.0054083333333332,0.028436677644927535,1,0,1_0
DEF8,0.97355,0.025050035615942018,0,0,0_0
DEFA1B,1.8307458333333335,6.702367878478261,4,4,4_4
DEFA4,0.9626166666666668,0.3035113526086956,0,3,0_3
DEFA5,1.6529041666666666,3.8704635018115945,4,4,4_4
DEFA6,1.1496833333333332,0.8865984973913044,3,4,3_4
DEFB1,1.0974625,0.2882013618115942,3,3,3_3
DEFB103A,0.983975,0.20668049347826087,0,3,0_3
DEFB104B,1.1536083333333333,0.8679510160869566,3,4,3_4
DEFB105B,1.015525,0.23636073710144928,1,3,1_3
DEFB106B,1.7252645833333335,1.7421086089673914,4,4,4_4
DEFB107B,1.11015,0.7606919320289854,3,4,3_4
DEFB108B,1.4215666666666664,1.3371519095652176,4,4,4_4
DEFB114,1.3388583333333335,1.4714386530434782,4,4,4_4
DEFB118,1.9242,3.0864663050724634,4,4,4_4
DEFB119,1.1675375,0.6905987922463767,3,4,3_4
DEFB121,0.971775,0.5506517073913044,0,4,0_4
DEFB123,0.9721041666666667,0.8735803938405797,0,4,0_4
DEFB124,1.24856875,0.7697346121920291,4,4,4_4
DEFB125,1.2940500000000001,1.8824386385507252,4,4,4_4
DEFB126,1.6623708333333334,1.1655589089130434,4,4,4_4
DEFB127,1.2692791666666665,1.4446285855797103,4,4,4_4
DEFB129,1.1964458333333332,1.0544479083333334,3,4,3_4
DEFB132,1.542675,1.815733167391304,4,4,4_4
DEFB4B,2.8202374999999997,18.330062711956522,4,4,4_4
DEGS1,1.0343208333333334,0.02344864757246376,2,0,2_0
DEGS2,0.9665583333333334,0.16118228652173913,0,2,0_2
DEK,1.0150958333333333,0.003608508768115942,1,0,1_0
DENND1A,0.98025625,0.13813119320652173,0,2,0_2
DENND1B,1.0108743055555556,0.02771424145128825,1,0,1_0
DENND1C,1.2146041666666667,0.251529571231884,3,3,3_3
DENND2A,1.6906555555555556,1.2850632079871176,4,4,4_4
DENND2C,1.09725,0.09080694525362319,3,2,3_2
DENND2D,1.0265437499999999,0.062476033931159414,1,1,1_1
DENND3,1.0324958333333332,0.04739662844202898,2,1,2_1
DENND4A,1.0084541666666667,0.01638724902173913,1,0,1_0
DENND4B,1.0202,0.04010479,1,1,1_1
DENND4C,1.0163347222222223,0.042208314114331735,1,1,1_1
DENND5A,0.9960958333333334,0.03586961586956522,0,0,0_0
DENND5B,1.0583641666666666,0.07081752142318841,2,1,2_1
DENND6A,1.0321708333333335,0.05143473297101449,2,1,2_1
DENND6B,1.0453374999999998,0.08543416905797101,2,2,2_2
DENR,1.0338166666666666,0.015993139449275363,2,0,2_0
DEPDC1,1.2908541666666666,0.29739343135869567,4,3,4_3
DEPDC1-AS1,1.5844125,2.2421137939855074,4,4,4_4
DEPDC1B,1.3468375000000001,0.4877244426811594,4,3,4_3
DEPDC4,1.3461854166666667,0.8941261474456522,4,4,4_4
DEPDC5,0.9951916666666666,0.024036748840579714,0,0,0_0
DEPDC7,1.0449083333333335,0.07880840565217392,2,1,2_1
DEPTOR,1.02448125,0.20627351664855076,1,3,1_3
DERA,0.9889624999999999,0.012444710072463765,0,0,0_0
DERL1,1.2418520833333335,0.2355135742753623,4,3,4_3
DERL2,1.0451979166666667,0.034926713423913035,2,0,2_0
DERL3,1.1576208333333333,0.3655398914412239,3,3,3_3
DES,1.5567416666666667,1.214601295905797,4,4,4_4
DESI1,1.0142520833333333,0.0655766007789855,1,1,1_1
DESI2,1.0076766666666666,0.012288157228985509,1,0,1_0
DET1,0.9748270833333333,0.04813647922101449,0,1,0_1
DEUP1,1.1818354166666667,0.5128184792663043,3,3,3_3
DEXI,0.9908791666666668,0.0313465502173913,0,0,0_0
DFFA,0.9974819444444445,0.033790862359098235,0,0,0_0
DFFB,0.9967083333333333,0.034875338695652174,0,0,0_0
DGAT1,0.9722291666666667,0.0273352834057971,0,0,0_0
DGAT2,1.13666875,0.19312733454710143,3,3,3_3
DGCR2,0.9979333333333334,0.0668389152173913,0,1,0_1
DGCR6L,0.9852020833333333,0.09221399211956523,0,2,0_2
DGCR9,1.0859083333333333,0.46946315956521745,3,3,3_3
DGKA,1.0114270833333332,0.034583596249999994,1,0,1_0
DGKB,1.0797770833333333,0.15333647436594205,2,2,2_2
DGKD,1.075425,0.04369923753623188,2,1,2_1
DGKE,1.02573,0.02538506943188405,1,0,1_0
DGKG,1.513047916666667,1.4614690992572466,4,4,4_4
DGKH,1.110855,0.08942144180289856,3,2,3_2
DGKI,1.2531083333333333,0.6485218276811594,4,4,4_4
DGKK,1.8572458333333335,3.3768022332608694,4,4,4_4
DGKQ,1.0287270833333333,0.1394045785326087,1,2,1_2
DGKZ,1.0691083333333333,0.0761099072826087,2,1,2_1
DGUOK,0.9917416666666666,0.03161851119162642,0,0,0_0
DHCR24,0.9601791666666667,0.023030672391304345,0,0,0_0
DHCR7,1.0460270833333334,0.07705883389492754,2,1,2_1
DHDDS,1.0077875,0.03902058496376812,1,1,1_1
DHDH,1.0642375000000002,0.3272632913768116,2,3,2_3
DHFR,1.0332072916666666,0.06460991237771739,2,1,2_1
DHFR2,1.0138354166666665,0.015088967916666666,1,0,1_0
DHH,1.1597458333333333,0.6577342663043477,3,4,3_4
DHODH,1.0589194444444445,0.03511454851851853,2,0,2_0
DHPS,1.0009805555555555,0.031884806006441224,0,0,0_0
DHRS1,1.0176,0.027132315942028983,1,0,1_0
DHRS11,1.1808583333333333,0.12076681753623185,3,2,3_2
DHRS12,1.0269083333333333,0.07559729302737518,1,1,1_1
DHRS13,1.0735458333333332,0.05830030369565218,2,1,2_1
DHRS2,1.1251749999999998,0.2866149355434782,3,3,3_3
DHRS3,1.0777791666666667,0.1881104851449275,2,2,2_2
DHRS4-AS1,1.0165979166666668,0.022678922445652176,1,0,1_0
DHRS4L2,1.00605,0.047575802753623185,1,1,1_1
DHRS7,1.0476875,0.037301799573268915,2,1,2_1
DHRS7B,1.0097166666666666,0.02165576884057971,1,0,1_0
DHRS7C,1.6479291666666664,1.125503537753623,4,4,4_4
DHRS9,1.2016152777777778,0.4304146783977455,3,3,3_3
DHRSX,0.9698541666666666,0.016027835362318842,0,0,0_0
DHTKD1,1.012925,0.023931570217391302,1,0,1_0
DHX15,1.0100729166666667,0.012224370597826092,1,0,1_0
DHX16,0.9995375000000001,0.03141662615942028,0,0,0_0
DHX29,0.99766875,0.014377780561594205,0,0,0_0
DHX30,1.1998104166666665,0.13289431951489533,3,2,3_2
DHX32,1.0021916666666666,0.029105847391304347,1,0,1_0
DHX33,0.9770229166666667,0.0155183269384058,0,0,0_0
DHX34,1.1300722222222221,0.38236505698872786,3,3,3_3
DHX35,1.0754444444444444,0.23733012143317228,2,3,2_3
DHX36,1.0199739583333334,0.04812032392663044,1,1,1_1
DHX37,0.9887333333333332,0.056746878152173906,0,1,0_1
DHX38,1.0072625,0.052387964565217396,1,1,1_1
DHX40,1.0119812499999998,0.030858915344202903,1,0,1_0
DHX57,1.0391479166666666,0.08192911541666667,2,2,2_2
DHX58,1.0664416666666667,0.20962610101449275,2,3,2_3
DHX8,1.0507291666666667,0.03883919611111111,2,1,2_1
DHX9,0.9988791666666668,0.027457683599033812,0,0,0_0
DIAPH1,1.1096708333333332,0.08902315940217394,3,2,3_2
DIAPH2,1.034861111111111,0.07415289222222221,2,1,2_1
DIAPH2-AS1,1.0534854166666667,0.14517514516304347,2,2,2_2
DIAPH3,1.463151388888889,0.9451661778824475,4,4,4_4
DIAPH3-AS1,1.161915277777778,0.655738070072464,3,4,3_4
DICER1,1.007638888888889,0.033628555760869566,1,0,1_0
DICER1-AS1,1.0619833333333333,0.07438547949275362,2,1,2_1
DIDO1,0.9972562500000001,0.021256980208333325,0,0,0_0
DIMT1,0.9820708333333332,0.010658132690217396,0,0,0_0
DIO1,1.434775,1.52157169057971,4,4,4_4
DIO2,1.3054508333333334,0.567495642536232,4,4,4_4
DIO2-AS1,1.3518458333333332,0.9676988905072463,4,4,4_4
DIO3,1.3304958333333332,0.9274913306521739,4,4,4_4
DIO3OS,1.1780833333333334,0.25751535347826093,3,3,3_3
DIP2A,1.0436838541666666,0.045447755374773545,2,1,2_1
DIP2B,0.9988,0.028786562222222225,0,0,0_0
DIP2C,1.2502510416666668,0.24351636375452895,4,3,4_3
DIRAS1,1.1723645833333334,1.0886569504528985,3,4,3_4
DIRAS2,1.0730895833333334,0.25830602364130434,2,3,2_3
DIRAS3,1.0458041666666666,0.20457430282608693,2,3,2_3
DIRC1,0.9497458333333334,0.37404419992753624,0,3,0_3
DIRC2,1.0060145833333334,0.028283886467391304,1,0,1_0
DIRC3,0.9727166666666666,0.3390337256521738,0,3,0_3
DIS3,0.9840983333333333,0.014018575623188409,0,0,0_0
DIS3L,0.9827666666666667,0.030945536666666662,0,0,0_0
DIS3L2,1.0180802083333333,0.03339063082880434,1,0,1_0
DISC1,1.7506083333333333,0.5733032905152979,4,4,4_4
DISP1,0.9913083333333335,0.14056949217391307,0,2,0_2
DISP2,1.1991916666666669,1.0850387169565219,3,4,3_4
DISP3,1.0436750000000001,0.26027038039855077,2,3,2_3
DIXDC1,0.9663680555555555,0.11567705796296295,0,2,0_2
DKFZP434H168,1.0520500000000002,0.33819780855072457,2,3,2_3
DKFZP434K028,1.7378520833333333,1.2475256985326089,4,4,4_4
DKK1,1.4962,2.480578356956522,4,4,4_4
DKK2,1.01250625,0.24222226690217397,1,3,1_3
DKK3,1.1139458333333334,0.08016166563204508,3,1,3_1
DKK4,1.0168833333333334,0.5799198034782608,1,4,1_4
DKKL1,1.7148333333333332,1.1229146305797102,4,4,4_4
DLAT,0.9842138888888888,0.01933463115942029,0,0,0_0
DLC1,1.09277,0.12224779506086957,3,2,3_2
DLD,0.9759520833333334,0.023260894945652172,0,0,0_0
DLEC1,1.1111166666666665,0.3686072592753623,3,3,3_3
DLEU2,1.043757738095238,0.0906829157394262,2,2,2_2
DLEU7,0.8656916666666666,1.2688470676811594,0,4,0_4
DLEU7-AS1,1.0898333333333332,0.26725678014492754,3,3,3_3
DLG1,1.1726339285714287,0.1918693506255546,3,3,3_3
DLG1-AS1,1.0383,0.39453450942028984,2,3,2_3
DLG2,1.056875,0.08001724228260873,2,1,2_1
DLG3,1.0272729166666668,0.0291952898097826,1,0,1_0
DLG3-AS1,0.9647166666666668,0.11772531434782608,0,2,0_2
DLG4,1.0744729166666667,0.13899661846014494,2,2,2_2
DLG5,0.9578291666666668,0.046956960217391305,0,1,0_1
DLGAP1,1.0672279761904762,0.054436940149364094,2,1,2_1
DLGAP1-AS1,1.0933833333333334,0.2520708344565218,3,3,3_3
DLGAP1-AS2,1.0015020833333332,0.10735502023550723,1,2,1_2
DLGAP1-AS3,0.9822041666666665,0.5424733492028985,0,4,0_4
DLGAP2,1.3382479166666663,0.9341242417934784,4,4,4_4
DLGAP2-AS1,2.1785375000000005,3.676857358913044,4,4,4_4
DLGAP3,1.1717166666666667,0.4186803765217392,3,3,3_3
DLGAP4,1.1058305555555556,0.12763408251207733,3,2,3_2
DLGAP4-AS1,1.0319666666666667,0.10483997579710146,2,2,2_2
DLGAP5,1.6010291666666667,1.0007953992028986,4,4,4_4
DLK1,1.246925,0.7026448069927536,4,4,4_4
DLK2,1.1266,0.1777229852173913,3,2,3_2
DLL1,1.3510458333333333,0.754327034746377,4,4,4_4
DLL3,1.6481562499999998,0.5012509879619566,4,3,4_3
DLL4,1.1551416666666665,0.39022918652173916,3,3,3_3
DLST,0.9770291666666666,0.016079896014492747,0,0,0_0
DLX1,1.0059875,0.13159620561594204,1,2,1_2
DLX2,1.1411479166666665,0.7727195305253625,3,4,3_4
DLX3,1.1430375,0.49282460934782607,3,3,3_3
DLX4,1.3663208333333332,0.5943717857246377,4,4,4_4
DLX5,1.10415,0.12938919362318838,3,2,3_2
DLX6,1.3608041666666664,0.41808755157004834,4,3,4_3
DLX6-AS1,1.0297166666666666,0.21224452043478265,1,3,1_3
DMAP1,1.0282333333333333,0.06020582231884057,1,1,1_1
DMBT1,0.9520583333333333,0.09761260623188404,0,2,0_2
DMBX1,1.2768333333333335,2.701960962898551,4,4,4_4
DMC1,1.22256875,0.5012970622282609,3,3,3_3
DMD,1.23438125,0.2803736960778986,3,3,3_3
DMGDH,1.6414125000000002,0.9965779053260869,4,4,4_4
DMKN,1.1273166666666667,0.21872570420289852,3,3,3_3
DMP1,1.0798583333333334,1.0474701533695656,2,4,2_4
DMPK,0.8888763888888889,0.03951054185990339,0,1,0_1
DMRT1,0.9799208333333335,0.2095990045652174,0,3,0_3
DMRT2,1.0448708333333334,0.12741563293478259,2,2,2_2
DMRT3,1.04394375,0.08503561487318842,2,2,2_2
DMRTA1,1.2798375,0.9380815122463766,4,4,4_4
DMRTA2,1.0397958333333333,0.08350170557971014,2,2,2_2
DMRTB1,1.2922125,1.1581304355797102,4,4,4_4
DMRTC1B,1.5028958333333333,0.8625105882246374,4,4,4_4
DMRTC2,1.1616833333333334,0.6093972604347826,3,4,3_4
DMTF1,0.9958874999999999,0.02603334485507246,0,0,0_0
DMTN,0.9574458333333333,0.04864923934782609,0,1,0_1
DMWD,1.0262805555555556,0.04238639396135266,1,1,1_1
DMXL1,1.0382958333333334,0.016744546485507238,2,0,2_0
DMXL2,1.1319458333333332,0.08684037449275361,3,2,3_2
DNA2,1.0071583333333332,0.06573577492753623,1,1,1_1
DNAAF1,0.9995791666666666,0.14022510199275362,0,2,0_2
DNAAF2,1.0739124999999998,0.07029858659420289,2,1,2_1
DNAAF3,1.0793708333333334,0.34447376239130445,2,3,2_3
DNAAF5,0.9934229166666668,0.039887336503623194,0,1,0_1
DNAH1,1.3711749999999998,0.14091973390189522,4,2,4_2
DNAH10,1.0315513888888888,0.08152566802737521,2,2,2_2
DNAH11,1.1165944444444444,0.32087953019323673,3,3,3_3
DNAH12,1.4841645833333335,1.0519197221195653,4,4,4_4
DNAH14,1.620340625,0.719245182839674,4,4,4_4
DNAH17,0.98548125,0.09459519208333332,0,2,0_2
DNAH2,1.0336333333333332,0.24766514884057972,2,3,2_3
DNAH3,1.1106166666666668,0.25215358230144924,3,3,3_3
DNAH5,1.0384291666666667,0.16648473764492755,2,2,2_2
DNAH6,1.0611291666666667,0.20694552649003625,2,3,2_3
DNAH7,1.0642791666666667,0.1759259383011272,2,2,2_2
DNAH8,1.5551625,2.355362800652174,4,4,4_4
DNAH9,1.0417166666666668,0.31818845798711765,2,3,2_3
DNAI1,1.0362520833333333,0.22489122563405803,2,3,2_3
DNAI2,1.0193020833333335,0.33381671574275357,1,3,1_3
DNAJA1,0.9690979166666667,0.022748643097826083,0,0,0_0
DNAJA2,1.0200875,0.008300038695652174,1,0,1_0
DNAJA3,1.0036145833333332,0.0092525880615942,1,0,1_0
DNAJA4,0.998196875,0.0700660488451087,0,1,0_1
DNAJB1,1.0729270833333333,0.055459799329710145,2,1,2_1
DNAJB11,1.0402625,0.05951510702898551,2,1,2_1
DNAJB12,1.0015135416666665,0.01891337358242754,1,0,1_0
DNAJB13,1.1371624999999999,0.36155724326086963,3,3,3_3
DNAJB14,1.0333611111111112,0.023974352995169083,2,0,2_0
DNAJB2,1.0362208333333334,0.04582310384057971,2,1,2_1
DNAJB4,1.0404979166666666,0.08956267436594202,2,2,2_2
DNAJB5,1.7008812500000001,1.4491849384963769,4,4,4_4
DNAJB6,1.0302666666666667,0.024140044782608706,2,0,2_0
DNAJB7,1.1358125,0.8100227764492753,3,4,3_4
DNAJB8,1.6354208333333335,2.006848548623189,4,4,4_4
DNAJB8-AS1,0.8963958333333334,1.1012231129710144,0,4,0_4
DNAJB9,1.0524833333333332,0.08548226069243157,2,2,2_2
DNAJC1,1.0185486111111113,0.016453491022544283,1,0,1_0
DNAJC10,1.0266833333333334,0.031064678794202903,1,0,1_0
DNAJC11,1.0020708333333335,0.024162411413043476,1,0,1_0
DNAJC12,1.3294263888888889,1.024320522552335,4,4,4_4
DNAJC13,1.0911791666666666,0.12039726520933973,3,2,3_2
DNAJC14,1.0098708333333335,0.06243353750000002,1,1,1_1
DNAJC15,0.9739361111111112,0.023690969323671505,0,0,0_0
DNAJC16,1.3148555555555557,0.3071262081642511,4,3,4_3
DNAJC17,0.9236458333333335,0.12289612340579711,0,2,0_2
DNAJC18,1.1037597222222224,0.11309583675523348,3,2,3_2
DNAJC19,0.9950208333333334,0.017794555507246377,0,0,0_0
DNAJC2,0.9946229166666667,0.07002419936594202,0,1,0_1
DNAJC21,1.0062047619047618,0.026805206734693873,1,0,1_0
DNAJC22,0.9518597222222223,0.09258239456521737,0,2,0_2
DNAJC24,1.0031583333333334,0.03540362423913043,1,0,1_0
DNAJC25-GNG10,0.99835,0.019444412898550725,0,0,0_0
DNAJC27,1.0122916666666668,0.0521380781521739,1,1,1_1
DNAJC27-AS1,1.8388375000000001,3.2959490309420287,4,4,4_4
DNAJC28,0.9899583333333334,0.07858696289855073,0,1,0_1
DNAJC3,1.0960333333333334,0.1083679809873188,3,2,3_2
DNAJC30,1.0635305555555554,0.09958903415458936,2,2,2_2
DNAJC4,1.0449675,0.04189036548695653,2,1,2_1
DNAJC5,1.033488888888889,0.04971379576489533,2,1,2_1
DNAJC5B,1.1799895833333334,0.47828330918478273,3,3,3_3
DNAJC5G,1.3882583333333336,1.068593220289855,4,4,4_4
DNAJC6,1.21041875,0.31544780396739136,3,3,3_3
DNAJC7,1.0097208333333334,0.0791313545974235,1,1,1_1
DNAJC8,0.9822625,0.061448625660225444,0,1,0_1
DNAJC9,1.0763277777777778,0.06707319207729467,2,1,2_1
DNAJC9-AS1,1.3037875,0.20455045789855072,4,3,4_3
DNAL1,1.0531388888888888,0.10141603061191624,2,2,2_2
DNAL4,1.0827375000000001,0.16731549891304345,3,2,3_2
DNALI1,1.0432729166666665,0.2401292879891304,2,3,2_3
DNASE1,1.2285172619047617,0.19938076670659566,3,3,3_3
DNASE1L1,0.9954958333333334,0.026166844130434776,0,0,0_0
DNASE1L2,1.6492458333333333,1.7986491428260865,4,4,4_4
DNASE1L3,1.1214375,0.19429697858695652,3,3,3_3
DNASE2,0.9681645833333334,0.05216565994565217,0,1,0_1
DNASE2B,1.402875,1.5906650491304348,4,4,4_4
DND1,1.00871875,0.03165556132246376,1,0,1_0
DNER,1.0577666666666665,0.2521680875362319,2,3,2_3
DNHD1,1.219075,0.22252844631340576,3,3,3_3
DNLZ,0.9967145833333332,0.09285940755434784,0,2,0_2
DNM1,1.0723104166666666,0.07581835690217392,2,1,2_1
DNM1L,1.0352347222222222,0.0912330792673108,2,2,2_2
DNM1P35,1.17625,0.8622516589855074,3,4,3_4
DNM2,0.9504555555555556,0.05746175698872786,0,1,0_1
DNM3,1.0936708333333334,0.1062308834057971,3,2,3_2
DNM3OS,1.0874916666666667,0.15581525728260867,3,2,3_2
DNMBP,1.0451979166666667,0.07288675215579711,2,1,2_1
DNMT1,1.0344791666666666,0.04802951065217391,2,1,2_1
DNMT3A,1.0157791666666667,0.09729576208534624,1,2,1_2
DNMT3B,0.9861874999999999,0.03848507572463768,0,1,0_1
DNMT3L,1.63345,2.824998261594203,4,4,4_4
DNPEP,0.9701527777777779,0.04767982336553946,0,1,0_1
DNPH1,1.0938694444444446,0.15667771281803544,3,2,3_2
DNTT,1.5899305555555554,2.664151998019324,4,4,4_4
DNTTIP1,1.0382854166666666,0.0553585875905797,2,1,2_1
DNTTIP2,1.0028375,0.010992860797101447,1,0,1_0
DOC2A,2.0796666666666668,7.8093430740579715,4,4,4_4
DOC2B,1.0010999999999999,0.19896159666666668,0,3,0_3
DOCK1,1.1051575,0.08199946178840581,3,2,3_2
DOCK10,1.4768229166666667,0.8511572478804349,4,4,4_4
DOCK11,1.16520625,0.2144785761050725,3,3,3_3
DOCK2,1.4687875000000001,0.6099629119202898,4,4,4_4
DOCK3,1.2044916666666667,0.16441859376811596,3,2,3_2
DOCK4,1.168484375,0.2229974184012681,3,3,3_3
DOCK4-AS1,0.902875,1.9606207908695652,0,4,0_4
DOCK5,1.0551130208333335,0.06653505123980978,2,1,2_1
DOCK6,1.0389183333333332,0.0703268504173913,2,1,2_1
DOCK7,1.0183541666666667,0.06292385949275363,1,1,1_1
DOCK8,1.0881125,0.0983614785960145,3,2,3_2
DOCK9,1.0122600000000002,0.02398247067826087,1,0,1_0
DOHH,1.506701388888889,0.8672321064492753,4,4,4_4
DOK1,1.0445770833333332,0.13656451875,2,2,2_2
DOK2,1.2274625,0.4205850667391305,3,3,3_3
DOK3,1.2299270833333333,0.20832587038043474,3,3,3_3
DOK4,0.9486277777777777,0.03527580359098228,0,0,0_0
DOK5,0.9994624999999999,0.09595117257246377,0,2,0_2
DOK6,1.093888888888889,0.1180097036231884,3,2,3_2
DOK7,1.0390416666666666,0.11315468710144928,2,2,2_2
DOLK,0.9695125,0.04472003963768116,0,1,0_1
DOLPP1,1.0443666666666667,0.080767205942029,2,2,2_2
DONSON,1.0001333333333333,0.015203933768115943,0,0,0_0
DOPEY1,1.0046447916666665,0.035452456988224634,1,0,1_0
DOPEY2,1.0225020833333334,0.05613110490942028,1,1,1_1
DOT1L,1.211186111111111,0.15076075563607083,3,2,3_2
DPAGT1,1.0170583333333332,0.02467864797101449,1,0,1_0
DPCD,1.09455,0.19459311068840582,3,3,3_3
DPEP1,1.6794250000000002,2.5159469259420293,4,4,4_4
DPEP2,1.7837125,0.8537456119565217,4,4,4_4
DPEP3,0.9754791666666667,0.1716912058695652,0,2,0_2
DPF1,1.6815395833333333,1.696039899945652,4,4,4_4
DPF2,1.0648125000000002,0.06865447123188403,2,1,2_1
DPF3,1.116809375,0.2563565404936594,3,3,3_3
DPH2,1.0533916666666665,0.06870858536231882,2,1,2_1
DPH3,1.03945,0.027704147753623187,2,0,2_0
DPH5,1.00574,0.011204280655072459,1,0,1_0
DPH6,1.0159708333333333,0.03110656108695652,1,0,1_0
DPH7,1.0450125000000001,0.023456627463768122,2,0,2_0
DPM1,1.0070125,0.013969483695652174,1,0,1_0
DPM2,1.0374208333333332,0.08196337471014493,2,2,2_2
DPM3,1.0269916666666665,0.13040166217391302,1,2,1_2
DPP10,1.0980083333333333,0.18360361405797102,3,2,3_2
DPP10-AS1,1.1327583333333333,0.21726420913043476,3,3,3_3
DPP10-AS3,1.3676375,1.2803219348550723,4,4,4_4
DPP3,0.9831416666666666,0.014782204492753625,0,0,0_0
DPP4,1.1843819444444446,0.33145966450080516,3,3,3_3
DPP6,1.5426666666666666,1.0262521262640905,4,4,4_4
DPP7,1.018701388888889,0.028814493470209333,1,0,1_0
DPP8,0.987198611111111,0.006071615805152984,0,0,0_0
DPP9,0.9583472222222222,0.07965355,0,1,0_1
DPPA2,1.5173583333333334,3.6772075068115937,4,4,4_4
DPPA4,1.0961777777777777,0.29407177985507243,3,3,3_3
DPPA5,1.523875,1.678228085362319,4,4,4_4
DPT,1.2477194444444444,0.5776392147181965,4,4,4_4
DPY19L1,1.145275,0.1198303161449275,3,2,3_2
DPY19L2,1.0467645833333334,0.12930307237318842,2,2,2_2
DPY19L3,0.9063916666666666,0.027832591159420293,0,0,0_0
DPY19L4,1.0309888888888887,0.029936790305958128,2,0,2_0
DPY30,1.000434722222222,0.023943087801932373,0,0,0_0
DPYD,1.0377986111111113,0.11496923612721419,2,2,2_2
DPYS,1.2032125,0.5921305848550725,3,4,3_4
DPYSL2,1.0731,0.036940718115942024,2,1,2_1
DPYSL3,1.3562277777777778,0.6012379580354269,4,4,4_4
DPYSL4,1.0706444444444445,0.1328292231884058,2,2,2_2
DPYSL5,1.0299083333333332,0.3022504233695652,1,3,1_3
DQX1,1.1109833333333334,0.3597352613043478,3,3,3_3
DR1,1.0570901041666667,0.03300788055593297,2,0,2_0
DRAIC,1.2100625,0.6050110566304349,3,4,3_4
DRAM1,1.0752875,0.139837380942029,2,2,2_2
DRAM2,1.0079229166666666,0.009766573170289856,1,0,1_0
DRAP1,0.9710375000000001,0.04184064282608696,0,1,0_1
DRAXIN,1.156123611111111,0.456720010394525,3,3,3_3
DRC1,1.0564458333333333,0.38222264079710155,2,3,2_3
DRC3,0.9388041666666668,0.1856160281884058,0,2,0_2
DRC7,1.1096625,0.41927498108695654,3,3,3_3
DRD1,0.9332291666666667,0.366928079057971,0,3,0_3
DRD2,1.0229177083333332,0.07627125123641305,1,1,1_1
DRD3,0.9744166666666668,0.5840795101086956,0,4,0_4
DRD4,1.0221541666666667,0.773396175,1,4,1_4
DRD5,2.1709750000000003,5.78658703173913,4,4,4_4
DRG1,1.0282458333333333,0.02496881268115942,1,0,1_0
DRG2,1.03245,0.05985154586956523,2,1,2_1
DRICH1,1.389245833333333,0.7735160694565216,4,4,4_4
DROSHA,0.9877833333333333,0.011781587826086952,0,0,0_0
DRP2,1.4942958333333334,0.4578052845169083,4,3,4_3
DSC1,0.621775,0.9329492692753625,0,4,0_4
DSC2,0.9985614583333335,0.09077793431612319,0,2,0_2
DSC3,1.1881069444444445,0.5023395535185184,3,3,3_3
DSCAM,1.8876833333333334,0.9783136506602255,4,4,4_4
DSCAM-AS1,1.7665708333333334,3.3046296749999997,4,4,4_4
DSCAML1,1.0989520833333335,0.2856034429891305,3,3,3_3
DSCC1,1.35179375,0.3760310567572464,4,3,4_3
DSCR4,1.6587291666666666,2.218759426014493,4,4,4_4
DSCR8,0.9767999999999999,0.07294022710144926,0,1,0_1
DSCR9,1.06105,0.684228335942029,2,4,2_4
DSE,1.1132020833333334,0.09943597064311593,3,2,3_2
DSEL,1.0460041666666666,0.09053822015297906,2,2,2_2
DSG1,2.0201541666666665,4.030162848043478,4,4,4_4
DSG2,1.0344645833333335,0.08110759679347827,2,2,2_2
DSG2-AS1,1.1145625,0.17830305865539456,3,2,3_2
DSG3,3.83988125,31.51995748693841,4,4,4_4
DSG4,1.283570833333333,1.2071550370289856,4,4,4_4
DSN1,1.02135,0.0551896131884058,1,1,1_1
DSP,1.1467375,0.10533825659420289,3,2,3_2
DSPP,1.0891208333333333,0.11326707615942029,3,2,3_2
DST,1.1899566666666668,0.09107263100869564,3,2,3_2
DSTN,1.0069027777777777,0.021256806618357483,1,0,1_0
DSTYK,1.4183739583333335,0.7848402580208333,4,4,4_4
DTD1,0.9936437499999999,0.015801671250000007,0,0,0_0
DTD2,0.9514874999999999,0.025353256340579708,0,0,0_0
DTHD1,1.1040291666666666,0.26915130847826085,3,3,3_3
DTL,1.2209937499999999,0.2613026929528986,3,3,3_3
DTNA,1.1254244791666668,0.19376931071218295,3,3,3_3
DTNB,0.9351291666666667,0.13604721213768114,0,2,0_2
DTNBP1,0.9888499999999999,0.03387412631239937,0,0,0_0
DTWD1,1.02954375,0.04799347337962964,1,1,1_1
DTWD2,1.019570833333333,0.02972248326086956,1,0,1_0
DTX1,1.125775,0.12878998507246378,3,2,3_2
DTX3,1.0201383333333334,0.1056480271362319,1,2,1_2
DTX3L,1.0461125,0.07063135760869564,2,1,2_1
DTX4,1.0118875,0.06450842485507245,1,1,1_1
DTYMK,1.0542025,0.06180237108695653,2,1,2_1
DUBR,1.0041729166666666,0.06640904914855073,1,1,1_1
DUOX1,1.1073277777777777,0.11802379468599032,3,2,3_2
DUOX2,1.2066958333333333,0.8049578329710144,3,4,3_4
DUOXA1,1.18656875,0.5421016949094202,3,4,3_4
DUOXA2,0.9974791666666668,0.24644455253623185,0,3,0_3
DUS1L,1.0026791666666668,0.016719777028985507,1,0,1_0
DUS2,1.06271875,0.01756521005434782,2,0,2_0
DUS3L,0.9764145833333333,0.03537524672101449,0,0,0_0
DUS4L,1.0279958333333332,0.044524285253623175,1,1,1_1
DUSP1,1.2697027777777778,0.3726233279710145,4,3,4_3
DUSP10,1.0498333333333332,0.15468375880434782,2,2,2_2
DUSP11,1.023325,0.03006181,1,0,1_0
DUSP12,1.0428458333333335,0.046818827173913044,2,1,2_1
DUSP13,1.0082250000000001,0.7127690407246376,1,4,1_4
DUSP14,1.0000083333333334,0.08675856623188406,0,2,0_2
DUSP15,1.0363145833333334,0.190698163134058,2,3,2_3
DUSP16,1.1666427083333335,0.1731540688179348,3,2,3_2
DUSP18,1.0493291666666666,0.1048728063405797,2,2,2_2
DUSP19,0.9321861111111112,0.056596045072463755,0,1,0_1
DUSP2,1.3263624999999999,0.6670322097826088,4,4,4_4
DUSP21,1.4268124999999998,0.9865153360144928,4,4,4_4
DUSP22,1.0084916666666668,0.014901980144927534,1,0,1_0
DUSP23,1.0680166666666666,0.21753300304347828,2,3,2_3
DUSP26,1.0107083333333333,0.15714060623188406,1,2,1_2
DUSP27,1.1322666666666665,0.32732016884057974,3,3,3_3
DUSP28,1.0200291666666665,0.04294975442028985,1,1,1_1
DUSP3,1.0698736111111111,0.15710372348631238,2,2,2_2
DUSP4,1.1341500000000002,0.15350409376811597,3,2,3_2
DUSP5,1.2538,0.8111875220289855,4,4,4_4
DUSP6,1.0828555555555555,0.0830927474879227,3,2,3_2
DUSP7,1.0472145833333333,0.09094988925724638,2,2,2_2
DUSP9,0.9825541666666667,0.15575479760869568,0,2,0_2
DUT,1.017188888888889,0.012964440950080517,1,0,1_0
DVL1,1.0178416666666668,0.022774127391304345,1,0,1_0
DVL2,1.01059375,0.049550298858695656,1,1,1_1
DVL3,1.0187333333333333,0.023225382282608693,1,0,1_0
DXO,0.9996361111111112,0.058751443494363946,0,1,0_1
DYDC1,1.2459708333333335,0.8134996741304349,4,4,4_4
DYDC2,1.1507333333333334,0.551974374057971,3,4,3_4
DYM,0.9947513888888889,0.028394102262479876,0,0,0_0
DYNC1H1,1.113369642857143,0.07601630551464064,3,1,3_1
DYNC1I1,0.9650062500000001,0.15869901001811593,0,2,0_2
DYNC1I2,0.9771847222222222,0.0706381821336554,0,1,0_1
DYNC1LI1,0.99649375,0.0162127280615942,0,0,0_0
DYNC1LI2,1.018621875,0.04500864992300723,1,1,1_1
DYNC2H1,1.0285416666666667,0.10224581130434782,1,2,1_2
DYNC2LI1,0.9882364583333333,0.03847266697916667,0,1,0_1
DYNLL1,0.9748791666666666,0.01991347137681159,0,0,0_0
DYNLL2,1.0099375000000002,0.038087712793880846,1,1,1_1
DYNLRB1,1.1598108333333332,0.10189950034492756,3,2,3_2
DYNLRB2,0.9987583333333333,0.23781172275362317,0,3,0_3
DYNLT1,1.0128541666666666,0.02454186934782608,1,0,1_0
DYNLT3,1.0058749999999999,0.013004478985507243,1,0,1_0
DYRK1A,1.06545,0.04221938944347826,2,1,2_1
DYRK1B,0.9399062499999999,0.12421258360507247,0,2,0_2
DYRK2,1.1191000000000002,0.0805933617844203,3,1,3_1
DYRK3,1.1790895833333335,0.3636607908876811,3,3,3_3
DYRK4,1.0198041666666666,0.05597512123188407,1,1,1_1
DYSF,1.2568541666666666,0.14294116166666668,4,2,4_2
DZANK1,1.0226229166666665,0.15669259291666665,1,2,1_2
DZIP1,1.0361291666666668,0.04881262902173912,2,1,2_1
DZIP1L,1.0620416666666668,0.34592945202898545,2,3,2_3
DZIP3,1.0201805555555554,0.10930823904991949,1,2,1_2
E2F1,1.04048125,0.31470836317028983,2,3,2_3
E2F2,1.1270680555555554,0.1798617617954911,3,2,3_2
E2F3,1.0213229166666666,0.113460987192029,1,2,1_2
E2F4,0.9749916666666666,0.028969462608695654,0,0,0_0
E2F5,1.0797,0.16787552800724637,2,2,2_2
E2F6,1.0176416666666668,0.056255197826086956,1,1,1_1
E2F7,0.9508833333333334,0.11288401692028988,0,2,0_2
E2F8,1.0806,0.24776021782608695,2,3,2_3
E4F1,1.0093166666666666,0.0555439795652174,1,1,1_1
EAF1,1.0081583333333333,0.012048836086956519,1,0,1_0
EAF2,1.172625,0.1923936580354267,3,3,3_3
EAPP,1.0301375,0.06280042528985509,1,1,1_1
EARS2,1.0520770833333335,0.05987715991847825,2,1,2_1
EBAG9,0.96929375,0.00922593755434783,0,0,0_0
EBF1,1.1868510416666667,0.17473354578351447,3,2,3_2
EBF2,1.5419166666666666,1.2094900684702095,4,4,4_4
EBF3,1.1466180555555556,0.2702807211996779,3,3,3_3
EBF4,1.0630041666666667,0.11500985282608697,2,2,2_2
EBI3,1.2308125,0.6163833215217391,3,4,3_4
EBLN2,1.107408333333333,0.16819052391304348,3,2,3_2
EBLN3P,1.0146416666666667,0.016086887149758453,1,0,1_0
EBP,1.2582208333333333,0.35962712196557967,4,3,4_3
EBPL,0.9834458333333332,0.066132775,0,1,0_1
ECD,0.9796291666666668,0.03381869021739131,0,0,0_0
ECE1,1.0209083333333335,0.03606495076086956,1,0,1_0
ECE2,1.3973611111111108,0.8146727492914654,4,4,4_4
ECEL1,3.2761791666666666,27.949180819057965,4,4,4_4
ECH1,1.0163833333333334,0.036521265652173916,1,1,1_1
ECHDC1,0.9924979166666666,0.011749083451086958,0,0,0_0
ECHDC2,0.98165625,0.02334271668478261,0,0,0_0
ECHDC3,1.0576625,0.12277130123188408,2,2,2_2
ECHS1,1.0351375,0.02815025847826087,2,0,2_0
ECI1,0.9807458333333333,0.0708308761594203,0,1,0_1
ECI2,0.9948708333333333,0.019577843405797105,0,0,0_0
ECM1,1.0940833333333335,0.19969463971014495,3,3,3_3
ECM2,1.137325,0.20683556315217388,3,3,3_3
ECSCR,1.2877569444444446,0.4836796216988727,4,3,4_3
ECSIT,0.9878166666666667,0.08588725826086957,0,2,0_2
ECT2,0.9739291666666667,0.04597421561191627,0,1,0_1
EDA,1.2642479166666667,0.19774691939814817,4,3,4_3
EDA2R,1.3670791666666666,2.1429147990579707,4,4,4_4
EDAR,1.1376708333333332,0.2828255802173913,3,3,3_3
EDARADD,2.0393125,4.889086466014493,4,4,4_4
EDC3,0.9901499999999999,0.08831991192028986,0,2,0_2
EDC4,0.9246458333333333,0.05376754210144928,0,1,0_1
EDDM3A,1.2155208333333334,0.46120957839774557,3,3,3_3
EDDM3B,1.4487125,3.0082338639855064,4,4,4_4
EDEM1,0.9955666666666666,0.025459810144927535,0,0,0_0
EDEM2,1.0184374999999999,0.023935242246376814,1,0,1_0
EDEM3,1.087113888888889,0.0943406530595813,3,2,3_2
EDF1,1.05164375,0.061444953931159424,2,1,2_1
EDIL3,1.181361111111111,0.17754758212560387,3,2,3_2
EDN1,1.1335833333333332,0.5446581103864735,3,4,3_4
EDN2,1.4384,3.3938927328985504,4,4,4_4
EDN3,1.2085833333333333,0.34151743347826086,3,3,3_3
EDNRA,1.0345291666666665,0.08548039554750404,2,2,2_2
EDNRB,1.1497638888888888,0.26828007320450886,3,3,3_3
EDNRB-AS1,1.0710166666666667,0.22997282942028988,2,3,2_3
EDRF1,0.9865847222222222,0.08529941390499193,0,2,0_2
EEA1,1.0049194444444445,0.02297900040257649,1,0,1_0
EED,0.98261875,0.022266123134057972,0,0,0_0
EEF1A1,1.0253465277777778,0.02833269579911433,1,0,1_0
EEF1A2,1.0995916666666667,0.39819126130434784,3,3,3_3
EEF1AKMT1,1.0141583333333333,0.03874925130434782,1,1,1_1
EEF1D,1.0325416666666667,0.06387752900362317,2,1,2_1
EEF1E1,1.01095625,0.014925465597826093,1,0,1_0
EEF1E1-BLOC1S5,0.9956208333333333,0.054738411847826074,0,1,0_1
EEF2,1.00346875,0.01740511708333333,1,0,1_0
EEF2KMT,0.974225,0.04607177260869564,0,1,0_1
EEFSEC,0.9814624999999998,0.12724953369565215,0,2,0_2
EEPD1,1.263257291666667,0.3387739972961956,4,3,4_3
EFCAB1,1.116138888888889,0.3211102042512078,3,3,3_3
EFCAB10,1.0185250000000001,0.10201662391304352,1,2,1_2
EFCAB11,1.06285625,0.06328959244565219,2,1,2_1
EFCAB12,0.9663124999999999,0.2362392945652174,0,3,0_3
EFCAB13,1.2335475,0.14589839768985505,3,2,3_2
EFCAB14,1.0575892857142857,0.03240350109730849,2,0,2_0
EFCAB2,1.0367895833333334,0.1366184275634058,2,2,2_2
EFCAB5,0.9232979166666667,0.21465833182971017,0,3,0_3
EFCAB6,1.0197654761904762,0.1505761715853298,1,2,1_2
EFCAB7,1.0058375,0.07482734963768116,1,1,1_1
EFCC1,1.1550916666666666,0.3311909640579711,3,3,3_3
EFEMP1,1.0722263888888888,0.08656545583735908,2,2,2_2
EFEMP2,1.04553125,0.070752720307971,2,1,2_1
EFHB,1.0524916666666666,0.18715014278985503,2,2,2_2
EFHC1,0.9877472222222222,0.10930985685990338,0,2,0_2
EFHC2,0.9993229166666667,0.22051679128623192,0,3,0_3
EFHD1,1.0512833333333333,0.09140958536231884,2,2,2_2
EFHD2,1.0347125000000001,0.08829704583333334,2,2,2_2
EFL1,1.0544291666666668,0.10648370963768118,2,2,2_2
EFNA1,1.13895,0.19199021492753626,3,3,3_3
EFNA2,1.9329402777777778,1.188904151972625,4,4,4_4
EFNA3,1.2525625,0.9588450287681158,4,4,4_4
EFNA4,1.1264375,0.1460860870289855,3,2,3_2
EFNA5,1.2355052083333333,0.18742338821105067,3,2,3_2
EFNB1,0.9860833333333333,0.12619675086956522,0,2,0_2
EFNB2,1.0686791666666666,0.06055544090579712,2,1,2_1
EFNB3,1.01435,0.12238742909420293,1,2,1_2
EFR3A,0.9963937499999999,0.007945739909420291,0,0,0_0
EFR3B,1.0756708333333334,0.20958137160225437,2,3,2_3
EFS,1.00245625,0.035469237844202896,1,0,1_0
EFTUD2,0.9902895833333334,0.04208980864130435,0,1,0_1
EGF,1.0465791666666666,0.2029671499275362,2,3,2_3
EGFL6,0.9514083333333333,0.11899529376811596,0,2,0_2
EGFL7,1.1025958333333332,0.23854232253623184,3,3,3_3
EGFL8,1.0108625,0.06270377543478262,1,1,1_1
EGFLAM,1.0792916666666668,0.23212841014492752,2,3,2_3
EGFLAM-AS2,1.7746708333333334,1.3850492985869562,4,4,4_4
EGFLAM-AS4,1.7552583333333331,3.158100965362319,4,4,4_4
EGFR,1.1205537037037037,0.10755319505099303,3,2,3_2
EGLN1,1.3266708333333332,0.3234340149728261,4,3,4_3
EGLN2,1.7171208333333332,1.9280184990579712,4,4,4_4
EGLN3,1.2835979166666667,0.3244817889673914,4,3,4_3
EGOT,1.9892541666666668,7.730486858297102,4,4,4_4
EGR1,1.159065277777778,0.2781360182045089,3,3,3_3
EGR2,2.4094333333333333,4.7430548489855076,4,4,4_4
EGR3,1.4876166666666666,1.3022426981159416,4,4,4_4
EGR4,1.4757486111111113,0.558960962568438,4,4,4_4
EHBP1,0.985,0.030064215471014483,0,0,0_0
EHBP1L1,1.2069822916666666,0.20189618273097826,3,3,3_3
EHD1,1.00781,0.06363211463768118,1,1,1_1
EHD2,1.2764972222222222,0.3891328767310789,4,3,4_3
EHD3,1.3171083333333333,0.2212740179549115,4,3,4_3
EHD4,1.0892785714285715,0.14475597853297845,3,2,3_2
EHF,1.0200180555555554,0.10044059598228668,1,2,1_2
EHHADH,1.0601458333333333,0.05748626050724637,2,1,2_1
EHMT1,1.0116972222222222,0.05237536135265702,1,1,1_1
EHMT2,1.1634847222222222,0.13293339905797102,3,2,3_2
EI24,1.0346833333333334,0.01708864293478261,2,0,2_0
EID1,1.0058986111111112,0.005154546642512077,1,0,1_0
EID2,0.9676833333333335,0.016998045217391306,0,0,0_0
EID2B,0.9284916666666666,0.053329505362318834,0,1,0_1
EID3,1.1666333333333334,0.1851405653623188,3,2,3_2
EIF1,1.054757738095238,0.05911837825051757,2,1,2_1
EIF1AD,1.0171020833333333,0.05378759480072463,1,1,1_1
EIF1AX,1.0112541666666666,0.02247545718297101,1,0,1_0
EIF1AY,1.3561687500000001,1.6100098841485504,4,4,4_4
EIF1B,0.9742020833333335,0.03796030161231884,0,1,0_1
EIF2A,0.9842124999999999,0.012941333840579711,0,0,0_0
EIF2AK1,0.9935125,0.023530869094202902,0,0,0_0
EIF2AK2,1.0343555555555557,0.0846433384057971,2,2,2_2
EIF2AK3,1.6584604166666665,1.9842392038949277,4,4,4_4
EIF2AK4,1.1217458333333334,0.15387569597826084,3,2,3_2
EIF2B1,1.0501708333333333,0.023009960507246376,2,0,2_0
EIF2B2,1.0302708333333335,0.02828234326086956,2,0,2_0
EIF2B3,0.9965083333333333,0.032289933623188403,0,0,0_0
EIF2B4,1.0095604166666667,0.03241979903985508,1,0,1_0
EIF2B5,1.0129833333333333,0.013448184021739123,1,0,1_0
EIF2D,1.0214541666666668,0.023895482536231884,1,0,1_0
EIF2S1,1.0697208333333335,0.049816414339774545,2,1,2_1
EIF2S2,1.0041479166666667,0.03365145907608695,1,0,1_0
EIF2S3,1.0277847222222223,0.02527932499999999,1,0,1_0
EIF3A,1.0154125,0.006070474710144928,1,0,1_0
EIF3B,1.0115506944444446,0.010997159740338165,1,0,1_0
EIF3C,1.0364541666666665,0.252686660942029,2,3,2_3
EIF3CL,0.9533527777777778,0.03226435594202898,0,0,0_0
EIF3D,0.9723,0.00804255782608696,0,0,0_0
EIF3E,1.0240937499999998,0.019450519365942023,1,0,1_0
EIF3F,1.0559513888888887,0.36610866021739125,2,3,2_3
EIF3G,1.0239041666666668,0.06950263673913046,1,1,1_1
EIF3H,1.1333374999999999,0.23082226996376812,3,3,3_3
EIF3I,1.05375,0.039015025072463766,2,1,2_1
EIF3J,1.00248125,0.021330218061594197,1,0,1_0
EIF3K,1.0136458333333334,0.024946358315217396,1,0,1_0
EIF3L,1.0300624999999999,0.020468905289855073,1,0,1_0
EIF3M,1.0294483333333333,0.022869772446376817,1,0,1_0
EIF4A2,1.082375,0.2759262685507246,3,3,3_3
EIF4A3,1.0315666666666665,0.02555462898550725,2,0,2_0
EIF4B,1.0019,0.01503302233494364,1,0,1_0
EIF4E,1.03617,0.03698561269565217,2,1,2_1
EIF4E2,0.9962239583333333,0.01667616169836957,0,0,0_0
EIF4E3,1.0077614583333332,0.03651622322010868,1,1,1_1
EIF4EBP1,0.9728791666666666,0.07702701108695653,0,1,0_1
EIF4EBP2,1.0178883333333333,0.027361882011594202,1,0,1_0
EIF4ENIF1,1.0708062500000002,0.14002658875,2,2,2_2
EIF4G1,1.0186416666666667,0.017363269673913037,1,0,1_0
EIF4G2,1.0432902777777777,0.06600380160225443,2,1,2_1
EIF4G3,1.0509635416666667,0.07886816628170291,2,1,2_1
EIF4H,1.0051541666666666,0.017460914275362317,1,0,1_0
EIF5,1.0156516666666666,0.008475982973913042,1,0,1_0
EIF5A,1.041251388888889,0.07185540234299516,2,1,2_1
EIF5A2,1.027211111111111,0.07452352710144927,1,1,1_1
EIF5B,1.0126104166666667,0.020605980787037036,1,0,1_0
EIF6,1.0900874999999999,0.09499958963768117,3,2,3_2
ELAC1,0.9928770833333335,0.018569346902173912,0,0,0_0
ELAC2,0.9527791666666667,0.06856458260869565,0,1,0_1
ELANE,2.0447083333333333,6.292126696086955,4,4,4_4
ELAVL1,0.9883666666666665,0.012432691893115936,0,0,0_0
ELAVL2,1.0295916666666667,0.13227880869565217,1,2,1_2
ELAVL3,1.3232027777777777,0.8455767410466989,4,4,4_4
ELAVL4,1.2316625,0.34296694622282614,3,3,3_3
ELF1,1.0131833333333333,0.07126996782608697,1,1,1_1
ELF2,1.0059972222222222,0.010291127037037036,1,0,1_0
ELF3,1.1486208333333332,0.12522072546698876,3,2,3_2
ELF4,1.1650145833333332,0.12399859063405799,3,2,3_2
ELF5,0.9670729166666666,0.0773782289673913,0,1,0_1
ELFN1,1.0806333333333333,0.15373721695652173,2,2,2_2
ELFN1-AS1,1.2127875000000001,0.9152034926811595,3,4,3_4
ELFN2,1.3834,0.31326059845108695,4,3,4_3
ELK1,1.2455236111111112,0.5407665855958129,4,4,4_4
ELK3,1.0554083333333333,0.11903390503623187,2,2,2_2
ELK4,1.0308327380952382,0.045165300536823445,2,1,2_1
ELL,1.0464319444444445,0.11886402385668277,2,2,2_2
ELL2,1.041071875,0.05550373873641306,2,1,2_1
ELL3,1.02115625,0.03125207161231885,1,0,1_0
ELMO1,1.1142791666666667,0.075709665,3,1,3_1
ELMO2,1.0630802083333333,0.07596304033967391,2,1,2_1
ELMO3,0.9490583333333333,0.03333362014492753,0,0,0_0
ELMOD2,1.1072816666666667,0.0939886390782609,3,2,3_2
ELMOD3,0.9807333333333333,0.03254730942028985,0,0,0_0
ELMSAN1,1.0257708333333333,0.04821078786231883,1,1,1_1
ELN,1.0990083333333334,0.15335819423913047,3,2,3_2
ELOF1,0.9974041666666666,0.06538754688405798,0,1,0_1
ELOVL2,1.18756875,0.6263777411775363,3,4,3_4
ELOVL2-AS1,1.4188916666666664,0.7062505894202897,4,4,4_4
ELOVL3,0.9852750000000001,0.7857424602898552,0,4,0_4
ELOVL4,1.0617625,0.18416404572463763,2,2,2_2
ELOVL5,1.143496875,0.08162053973278985,3,2,3_2
ELOVL6,1.0208458333333335,0.03957816722222224,1,1,1_1
ELOVL7,1.134725,0.14517106768115942,3,2,3_2
ELP2,1.0064308333333332,0.013480144031884064,1,0,1_0
ELP3,0.9811624999999999,0.011991845543478256,0,0,0_0
ELP4,1.0051291666666666,0.022807670362318847,1,0,1_0
ELP5,1.0144708333333332,0.17457992434782604,1,2,1_2
ELP6,1.0028489583333335,0.04045751481431158,1,1,1_1
ELSPBP1,1.1623875000000001,0.9014356047101448,3,4,3_4
EMB,0.9610083333333335,0.0732457272826087,0,1,0_1
EMC1,1.0581358333333333,0.0660662769884058,2,1,2_1
EMC10,1.0195875,0.03158615902173912,1,0,1_0
EMC2,1.0091875,0.01600401731884058,1,0,1_0
EMC3,1.0526694444444444,0.03122763190016103,2,0,2_0
EMC4,1.0362020833333334,0.030558722880434784,2,0,2_0
EMC6,1.0470541666666666,0.062657945,2,1,2_1
EMC7,1.0242520833333333,0.007740029076086954,1,0,1_0
EMC8,1.0086847222222222,0.01283659820450885,1,0,1_0
EMC9,1.10175,0.1488171979710145,3,2,3_2
EMCN,1.1370597222222223,0.21183928606280195,3,3,3_3
EMD,1.0463,0.0704948384057971,2,1,2_1
EME1,1.0305,0.014503801050724635,2,0,2_0
EME2,1.0174361111111112,0.03905620661835747,1,1,1_1
EMG1,0.9794291666666668,0.04186249891304348,0,1,0_1
EMID1,0.8877645833333334,0.3508570095471015,0,3,0_3
EMILIN1,1.4002125,0.9253829228260871,4,4,4_4
EMILIN2,1.0804375000000002,0.13058611340579712,2,2,2_2
EMILIN3,1.1273833333333334,0.2533863543478261,3,3,3_3
EML1,0.9856104166666667,0.059173180815217385,0,1,0_1
EML2,0.9636895833333333,0.07817277108695651,0,1,0_1
EML3,0.9491333333333333,0.03157055911433172,0,0,0_0
EML4,1.0592095238095238,0.03979936320319432,2,1,2_1
EML5,1.0628583333333335,0.19650815749999997,2,3,2_3
EML6,1.18265,0.2013515967028986,3,3,3_3
EMP1,1.2968930555555556,0.42454638030193237,4,3,4_3
EMP2,1.1781510416666665,0.09008090407155799,3,2,3_2
EMP3,1.1533791666666666,0.17845446905797108,3,2,3_2
EMSY,0.9956708333333335,0.01718160287037037,0,0,0_0
EMX1,1.567677083333333,1.5966719795108697,4,4,4_4
EMX2,1.0247583333333334,0.6698055195652173,1,4,1_4
EMX2OS,1.2539645833333333,0.538608246902174,4,4,4_4
EN1,1.1427708333333333,0.6062647515217391,3,4,3_4
EN2,1.0366833333333334,0.2761795613043478,2,3,2_3
ENAH,1.0008159722222223,0.028697991628421914,0,0,0_0
ENAM,1.3909645833333333,0.6136822649094202,4,4,4_4
ENC1,0.9959875,0.0495229045289855,0,1,0_1
ENDOD1,1.0323708333333335,0.02026106351449276,2,0,2_0
ENDOG,1.0223416666666667,0.08164689507246378,1,2,1_2
ENDOU,1.1025208333333334,0.1997747035507246,3,3,3_3
ENDOV,1.04008125,0.08363974493659418,2,2,2_2
ENG,1.3132541666666666,0.5434322214492753,4,4,4_4
ENGASE,0.9877520833333332,0.02860452483695652,0,0,0_0
ENHO,1.2230791666666667,0.47112701673913054,3,3,3_3
ENKD1,1.0247083333333333,0.06301608710144926,1,1,1_1
ENKUR,1.0183083333333334,0.2834600331884058,1,3,1_3
ENO1,1.0132427083333333,0.0441658444972826,1,1,1_1
ENO1-AS1,1.0517291666666666,0.11795731340579711,2,2,2_2
ENO2,0.9630166666666667,0.0693648704347826,0,1,0_1
ENO3,1.4107333333333336,0.620111625905797,4,4,4_4
ENOPH1,1.0291375,0.0070206993478260865,1,0,1_0
ENOSF1,1.030721875,0.02758953124547102,2,0,2_0
ENOX1,1.0423666666666667,0.09207659724637679,2,2,2_2
ENOX2,1.0218552083333334,0.04784251437047102,1,1,1_1
ENPEP,1.7489791666666665,1.3959012645289857,4,4,4_4
ENPP1,1.0332041666666667,0.07580302942934782,2,1,2_1
ENPP2,1.1476979166666665,0.12994560556159415,3,2,3_2
ENPP3,1.4313333333333336,0.632554292463768,4,4,4_4
ENPP4,0.9718104166666667,0.04107629240942029,0,1,0_1
ENPP5,1.1351020833333332,0.10523389469202898,3,2,3_2
ENPP6,0.81625,0.18266111289855075,0,2,0_2
ENPP7,0.8919291666666666,0.3929027602173914,0,3,0_3
ENSA,1.0649708333333334,0.06630292566666668,2,1,2_1
ENTHD1,1.7805291666666665,1.0679836707971013,4,4,4_4
ENTPD1,1.1739593750000001,0.130320427504529,3,2,3_2
ENTPD1-AS1,1.0097041666666666,0.03379208471014492,1,0,1_0
ENTPD2,1.18745625,0.723814041684783,3,4,3_4
ENTPD3,1.04145,0.09441513362318839,2,2,2_2
ENTPD3-AS1,1.0627291666666665,0.0878054705072464,2,2,2_2
ENTPD4,1.0629680555555556,0.03553275503220611,2,0,2_0
ENTPD5,1.034428125,0.029372327296195655,2,0,2_0
ENTPD6,1.0403944444444444,0.06189957942028984,2,1,2_1
ENTPD7,1.0885291666666668,0.06346123967391307,3,1,3_1
ENY2,1.0258611111111111,0.038559322431561995,1,1,1_1
EOGT,0.9720625000000002,0.014820544565217395,0,0,0_0
EOMES,1.246775,0.47405632333333336,4,3,4_3
EP300,0.96005625,0.026739459909420293,0,0,0_0
EP300-AS1,1.0615375,0.1670827378985507,2,2,2_2
EP400,1.281534375,0.28337873853713763,4,3,4_3
EPAS1,0.9385527777777778,0.06444379048309179,0,1,0_1
EPB41,1.0614125,0.09255417863224638,2,2,2_2
EPB41L1,1.0876875000000001,0.06849124564311594,3,1,3_1
EPB41L2,1.022840625,0.08202990107336956,1,2,1_2
EPB41L3,1.091322222222222,0.14686684845410627,3,2,3_2
EPB41L4A,1.0410583333333332,0.06960182430253621,2,1,2_1
EPB41L4A-AS1,1.0112416666666666,0.07761623887681159,1,1,1_1
EPB41L4B,1.1313930555555556,0.1375480938768116,3,2,3_2
EPB41L5,1.01228125,0.05705160081521739,1,1,1_1
EPB42,1.6530250000000002,1.908351726811594,4,4,4_4
EPC1,1.0146375,0.021046632572463773,1,0,1_0
EPC2,1.0283666666666667,0.03637008826086956,1,1,1_1
EPCAM,0.9729541666666667,0.03618317036231884,0,0,0_0
EPDR1,1.0014083333333332,0.08490374739130432,1,2,1_2
EPG5,1.192302976190476,0.1278036955501331,3,2,3_2
EPHA1,1.1059305555555554,0.09090259792270537,3,2,3_2
EPHA1-AS1,1.0460020833333334,0.10471821813405796,2,2,2_2
EPHA10,1.2611680555555556,0.2116668235507246,4,3,4_3
EPHA2,1.0149958333333333,0.21866435050724636,1,3,1_3
EPHA3,1.5344152777777778,0.9729289888003219,4,4,4_4
EPHA4,1.3375783333333333,0.2948937538492754,4,3,4_3
EPHA5,1.106477777777778,0.47915072848631235,3,3,3_3
EPHA5-AS1,1.0590416666666667,0.6006301526086957,2,4,2_4
EPHA6,1.115026388888889,0.3830618212318841,3,3,3_3
EPHA7,1.1318177083333334,0.1854103548505435,3,2,3_2
EPHA8,1.3129458333333333,0.2566597976449275,4,3,4_3
EPHB1,1.1533541666666667,0.35425625045893716,3,3,3_3
EPHB2,1.0780958333333333,0.08440764221014492,2,2,2_2
EPHB3,0.9559520833333334,0.05737095266304348,0,1,0_1
EPHB4,0.984025,0.022864967717391306,0,0,0_0
EPHB6,1.2140708333333332,0.1435624078985507,3,2,3_2
EPHX1,0.990475,0.04475757318840579,0,1,0_1
EPHX2,1.1483166666666667,0.14693565405797102,3,2,3_2
EPHX3,1.0201624999999999,0.2518370289130435,1,3,1_3
EPHX4,1.3191125,0.5649334322463768,4,4,4_4
EPM2A,1.0400652777777777,0.05828908931561999,2,1,2_1
EPM2AIP1,1.0123305555555555,0.011249045426731078,1,0,1_0
EPN1,0.9654562499999999,0.0966442787137681,0,2,0_2
EPN2-AS1,0.9474625,0.5113551521014493,0,3,0_3
EPN3,1.0400291666666668,0.06443043336956521,2,1,2_1
EPO,1.0462562499999999,0.25197324969202894,2,3,2_3
EPOR,1.1972341666666666,0.16282397064057968,3,2,3_2
EPPIN-WFDC6,1.5002812499999998,1.643355937771739,4,4,4_4
EPPK1,1.21359,0.15751471540869563,3,2,3_2
EPRS,1.0294055555555555,0.05015091935587761,1,1,1_1
EPS15,1.0170562500000002,0.009462857518115937,1,0,1_0
EPS15L1,0.9976583333333333,0.010129614963768118,0,0,0_0
EPS8,1.0574041666666667,0.0613425818115942,2,1,2_1
EPS8L1,1.0123883333333332,0.08247838739130436,1,2,1_2
EPS8L2,1.1333013888888888,0.15374088276167472,3,2,3_2
EPS8L3,1.2179,0.8779883095652175,3,4,3_4
EPSTI1,1.2199229166666667,0.7770092292934783,3,4,3_4
EPX,2.0037291666666666,3.963829492971015,4,4,4_4
EPYC,1.3085916666666666,1.721681218695652,4,4,4_4
EQTN,1.4173111111111112,0.43817061734299506,4,3,4_3
ERAL1,1.0155541666666665,0.052661671086956525,1,1,1_1
ERAP1,1.0166183333333334,0.0426580804637681,1,1,1_1
ERAP2,1.110275,0.24006375641159416,3,3,3_3
ERBB2,1.0830680555555556,0.6114974606360709,3,4,3_4
ERBB3,1.0794958333333333,0.09961188707536234,2,2,2_2
ERBB4,1.321578125,0.2795052884827898,4,3,4_3
ERBIN,1.0797027777777777,0.03636639592592592,2,1,2_1
ERC1,1.228132638888889,0.139514228886876,3,2,3_2
ERC2,1.1058291666666669,0.266679959057971,3,3,3_3
ERCC1,1.001425,0.012841945201288247,1,0,1_0
ERCC2,1.0340604166666667,0.06132576885869565,2,1,2_1
ERCC3,1.0205875,0.028948832826086957,1,0,1_0
ERCC4,0.98220625,0.1837562400181159,0,2,0_2
ERCC5,1.0073708333333333,0.04340404152173913,1,1,1_1
ERCC6,0.9839395833333334,0.04741845124999999,0,1,0_1
ERCC6L,1.076225,0.5377832401449275,2,4,2_4
ERCC6L2,0.9783645833333333,0.1181802339764493,0,2,0_2
ERCC8,1.0827260416666666,0.07424689624547103,3,1,3_1
EREG,2.4272541666666667,10.475010476920291,4,4,4_4
ERF,1.3693166666666665,0.5151464515942028,4,3,4_3
ERFE,0.9914125,0.19148711268115942,0,3,0_3
ERG,1.1826968750000002,0.1827797494067029,3,2,3_2
ERGIC1,1.0474531249999999,0.06442886345561594,2,1,2_1
ERGIC2,1.0312656249999999,0.026746525203804345,2,0,2_0
ERGIC3,1.533347222222222,0.781461023752013,4,4,4_4
ERH,1.0125125,0.02166787181159421,1,0,1_0
ERI1,1.0939750000000001,0.06468962648550726,3,1,3_1
ERI2,1.0316944444444445,0.0788400601610306,2,1,2_1
ERI3,1.0064708333333334,0.06226797673913045,1,1,1_1
ERICH1,1.0454808333333332,0.021084583030434777,2,0,2_0
ERICH3,1.0082333333333333,0.2155688193115942,1,3,1_3
ERICH3-AS1,1.1850416666666668,0.43854624797101455,3,3,3_3
ERICH4,1.2550875,0.5918302263043478,4,4,4_4
ERICH5,1.0995625,0.1993804649637681,3,3,3_3
ERICH6,1.0374791666666667,0.21079148847826082,2,3,2_3
ERLEC1,0.9913138888888889,0.01677239231884058,0,0,0_0
ERLIN1,1.0313208333333332,0.04533032054347827,2,1,2_1
ERLIN2,0.9961277777777777,0.01004214355877616,0,0,0_0
ERMAP,1.063275,0.09639719855072464,2,2,2_2
ERMARD,1.0184833333333334,0.031102375797101452,1,0,1_0
ERMN,1.0735791666666668,0.0657560722463768,2,1,2_1
ERMP1,1.0268729166666668,0.05482286534420291,1,1,1_1
ERN1,0.9897611111111111,0.06587497560386474,0,1,0_1
ERN2,1.0038166666666666,0.05486035521739129,1,1,1_1
ERO1A,1.047223611111111,0.03487168677133654,2,0,2_0
ERO1B,1.0528416666666667,0.0766379356884058,2,1,2_1
ERP27,1.0549375,0.238229027173913,2,3,2_3
ERP29,1.0779333333333334,0.11530630623188406,2,2,2_2
ERP44,1.0237055555555556,0.020138129613526567,1,0,1_0
ERRFI1,1.17335,0.25818298115942023,3,3,3_3
ERV3-1,1.1950041666666666,0.19762008920289859,3,3,3_3
ERVFRD-1,1.1215249999999999,0.23670435260869563,3,3,3_3
ERVH-1,1.0633,0.08352026028985508,2,2,2_2
ERVH48-1,1.0736041666666667,0.3898389265942029,2,3,2_3
ERVK3-1,1.0636229166666666,0.07367601987318838,2,1,2_1
ERVMER34-1,1.1426166666666668,0.21420190710144923,3,3,3_3
ERVMER61-1,0.9262166666666666,1.1346424004347824,0,4,0_4
ERVV-1,1.2350833333333335,0.9085320708695653,3,4,3_4
ERVW-1,0.9835708333333333,0.031063115326086955,0,0,0_0
ESAM,1.1071958333333332,0.21767220644927537,3,3,3_3
ESCO1,1.0256833333333333,0.01841416172302737,1,0,1_0
ESCO2,1.1423135416666668,0.23000939910778986,3,3,3_3
ESD,1.0683550000000002,0.026145031089855063,2,0,2_0
ESF1,1.0370437499999998,0.01722466168478261,2,0,2_0
ESM1,1.0869208333333333,0.3297900561594203,3,3,3_3
ESPL1,1.1914541666666667,0.2113562067753623,3,3,3_3
ESPN,1.0334430555555556,0.11847526015297907,2,2,2_2
ESPNL,1.8401770833333335,1.410832976286232,4,4,4_4
ESR1,1.3490328703703705,0.1679919000867776,4,2,4_2
ESR2,1.1521361111111112,0.1827514196095008,3,2,3_2
ESRP1,0.9909104166666666,0.022046128315217385,0,0,0_0
ESRRA,1.0412458333333332,0.045010428152173904,2,1,2_1
ESRRB,1.842038888888889,1.0320841020933977,4,4,4_4
ESRRG,1.0701999999999998,0.12766324869565218,2,2,2_2
ESX1,1.1325166666666666,2.6455353489855074,3,4,3_4
ESYT1,1.0108333333333333,0.01609656188405797,1,0,1_0
ESYT2,1.0257383333333332,0.027371248562318845,1,0,1_0
ESYT3,1.2972194444444445,0.5776459190499196,4,4,4_4
ETAA1,1.1068875,0.09346712528985508,3,2,3_2
ETF1,1.02575,0.015600121268115946,1,0,1_0
ETFA,0.9978041666666666,0.023403620652173912,0,0,0_0
ETFB,0.9831083333333334,0.04137714565217391,0,1,0_1
ETFBKMT,1.1072141666666666,0.1085529521130435,3,2,3_2
ETFDH,0.9832354166666667,0.059786338749999994,0,1,0_1
ETHE1,1.0258416666666665,0.02712910420289855,1,0,1_0
ETNK1,1.0354347222222222,0.02924300254025765,2,0,2_0
ETNK2,1.0541875,0.48769291239130436,2,3,2_3
ETNPPL,1.4739791666666668,3.2814784613768118,4,4,4_4
ETS1,1.336775,0.2583622744283414,4,3,4_3
ETS2,1.2188680555555556,0.3128407311513688,3,3,3_3
ETV1,1.0203041666666666,0.06678493388115943,1,1,1_1
ETV2,1.0221875,0.1938054474637681,1,3,1_3
ETV3,1.0725430555555555,0.08158029063607088,2,2,2_2
ETV4,0.9053999999999999,0.11680554514492754,0,2,0_2
ETV5,1.0398525,0.11185717840869566,2,2,2_2
ETV6,1.0412791666666665,0.05801876114492753,2,1,2_1
ETV7,1.26500625,0.6270945365036233,4,4,4_4
EVA1A,1.0680166666666666,0.1069701247826087,2,2,2_2
EVA1B,0.9802763888888889,0.12776629979871176,0,2,0_2
EVA1C,1.0352416666666666,0.09069014652173914,2,2,2_2
EVC,1.1356444444444447,0.4128555315136874,3,3,3_3
EVC2,1.45728125,0.9666437932789854,4,4,4_4
EVI2A,1.2116708333333335,0.2547102755797102,3,3,3_3
EVI2B,0.9830458333333333,0.06519940905797102,0,1,0_1
EVI5,1.1739041666666667,0.19369558751207736,3,3,3_3
EVI5L,1.3017427083333335,0.2996652158197464,4,3,4_3
EVL,0.9495916666666666,0.09305575750000002,0,2,0_2
EVPL,0.9810625000000001,0.0876902013768116,0,2,0_2
EVPLL,1.1662583333333334,0.5151131773913044,3,3,3_3
EVX1,1.8071270833333333,1.1331484651630432,4,4,4_4
EWSAT1,1.5003666666666666,1.4237559730434783,4,4,4_4
EWSR1,0.9958708333333334,0.029827177038043492,0,0,0_0
EXD1,0.9150583333333334,0.43593513231884057,0,3,0_3
EXD2,0.9982555555555557,0.06120697927536232,0,1,0_1
EXD3,1.3106138888888887,0.3490673165861513,4,3,4_3
EXO1,1.1383458333333334,0.5049688513768116,3,3,3_3
EXO5,1.0224354166666665,0.06369506527173913,1,1,1_1
EXOC1,0.9598625,0.032223212391304344,0,0,0_0
EXOC2,0.9626375,0.02675434438405797,0,0,0_0
EXOC3,1.0120500000000001,0.028510680615942027,1,0,1_0
EXOC3-AS1,1.05235,0.24228361956521738,2,3,2_3
EXOC3L1,1.33628125,0.4015160891123188,4,3,4_3
EXOC3L2,1.0789666666666669,0.1801325624637681,2,2,2_2
EXOC3L4,1.1350875,0.6666611202536231,3,4,3_4
EXOC4,1.0465125,0.05364168599838969,2,1,2_1
EXOC5,1.0166491666666666,0.03260042736521739,1,0,1_0
EXOC6,0.9842638888888889,0.06493299579710145,0,1,0_1
EXOC6B,0.98946875,0.023592418097826088,0,0,0_0
EXOC7,1.0638141666666667,0.0635104086,2,1,2_1
EXOC8,1.0246625,0.020775483115942028,1,0,1_0
EXOG,0.9982819444444444,0.06522354586956523,0,1,0_1
EXOSC1,1.0098166666666666,0.04194318491143317,1,1,1_1
EXOSC10,1.12005,0.24663217561594203,3,3,3_3
EXOSC2,1.8200638888888887,1.698810720499195,4,4,4_4
EXOSC3,1.00445,0.014275448276972628,1,0,1_0
EXOSC4,1.0550722222222222,0.19181472594202897,2,3,2_3
EXOSC5,1.0490833333333331,0.11956088434782608,2,2,2_2
EXOSC6,1.0148611111111112,0.06044345582930759,1,1,1_1
EXOSC7,1.1205069444444444,0.15925885759259256,3,2,3_2
EXOSC8,0.9975375,0.007865856739130435,0,0,0_0
EXOSC9,0.9874958333333334,0.020361372681159423,0,0,0_0
EXPH5,1.331886111111111,0.5016713977294686,4,3,4_3
EXT1,1.0405013888888888,0.04680825896135265,2,1,2_1
EXT2,0.9789645833333335,0.023812917807971016,0,0,0_0
EXTL1,0.9950916666666667,0.10204117347826086,0,2,0_2
EXTL2,1.0007875000000002,0.02343671528985507,0,0,0_0
EXTL3,1.1929145833333334,0.46093135755434783,3,3,3_3
EXTL3-AS1,0.9658666666666668,0.1696681184057971,0,2,0_2
EYA1,1.06496875,0.08385262875000002,2,2,2_2
EYA2,1.0767958333333334,0.17689351963768116,2,2,2_2
EYA3,1.05085625,0.02341670019021739,2,0,2_0
EYA4,1.6005472222222223,0.8809580266505637,4,4,4_4
EYS,0.8886833333333333,0.09793821782608694,0,2,0_2
EZH1,1.09037,0.05133070371594204,3,1,3_1
EZH2,1.0316708333333333,0.056688039057971006,2,1,2_1
EZR,1.0611633333333332,0.09186188968695651,2,2,2_2
F10,1.0293583333333334,0.17851040956521735,1,2,1_2
F11,1.27379375,0.8365880776721014,4,4,4_4
F11-AS1,1.0916041666666667,0.7431172018115941,3,4,3_4
F11R,1.0356500000000002,0.03144598223731885,2,0,2_0
F12,0.9300583333333332,0.27515359188405797,0,3,0_3
F13A1,1.9937541666666665,1.50477952557971,4,4,4_4
F13B,1.6343375,3.013195116594203,4,4,4_4
F2,1.7496833333333335,2.5710842210144933,4,4,4_4
F2R,1.2165833333333333,0.3344010286956522,3,3,3_3
F2RL1,1.0286229166666665,0.12547926864130438,1,2,1_2
F2RL2,1.4175562499999999,1.1837665068659422,4,4,4_4
F2RL3,0.9275583333333334,0.2585178911594203,0,3,0_3
F3,1.026675,0.02603117753623188,1,0,1_0
F5,0.9593638888888889,0.13298805993558777,0,2,0_2
F7,0.9859937499999999,0.13751842788043478,0,2,0_2
F8,1.080275,0.07027862550724637,2,1,2_1
F8A3,0.9761791666666667,0.013333480217391306,0,0,0_0
F9,1.0089041666666667,0.5253168381884058,1,3,1_3
FA2H,0.9787687500000001,0.05969692581521739,0,1,0_1
FAAH,1.0240708333333333,0.03832956398550724,1,1,1_1
FAAH2,1.0518375,0.043477813260869566,2,1,2_1
FAAP100,1.4813486111111114,0.63138287931562,4,4,4_4
FAAP20,1.215239814814815,0.15928414036679198,3,2,3_2
FAAP24,0.9619083333333333,0.07839624826086955,0,1,0_1
FABP1,0.7315791666666667,0.44256335739130437,0,3,0_3
FABP2,1.3666708333333333,1.0526455183333332,4,4,4_4
FABP3,1.1556416666666667,0.2982291961594203,3,3,3_3
FABP4,1.284275,0.7151951440942028,4,4,4_4
FABP5,1.2728083333333335,0.6060386186956521,4,4,4_4
FABP6,1.2421847222222222,0.36880641516103063,4,3,4_3
FABP7,1.3889875,0.8523334857890498,4,4,4_4
FADD,1.0140291666666668,0.05230786195652173,1,1,1_1
FADS2,1.2605083333333333,0.4608202801086957,4,3,4_3
FADS3,1.0420583333333333,0.06811505634057972,2,1,2_1
FAF1,1.0456408333333334,0.052129943539130426,2,1,2_1
FAF2,0.9935,0.03588141018115944,0,0,0_0
FAH,1.1058937500000001,0.11169385056159423,3,2,3_2
FAHD1,1.0187708333333332,0.03539207358695653,1,0,1_0
FAHD2A,1.0514239583333334,0.1162591480661232,2,2,2_2
FAIM,1.0437125,0.047418093260869563,2,1,2_1
FAIM2,1.0157770833333333,0.0645243869384058,1,1,1_1
FAM102A,1.2437979166666668,0.2928610698007246,4,3,4_3
FAM102B,1.0309416666666669,0.031214311014492745,2,0,2_0
FAM104A,1.0236583333333333,0.03162302807971015,1,0,1_0
FAM104B,1.0457458333333334,0.07172078626811595,2,1,2_1
FAM107A,0.9804729166666667,0.06831815835144928,0,1,0_1
FAM107B,1.0588499999999998,0.05911218126811596,2,1,2_1
FAM110A,1.0792416666666667,0.07899150391304346,2,1,2_1
FAM110B,1.0516902777777777,0.08619927891304348,2,2,2_2
FAM110C,1.2055791666666666,0.2706550960144928,3,3,3_3
FAM110D,0.9360583333333333,0.18736075695652174,0,2,0_2
FAM111A,1.4212520833333333,0.9697785702355072,4,4,4_4
FAM111B,1.3845833333333335,0.9916008483695652,4,4,4_4
FAM114A1,1.0180854166666666,0.07300886559782609,1,1,1_1
FAM114A2,0.98695625,0.014339106394927538,0,0,0_0
FAM117A,0.9382874999999999,0.038794061376811594,0,1,0_1
FAM117B,1.2203947916666669,0.14587411858242752,3,2,3_2
FAM118A,1.8644958333333335,3.238390412717391,4,4,4_4
FAM118B,1.013511111111111,0.026026543816425128,1,0,1_0
FAM120A,1.0070675925925927,0.02302836497226696,1,0,1_0
FAM120AOS,1.0741166666666666,0.08905366508152174,2,2,2_2
FAM120B,1.0269958333333333,0.02570207576086956,1,0,1_0
FAM120C,0.9881083333333334,0.024652605326086957,0,0,0_0
FAM122A,1.0050194444444445,0.018971918083735904,1,0,1_0
FAM122B,0.9868138888888889,0.013938371288244765,0,0,0_0
FAM122C,1.4123020833333335,0.3992389255706522,4,3,4_3
FAM124A,1.3581341666666666,0.3917580262115942,4,3,4_3
FAM124B,1.3631958333333332,0.2620183765942029,4,3,4_3
FAM126A,1.0762447916666666,0.17030112757699273,2,2,2_2
FAM126B,0.9845156249999999,0.021207031272644932,0,0,0_0
FAM129A,0.98404375,0.030795329039855074,0,0,0_0
FAM129B,1.0409875,0.10281001822463769,2,2,2_2
FAM129C,1.1712361111111111,0.29137384845410635,3,3,3_3
FAM131A,0.991025,0.07214177455716587,0,1,0_1
FAM131B,1.0719166666666666,0.08584846144927537,2,2,2_2
FAM131C,1.1675041666666666,0.9085112789130434,3,4,3_4
FAM133A,0.9960749999999999,0.10278716083333332,0,2,0_2
FAM135A,1.131747222222222,0.5246689262318841,3,3,3_3
FAM135B,1.4976916666666666,1.0688988315136878,4,4,4_4
FAM138E,1.634516666666667,1.970614065072464,4,4,4_4
FAM13A,0.99643,0.047087926092753626,0,1,0_1
FAM13A-AS1,1.0726416666666667,0.08031433735507246,2,1,2_1
FAM13B,0.9917541666666665,0.024022741086956522,0,0,0_0
FAM13C,1.2125270833333333,0.38276156795289856,3,3,3_3
FAM149A,0.9942027777777778,0.0682044701610306,0,1,0_1
FAM149B1,1.06743125,0.055492368749999986,2,1,2_1
FAM151A,1.4979916666666668,1.2899739815942028,4,4,4_4
FAM153A,1.6714375,2.4450478792028987,4,4,4_4
FAM155A,1.0988458333333335,0.1872599519927536,3,2,3_2
FAM155B,0.9413958333333333,0.07005784326086957,0,1,0_1
FAM156B,0.9850791666666666,0.024931646594202904,0,0,0_0
FAM160A1,1.3256354166666666,1.12798728682971,4,4,4_4
FAM160A2,1.0039708333333335,0.06382993601449274,1,1,1_1
FAM160B1,1.2334958333333335,0.5338928822101449,3,3,3_3
FAM160B2,1.3744875,0.7045845511513688,4,4,4_4
FAM161A,1.0789791666666666,0.13375575689311592,2,2,2_2
FAM161B,1.0254958333333335,0.03730827369565217,1,1,1_1
FAM162A,1.0030116666666666,0.024625478904347825,1,0,1_0
FAM162B,1.0915791666666665,0.15101373847826086,3,2,3_2
FAM163A,1.4535208333333334,0.8066587507971015,4,4,4_4
FAM163B,1.2607208333333333,0.8875722721014493,4,4,4_4
FAM166A,1.1031270833333335,0.18137441556159417,3,2,3_2
FAM166B,0.9393124999999999,0.18804768992753623,0,2,0_2
FAM167A,1.0105104166666667,0.13630595248188407,1,2,1_2
FAM167A-AS1,1.3964625000000002,2.4778712174637683,4,4,4_4
FAM167B,1.2017749999999998,0.6126574320289854,3,4,3_4
FAM168A,0.9818604166666667,0.01536929690217391,0,0,0_0
FAM168B,0.9994916666666667,0.07297802626811596,0,1,0_1
FAM169A,1.0017895833333332,0.03649732980072464,1,1,1_1
FAM169B,1.8175875000000001,2.9003388513768114,4,4,4_4
FAM170A,0.6373875,0.05532239181159421,0,1,0_1
FAM170B,0.9407333333333332,0.23970742463768116,0,3,0_3
FAM170B-AS1,1.5494444444444444,0.7547831039774556,4,4,4_4
FAM171A1,0.993075,0.01753799695652174,0,0,0_0
FAM171A2,1.5853583333333334,3.5777555030434787,4,4,4_4
FAM171B,1.030063888888889,0.05725320259259261,1,1,1_1
FAM172A,1.0429083333333333,0.030636835217391297,2,0,2_0
FAM173A,1.0225625,0.06206531557971015,1,1,1_1
FAM173B,0.9660541666666665,0.05543038239130434,0,1,0_1
FAM174A,0.9441791666666667,0.0656592197826087,0,1,0_1
FAM174B,0.9604277777777778,0.06932082053140096,0,1,0_1
FAM178B,0.9229916666666668,0.18640524463768116,0,2,0_2
FAM181A,0.9272583333333332,0.39700694536231884,0,3,0_3
FAM181A-AS1,1.3314166666666665,1.5771320339130437,4,4,4_4
FAM181B,1.5093458333333334,0.4402936502173913,4,3,4_3
FAM182B,1.1761666666666668,0.357570585942029,3,3,3_3
FAM184A,1.0198979166666666,0.056256572626811586,1,1,1_1
FAM184B,1.0063333333333333,0.15884760536231882,1,2,1_2
FAM185A,1.0458749999999999,0.21544234387681155,2,3,2_3
FAM186A,1.0888833333333334,0.5050693633333334,3,3,3_3
FAM186B,2.025733333333333,3.36199791231884,4,4,4_4
FAM187A,1.2464583333333332,0.6250953282608696,4,4,4_4
FAM187B,2.2797,4.713201455507247,4,4,4_4
FAM189A1,0.981475,0.16030892101449276,0,2,0_2
FAM189A2,1.0460458333333333,0.11920115007246376,2,2,2_2
FAM189B,1.656477083333333,2.5572878663949274,4,4,4_4
FAM192A,0.9973791666666667,0.020913422472826085,0,0,0_0
FAM193A,1.0323958333333334,0.02899544934782609,2,0,2_0
FAM193B,1.0383645833333335,0.13867746835144928,2,2,2_2
FAM196A,1.1359958333333333,0.2533144434057971,3,3,3_3
FAM198A,1.0950083333333334,0.24734765579710147,3,3,3_3
FAM198B,1.0664708333333335,0.08894618344202898,2,2,2_2
FAM199X,1.058734722222222,0.06481745190821257,2,1,2_1
FAM19A1,0.8514,0.23578438304347826,0,3,0_3
FAM19A2,1.0080125,0.15083908644927532,1,2,1_2
FAM19A4,1.0732041666666667,0.4127436383333334,2,3,2_3
FAM19A5,1.6079138888888889,0.7245299854911432,4,4,4_4
FAM200A,1.098925,0.2743462145289855,3,3,3_3
FAM200B,0.9904763888888889,0.0311440197020934,0,0,0_0
FAM201A,1.0119354166666668,0.06649668824275361,1,1,1_1
FAM204A,1.019784375,0.013837655475543475,1,0,1_0
FAM205A,1.99775,4.847125376231884,4,4,4_4
FAM205C,1.2820708333333333,0.9932131486231885,4,4,4_4
FAM206A,0.9894000000000002,0.016193805362318844,0,0,0_0
FAM207A,0.9470375,0.0726279358695652,0,1,0_1
FAM208A,1.1655625,0.21709513528985508,3,3,3_3
FAM208B,0.984365,0.022697115634782616,0,0,0_0
FAM209B,0.9893000000000001,0.08573286340579711,0,2,0_2
FAM20A,1.0503072916666667,0.04029310316576087,2,1,2_1
FAM20B,0.98623125,0.027550723605072464,0,0,0_0
FAM20C,1.2368447916666667,0.2258579087092391,3,3,3_3
FAM210A,1.0361347222222221,0.03205192403381641,2,0,2_0
FAM210B,1.0061125,0.0245546745289855,1,0,1_0
FAM213A,1.000423611111111,0.0331694410547504,0,0,0_0
FAM213B,1.0672583333333334,0.05256424507246378,2,1,2_1
FAM214A,0.9833645833333332,0.038917494257246374,0,1,0_1
FAM214B,1.1449833333333332,0.11980567413043477,3,2,3_2
FAM215A,1.2569416666666664,0.9016676373913045,4,4,4_4
FAM216A,1.0032291666666666,0.044661232681159416,1,1,1_1
FAM216B,1.0757458333333334,0.3486080078985508,2,3,2_3
FAM217A,1.7297624999999999,1.7644118591666669,4,4,4_4
FAM217B,1.0039666666666667,0.02790649434782609,1,0,1_0
FAM218A,1.12530625,0.19967580114130434,3,3,3_3
FAM219A,0.9696541666666668,0.024051847173913045,0,0,0_0
FAM219B,0.9812402777777778,0.04395039677133657,0,1,0_1
FAM220A,1.0135291666666666,0.009341165869565217,1,0,1_0
FAM221A,0.9630666666666666,0.035184943333333336,0,0,0_0
FAM221B,0.9940416666666666,0.12187360884057971,0,2,0_2
FAM222A,1.0869583333333335,0.10364051608695653,3,2,3_2
FAM222A-AS1,1.3339541666666666,1.3099458731159421,4,4,4_4
FAM222B,1.0100444444444445,0.018490449355877625,1,0,1_0
FAM223A,0.9945541666666666,0.03997910123188405,0,1,0_1
FAM223B,1.0153333333333334,0.03518930507246377,1,0,1_0
FAM224A,3.0172819444444445,9.876478425531399,4,4,4_4
FAM225B,0.90265,0.2968005349275363,0,3,0_3
FAM227B,1.0006333333333333,0.06812560945652175,0,1,0_1
FAM228A,1.2322583333333335,0.5196144140579709,3,3,3_3
FAM228B,1.0471583333333332,0.06463979260869566,2,1,2_1
FAM229A,1.0077791666666667,0.14484450894927536,1,2,1_2
FAM229B,1.2426666666666666,0.3732046120289855,4,3,4_3
FAM230C,1.020375,0.4950246865217392,1,3,1_3
FAM234A,1.0630750000000002,0.07200173289855073,2,1,2_1
FAM234B,1.6757291666666667,2.073987406481481,4,4,4_4
FAM24A,1.658566666666667,6.909289914347824,4,4,4_4
FAM24B,0.9872083333333334,0.07449259492753624,0,1,0_1
FAM30A,1.2542520833333333,0.7842290078079709,4,4,4_4
FAM32A,0.9901541666666667,0.019603977173913045,0,0,0_0
FAM3A,1.00885,0.019728258115942036,1,0,1_0
FAM3B,0.9092958333333333,0.03772703862318841,0,1,0_1
FAM3C,1.0507777777777778,0.06797855222222224,2,1,2_1
FAM3D,0.9350958333333333,0.07844267355072464,0,1,0_1
FAM41AY2,1.4014250000000004,1.238300673768116,4,4,4_4
FAM43A,1.3089562499999998,0.5952401348007247,4,4,4_4
FAM43B,1.5924958333333332,4.194075605724637,4,4,4_4
FAM45A,1.3564708333333335,0.4387893958695653,4,3,4_3
FAM47A,1.1425583333333333,0.6717278468115943,3,4,3_4
FAM47B,1.0717708333333336,0.5715110952898551,2,4,2_4
FAM47C,1.1890916666666669,0.7064120614492755,3,4,3_4
FAM47E,0.9612458333333332,0.32692063891304346,0,3,0_3
FAM47E-STBD1,0.98585,0.037671406956521734,0,1,0_1
FAM49A,1.022147222222222,0.05627429700483093,1,1,1_1
FAM49B,1.0471833333333331,0.11181781566827699,2,2,2_2
FAM50A,1.020575,0.0658929147826087,1,1,1_1
FAM50B,1.0315874999999999,0.046946033115942025,2,1,2_1
FAM53A,1.0971833333333334,0.27954352778985503,3,3,3_3
FAM53B,1.0000895833333334,0.05539064458333333,0,1,0_1
FAM53B-AS1,1.0634625,0.2524651536594203,2,3,2_3
FAM53C,0.9827958333333333,0.013674112101449276,0,0,0_0
FAM57A,1.050925,0.04530118362318841,2,1,2_1
FAM57B,1.6034625,2.6984557776086957,4,4,4_4
FAM66D,2.0012916666666665,4.183050422173913,4,4,4_4
FAM69A,1.0237041666666666,0.019830848510466986,1,0,1_0
FAM69B,1.2184947916666666,0.17616190827445652,3,2,3_2
FAM69C,2.1990625,6.131904740507247,4,4,4_4
FAM71A,1.3116611111111112,0.45804828594202895,4,3,4_3
FAM71B,1.5446402777777777,0.694650700410628,4,4,4_4
FAM71C,1.1612166666666666,1.0348269285507248,3,4,3_4
FAM71D,1.0690541666666666,0.4245938477536232,2,3,2_3
FAM71E1,1.0892208333333333,0.3263230921014492,3,3,3_3
FAM71E2,2.136504166666666,2.6362893019927536,4,4,4_4
FAM71F1,1.1656875,0.17286629782608695,3,2,3_2
FAM71F2,0.9872,0.10095532463768117,0,2,0_2
FAM72A,1.1334375,0.27157697485507243,3,3,3_3
FAM76A,0.9768388888888889,0.07025628230273752,0,1,0_1
FAM76B,1.0489229166666667,0.04170276692028985,2,1,2_1
FAM78B,1.6197833333333334,0.6723608435748791,4,4,4_4
FAM81A,1.0891708333333334,0.10583208020128822,3,2,3_2
FAM81B,0.9488083333333334,0.2105807679710145,0,3,0_3
FAM83A,1.4626020833333333,0.7619244936322463,4,4,4_4
FAM83B,1.1071875,0.18504293952898546,3,2,3_2
FAM83C,1.2165791666666668,0.2571514121014493,3,3,3_3
FAM83C-AS1,1.736416666666667,4.3720776911594195,4,4,4_4
FAM83D,1.0352291666666666,0.33238352934782606,2,3,2_3
FAM83E,0.9359999999999999,0.189586285942029,0,2,0_2
FAM83F,0.9787,0.1748281026086957,0,2,0_2
FAM83G,1.0608583333333332,0.0862348752173913,2,2,2_2
FAM83H,1.0420770833333333,0.20586417371376814,2,3,2_3
FAM84A,1.2297638888888889,0.15520206390901772,3,2,3_2
FAM84B,0.850476388888889,0.10672348367954913,0,2,0_2
FAM86C1,1.0495416666666666,0.06979434101449276,2,1,2_1
FAM87B,1.0588604166666666,0.20454223215579712,2,3,2_3
FAM89B,1.0065958333333334,0.07217869699275362,1,1,1_1
FAM8A1,0.9982375000000001,0.01795512920289855,0,0,0_0
FAM90A1,1.0660458333333334,0.7195683503623189,2,4,2_4
FAM91A1,1.0185395833333333,0.11137708748188403,1,2,1_2
FAM96A,1.0041583333333335,0.009494252898550725,1,0,1_0
FAM96B,1.0095458333333334,0.09949345789855071,1,2,1_2
FAM98A,1.03395625,0.051425820778985505,2,1,2_1
FAM98B,1.0537208333333334,0.10924052744766508,2,2,2_2
FAM98C,0.9728875,0.07576414050724636,0,1,0_1
FAM99B,2.0324666666666666,2.8167440271014494,4,4,4_4
FAM9A,1.4209500000000002,2.2327914447826087,4,4,4_4
FAM9B,1.9233458333333333,0.8603115998188404,4,4,4_4
FAM9C,1.0205666666666666,0.4994405131884058,1,3,1_3
FAN1,0.9954236111111112,0.02431993651368759,0,0,0_0
FANCA,1.1118625,0.09366179401268117,3,2,3_2
FANCB,1.1427666666666667,0.20597711507246377,3,3,3_3
FANCC,1.012488888888889,0.0812302917230274,1,2,1_2
FANCD2,1.0626770833333332,0.3734307314945653,2,3,2_3
FANCD2OS,1.16205,0.7226348473913042,3,4,3_4
FANCE,0.9775708333333334,0.02896511079710145,0,0,0_0
FANCF,0.99646875,0.020411749728260865,0,0,0_0
FANCG,1.0144916666666666,0.03573177869565218,1,0,1_0
FANCI,1.1144458333333331,0.10033619253623188,3,2,3_2
FANCL,1.0290375,0.012977274420289855,1,0,1_0
FANCM,1.0321635416666668,0.09043845947010869,2,2,2_2
FANK1,0.9574916666666667,0.16808404130434781,0,2,0_2
FAP,1.3342583333333333,0.5100742688405796,4,3,4_3
FAR1,1.0241847222222222,0.017833106916264087,1,0,1_0
FAR2,1.0495402777777778,0.04939517300322062,2,1,2_1
FARP1,1.0584025,0.04028581419420289,2,1,2_1
FARP2,0.9998800000000001,0.04069253295652173,0,1,0_1
FARS2,1.0329652777777778,0.07219601664251209,2,1,2_1
FARSA,0.9734645833333334,0.03169590222826088,0,0,0_0
FARSB,1.3109388888888889,0.40941930869565213,4,3,4_3
FAS,1.0749366666666667,0.12531279096231882,2,2,2_2
FASLG,1.0858812500000001,0.16604239715579713,3,2,3_2
FASN,1.2405854166666666,0.33390210364130435,4,3,4_3
FASTK,0.9594874999999999,0.05132981783413847,0,1,0_1
FASTKD1,0.9747458333333334,0.026820505144927533,0,0,0_0
FASTKD2,1.005,0.012963248438003215,1,0,1_0
FASTKD3,0.9691916666666667,0.046602814057971016,0,1,0_1
FASTKD5,0.9922041666666667,0.029603756304347827,0,0,0_0
FAT1,0.9862541666666668,0.020739735000000006,0,0,0_0
FAT2,1.0994125,0.28593738586956524,3,3,3_3
FAT3,1.4864999999999997,1.5615877271336551,4,4,4_4
FAT4,1.165875,0.19852258391304348,3,3,3_3
FATE1,1.0336166666666669,0.206620574057971,2,3,2_3
FAU,1.1103208333333334,0.1883300096376812,3,2,3_2
FAXC,1.0732666666666668,0.11251097195652174,2,2,2_2
FAXDC2,0.9871666666666666,0.057991262157809975,0,1,0_1
FBF1,1.091301388888889,0.15033673635265696,3,2,3_2
FBL,0.9697958333333333,0.013221620507246377,0,0,0_0
FBLIM1,1.0957541666666668,0.13762310459239133,3,2,3_2
FBLL1,1.2767291666666667,0.8686477067028986,4,4,4_4
FBLN1,1.1246766666666665,0.10685408328695653,3,2,3_2
FBLN2,1.2219125000000002,0.4170750828260869,3,3,3_3
FBLN5,1.1326958333333332,0.12489216413043477,3,2,3_2
FBLN7,1.6464333333333334,1.2678974856521739,4,4,4_4
FBN1,1.2517124999999998,0.2555541057568438,4,3,4_3
FBN2,1.0451861111111114,0.17238392323671498,2,2,2_2
FBN3,0.9870625000000001,0.11611840268115943,0,2,0_2
FBP1,0.9875000000000002,0.07580557956521738,0,1,0_1
FBP2,1.0166333333333333,0.29797269579710145,1,3,1_3
FBRS,1.079076388888889,0.10641527673913043,2,2,2_2
FBRSL1,1.2049520833333334,0.216102081729066,3,3,3_3
FBXL12,0.8411541666666666,0.24854793663043476,0,3,0_3
FBXL13,1.0427104166666668,0.08208228672101449,2,2,2_2
FBXL14,0.9906972222222222,0.04168059103059581,0,1,0_1
FBXL15,0.9381791666666667,0.08144125471014493,0,2,0_2
FBXL16,1.5527687500000003,0.7793733423731884,4,4,4_4
FBXL17,1.07217,0.044398611228985516,2,1,2_1
FBXL18,1.2229541666666668,0.2911384966384863,3,3,3_3
FBXL19,0.9531999999999999,0.06810932681159419,0,1,0_1
FBXL19-AS1,1.0112500000000002,0.3783351247826086,1,3,1_3
FBXL2,1.0733666666666666,0.12946598826086952,2,2,2_2
FBXL20,1.02996,0.08218623008115941,1,2,1_2
FBXL22,0.9520416666666667,0.24205951086956518,0,3,0_3
FBXL3,1.01373125,0.01144706925724638,1,0,1_0
FBXL4,1.0221305555555558,0.015089611739130444,1,0,1_0
FBXL5,1.0126979166666665,0.02139776429347826,1,0,1_0
FBXL6,1.4119979166666665,0.5858457088224638,4,4,4_4
FBXL7,1.1426041666666666,0.11304461123188404,3,2,3_2
FBXL8,0.9981916666666667,0.12338479521739132,0,2,0_2
FBXO10,1.1741927083333332,0.24697041932518116,3,3,3_3
FBXO11,1.0482958333333332,0.017096906578099837,2,0,2_0
FBXO15,1.0367,0.27302827144927533,2,3,2_3
FBXO16,1.00990625,0.04920790838768115,1,1,1_1
FBXO17,0.8947875,0.1754184247101449,0,2,0_2
FBXO2,1.0032541666666666,0.09556582021739131,1,2,1_2
FBXO21,1.0044722222222222,0.014908480628019322,1,0,1_0
FBXO22,1.0103775,0.03483510814202898,1,0,1_0
FBXO24,1.0653645833333334,0.08300097650362319,2,2,2_2
FBXO25,0.9851291666666667,0.04288129586956522,0,1,0_1
FBXO27,1.0182875,0.29344155079710144,1,3,1_3
FBXO28,1.0208508333333335,0.02311721194492753,1,0,1_0
FBXO3,1.0238812499999999,0.012398053113929145,1,0,1_0
FBXO30,1.0272333333333332,0.027059182500000008,1,0,1_0
FBXO31,1.0378,0.05998597420289855,2,1,2_1
FBXO32,1.1180035714285714,0.12655459462880805,3,2,3_2
FBXO33,1.0149479166666666,0.013501931757246373,1,0,1_0
FBXO34,1.0210875,0.036095049057971014,1,0,1_0
FBXO36,1.35286875,0.6063295602355072,4,4,4_4
FBXO38,0.9682430555555555,0.01811446147342995,0,0,0_0
FBXO39,1.88045,2.5466698786956523,4,4,4_4
FBXO4,1.0662333333333334,0.13235772504025767,2,2,2_2
FBXO40,1.5550500000000003,1.0200683903623187,4,4,4_4
FBXO42,1.025621875,0.026471927721920287,1,0,1_0
FBXO43,2.8371625000000003,10.764770049927536,4,4,4_4
FBXO44,1.00833125,0.042492459800724636,1,1,1_1
FBXO45,1.0526513888888889,0.038237748929146546,2,1,2_1
FBXO46,0.9957291666666667,0.030716360652173907,0,0,0_0
FBXO5,0.9809458333333333,0.03177674264492753,0,0,0_0
FBXO6,0.9264958333333334,0.1371521116666667,0,2,0_2
FBXO7,1.004434722222222,0.0732447029227053,1,1,1_1
FBXO8,0.98175625,0.008263875706521736,0,0,0_0
FBXO9,1.0057,0.024793766790123458,1,0,1_0
FBXW11,0.9697458333333332,0.024112135760869565,0,0,0_0
FBXW12,1.0405541666666667,0.10343316923913044,2,2,2_2
FBXW2,1.0511758333333334,0.0458931909826087,2,1,2_1
FBXW4,1.0177166666666666,0.029207245942028993,1,0,1_0
FBXW5,1.0107916666666668,0.0633184468115942,1,1,1_1
FBXW7,1.0342458333333333,0.023968295181159418,2,0,2_0
FBXW8,1.0166875,0.03354201789855073,1,0,1_0
FBXW9,1.0294875,0.12473620384057972,1,2,1_2
FCAMR,1.1769416666666668,0.47402201579710146,3,3,3_3
FCAR,0.8507975,0.07500718360289854,0,1,0_1
FCER1A,1.3718812500000002,0.7172562159963769,4,4,4_4
FCER1G,1.9523583333333334,1.8030251863405797,4,4,4_4
FCER2,1.4518541666666664,0.5411934615942029,4,4,4_4
FCF1,1.0600680555555557,0.06669917942834137,2,1,2_1
FCGBP,0.9285916666666667,0.2995362263768116,0,3,0_3
FCGR1A,1.6120541666666668,5.880526748623188,4,4,4_4
FCGR1B,1.8712041666666668,5.558956261666666,4,4,4_4
FCGR2A,1.340554166666667,0.38161953271739124,4,3,4_3
FCGR2B,1.379804166666667,0.32717662949275367,4,3,4_3
FCGR3B,1.4164479166666668,1.2804499722282614,4,4,4_4
FCGRT,1.1481041666666667,0.15803416992753624,3,2,3_2
FCHO1,1.085575,0.5566523017391304,3,4,3_4
FCHO2,0.9787854166666667,0.0599927014673913,0,1,0_1
FCHSD1,1.0175625000000001,0.06960429307971014,1,1,1_1
FCHSD2,1.0435,0.03799936858695653,2,1,2_1
FCMR,1.2557541666666667,0.414196353804348,4,3,4_3
FCN1,1.9350083333333334,3.086353379456521,4,4,4_4
FCN2,1.4575236111111112,0.6258615634863124,4,4,4_4
FCN3,1.1867333333333334,0.20006569579710143,3,3,3_3
FCRL1,1.2967458333333335,0.7758945289130436,4,4,4_4
FCRL2,1.1774625,0.2804577780550725,3,3,3_3
FCRL3,1.4825354166666667,1.0362257582065217,4,4,4_4
FCRL4,1.673376388888889,3.0776661140338173,4,4,4_4
FCRL5,1.1682925,0.3401580090521738,3,3,3_3
FCRLA,1.2566458333333335,0.32645398979871176,4,3,4_3
FCRLB,1.1990375,0.190926520942029,3,3,3_3
FDCSP,0.9842708333333333,0.10554289152173914,0,2,0_2
FDFT1,1.0573069444444443,0.04836703472624798,2,1,2_1
FDPS,0.9926083333333334,0.013686695652173904,0,0,0_0
FDX1,1.0041375,0.010533440330112715,1,0,1_0
FDXACB1,0.9652166666666666,0.09404348956521737,0,2,0_2
FDXR,1.1098583333333334,0.1395492984057971,3,2,3_2
FECH,1.0201694444444445,0.025157295571658606,1,0,1_0
FEM1A,0.9841361111111112,0.02465776951690821,0,0,0_0
FEM1B,0.9920652777777779,0.020657017028985515,0,0,0_0
FEM1C,1.0362291666666665,0.056223552681159424,2,1,2_1
FEN1,1.0461666666666665,0.09910932811594204,2,2,2_2
FENDRR,1.0002583333333332,0.18436665228260868,0,2,0_2
FER,1.0223888888888888,0.05985352690821256,1,1,1_1
FER1L5,0.9645999999999999,0.41593091811594207,0,3,0_3
FER1L6-AS1,1.8380958333333333,4.167752135724637,4,4,4_4
FERD3L,0.9088541666666666,0.572003016884058,0,4,0_4
FERMT1,1.1773791666666666,0.4084496552626812,3,3,3_3
FERMT2,1.0326097222222224,0.05698818305152982,2,1,2_1
FERMT3,1.0915916666666667,0.10868176260869565,3,2,3_2
FES,0.9759541666666666,0.05065018050724637,0,1,0_1
FETUB,1.8649958333333334,4.364318441199677,4,4,4_4
FEV,1.2303166666666667,0.7849488294202899,3,4,3_4
FEZ1,1.0436479166666668,0.0896483221195652,2,2,2_2
FEZ2,1.1423652777777777,0.17945634739935587,3,2,3_2
FEZF2,1.3365444444444445,0.5685450050080515,4,4,4_4
FFAR1,1.3770354166666667,0.8381109067210144,4,4,4_4
FFAR2,2.938329166666667,6.6068942361594205,4,4,4_4
FFAR4,1.5405208333333331,0.7977624697826088,4,4,4_4
FGA,1.085723611111111,0.46352062698067625,3,3,3_3
FGB,1.498575,0.6110809589492755,4,4,4_4
FGD1,1.0164708333333332,0.04442056181159419,1,1,1_1
FGD2,1.3149773809523808,0.26152653521147595,4,3,4_3
FGD3,1.0805708333333333,0.11145387764492753,2,2,2_2
FGD4,1.0269125,0.037501103325281795,1,1,1_1
FGD5,1.1038249999999998,0.1757624775724638,3,2,3_2
FGD5-AS1,1.0307833333333334,0.1643005356884058,2,2,2_2
FGD6,1.0654241666666666,0.1019280677362319,2,2,2_2
FGF1,1.080459722222222,0.13458757343800323,2,2,2_2
FGF10,2.4407791666666667,6.566993274710144,4,4,4_4
FGF10-AS1,1.3323166666666666,1.1875455230434784,4,4,4_4
FGF11,1.1020708333333333,0.6979703379347827,3,4,3_4
FGF12,1.1071416666666665,0.1662321985024155,3,2,3_2
FGF13,1.0619708333333333,0.06240652340579709,2,1,2_1
FGF13-AS1,1.7180208333333333,2.520257294565218,4,4,4_4
FGF14,1.1757066666666667,0.12477152518840581,3,2,3_2
FGF14-AS2,1.0890875,0.11869666561594203,3,2,3_2
FGF16,1.1282625,0.4681270928260869,3,3,3_3
FGF17,1.2591374999999998,0.8013793145652173,4,4,4_4
FGF18,1.055107638888889,0.14260284277576488,2,2,2_2
FGF19,1.3958875,1.0808719057246376,4,4,4_4
FGF2,1.0569541666666666,0.09547556402173915,2,2,2_2
FGF20,1.1397916666666665,0.36846431202898544,3,3,3_3
FGF21,1.5127750000000002,1.654021546086956,4,4,4_4
FGF22,1.7195930555555554,1.24647002615942,4,4,4_4
FGF23,1.4507666666666665,1.2138498566666664,4,4,4_4
FGF3,1.9994208333333334,3.8728803547101447,4,4,4_4
FGF4,1.9918479166666667,3.1366676558514492,4,4,4_4
FGF5,1.6938277777777777,1.580267303140097,4,4,4_4
FGF6,1.0601625,0.29556920688405797,2,3,2_3
FGF7,1.316863888888889,0.959482404041868,4,4,4_4
FGF8,1.43675,1.2947719910144928,4,4,4_4
FGF9,1.1360520833333334,0.382908272518116,3,3,3_3
FGFBP1,3.6931583333333333,26.69163658826087,4,4,4_4
FGFBP2,1.0600333333333334,0.24011292188405794,2,3,2_3
FGFBP3,0.9940291666666666,0.07020978644927536,0,1,0_1
FGFR1,1.0431130952380954,0.05541788352262644,2,1,2_1
FGFR1OP,1.0094366666666668,0.02336404426666667,1,0,1_0
FGFR1OP2,1.0287428571428572,0.02230491985803017,1,0,1_0
FGFR2,1.2642867424242425,0.13971780227272732,4,2,4_2
FGFR3,1.5370270833333333,1.235094693786232,4,4,4_4
FGFR4,1.2870802083333335,0.363499635022645,4,3,4_3
FGFRL1,1.4678020833333332,0.642157091576087,4,4,4_4
FGG,1.425341666666667,1.1782165207246378,4,4,4_4
FGGY,1.0408645833333334,0.23431990063405797,2,3,2_3
FGL1,0.9518041666666667,0.23545249847826086,0,3,0_3
FGL2,1.1606812499999999,0.2524357326630435,3,3,3_3
FGR,1.504675,0.5183987617391305,4,3,4_3
FH,1.0059930555555556,0.022346060700483096,1,0,1_0
FHAD1,1.1722604166666668,0.38545800209138487,3,3,3_3
FHDC1,1.0007041666666667,0.030964659202898558,0,0,0_0
FHIT,1.032025,0.07572953898550726,2,1,2_1
FHL1,1.1444866666666667,0.37254963360579707,3,3,3_3
FHL2,1.1032,0.0927262572463768,3,2,3_2
FHL3,1.0871333333333333,0.34779224942028986,3,3,3_3
FHL5,1.37305,0.4785455218035426,4,3,4_3
FHOD1,1.1202166666666666,0.1335076184057971,3,2,3_2
FHOD3,1.0712166666666667,0.0919876036231884,2,2,2_2
FIBCD1,0.9778020833333333,0.18793371596014494,0,2,0_2
FIBIN,1.17584375,0.2953179166485507,3,3,3_3
FIBP,0.9796666666666667,0.03336757492753624,0,0,0_0
FICD,1.080775,0.2438642485507246,2,3,2_3
FIG4,1.0194791666666667,0.027791518043478264,1,0,1_0
FIGLA,1.889025,4.0792613013043475,4,4,4_4
FIGN,1.009190625,0.05262193654438405,1,1,1_1
FIGNL1,0.9872083333333334,0.04185333416666667,0,1,0_1
FILIP1,1.1464489583333333,0.1988934819429348,3,3,3_3
FILIP1L,1.2859166666666666,0.4819302852657004,4,3,4_3
FIP1L1,1.0065972222222221,0.0206516563768116,1,0,1_0
FIRRE,1.0672416666666666,0.6468130908695651,2,4,2_4
FIS1,1.0669083333333333,0.18972370173913047,2,2,2_2
FITM1,0.9899999999999999,0.057948993188405795,0,1,0_1
FITM2,0.9852222222222222,0.05663685322061192,0,1,0_1
FIZ1,0.924375,0.082100605,0,2,0_2
FJX1,0.9829499999999999,0.06056942855072463,0,1,0_1
FKBP10,0.9544999999999999,0.12643111130434784,0,2,0_2
FKBP11,1.0440097222222222,0.07331630912238327,2,1,2_1
FKBP14,1.0285208333333333,0.0324309516505636,1,0,1_0
FKBP15,0.9747020833333333,0.03756438430152979,0,1,0_1
FKBP1B,1.0714625,0.04745848123188405,2,1,2_1
FKBP2,1.1180875,0.1797017252898551,3,2,3_2
FKBP3,1.010713888888889,0.03532293597423511,1,0,1_0
FKBP4,1.1807104166666667,0.2030499326539855,3,3,3_3
FKBP5,1.2867125,0.9789091445974236,4,4,4_4
FKBP6,1.3407166666666666,1.3118637549275363,4,4,4_4
FKBP7,1.0104388888888889,0.04658447879227053,1,1,1_1
FKBP8,1.1244430555555553,0.4030011550966183,3,3,3_3
FKBP9,1.0168791666666666,0.010357797173913039,1,0,1_0
FKBPL,1.0352249999999998,0.06265166086956522,2,1,2_1
FKRP,1.1485125,0.29707523083333326,3,3,3_3
FKTN,1.0046125000000001,0.04336660833333333,1,1,1_1
FLAD1,1.0308416666666667,0.06247315003623188,2,1,2_1
FLCN,1.4312250000000002,0.4033440587409419,4,3,4_3
FLG,1.4964583333333332,2.401920209130435,4,4,4_4
FLG-AS1,1.3867458333333333,1.8652252073550726,4,4,4_4
FLG2,1.6157833333333336,2.7403226024637677,4,4,4_4
FLI1,1.0730465277777779,0.11245390207125604,2,2,2_2
FLII,1.0348694444444444,0.034333634863124,2,0,2_0
FLJ45513,1.4400374999999999,0.6184636457608694,4,4,4_4
FLNA,1.2085416666666668,0.22854913647342998,3,3,3_3
FLNB,1.0054166666666668,0.023876688731884053,1,0,1_0
FLNC,1.173425,0.15926191478260868,3,2,3_2
FLOT1,1.0086114583333334,0.06118192687047101,1,1,1_1
FLOT2,0.9759333333333333,0.11027216862318841,0,2,0_2
FLRT1,0.9876416666666668,0.11406273521739133,0,2,0_2
FLRT3,1.0002145833333334,0.10380179429347826,0,2,0_2
FLT1,1.1055145833333333,0.04638478630636071,3,1,3_1
FLT3,1.1401375,0.19709810673913045,3,3,3_3
FLT3LG,1.158425,0.2108963299637681,3,3,3_3
FLT4,1.0193055555555555,0.0670843597584541,1,1,1_1
FLVCR1,0.9892479166666667,0.07749640614130435,0,1,0_1
FLVCR2,1.0999305555555556,0.2366777499677939,3,3,3_3
FLYWCH1,1.0235111111111113,0.08627892059581321,1,2,1_2
FLYWCH2,0.9793291666666667,0.05645652528985508,0,1,0_1
FMC1,1.0124958333333334,0.06953718108695653,1,1,1_1
FMN1,1.0219902777777776,0.13756898287439612,1,2,1_2
FMN2,1.9161354166666664,1.0382596589673911,4,4,4_4
FMNL1,1.1343770833333335,0.26951986447463766,3,3,3_3
FMNL2,1.016526388888889,0.023173704951690813,1,0,1_0
FMNL3,1.132990625,0.22884743197916665,3,3,3_3
FMO1,1.1415125000000002,0.30894679050724644,3,3,3_3
FMO2,1.0809375,0.1787294435869565,3,2,3_2
FMO3,0.93739375,0.0883462530615942,0,2,0_2
FMO4,0.9611999999999999,0.10265213550724636,0,2,0_2
FMO5,1.0390847222222221,0.1529142849033816,2,2,2_2
FMOD,1.0072916666666667,0.08309907231884059,1,2,1_2
FMR1,1.0143395833333333,0.009561087663043472,1,0,1_0
FMR1NB,1.0568333333333333,0.678949225652174,2,4,2_4
FN1,1.1351505952380954,0.14921524694912747,3,2,3_2
FN3K,1.0493875000000001,0.5291429064492753,2,3,2_3
FN3KRP,0.9953541666666667,0.072210490942029,0,1,0_1
FNBP1,1.0138416666666668,0.042882948759057966,1,1,1_1
FNBP1L,0.9546708333333332,0.02840855036231884,0,0,0_0
FNBP4,1.0243552083333334,0.03609960110960146,1,0,1_0
FNDC1,1.2807541666666666,1.0901181407971015,4,4,4_4
FNDC10,1.0047458333333334,0.1530691663043478,1,2,1_2
FNDC11,0.9996875,0.21906861789855075,0,3,0_3
FNDC3A,1.1847395833333334,0.19298460698369566,3,3,3_3
FNDC3B,1.0275708333333333,0.26884228630434787,1,3,1_3
FNDC4,0.9652791666666666,0.28581863152173914,0,3,0_3
FNDC5,1.0562194444444444,0.22832311436392913,2,3,2_3
FNDC7,1.0564041666666666,0.3872110689130436,2,3,2_3
FNDC8,1.2689708333333332,1.1925534032608696,4,4,4_4
FNDC9,1.2310166666666664,2.0544666705797097,3,4,3_4
FNIP1,1.0301600000000002,0.029473139379710144,1,0,1_0
FNIP2,1.0892302083333334,0.07249418783061597,3,1,3_1
FNTA,1.0015902777777776,0.012007979524959744,1,0,1_0
FNTB,1.0279333333333334,0.22214685695652175,1,3,1_3
FOCAD,0.9947895833333332,0.04060144451086956,0,1,0_1
FOLH1,1.0028833333333333,0.2098824523188406,1,3,1_3
FOLR1,1.0804687499999999,0.08543220320652174,2,2,2_2
FOLR2,1.4122374999999998,0.8316589908333335,4,4,4_4
FOLR3,1.5419083333333334,2.0788072308695655,4,4,4_4
FOPNL,1.0025916666666665,0.02116223271739131,1,0,1_0
FOS,1.2135958333333334,0.8706516036956521,3,4,3_4
FOSB,1.46085,1.7404848426086956,4,4,4_4
FOSL1,1.0910958333333334,0.20629958601449278,3,3,3_3
FOSL2,1.3160491666666667,0.37246539750434793,4,3,4_3
FOXA1,0.9509187499999999,0.07625847846014493,0,1,0_1
FOXA2,1.5669666666666668,0.9208611039130435,4,4,4_4
FOXA3,1.1303166666666666,0.3249900279710145,3,3,3_3
FOXB1,1.1959000000000002,1.4474859430434786,3,4,3_4
FOXC1,1.0227270833333335,0.04841810063405797,1,1,1_1
FOXC2,1.0464145833333334,0.2015342986413044,2,3,2_3
FOXCUT,0.92225,0.13322882507246378,0,2,0_2
FOXD1,1.2161375,1.0357424644202897,3,4,3_4
FOXD2,0.9614375000000001,0.24866605514492757,0,3,0_3
FOXD2-AS1,1.0465791666666666,0.12513081510869564,2,2,2_2
FOXD3,1.3547333333333331,0.6769716831723028,4,4,4_4
FOXD3-AS1,1.2858208333333334,0.7772373415217391,4,4,4_4
FOXD4,1.1569208333333334,0.3352416432608696,3,3,3_3
FOXD4L1,0.8587666666666666,0.5568741233333333,0,4,0_4
FOXE1,1.0754208333333333,0.42251461394927536,2,3,2_3
FOXE3,1.0093458333333334,0.4736032980434782,1,3,1_3
FOXF1,1.2496708333333333,0.22985466152173914,4,3,4_3
FOXF2,1.0149708333333332,0.2293178360144927,1,3,1_3
FOXG1,1.062775,0.09854047307971012,2,2,2_2
FOXH1,1.04063125,0.10963570092391305,2,2,2_2
FOXI1,0.9717583333333334,0.3128177108695652,0,3,0_3
FOXJ1,0.9618500000000001,0.22432644855072464,0,3,0_3
FOXJ2,0.9553479166666667,0.08621928690217391,0,2,0_2
FOXJ3,0.9909208333333334,0.033056691050724646,0,0,0_0
FOXK1,1.4588760416666666,0.41268356706068837,4,3,4_3
FOXK2,1.0779928571428572,0.019599568163265312,2,0,2_0
FOXL1,1.4143666666666668,0.6143518107971014,4,4,4_4
FOXL2,1.3430791666666668,1.4614704855797103,4,4,4_4
FOXM1,0.9996499999999999,0.08113733231884057,0,2,0_2
FOXN1,1.1520916666666665,1.0454331048188408,3,4,3_4
FOXN2,1.1610354166666668,0.2640336501630435,3,3,3_3
FOXN3,1.0660999999999998,0.06999812821105071,2,1,2_1
FOXN3-AS1,0.9877937499999999,0.08828929375,0,2,0_2
FOXN3-AS2,1.3856125,1.7295185344202897,4,4,4_4
FOXN4,1.0566986111111112,0.1398344379468599,2,2,2_2
FOXO1,1.027973611111111,0.17154270272946864,1,2,1_2
FOXO3,1.06804375,0.07480262830615941,2,1,2_1
FOXO4,0.9850249999999999,0.07151746246376811,0,1,0_1
FOXO6,1.0117833333333333,0.22296828855072465,1,3,1_3
FOXP1,1.0294765625,0.013280453031023548,1,0,1_0
FOXP1-AS1,0.9754833333333334,0.1434467439130435,0,2,0_2
FOXP2,1.0232055555555555,0.07231856063875468,1,1,1_1
FOXP3,1.3318208333333332,0.7099943869323673,4,4,4_4
FOXP4,1.0062604166666667,0.039728359112318846,1,1,1_1
FOXP4-AS1,1.0431916666666667,0.13209924391304348,2,2,2_2
FOXQ1,0.9263916666666666,0.09357158565217391,0,2,0_2
FOXR1,1.0191958333333335,0.5783529807971014,1,4,1_4
FOXR2,1.172316666666667,0.41292398826086957,3,3,3_3
FOXRED1,0.9996041666666667,0.027175040217391307,0,0,0_0
FOXRED2,1.106826388888889,0.15231615445249602,3,2,3_2
FOXS1,1.0383166666666666,0.09409951608695652,2,2,2_2
FPGS,1.0393999999999999,0.07402911217391304,2,1,2_1
FPGT,1.1277208333333333,0.12191374195652176,3,2,3_2
FPGT-TNNI3K,1.0028666666666666,0.2112269204347826,1,3,1_3
FPR1,1.7813375,2.4216066376811596,4,4,4_4
FPR2,1.32848125,0.8404683024456523,4,4,4_4
FPR3,1.1827520833333336,0.3931327409239131,3,3,3_3
FRA10AC1,0.9774416666666667,0.019927001690821254,0,0,0_0
FRAS1,1.2830347222222223,0.43091795359500806,4,3,4_3
FRAT1,1.0329249999999999,0.03450827768115942,2,0,2_0
FRAT2,1.0727624999999998,0.1263963106521739,2,2,2_2
FREM1,1.0237208333333334,0.06447110960144928,1,1,1_1
FREM2,1.0792208333333333,0.4663227797826087,2,3,2_3
FREM3,1.1825208333333332,0.5717367923913044,3,4,3_4
FRK,1.0169104166666667,0.04761896153985506,1,1,1_1
FRMD1,1.8130749999999998,3.4875214982608687,4,4,4_4
FRMD3,1.0078625,0.08877710839774558,1,2,1_2
FRMD4A,1.2501479166666667,0.28346991356204715,4,3,4_3
FRMD4B,1.0657402777777778,0.18147593992753616,2,2,2_2
FRMD5,0.9870708333333335,0.17463716989130432,0,2,0_2
FRMD6,1.025775,0.060128971123188414,1,1,1_1
FRMD6-AS1,1.2266416666666666,0.4180672365217391,3,3,3_3
FRMD7,1.0627666666666669,0.49773479260869574,2,3,2_3
FRMD8,1.1045718750000002,0.17042799271286233,3,2,3_2
FRMPD1,1.1152083333333334,0.4537635536231885,3,3,3_3
FRMPD3,1.1224041666666666,0.167823490942029,3,2,3_2
FRMPD4,1.15291875,0.26652264809782605,3,3,3_3
FRRS1,0.9483500000000001,0.486013034057971,0,3,0_3
FRRS1L,1.0340833333333335,0.20345373077294687,2,3,2_3
FRS2,1.0410194444444445,0.08488399811594201,2,2,2_2
FRS3,1.0898458333333332,0.09944074789855073,3,2,3_2
FRY,1.1030729166666666,0.171018155307971,3,2,3_2
FRY-AS1,1.3321666666666667,1.9680663266666665,4,4,4_4
FRYL,1.0049729166666665,0.03440359203904992,1,0,1_0
FRZB,1.1638302083333334,0.13007009100090577,3,2,3_2
FSBP,1.1464520833333334,0.12286878809782609,3,2,3_2
FSCB,1.577225,2.5722490537681155,4,4,4_4
FSCN1,0.9789625000000001,0.036237914637681154,0,1,0_1
FSCN2,1.307325,1.0920859334782609,4,4,4_4
FSCN3,1.0371208333333335,0.4680696423913044,2,3,2_3
FSD1,0.9419708333333334,0.20393994804347826,0,3,0_3
FSD1L,1.0476906250000002,0.09390728133605074,2,2,2_2
FSD2,2.0844875,3.7996629363043475,4,4,4_4
FSHB,2.1653208333333334,4.771933769347825,4,4,4_4
FSHR,0.7441833333333333,0.6426246182608696,0,4,0_4
FSIP1,1.2835041666666667,0.8310057925362319,4,4,4_4
FSIP2,1.2593,0.7967118827536231,4,4,4_4
FST,1.0923791666666667,0.11861281902576488,3,2,3_2
FSTL1,1.2091,0.24483227789855078,3,3,3_3
FSTL3,1.0437208333333334,0.15102717427536233,2,2,2_2
FSTL4,1.1670694444444445,0.4546738862157811,3,3,3_3
FSTL5,1.6601291666666667,1.477382292536232,4,4,4_4
FTCD,1.0888895833333334,0.08226546606884057,3,2,3_2
FTCDNL1,1.0627541666666667,0.1859162151811594,2,2,2_2
FTH1,0.9872041666666668,0.008463557065217397,0,0,0_0
FTHL17,1.7680666666666667,3.702805466811594,4,4,4_4
FTL,1.01980625,0.037012060126811595,1,1,1_1
FTO,1.0590958333333333,0.019772368043478258,2,0,2_0
FTSJ1,1.0467770833333334,0.030787728677536232,2,0,2_0
FTSJ3,1.0019,0.049619388550724654,1,1,1_1
FTX,0.9604145833333334,0.04238669059782609,0,1,0_1
FUBP1,1.0059833333333332,0.009951229547101452,1,0,1_0
FUBP3,1.00941875,0.041644086757246374,1,1,1_1
FUCA1,0.9623750000000001,0.029100296304347826,0,0,0_0
FUCA2,0.9970333333333334,0.021148979275362325,0,0,0_0
FUK,1.0494999999999999,0.04318062855072463,2,1,2_1
FUNDC1,1.006275,0.013355010869565215,1,0,1_0
FUNDC2,0.9956833333333334,0.020089114963768126,0,0,0_0
FUOM,0.9660666666666667,0.3058533243478261,0,3,0_3
FURIN,1.0638916666666667,0.24743037115942032,2,3,2_3
FUS,1.0882625000000001,0.07201625954508857,3,1,3_1
FUT1,1.0521458333333333,0.21019587210144924,2,3,2_3
FUT10,1.2962555555555555,0.2783117938647343,4,3,4_3
FUT11,1.0117541666666667,0.07489887282608695,1,1,1_1
FUT2,1.5824145833333336,0.9459198522282611,4,4,4_4
FUT3,1.1228833333333332,0.14488700999999998,3,2,3_2
FUT4,1.0786166666666668,0.100839575615942,2,2,2_2
FUT5,0.9895583333333334,0.08437889405797101,0,2,0_2
FUT6,1.1097526041666665,0.19022872401607788,3,2,3_2
FUT7,1.0919854166666667,0.18500709918478264,3,2,3_2
FUT8,1.0065166666666665,0.03493351137681159,1,0,1_0
FUT8-AS1,1.1755458333333333,0.14386554373188404,3,2,3_2
FUT9,1.0164847222222224,0.4631935346457327,1,3,1_3
FUZ,1.1241,0.23220190304347826,3,3,3_3
FXN,1.0065958333333334,0.03170773471014493,1,0,1_0
FXR1,1.0075527777777777,0.015986840813204513,1,0,1_0
FXR2,1.0224458333333333,0.07600549445652172,1,1,1_1
FXYD1,1.381875,1.1459518194202898,4,4,4_4
FXYD2,1.0472395833333332,0.18691083284420293,2,2,2_2
FXYD3,0.9919666666666668,0.04851740061594204,0,1,0_1
FXYD4,1.2806375,1.0680076209420288,4,4,4_4
FXYD5,1.281725,0.3110668203985507,4,3,4_3
FXYD6,1.0269166666666667,0.09751583275362317,1,2,1_2
FXYD6-FXYD2,1.0394333333333334,0.28987819173913043,2,3,2_3
FXYD7,1.1880291666666665,0.6872021180434783,3,4,3_4
FYCO1,1.2129229166666666,0.35557424012681155,3,3,3_3
FYN,1.1533891666666667,0.19480209791594205,3,3,3_3
FYTTD1,1.0702979166666668,0.07777432827898549,2,1,2_1
FZD1,1.0118416666666665,0.05370282268921095,1,1,1_1
FZD10,1.1966791666666667,0.3793035636956521,3,3,3_3
FZD2,1.0868208333333333,0.2617744214855073,3,3,3_3
FZD3,0.9852875000000001,0.035551477427536234,0,0,0_0
FZD4,1.0663166666666666,0.1714038082246377,2,2,2_2
FZD5,0.9421791666666667,0.07370686663043478,0,1,0_1
FZD6,1.0782583333333333,0.09787839173913042,2,2,2_2
FZD7,1.0467333333333333,0.05211341601449276,2,1,2_1
FZD9,1.4475125000000002,0.6107470241304348,4,4,4_4
FZR1,1.00836875,0.04342891686594203,1,1,1_1
G0S2,1.08615,0.18861936768115942,3,2,3_2
G2E3,1.0181991666666665,0.015850650304347826,1,0,1_0
G3BP1,1.0309511904761905,0.03449316145814847,2,0,2_0
G3BP2,1.0046097222222221,0.01703594458132045,1,0,1_0
G6PC,1.2902708333333333,0.8889497212681158,4,4,4_4
G6PC2,1.3656416666666669,1.3972518842028987,4,4,4_4
G6PC3,1.01019375,0.039060713931159424,1,1,1_1
G6PD,0.9912375,0.06490191789855072,0,1,0_1
GAA,1.0704624999999999,0.12768427253623188,2,2,2_2
GAB1,1.0550339285714287,0.043113886070689146,2,1,2_1
GAB2,0.9868666666666667,0.016938168260869566,0,0,0_0
GAB3,0.99671875,0.18120473403985504,0,2,0_2
GAB4,1.8367916666666666,6.719949847536232,4,4,4_4
GABARAP,1.0249125,0.032285984420289855,1,0,1_0
GABARAPL1,1.0435187499999998,0.05663683132246377,2,1,2_1
GABARAPL2,1.0114125,0.008877743695652173,1,0,1_0
GABBR1,1.1020270833333332,0.09577183541666667,3,2,3_2
GABBR2,1.3788770833333333,0.49040229553442033,4,3,4_3
GABPA,0.9758187500000002,0.03262405911231884,0,0,0_0
GABPB1,1.0367020833333334,0.03512210519927536,2,0,2_0
GABPB1-AS1,1.1579090277777777,0.2011649128321256,3,3,3_3
GABPB2,0.9651916666666667,0.019014083043478257,0,0,0_0
GABRA1,1.2877083333333335,0.8803768182608698,4,4,4_4
GABRA2,1.084821875,0.1879355257835145,3,2,3_2
GABRA3,1.4439416666666667,1.2268706413043478,4,4,4_4
GABRA4,1.1984479166666666,0.5948179305253624,3,4,3_4
GABRA5,1.3277083333333335,0.26621220090177133,4,3,4_3
GABRA6,0.7133291666666667,0.6809045987681159,0,4,0_4
GABRB1,1.1380972222222223,0.1407362270531401,3,2,3_2
GABRB2,1.6128569444444445,0.9247756512801935,4,4,4_4
GABRB3,1.2161575000000002,0.23809029854202904,3,3,3_3
GABRD,1.158575,0.3766724227898551,3,3,3_3
GABRG1,1.2895125,0.5570608017753622,4,4,4_4
GABRG2,1.32175625,0.7346766371557972,4,4,4_4
GABRG3,1.0314083333333335,0.3150533877173913,2,3,2_3
GABRG3-AS1,0.9778666666666668,0.37232145043478265,0,3,0_3
GABRP,1.0046958333333333,0.20032658876811596,1,3,1_3
GABRQ,1.6279625,0.669363063442029,4,4,4_4
GABRR1,0.9924166666666666,0.5181536282608695,0,3,0_3
GABRR2,0.8386833333333333,0.23718866536231883,0,3,0_3
GABRR3,2.1102,5.50467511811594,4,4,4_4
GAD1,1.4130666666666667,0.4565005253623189,4,3,4_3
GAD2,1.2379441666666666,0.2505456624608696,3,3,3_3
GADD45A,1.06985,0.19329148652173916,2,3,2_3
GADD45B,1.2203020833333333,0.36687126585144925,3,3,3_3
GADD45G,1.0381625,0.130613535,2,2,2_2
GADD45GIP1,0.9637625,0.04072131920289856,0,1,0_1
GADL1,1.6732333333333331,3.099696115507246,4,4,4_4
GAGE1,1.8393125000000001,3.170332637463768,4,4,4_4
GAGE12D,1.3705239583333333,0.42242116912590577,4,3,4_3
GAGE12F,1.6467291666666668,3.4334847445652175,4,4,4_4
GAK,1.1677388888888889,0.15874730826086955,3,2,3_2
GAL,1.1789604166666667,0.4429011056702898,3,3,3_3
GAL3ST1,1.9939958333333336,5.076674736739129,4,4,4_4
GAL3ST2,1.1423291666666666,0.20542275282608696,3,3,3_3
GAL3ST3,1.0359708333333335,0.5317099623913044,2,3,2_3
GAL3ST4,1.0726041666666666,0.07226936717391304,2,1,2_1
GALC,0.9970729166666666,0.04608049135869565,0,1,0_1
GALE,1.1788069444444444,0.25770681442028986,3,3,3_3
GALK1,1.0530125000000001,0.13078795000000001,2,2,2_2
GALK2,1.005486111111111,0.03711010755233494,1,1,1_1
GALM,1.12028125,0.17002527186594205,3,2,3_2
GALNS,1.0213270833333334,0.09050942182971017,1,2,1_2
GALNT1,0.9965258333333334,0.02612199556231884,0,0,0_0
GALNT10,1.0432722222222222,0.08619336241545897,2,2,2_2
GALNT11,1.0280125,0.01798612195652174,1,0,1_0
GALNT12,1.0507708333333332,0.08535619423913043,2,2,2_2
GALNT13,0.997286111111111,0.16209336623188406,0,2,0_2
GALNT14,1.0414999999999999,0.1303407995652174,2,2,2_2
GALNT15,1.095061111111111,0.26438874333333334,3,3,3_3
GALNT16,1.2651736111111112,0.36701851060386476,4,3,4_3
GALNT18,1.1172562499999998,0.15815068494565213,3,2,3_2
GALNT2,1.0306989583333335,0.030847707214673926,2,0,2_0
GALNT3,1.035575,0.08184796960144927,2,2,2_2
GALNT5,1.0322383333333331,0.05818739322318842,2,1,2_1
GALNT6,1.02908125,0.22343981353260875,1,3,1_3
GALNT7,1.0526270833333333,0.11169825190217392,2,2,2_2
GALNT8,1.3525,0.9953769145289857,4,4,4_4
GALNT9,1.367895833333333,1.217331119057971,4,4,4_4
GALNTL5,1.9015333333333333,4.069072372608695,4,4,4_4
GALNTL6,2.3191208333333333,4.218678268623188,4,4,4_4
GALP,1.5957708333333336,2.3900336819565213,4,4,4_4
GALR1,1.4056541666666666,1.5034623306521737,4,4,4_4
GALR2,1.0263333333333333,0.536287341884058,1,4,1_4
GALR3,1.5671124999999997,1.8308538876086953,4,4,4_4
GALT,0.9995416666666667,0.06040037196457327,0,1,0_1
GAMT,1.2519416666666665,0.5529710461191625,4,4,4_4
GAN,1.0487374999999999,0.03143602119565216,2,0,2_0
GANAB,0.99204375,0.03957055567028985,0,1,0_1
GANC,1.0107277777777777,0.01898517112721417,1,0,1_0
GAP43,1.0349527777777778,0.1132903046698873,2,2,2_2
GAPDH,1.0670027777777777,0.032837476920289856,2,0,2_0
GAPDHS,2.0705458333333335,4.987839156304347,4,4,4_4
GAPLINC,1.0457125000000003,0.4394447505072464,2,3,2_3
GAPT,1.3492958333333334,0.8361413663043477,4,4,4_4
GAPVD1,1.0172281250000001,0.04344874362771739,1,1,1_1
GAR1,1.0570458333333332,0.05377137847826087,2,1,2_1
GAREM1,1.042628125,0.05893952865489131,2,1,2_1
GAREM2,1.019475,0.08477932018115941,1,2,1_2
GARNL3,0.9667555555555555,0.07115918107890498,0,1,0_1
GARS,1.03285,0.025121716811594204,2,0,2_0
GART,0.997899537037037,0.02372594714886384,0,0,0_0
GAS1,0.97395,0.1107771778582931,0,2,0_2
GAS1RR,1.1681145833333333,0.28125922418478255,3,3,3_3
GAS2,1.0277916666666667,0.15600741318840583,1,2,1_2
GAS2L1,0.9527847222222222,0.04698677939613526,0,1,0_1
GAS2L2,1.1147583333333333,0.700853018115942,3,4,3_4
GAS2L3,1.1982666666666668,0.3878515507971015,3,3,3_3
GAS5-AS1,1.0373,0.08157517304347826,2,2,2_2
GAS6,1.0070916666666667,0.04820613090579711,1,1,1_1
GAS6-AS1,1.11154375,0.17586941762681157,3,2,3_2
GAS7,1.193465,0.19609392743768111,3,3,3_3
GAS8,1.0140916666666666,0.06776415550724638,1,1,1_1
GAS8-AS1,1.0498708333333333,0.6454588425362318,2,4,2_4
GAST,1.8274333333333332,2.092717724347826,4,4,4_4
GATA1,0.97990625,0.2217469566847826,0,3,0_3
GATA2,1.1675,0.15024220420289855,3,2,3_2
GATA2-AS1,1.0240041666666666,0.1920522670289855,1,3,1_3
GATA3,1.0178347222222222,0.06797665295491144,1,1,1_1
GATA3-AS1,1.0424166666666668,1.0172444160144927,2,4,2_4
GATA4,1.5533783333333335,0.4109856718608695,4,3,4_3
GATA5,1.8167520833333333,2.619340201141305,4,4,4_4
GATA6,1.0315979166666667,0.04762742733695652,2,1,2_1
GATA6-AS1,1.0343041666666666,0.13479458398550723,2,2,2_2
GATAD1,0.9858697916666667,0.07811733456068838,0,1,0_1
GATAD2A,1.228786111111111,0.16630555295088564,3,2,3_2
GATAD2B,1.0156416666666666,0.020565913804347826,1,0,1_0
GATB,1.0204458333333333,0.06288738188405796,1,1,1_1
GATC,1.0426739583333333,0.023060088600543486,2,0,2_0
GATM,1.2740291666666665,0.25151990722146733,4,3,4_3
GBA2,1.0413520833333332,0.048138641358695666,2,1,2_1
GBE1,1.0117041666666668,0.010828356449275364,1,0,1_0
GBF1,0.9571583333333332,0.025100227826086948,0,0,0_0
GBGT1,1.0249458333333334,0.07897500775362318,1,1,1_1
GBP1,1.2850114583333332,0.9302063673324277,4,4,4_4
GBP2,1.2026083333333333,0.2751251692391305,3,3,3_3
GBP3,1.0798083333333333,0.1472408784057971,2,2,2_2
GBP4,1.4392041666666666,1.0400180684057971,4,4,4_4
GBP5,1.4159083333333333,0.9543447186594204,4,4,4_4
GBP6,1.1616020833333334,0.33723818125,3,3,3_3
GBX1,1.6484416666666668,3.275307198695652,4,4,4_4
GBX2,1.3585666666666667,3.456206354782609,4,4,4_4
GC,0.9888291666666668,1.2931527248550727,0,4,0_4
GCA,1.0292333333333332,0.03692269434782608,1,1,1_1
GCAT,1.0584854166666666,0.08555995041666667,2,2,2_2
GCC1,1.196125,0.2862462159903381,3,3,3_3
GCC2,0.9883895833333333,0.12931800418478262,0,2,0_2
GCC2-AS1,0.9867958333333333,0.3177087722463768,0,3,0_3
GCDH,1.0127479166666669,0.027670578206521745,1,0,1_0
GCFC2,1.08341875,0.12165087936594204,3,2,3_2
GCG,1.0456125,0.634170783115942,2,4,2_4
GCGR,1.0124083333333334,0.13210558608695652,1,2,1_2
GCH1,1.0019791666666666,0.05366413094202898,1,1,1_1
GCHFR,1.1826833333333333,0.2107477236231884,3,3,3_3
GCK,1.5344916666666666,1.7306039131884057,4,4,4_4
GCKR,1.3324458333333333,0.5644641589130436,4,4,4_4
GCLC,1.123648611111111,0.16210278424315624,3,2,3_2
GCLM,1.091075,0.22904155930756848,3,3,3_3
GCM1,1.2140791666666666,0.8499936325362318,3,4,3_4
GCM2,1.7588541666666668,2.428765960942029,4,4,4_4
GCN1,1.0108750000000002,0.010086519456521741,1,0,1_0
GCNT1,1.0166166666666667,0.051037883659420295,1,1,1_1
GCNT2,0.9860312499999999,0.06791483440217391,0,1,0_1
GCNT3,1.1794291666666668,0.6620405239855074,3,4,3_4
GCNT4,1.1095833333333334,0.7496359666666667,3,4,3_4
GCNT7,1.0816437500000002,0.5885552073007247,3,4,3_4
GCOM1,1.0903625000000001,0.06992402925120773,3,1,3_1
GCSAM,1.2000625,0.26774750731884067,3,3,3_3
GCSAML,0.9943875000000001,0.47000592775362315,0,3,0_3
GDA,1.3230791666666668,0.9941515030434782,4,4,4_4
GDAP1,1.0338152777777776,0.07460869673913043,2,1,2_1
GDAP1L1,0.9747458333333334,0.4579846097826087,0,3,0_3
GDAP2,1.0165604166666666,0.03352630570652175,1,0,1_0
GDE1,1.0073645833333333,0.02347570574275362,1,0,1_0
GDF10,1.2573583333333334,0.9610139621739132,4,4,4_4
GDF11,1.3111816666666665,0.28361294820869565,4,3,4_3
GDF15,2.052525,2.5637765587278585,4,4,4_4
GDF2,1.0914833333333334,0.4521059634782609,3,3,3_3
GDF3,1.0301791666666666,0.42980738253623185,1,3,1_3
GDF5,1.1059083333333333,0.24861425492753622,3,3,3_3
GDF7,1.1543291666666669,0.2974418321014493,3,3,3_3
GDF9,0.9227541666666667,0.22774458528985508,0,3,0_3
GDI1,0.9852166666666667,0.02064555623188406,0,0,0_0
GDI2,1.0373083333333335,0.01828976416666667,2,0,2_0
GDNF,1.5169520833333332,2.4185309901992755,4,4,4_4
GDPD1,0.9857930555555555,0.047637012020933976,0,1,0_1
GDPD2,1.4004874999999999,1.1397225492028986,4,4,4_4
GDPD3,1.0713333333333332,0.09156117420289854,2,2,2_2
GDPD5,1.0950625,0.1810922782246377,3,2,3_2
GDPGP1,1.023,0.12520409898550725,1,2,1_2
GEM,1.13305,0.31470225347826086,3,3,3_3
GEMIN2,0.9892927083333333,0.030449447721920278,0,0,0_0
GEMIN4,1.0732187499999999,0.06267598697463768,2,1,2_1
GEMIN5,1.0103083333333334,0.015019107101449275,1,0,1_0
GEMIN6,0.9838041666666667,0.013838582065217394,0,0,0_0
GEMIN7,0.9719791666666667,0.05012389744766506,0,1,0_1
GEMIN8,1.0516597222222221,0.04073840760869566,2,1,2_1
GEN1,1.0492145833333335,0.19089487690217388,2,3,2_3
GET4,1.0289145833333333,0.08040208279891303,1,1,1_1
GFAP,1.0596458333333334,0.5980973564331724,2,4,2_4
GFER,0.9612250000000001,0.0817219945289855,0,2,0_2
GFI1,1.0505291666666665,0.2056197410869565,2,3,2_3
GFI1B,1.2024458333333334,0.44190520981884057,3,3,3_3
GFM1,1.0422368055555555,0.04278063618961352,2,1,2_1
GFM2,1.0047680555555556,0.04341362899355878,1,1,1_1
GFOD1,1.07658125,0.15284793624999998,2,2,2_2
GFOD2,1.0033791666666667,0.05869445663043478,1,1,1_1
GFPT1,1.0191708333333334,0.058849370606884055,1,1,1_1
GFPT2,1.0603833333333332,0.09960778652173911,2,2,2_2
GFRA1,1.244436111111111,0.3203886560386473,4,3,4_3
GFRA2,1.0289083333333333,0.2067978596014493,1,3,1_3
GFRA3,1.5846020833333334,1.6724157779891302,4,4,4_4
GFRA4,1.2803104166666668,0.5750893371195652,4,4,4_4
GGA1,1.0068400000000002,0.023148899860869557,1,0,1_0
GGA2,1.0186729166666666,0.04335481996603261,1,1,1_1
GGA3,0.9451104166666666,0.04300335472826087,0,1,0_1
GGACT,1.0028395833333335,0.05118012664855073,1,1,1_1
GGCT,0.9425374999999999,0.018220518768115937,0,0,0_0
GGCX,1.0427566666666666,0.030894634266666672,2,0,2_0
GGH,1.0234166666666666,0.06222278014492753,1,1,1_1
GGN,1.3164145833333334,0.6930080691123187,4,4,4_4
GGNBP2,0.9541322916666668,0.05155078826539855,0,1,0_1
GGPS1,0.9951791666666668,0.013083069456521742,0,0,0_0
GGT1,1.5080333333333333,1.350426914057971,4,4,4_4
GGT2,1.04511875,0.08973821319746378,2,2,2_2
GGT5,1.0567416666666667,0.1038559147826087,2,2,2_2
GGT6,0.9796291666666667,0.06297206978260869,0,1,0_1
GGT7,1.1621777777777778,0.24033634574879228,3,3,3_3
GGTLC1,1.0297041666666666,0.12814842891304346,1,2,1_2
GGTLC2,1.3732208333333331,1.0910317294927536,4,4,4_4
GH1,1.3707273148148147,0.20100194730810522,4,3,4_3
GH2,1.2157135416666667,0.4174242647690218,3,3,3_3
GHDC,0.9595666666666668,0.037255011159420294,0,1,0_1
GHET1,1.6161541666666668,8.508767023260871,4,4,4_4
GHITM,1.0216472222222224,0.010646651046698876,1,0,1_0
GHR,1.0453041666666667,0.1476507613768116,2,2,2_2
GHRH,1.299475,1.1766648463768117,4,4,4_4
GHRHR,1.8620708333333333,1.3393386928904991,4,4,4_4
GHRL,1.0746791666666666,0.12693148373188406,2,2,2_2
GHRLOS,0.9780166666666666,0.07149410253623188,0,1,0_1
GHSR,1.2283638888888888,0.4880989176328503,3,3,3_3
GID4,1.0030833333333333,0.01901727916666667,1,0,1_0
GID8,0.9910041666666666,0.025418150760869566,0,0,0_0
GIF,1.5646333333333333,2.03179954884058,4,4,4_4
GIGYF1,1.1193583333333332,0.21084080429951693,3,3,3_3
GIGYF2,0.9940635416666667,0.013019551073369563,0,0,0_0
GIMAP1,1.1033108333333332,0.18501159733043476,3,2,3_2
GIMAP1-GIMAP5,1.284123611111111,0.4342225011513687,4,3,4_3
GIMAP2,1.0639833333333335,0.12831212086956523,2,2,2_2
GIMAP4,1.092666666666667,0.20566953000000004,3,3,3_3
GIMAP5,1.0012458333333334,0.5639527132608696,1,4,1_4
GIMAP6,1.1556979166666668,0.21287794682971017,3,3,3_3
GIMAP7,1.1971083333333332,0.2852193239130435,3,3,3_3
GIMAP8,1.27848125,0.6134232478442029,4,4,4_4
GIN1,1.0026833333333334,0.0241814529347826,1,0,1_0
GINM1,1.0079333333333333,0.03614870913043478,1,0,1_0
GINS1,1.0848291666666667,0.17819725021739127,3,2,3_2
GINS2,1.0450708333333334,0.08989191984702094,2,2,2_2
GINS3,0.9986520833333333,0.03387046777173913,0,0,0_0
GINS4,1.23624375,0.2870441904619565,3,3,3_3
GIP,1.07745,0.732663998405797,2,4,2_4
GIPC1,1.0004000000000002,0.032143265652173916,0,0,0_0
GIPC2,0.9972208333333334,0.042099943188405785,0,1,0_1
GIPC3,0.9172833333333333,0.10839802344202898,0,2,0_2
GIPR,1.4587979166666667,0.9890882325181158,4,4,4_4
GIT1,1.054775,0.0961780139130435,2,2,2_2
GIT2,1.1334708333333332,0.09229122465217392,3,2,3_2
GJA1,1.0171333333333334,0.03745454420289855,1,1,1_1
GJA10,1.0065416666666667,0.3442937492753624,1,3,1_3
GJA3,1.0135375,0.10582765300724636,1,2,1_2
GJA4,1.0456958333333333,0.06923612199275361,2,1,2_1
GJA5,1.8261395833333331,2.6148733269384055,4,4,4_4
GJA8,1.0561291666666668,0.4134557774637681,2,3,2_3
GJB1,1.0889666666666666,0.18431925028985513,3,2,3_2
GJB2,1.0675666666666668,0.11140831072463771,2,2,2_2
GJB3,1.3351291666666665,0.32642800987922704,4,3,4_3
GJB4,0.9751375000000001,0.16719451876811595,0,2,0_2
GJB5,1.1210291666666667,0.35354681543478267,3,3,3_3
GJB6,1.4478541666666667,1.5404537029710144,4,4,4_4
GJC1,1.0640927083333334,0.2136449245878623,2,3,2_3
GJC2,1.2105854166666667,0.48306404842391304,3,3,3_3
GJD2,1.0731541666666666,0.8195061319565219,2,4,2_4
GJD3,1.41751875,0.9108454959963767,4,4,4_4
GJD4,0.7877166666666667,0.12863432971014493,0,2,0_2
GK,1.0214016666666665,0.06315144353043477,1,1,1_1
GK2,0.8604875,0.29049848485507246,0,3,0_3
GK3P,1.115,0.11528664855072461,3,2,3_2
GK5,1.096940277777778,0.07612392131239935,3,1,3_1
GKAP1,1.0348305555555555,0.022191435169082126,2,0,2_0
GKN1,1.3086666666666666,3.447435685652174,4,4,4_4
GKN2,1.5136791666666667,3.313681651521739,4,4,4_4
GLA,0.9979250000000001,0.053374604202898544,0,1,0_1
GLB1L,0.9392791666666668,0.06579300282608695,0,1,0_1
GLB1L2,0.974725,0.08840615637681158,0,2,0_2
GLB1L3,1.1700354166666667,0.19569957476449276,3,3,3_3
GLCCI1,1.025995,0.059262416202898564,1,1,1_1
GLCE,1.0054874999999999,0.009811219782608693,1,0,1_0
GLDC,1.4271375,0.8439596141304347,4,4,4_4
GLDN,1.0358,0.21289775286231885,2,3,2_3
GLE1,1.023601388888889,0.034255278735909826,1,0,1_0
GLG1,1.0048104166666667,0.02631481759963768,1,0,1_0
GLI1,0.9574791666666668,0.21114488804347833,0,3,0_3
GLI2,1.2998902777777779,0.3762698612479871,4,3,4_3
GLI3,1.021963888888889,0.06960663856682768,1,1,1_1
GLI4,1.0181375,0.012888567391304345,1,0,1_0
GLIDR,1.05635625,0.041939784293478256,2,1,2_1
GLIPR1,1.248446666666667,0.11191283368695655,4,2,4_2
GLIPR1L1,1.0617208333333332,0.2072369426811594,2,3,2_3
GLIPR2,0.9508958333333334,0.0879006025,0,2,0_2
GLIS1,1.0472291666666667,0.08967587601449276,2,2,2_2
GLIS2,1.0819750000000001,0.18180921985507248,3,2,3_2
GLIS3,1.1026166666666668,0.1668693471376811,3,2,3_2
GLIS3-AS1,1.2161375,0.7248141136956522,3,4,3_4
GLMN,1.0101791666666664,0.04149801557971013,1,1,1_1
GLMP,1.0178319444444444,0.01995568264895329,1,0,1_0
GLO1,0.9866833333333332,0.016455571739130436,0,0,0_0
GLOD4,0.9879000000000001,0.01970130521739131,0,0,0_0
GLOD5,1.7522104166666665,1.2445844851630437,4,4,4_4
GLP1R,1.4576033333333331,0.4844799981971014,4,3,4_3
GLP2R,1.7404625000000002,4.716792872391304,4,4,4_4
GLRA1,1.3809874999999998,1.6184865910869564,4,4,4_4
GLRA2,1.1643708333333334,1.1238208636956524,3,4,3_4
GLRA3,1.6681833333333334,0.6658540635587761,4,4,4_4
GLRB,1.065711111111111,0.13853316107890498,2,2,2_2
GLRX,1.0324791666666666,0.029538905869565216,2,0,2_0
GLRX2,1.0458708333333333,0.026193263695652173,2,0,2_0
GLRX3,1.0100718750000002,0.027625879787137684,1,0,1_0
GLRX5,0.9943041666666668,0.015840470652173914,0,0,0_0
GLS,1.0470296875,0.04631951457993659,2,1,2_1
GLS2,1.0221666666666667,0.07775592026268116,1,1,1_1
GLT1D1,1.3802625,0.8853792641304346,4,4,4_4
GLT8D1,0.9815145833333333,0.01834612523550725,0,0,0_0
GLT8D2,1.04035625,0.05874477070652175,2,1,2_1
GLTP,1.0311375,0.029273631413043472,2,0,2_0
GLTPD2,1.3335000000000001,0.7689862155072464,4,4,4_4
GLUD1,0.9962083333333333,0.028115002137681158,0,0,0_0
GLUD2,1.0243833333333334,0.0913533283695652,1,2,1_2
GLUL,1.0525979166666668,0.049557894048913045,2,1,2_1
GLYAT,1.5447930555555554,1.1633340694122385,4,4,4_4
GLYATL1,1.2354375,0.4625325042753623,3,3,3_3
GLYATL2,1.0165208333333333,0.27458426891304344,1,3,1_3
GLYCTK,0.9941604166666668,0.1058129234963768,0,2,0_2
GLYR1,1.1065816666666666,0.132678046173913,3,2,3_2
GM2A,1.153420238095238,0.20910665376220053,3,3,3_3
GMCL1,0.9973104166666668,0.017237869365942033,0,0,0_0
GMDS,1.0839027777777777,0.11113552698872785,3,2,3_2
GMEB1,1.0134177083333333,0.021235577830615943,1,0,1_0
GMEB2,1.0251354166666669,0.0500359183152174,1,1,1_1
GMFB,1.0280770833333335,0.026261786576086955,1,0,1_0
GMFG,1.315575,0.24841665463768117,4,3,4_3
GMIP,1.21319375,0.3546517215398551,3,3,3_3
GML,1.4357499999999999,4.786338696376811,4,4,4_4
GMNC,1.2622958333333332,1.2636101306521736,4,4,4_4
GMNN,0.9912749999999999,0.0188237268115942,0,0,0_0
GMPPA,1.0290458333333332,0.0775299965942029,1,1,1_1
GMPR,1.0478291666666666,0.10008695891304346,2,2,2_2
GMPR2,1.000475,0.020472167681159423,0,0,0_0
GMPS,1.0275305555555556,0.01689231045088567,1,0,1_0
GNA11,0.9982381944444444,0.021606803653381638,0,0,0_0
GNA12,1.00495625,0.04827606179347825,1,1,1_1
GNA13,1.051863888888889,0.04758695106280195,2,1,2_1
GNA14,0.9783750000000001,0.09622029228260871,0,2,0_2
GNA14-AS1,0.9820833333333333,0.3198934782608695,0,3,0_3
GNA15,1.0436333333333334,0.10693301492753622,2,2,2_2
GNAI1,1.0203979166666668,0.04669830382246376,1,1,1_1
GNAI2,1.1862375,0.16901222123188409,3,2,3_2
GNAI3,1.0051263888888888,0.013129806578099836,1,0,1_0
GNAL,1.097196875,0.05153010043025362,3,1,3_1
GNAO1,1.4026750000000001,0.5445568027989129,4,4,4_4
GNAQ,1.1620983333333335,0.0868536151826087,3,2,3_2
GNAS,1.132478472222222,0.057640521120169076,3,1,3_1
GNAS-AS1,1.0529291666666667,0.21691665499999996,2,3,2_3
GNAT1,1.4516458333333333,1.4060623280797102,4,4,4_4
GNAT2,1.3256708333333334,0.9221477499275362,4,4,4_4
GNAT3,0.7974791666666666,0.7199143263043478,0,4,0_4
GNAZ,1.0888625,0.12310733326086956,3,2,3_2
GNB1,1.002811111111111,0.01184547876006441,1,0,1_0
GNB1L,1.2722375,0.3988779970772946,4,3,4_3
GNB2,0.9695125,0.025152109202898544,0,0,0_0
GNB3,0.9696666666666666,0.21168085666666664,0,3,0_3
GNB4,1.0506194444444443,0.08995166748792269,2,2,2_2
GNB5,1.0192058333333334,0.05749141717971014,1,1,1_1
GNE,0.9549458333333334,0.032335613695652174,0,0,0_0
GNG10,1.0465708333333332,0.03296325601449276,2,0,2_0
GNG11,1.01996875,0.10901591918478264,1,2,1_2
GNG12,1.6003152777777778,0.990741984903382,4,4,4_4
GNG13,1.7213333333333332,4.54226612884058,4,4,4_4
GNG2,1.173003125,0.3821990028306159,3,3,3_3
GNG3,0.9234625,0.2095706341304348,0,3,0_3
GNG4,1.2013489583333332,0.31144328931612325,3,3,3_3
GNG5,1.0028875,0.017899303115942025,1,0,1_0
GNG7,1.2208375,0.5717488911674719,3,4,3_4
GNG8,1.0665458333333333,0.3011110941666667,2,3,2_3
GNGT1,1.578875,1.9872832865217391,4,4,4_4
GNGT2,0.9873291666666667,0.3347803538405798,0,3,0_3
GNL1,0.9840683333333334,0.03718460571014493,0,1,0_1
GNL2,1.0129083333333333,0.014869401739130438,1,0,1_0
GNL3,1.0195291666666668,0.0354700565942029,1,0,1_0
GNL3L,1.2520927083333333,0.1998397739356884,4,3,4_3
GNLY,1.8089583333333332,3.375733065543478,4,4,4_4
GNMT,1.0035541666666665,0.08275472804347825,1,2,1_2
GNPAT,1.0160124999999998,0.009986432826086954,1,0,1_0
GNPDA1,1.0482333333333334,0.03213702275362319,2,0,2_0
GNPDA2,0.9800458333333334,0.02076648079710145,0,0,0_0
GNPNAT1,0.9989791666666666,0.04475248152173914,0,1,0_1
GNPTAB,1.048926388888889,0.060430225933977455,2,1,2_1
GNPTG,1.0060208333333334,0.033552261811594195,1,0,1_0
GNRH1,1.0984041666666666,0.07921618336956522,3,1,3_1
GNRH2,1.7331083333333333,4.007539567826087,4,4,4_4
GNRHR,1.395802777777778,0.8161275603381644,4,4,4_4
GNS,1.0024166666666667,0.030135834122383246,1,0,1_0
GOLGA1,0.9903958333333334,0.021431092644927534,0,0,0_0
GOLGA2,1.0491010416666666,0.0316866301856884,2,0,2_0
GOLGA3,1.0256083333333332,0.024733740177133656,1,0,1_0
GOLGA4,1.0257020833333332,0.02494018385869565,1,0,1_0
GOLGA5,1.0554416666666666,0.023716269999999994,2,0,2_0
GOLGA6A,0.9089875,0.19275176268115943,0,3,0_3
GOLGA6D,1.6035958333333333,2.3555989871739125,4,4,4_4
GOLGA6L2,1.7204791666666666,3.303465671666667,4,4,4_4
GOLGA6L6,1.0358791666666667,0.2888684112681159,2,3,2_3
GOLGA7,1.0070604166666668,0.008028943351449274,1,0,1_0
GOLGA7B,1.5952125,1.848778038478261,4,4,4_4
GOLGA8A,1.0016708333333333,0.021455440905797107,1,0,1_0
GOLGA8M,1.1175333333333333,0.35214779608695657,3,3,3_3
GOLGA8N,0.9928041666666666,0.020796345289855068,0,0,0_0
GOLGB1,0.9966875000000001,0.017528820615942027,0,0,0_0
GOLIM4,0.9513000000000001,0.04087028328502416,0,1,0_1
GOLM1,1.0583375000000002,0.03305247949275363,2,0,2_0
GOLPH3,1.0686333333333333,0.05588550391304347,2,1,2_1
GOLPH3L,1.0052041666666667,0.016284058188405795,1,0,1_0
GOLT1A,1.089825,0.19531841275362322,3,3,3_3
GOLT1B,1.0291062500000001,0.027500082119565217,1,0,1_0
GON4L,1.1345427083333333,0.11986273859148552,3,2,3_2
GON7,0.9639875,0.04287116949275362,0,1,0_1
GOPC,1.04688,0.009889312411594204,2,0,2_0
GORAB,0.944375,0.01738988014492754,0,0,0_0
GORASP1,1.24275625,0.37697279222826097,4,3,4_3
GORASP2,1.0506416666666667,0.030860184299516917,2,0,2_0
GOSR1,1.0146604166666666,0.028471830407608697,1,0,1_0
GOSR2,1.047238425925926,0.013664304157273209,2,0,2_0
GOT1,1.0243624999999998,0.04326850572463768,1,1,1_1
GOT1L1,1.072825,0.45029612492753623,2,3,2_3
GOT2,0.9934916666666668,0.014143791739130433,0,0,0_0
GP1BA,0.9022874999999999,0.12426477108695651,0,2,0_2
GP2,1.2540572916666666,1.4253233354302535,4,4,4_4
GP5,1.09110625,0.19045695610507243,3,2,3_2
GP6,1.0976375,0.17033067311594205,3,2,3_2
GP9,1.59265,4.003413724347826,4,4,4_4
GPA33,2.7951375000000005,6.021211364999999,4,4,4_4
GPAA1,0.9937277777777777,0.025111859822866348,0,0,0_0
GPALPP1,0.9861891666666667,0.019584620385507238,0,0,0_0
GPAM,1.0034208333333334,0.026063842137681165,1,0,1_0
GPANK1,0.9511916666666668,0.04799810134057971,0,1,0_1
GPAT2,1.0575333333333334,0.2229021278260869,2,3,2_3
GPAT3,1.1060708333333336,0.09472636586956525,3,2,3_2
GPAT4,1.1807083333333332,0.1774248324637681,3,2,3_2
GPATCH1,0.9881125000000001,0.020778862826086958,0,0,0_0
GPATCH11,1.0116604166666667,0.05163148842391303,1,1,1_1
GPATCH2,0.9947925,0.01833885002028986,0,0,0_0
GPATCH2L,1.0183557291666665,0.018146355915987317,1,0,1_0
GPATCH3,1.0343958333333334,0.06869763557971016,2,1,2_1
GPATCH4,1.0349516666666665,0.044831345060869554,2,1,2_1
GPATCH8,1.0001,0.013164997137681161,0,0,0_0
GPBAR1,1.2778958333333332,0.43710818688405795,4,3,4_3
GPBP1,0.9785770833333333,0.00965818483695652,0,0,0_0
GPBP1L1,0.9701763888888889,0.026474977962962963,0,0,0_0
GPC1,1.0086895833333334,0.05492365650362319,1,1,1_1
GPC2,1.0531249999999999,0.12451401652173912,2,2,2_2
GPC3,1.3811499999999999,0.8787423734782608,4,4,4_4
GPC4,1.0498479166666665,0.07306706585144927,2,1,2_1
GPC5,1.2495541666666665,1.188828180072464,4,4,4_4
GPC6,1.8960562500000002,2.513258795344203,4,4,4_4
GPCPD1,1.0308180555555557,0.045313431086956533,2,1,2_1
GPD1,1.443109375,0.5371323457201086,4,4,4_4
GPD1L,0.9934833333333333,0.016510580000000004,0,0,0_0
GPD2,1.0181638888888889,0.02991056238325282,1,0,1_0
GPER1,1.2493041666666667,0.5399394222826087,4,4,4_4
GPHA2,2.2777208333333334,6.83434053847826,4,4,4_4
GPHB5,0.9916458333333334,0.18200965369565217,0,2,0_2
GPHN,0.9696277777777779,0.04085992294685991,0,1,0_1
GPI,1.027925,0.032783150869565215,1,0,1_0
GPIHBP1,1.3255375,0.7539689478985508,4,4,4_4
GPKOW,0.943075,0.023487590869565214,0,0,0_0
GPLD1,1.3494645833333332,0.20535073872987117,4,3,4_3
GPM6A,1.0911,0.19779358410628017,3,3,3_3
GPM6B,1.0185531250000002,0.03530442662590579,1,0,1_0
GPN1,0.9824458333333334,0.023408499057971016,0,0,0_0
GPN2,1.0047083333333333,0.021576298514492758,1,0,1_0
GPN3,1.0091083333333335,0.01733775666666667,1,0,1_0
GPNMB,1.2940166666666666,0.33937574960144934,4,3,4_3
GPR1,1.0565375,0.08173521311594202,2,2,2_2
GPR101,1.7713833333333333,4.6428674126086955,4,4,4_4
GPR107,0.9954114583333333,0.03193820629981885,0,0,0_0
GPR12,0.8456187500000002,0.27160295244565213,0,3,0_3
GPR132,1.1662875,0.20285233865942032,3,3,3_3
GPR135,1.2052552083333332,0.1573755825951087,3,2,3_2
GPR137,1.2215138888888888,0.3777129701932367,3,3,3_3
GPR137B,1.0256333333333334,0.034804889130434793,1,0,1_0
GPR137C,1.0694708333333331,0.14323039891304348,2,2,2_2
GPR141,0.9924208333333334,0.34037805615942024,0,3,0_3
GPR143,1.0883791666666667,0.09442660050724636,3,2,3_2
GPR146,0.9900583333333334,0.09000988260869568,0,2,0_2
GPR15,0.9788333333333332,1.5495319062318842,0,4,0_4
GPR150,2.7180583333333335,6.569005077246376,4,4,4_4
GPR153,0.9908854166666666,0.13135505824275365,0,2,0_2
GPR155,0.9931805555555556,0.04986613927536233,0,1,0_1
GPR156,1.4273875,0.9903173442391305,4,4,4_4
GPR157,1.0600270833333332,0.06302997103260871,2,1,2_1
GPR158,1.4023541666666668,2.258675570507247,4,4,4_4
GPR160,0.975975,0.03269367115942029,0,0,0_0
GPR161,1.1452645833333333,0.11449724908413847,3,2,3_2
GPR162,0.9237833333333333,0.2746138756521739,0,3,0_3
GPR17,1.2220854166666666,1.0536799516123185,3,4,3_4
GPR171,1.0204291666666665,0.19310250253623187,1,3,1_3
GPR173,1.03791875,0.19857780796195654,2,3,2_3
GPR174,0.957525,0.18071002043478263,0,2,0_2
GPR176,1.4625645833333334,0.4742745325905798,4,3,4_3
GPR18,1.2456791666666667,0.4381982076086957,4,3,4_3
GPR180,1.1181993055555555,0.0626296613989533,3,1,3_1
GPR182,1.0340958333333334,0.46426614510869557,2,3,2_3
GPR183,1.5139375,0.8137540857246377,4,4,4_4
GPR19,1.2352041666666667,0.5761421871739129,3,4,3_4
GPR20,1.6451104166666666,0.973303420597826,4,4,4_4
GPR21,1.4025125,1.1902848957246375,4,4,4_4
GPR22,1.2463291666666667,0.5502309718478261,4,4,4_4
GPR25,1.1390208333333334,0.4350994415217391,3,3,3_3
GPR26,1.6385138888888886,0.8090381009661837,4,4,4_4
GPR27,0.99165625,0.052248740344202904,0,1,0_1
GPR3,1.2962624999999999,1.2301978071739132,4,4,4_4
GPR31,1.8821,4.285588541594203,4,4,4_4
GPR32,2.19475,4.134263087971015,4,4,4_4
GPR34,1.1531833333333334,0.2769233215942029,3,3,3_3
GPR35,1.0021000000000002,0.3440193694202899,1,3,1_3
GPR37,1.0257791666666667,0.12416900688405798,1,2,1_2
GPR37L1,1.044225,0.21756839778985507,2,3,2_3
GPR39,1.1886458333333334,0.22858901807568435,3,3,3_3
GPR4,1.0910145833333333,0.1569932511775362,3,2,3_2
GPR42,1.5675666666666668,2.6780375171014494,4,4,4_4
GPR45,1.8309083333333334,2.475810210869565,4,4,4_4
GPR50,2.2553,7.47005254652174,4,4,4_4
GPR52,1.5643291666666663,2.4757125776086957,4,4,4_4
GPR55,1.3748104166666664,1.4290435698369564,4,4,4_4
GPR6,1.1980041666666665,1.0049033420652176,3,4,3_4
GPR61,1.4953500000000002,1.3636749189855073,4,4,4_4
GPR62,0.9986958333333332,0.22220559673913046,0,3,0_3
GPR63,0.9895541666666666,0.25678065471014494,0,3,0_3
GPR65,1.3452083333333331,0.5132549555072464,4,3,4_3
GPR68,1.0502083333333334,0.09636581481884059,2,2,2_2
GPR75,1.0799708333333333,0.5611192334057971,2,4,2_4
GPR75-ASB3,0.99481875,0.017673671322463766,0,0,0_0
GPR78,1.1466625,0.32379230003623194,3,3,3_3
GPR82,1.153011111111111,0.11104315260869564,3,2,3_2
GPR83,1.0177458333333333,0.22311623369565214,1,3,1_3
GPR84,2.0354125,5.278185438188407,4,4,4_4
GPR85,1.1220145833333333,0.3449419087862319,3,3,3_3
GPR87,1.0999875,0.2545405034057971,3,3,3_3
GPR88,1.3028583333333332,1.1512732082608694,4,4,4_4
GPR89A,1.0205718750000001,0.01914071713315217,1,0,1_0
GPR89B,1.1069541666666667,0.26776047978260864,3,3,3_3
GPRASP1,0.9793374999999999,0.04126562036231884,0,1,0_1
GPRC5A,1.3414430555555554,0.5378311502657003,4,4,4_4
GPRC5B,1.1795604166666667,0.13060469968297103,3,2,3_2
GPRC5C,0.97489375,0.07963470650362318,0,1,0_1
GPRC5D,1.0057625000000001,0.2091301165942029,1,3,1_3
GPRC6A,1.233725,0.9252995789855073,3,4,3_4
GPRIN1,1.6501520833333334,0.8088043878804347,4,4,4_4
GPRIN2,1.118075,0.10126561380434781,3,2,3_2
GPRIN3,1.1645291666666666,0.2051333129536232,3,3,3_3
GPS1,0.9916749999999999,0.04986166333333333,0,1,0_1
GPS2,1.0285374999999999,0.07283177673913042,1,1,1_1
GPSM1,1.08151875,0.19923692179347827,3,3,3_3
GPSM2,1.009903125,0.028486605665760868,1,0,1_0
GPSM3,1.3274541666666666,0.5116398974999999,4,3,4_3
GPT,1.0061333333333333,0.036021583623188407,1,0,1_0
GPT2,0.9961125000000001,0.13183030920289854,0,2,0_2
GPX2,1.1748604166666665,0.32857253679347825,3,3,3_3
GPX3,1.1954645833333333,0.5732764416485507,3,4,3_4
GPX4,1.0850916666666668,0.11915812739130435,3,2,3_2
GPX5,0.7317187500000001,0.3402675989311594,0,3,0_3
GPX7,1.0360500000000001,0.10091596681159418,2,2,2_2
GPX8,1.0703979166666666,0.05428219798913042,2,1,2_1
GRAMD1A,1.0008729166666666,0.04879406251811593,0,1,0_1
GRAMD1B,1.0904958333333334,0.1746876932608696,3,2,3_2
GRAMD1C,0.9682666666666666,0.06550009260869565,0,1,0_1
GRAMD4,0.9785625000000001,0.05408280802737519,0,1,0_1
GRAP,1.07374375,0.18444782701086962,2,2,2_2
GRAP2,0.9467083333333334,0.20003137840579707,0,3,0_3
GRAPL,1.0715010416666668,0.21064019536684778,2,3,2_3
GRASP,1.0303208333333334,0.18594026746376804,2,2,2_2
GRB10,0.9922781249999999,0.03757694584692029,0,1,0_1
GRB14,1.0290499999999998,0.2161550652173913,1,3,1_3
GRB2,1.0200847222222222,0.033365287560386474,1,0,1_0
GRB7,1.0511166666666665,0.14744761782608695,2,2,2_2
GREB1,1.5628930555555556,0.85930911147343,4,4,4_4
GREB1L,1.0586625,0.33703958311594207,2,3,2_3
GREM1,1.5535854166666667,1.2259426654891303,4,4,4_4
GREM2,1.4184333333333334,0.9226371509017717,4,4,4_4
GRHL1,1.0183666666666666,0.07079653481884059,1,1,1_1
GRHL2,0.9968916666666666,0.0715567627536232,0,1,0_1
GRHL3,1.209475,0.43942356072463773,3,3,3_3
GRHPR,0.9936638888888889,0.028419114122383255,0,0,0_0
GRIA1,1.4596208333333334,0.8558375121376812,4,4,4_4
GRIA2,1.0811680555555554,0.30005123099033815,3,3,3_3
GRIA3,1.4756924999999999,0.4950129776260869,4,3,4_3
GRIA4,1.861063888888889,0.6849001281964575,4,4,4_4
GRID1,1.2421555555555555,0.3995373137681159,4,3,4_3
GRID1-AS1,1.6995458333333335,2.7567369732608697,4,4,4_4
GRID2,0.6655916666666667,0.5229569004347827,0,3,0_3
GRIK1,1.1331555555555555,0.12905488017713368,3,2,3_2
GRIK1-AS1,1.6723041666666667,1.819535399492754,4,4,4_4
GRIK2,1.3311923611111112,0.40835520465579717,4,3,4_3
GRIK3,1.2632833333333333,0.48399036822463776,4,3,4_3
GRIK4,2.047170833333334,4.638407930942029,4,4,4_4
GRIK5,1.3079680555555555,0.5646894708615137,4,4,4_4
GRIN1,1.0592141666666666,0.23800519065797102,2,3,2_3
GRIN2A,1.3283944444444444,0.5930829914170692,4,4,4_4
GRIN2B,1.0634333333333335,0.1477453846698873,2,2,2_2
GRIN2C,1.0562097222222222,0.2014094342592593,2,3,2_3
GRIN2D,0.8996583333333333,0.2604209217028985,0,3,0_3
GRIN3A,1.8575166666666665,1.3890065824275362,4,4,4_4
GRIN3B,1.1209125,0.761954237173913,3,4,3_4
GRINA,1.0106041666666667,0.12330401818840579,1,2,1_2
GRIP1,0.82378125,0.03719564208333335,0,1,0_1
GRIP2,1.1325291666666668,0.24207439413043474,3,3,3_3
GRIPAP1,1.0848166666666665,0.0912408152173913,3,2,3_2
GRK1,1.1198249999999998,0.6374078501449275,3,4,3_4
GRK2,1.3760347222222222,0.4032621862560387,4,3,4_3
GRK3,1.0430958333333333,0.07528349583735909,2,1,2_1
GRK4,1.1040916666666667,0.04631041042572463,3,1,3_1
GRK5,1.1173135416666666,0.14143911428894926,3,2,3_2
GRK6,1.0242447916666666,0.043757865674818854,1,1,1_1
GRK7,1.5359375,2.227165435,4,4,4_4
GRM1,1.6902388888888893,1.7413693778260868,4,4,4_4
GRM2,1.0145354166666667,0.21025275400362323,1,3,1_3
GRM3,1.1061416666666666,0.2792886224637681,3,3,3_3
GRM4,0.9786583333333333,0.43746819811594206,0,3,0_3
GRM5,1.1929125,0.17141273377616748,3,2,3_2
GRM6,1.0481583333333333,0.21280339579710147,2,3,2_3
GRM8,1.3941194444444445,0.8313175890660226,4,4,4_4
GRN,1.0392472222222222,0.05786362201288244,2,1,2_1
GRP,1.6170083333333334,3.130274911449275,4,4,4_4
GRPEL1,1.0282708333333332,0.04911498489130435,1,1,1_1
GRPEL2,1.05276875,0.1587767516847826,2,2,2_2
GRPR,2.2146833333333333,4.996094590144928,4,4,4_4
GRSF1,1.0109322916666665,0.0092306371875,1,0,1_0
GRTP1,1.6580916666666665,1.9119821138405797,4,4,4_4
GRTP1-AS1,1.6166041666666666,3.6267959002173913,4,4,4_4
GRWD1,1.0390625,0.04517387224637681,2,1,2_1
GSAP,1.02105625,0.020433031974637677,1,0,1_0
GSC,0.9808291666666666,0.40003612326086957,0,3,0_3
GSC2,1.7493416666666668,2.8581472691304346,4,4,4_4
GSDMB,1.065926388888889,0.15283445987922709,2,2,2_2
GSDMC,1.1705333333333332,0.20899873434782607,3,3,3_3
GSDMD,0.9602958333333333,0.03748473210144927,0,1,0_1
GSE1,1.1953013888888888,0.2438789435668277,3,3,3_3
GSG1,1.7461770833333334,2.203359443568841,4,4,4_4
GSG1L,1.5188291666666667,2.0638731170289857,4,4,4_4
GSK3A,0.9975104166666666,0.06593732005434783,0,1,0_1
GSK3B,1.0055125,0.04318298197391304,1,1,1_1
GSKIP,1.0796124999999999,0.03602538688405798,2,0,2_0
GSN,1.362817857142857,0.3112165728216504,4,3,4_3
GSN-AS1,1.2857083333333335,1.0829594710144927,4,4,4_4
GSPT1,1.0287736111111112,0.023110125446859912,1,0,1_0
GSPT2,0.9980208333333334,0.023538214420289857,0,0,0_0
GSR,1.0614645833333334,0.0358343466847826,2,0,2_0
GSS,0.9856708333333334,0.013576926050724634,0,0,0_0
GSTA1,0.9864708333333333,0.08151756282608696,0,2,0_2
GSTA3,1.3190708333333334,0.6130671121014494,4,4,4_4
GSTA4,1.03464375,0.04370410447463768,2,1,2_1
GSTCD,1.0269361111111113,0.0669522233816425,1,1,1_1
GSTK1,0.9811874999999999,0.023326012246376808,0,0,0_0
GSTM1,1.02643125,0.04925231686594203,1,1,1_1
GSTM2,1.0238250000000002,0.034994606811594206,1,0,1_0
GSTM3,1.0068645833333334,0.1770290859601449,1,2,1_2
GSTM4,0.9781020833333333,0.050527861177536215,0,1,0_1
GSTM5,1.1227166666666666,0.404279514057971,3,3,3_3
GSTO1,1.0240354166666668,0.028067526684782605,1,0,1_0
GSTO2,1.1355187500000001,0.1738153724456522,3,2,3_2
GSTP1,1.322325,0.7799548514492755,4,4,4_4
GSTZ1,1.0281541666666667,0.08628011253623188,1,2,1_2
GSX1,1.4009770833333333,1.0592653386413042,4,4,4_4
GSX2,1.3046749999999998,1.04564001057971,4,4,4_4
GTDC1,1.019715,0.054710767536231886,1,1,1_1
GTF2A1,1.04115625,0.041541081286231886,2,1,2_1
GTF2A1L,1.0901500000000002,0.3949215256521739,3,3,3_3
GTF2A2,0.9922458333333334,0.034772133647343,0,0,0_0
GTF2B,0.9952041666666668,0.02383738036231884,0,0,0_0
GTF2E1,1.0276416666666666,0.07242347782608696,1,1,1_1
GTF2E2,0.9877375,0.01268716456521739,0,0,0_0
GTF2F1,1.635223611111111,1.0185316724074074,4,4,4_4
GTF2F2,1.0402583333333333,0.03548474304347825,2,0,2_0
GTF2H1,1.0029805555555555,0.015210378502415455,1,0,1_0
GTF2H2C,1.0595166666666667,0.16577562811594201,2,2,2_2
GTF2H3,0.9784625,0.01485758336956522,0,0,0_0
GTF2H4,1.0116791666666665,0.13052376572463767,1,2,1_2
GTF2H5,1.0494635416666667,0.0243133409375,2,0,2_0
GTF2I,1.0255791666666667,0.10117882876811596,1,2,1_2
GTF2IRD1,1.0511333333333333,0.053304854347826086,2,1,2_1
GTF2IRD2,0.9884041666666666,0.08281404829710146,0,2,0_2
GTF2IRD2B,1.0482833333333332,0.18246709985507242,2,2,2_2
GTF3A,0.978588888888889,0.022146421111111113,0,0,0_0
GTF3C1,0.9829229166666668,0.02210192480072464,0,0,0_0
GTF3C2,0.9957444444444444,0.020779703526570048,0,0,0_0
GTF3C2-AS1,1.3902854166666667,1.2763966725905795,4,4,4_4
GTF3C3,1.0033281250000001,0.019135963374094206,1,0,1_0
GTF3C4,0.9980444444444444,0.027044032769726247,0,0,0_0
GTF3C5,1.0628895833333332,0.042775004836956516,2,1,2_1
GTF3C6,1.032375,0.018632722463768122,2,0,2_0
GTPBP1,1.0544233333333333,0.11562770903768113,2,2,2_2
GTPBP10,1.0987541666666667,1.153560360942029,3,4,3_4
GTPBP2,1.460425,0.40783049979066016,4,3,4_3
GTPBP3,0.9880375,0.025750894311594198,0,0,0_0
GTPBP4,0.9958680555555556,0.03618612844605474,0,0,0_0
GTPBP6,1.0213791666666667,0.07663726920289857,1,1,1_1
GTPBP8,1.0256569444444443,0.01338867350241546,1,0,1_0
GTSE1,1.3903241666666666,0.3864200663739131,4,3,4_3
GTSF1,1.0179875,0.17857603050724635,1,2,1_2
GTSF1L,0.9739145833333334,0.12545553842391305,0,2,0_2
GUCA1A,1.0237944444444445,0.1003947708695652,1,2,1_2
GUCA1B,1.3029625,0.38586745786231885,4,3,4_3
GUCA1C,1.5916902777777777,2.460617365450885,4,4,4_4
GUCA2A,2.0640666666666667,3.5359576489855074,4,4,4_4
GUCA2B,1.6396125000000001,2.0797438231159417,4,4,4_4
GUCD1,0.969675,0.027145110289855067,0,0,0_0
GUCY1A2,1.1574604166666667,0.1691630185084541,3,2,3_2
GUCY2C,1.5288916666666665,2.703829245797101,4,4,4_4
GUCY2D,0.9734374999999998,0.0869671674637681,0,2,0_2
GUCY2F,1.0701958333333332,0.6137464374637681,2,4,2_4
GUF1,1.02658125,0.01876430875000001,1,0,1_0
GUK1,1.09816875,0.12475025302536231,3,2,3_2
GULP1,1.1070900000000001,0.09101018187246376,3,2,3_2
GUSB,1.0077041666666666,0.012569570760869562,1,0,1_0
GVQW2,0.9244083333333334,0.09163894449275363,0,2,0_2
GXYLT1,1.0251020833333333,0.1187151671557971,1,2,1_2
GXYLT2,1.0583291666666665,0.0489694381884058,2,1,2_1
GYG1,1.0313854166666667,0.018770017155797104,2,0,2_0
GYG2,1.0424472222222223,0.05966485470209341,2,1,2_1
GYPA,1.4784283333333335,0.708925858,4,4,4_4
GYPB,1.2137885416666667,0.253183465629529,3,3,3_3
GYPC,1.10215,0.2686968615942029,3,3,3_3
GYPE,1.5014527777777777,0.9091054776328502,4,4,4_4
GYS1,1.0156041666666666,0.05463473311594203,1,1,1_1
GYS2,1.6964625,3.846959628043479,4,4,4_4
GZF1,1.00061875,0.026837352518115944,0,0,0_0
GZMA,1.3365875,0.9049010707971015,4,4,4_4
GZMB,1.9847666666666666,5.891361519275361,4,4,4_4
GZMH,1.0254333333333332,0.3950060350724637,1,3,1_3
GZMK,1.7484083333333331,1.1707854346376814,4,4,4_4
GZMM,1.0204374999999999,0.0790302065942029,1,1,1_1
H1F0,1.0330375,0.03962221224637681,2,1,2_1
H1FNT,1.738363888888889,1.0697192797906603,4,4,4_4
H1FOO,0.9119416666666668,0.37759301434782605,0,3,0_3
H1FX,1.0645041666666666,0.1242872821014493,2,2,2_2
H1FX-AS1,1.1438041666666667,0.8906793832608695,3,4,3_4
H2AFB1,0.997775,0.30456911130434783,0,3,0_3
H2AFJ,1.016409375,0.06641907521286233,1,1,1_1
H2AFV,0.9945375000000002,0.006086973976449273,0,0,0_0
H2AFX,1.1057354166666669,0.07697874586050726,3,1,3_1
H2AFY,1.0496660714285715,0.03577135649068323,2,0,2_0
H2AFY2,1.0515708333333331,0.07589701630434782,2,1,2_1
H2AFZ,0.96904375,0.013265940561594199,0,0,0_0
H2BFM,1.2403416666666667,0.9135471273913044,4,4,4_4
H2BFS,1.0166625,0.1724044316666667,1,2,1_2
H3F3A,1.0132958333333333,0.047317598913043483,1,1,1_1
H6PD,1.064,0.25409853492753626,2,3,2_3
HAAO,1.0160875,0.30432164601449274,1,3,1_3
HABP2,2.0193166666666666,5.899409531449275,4,4,4_4
HABP4,0.9646416666666666,0.03300519025362318,0,0,0_0
HACD1,1.0747354166666667,0.31929469367753627,2,3,2_3
HACD2,0.9938458333333333,0.03314761405797101,0,0,0_0
HACD3,1.0131333333333332,0.015094548396739132,1,0,1_0
HACD4,1.0023354166666667,0.2237152730615942,1,3,1_3
HACE1,1.0268208333333333,0.06607260195652173,1,1,1_1
HACL1,0.9814625000000001,0.027613741666666664,0,0,0_0
HADH,1.0026458333333335,0.007926218413848633,1,0,1_0
HADHA,0.9853249999999999,0.013965960273752008,0,0,0_0
HADHB,0.9922708333333333,0.005280965869565218,0,0,0_0
HAGH,0.9978958333333333,0.03296824065217392,0,0,0_0
HAGHL,0.9206833333333333,0.10809642014492753,0,2,0_2
HAGLR,1.4059305555555557,0.8071410377294685,4,4,4_4
HAGLROS,2.302195833333333,5.705482530217393,4,4,4_4
HAL,1.3465416666666667,0.42374596130434783,4,3,4_3
HAMP,1.0512416666666666,0.09837342188405795,2,2,2_2
HAND1,1.2491166666666669,0.7936376627536232,4,4,4_4
HAND2,2.331325,5.080308549130435,4,4,4_4
HAND2-AS1,0.9926020833333334,0.4795635708876812,0,3,0_3
HAO1,1.9704249999999999,2.4663624607246377,4,4,4_4
HAO2,1.2019916666666666,0.3664708067391304,3,3,3_3
HAP1,1.105588888888889,0.233348911352657,3,3,3_3
HAPLN1,1.7016010416666667,3.459567576499094,4,4,4_4
HAPLN2,2.0903,3.143959632463768,4,4,4_4
HAPLN3,1.1136249999999999,0.29422947927536225,3,3,3_3
HAPLN4,1.4575083333333334,2.1608359498550724,4,4,4_4
HAR1A,1.0643958333333334,0.29787106137681163,2,3,2_3
HARBI1,1.0060666666666667,0.05957822391304347,1,1,1_1
HARS2,0.979925,0.016547180434782604,0,0,0_0
HAS1,1.8510416666666665,2.6241749117391304,4,4,4_4
HAS2,1.0076854166666667,0.0730043450905797,1,1,1_1
HAS3,1.2508791666666665,0.17737968163043477,4,2,4_2
HAT1,0.9787291666666667,0.006099225724637684,0,0,0_0
HAUS1,0.9888958333333333,0.03119315253623189,0,0,0_0
HAUS2,1.0091124999999999,0.03376461497282608,1,0,1_0
HAUS3,1.0192333333333334,0.022345217391304347,1,0,1_0
HAUS5,1.0043458333333335,0.021512895386473437,1,0,1_0
HAUS6,1.0139708333333333,0.02325222372785829,1,0,1_0
HAUS7,1.3941597222222224,0.5915575839694042,4,4,4_4
HAUS8,1.0529541666666666,0.0838162145652174,2,2,2_2
HAVCR1,0.8742791666666667,0.2920984693478261,0,3,0_3
HAVCR2,1.402057291666667,0.33075966779438404,4,3,4_3
HAX1,0.9016604166666666,0.06813436762681159,0,1,0_1
HBA2,1.2402291666666667,0.5259292344082125,4,3,4_3
HBB,1.3522520833333331,0.9837401131612318,4,4,4_4
HBD,1.4805958333333333,4.036125898043479,4,4,4_4
HBE1,1.48495625,1.184106472155797,4,4,4_4
HBEGF,1.7506270833333335,1.0077618914130435,4,4,4_4
HBG2,1.1509958333333332,0.4418170432608696,3,3,3_3
HBM,1.7241083333333334,2.476030818695652,4,4,4_4
HBP1,1.0013666666666667,0.032598388792270526,1,0,1_0
HBQ1,1.1370791666666669,0.7732191997826086,3,4,3_4
HBS1L,1.0126104166666667,0.017118153351449273,1,0,1_0
HBZ,1.7262875,5.102109185289854,4,4,4_4
HCAR1,1.0855874999999997,0.6642130078985508,3,4,3_4
HCAR3,1.2795958333333333,0.6702976181884059,4,4,4_4
HCCAT5,1.0274041666666667,0.1623727397826087,1,2,1_2
HCCS,1.0389916666666668,0.04496765887681159,2,1,2_1
HCFC1,1.0655958333333333,0.05388749830112722,2,1,2_1
HCFC1R1,1.1192624999999998,0.10255858985507245,3,2,3_2
HCFC2,1.0038083333333334,0.010614975036231883,1,0,1_0
HCG11,1.1465729166666667,0.5317751046920289,3,3,3_3
HCG18,1.0150779166666666,0.02151272530072464,1,0,1_0
HCG22,1.2653,0.6486072120289855,4,4,4_4
HCG27,0.8915833333333333,0.054905914057971024,0,1,0_1
HCG9,1.0213833333333333,0.3480921888405797,1,3,1_3
HCK,1.3348375000000001,0.3953212777536231,4,3,4_3
HCLS1,1.1010333333333333,0.2481538827536232,3,3,3_3
HCN1,1.51314375,0.9054656786775361,4,4,4_4
HCN2,0.9913020833333333,0.1411915654166667,0,2,0_2
HCN3,1.0958999999999999,0.04993964347826086,3,1,3_1
HCN4,1.1123291666666668,0.2367893811956522,3,3,3_3
HCRT,1.232075,0.98258913,3,4,3_4
HCRTR1,1.9328541666666663,7.202250310217392,4,4,4_4
HCRTR2,1.321275,1.0368682371014493,4,4,4_4
HCST,1.4746208333333335,1.0924879886231884,4,4,4_4
HDAC1,0.9924291666666667,0.009667741956521737,0,0,0_0
HDAC10,1.1929979166666667,0.3398198597282609,3,3,3_3
HDAC11,0.9906541666666667,0.11310139134057973,0,2,0_2
HDAC2,1.0000291666666667,0.032650170253623184,0,0,0_0
HDAC3,1.0073999999999999,0.040849592463768125,1,1,1_1
HDAC4,1.1590236111111112,0.21366072160225444,3,3,3_3
HDAC5,1.0353208333333332,0.04142831807971015,2,1,2_1
HDAC6,1.0070375,0.0872544111835749,1,2,1_2
HDAC7,1.6418958333333336,1.432122535978261,4,4,4_4
HDAC8,1.0023555555555557,0.026455358888888898,1,0,1_0
HDAC9,1.10811,0.07821583623188405,3,1,3_1
HDC,1.2853958333333333,0.2416145394927536,4,3,4_3
HDDC2,0.9645812500000001,0.032912501757246374,0,0,0_0
HDDC3,0.97195,0.025688034347826082,0,0,0_0
HDGF,1.0148875000000002,0.013820978913043477,1,0,1_0
HDGFL1,1.0477333333333334,0.33357168101449275,2,3,2_3
HDHD2,1.0029875,0.0032257809420289866,1,0,1_0
HDHD3,0.9728416666666666,0.04964462333333334,0,1,0_1
HDLBP,1.0546736111111112,0.017243830825281806,2,0,2_0
HDX,0.9828958333333334,0.15906918760869565,0,2,0_2
HEATR1,1.0253025,0.04523228822318841,1,1,1_1
HEATR3,1.0064354166666667,0.06147699831521739,1,1,1_1
HEATR4,1.0621041666666666,0.14580287528985508,2,2,2_2
HEATR5A,1.0081333333333333,0.022509010000000006,1,0,1_0
HEATR5B,1.0459729166666667,0.09204695070652175,2,2,2_2
HEATR6,0.9875531249999999,0.027692031127717395,0,0,0_0
HEATR9,1.3612666666666666,1.2526118795652175,4,4,4_4
HEBP1,1.0519791666666667,0.03804594253623189,2,1,2_1
HEBP2,1.0215458333333334,0.023259752499999998,1,0,1_0
HECA,0.9851833333333332,0.05697183766505637,0,1,0_1
HECTD1,1.1625013888888889,0.15587430590579707,3,2,3_2
HECTD2,1.156328125,0.16257277001358697,3,2,3_2
HECTD3,1.0248083333333333,0.014438659999999999,1,0,1_0
HECTD4,1.25035,0.24479326928743966,4,3,4_3
HECW1,1.2536305555555556,0.32939287206119167,4,3,4_3
HECW2,1.399,0.8066904104186795,4,4,4_4
HEG1,1.2117145833333334,0.09495355175724636,3,2,3_2
HELB,1.0774416666666666,0.17052604273752014,2,2,2_2
HELLS,1.1839841666666666,0.24553763812463775,3,3,3_3
HELQ,1.0594116666666666,0.02344606853913044,2,0,2_0
HELZ,0.9952388888888889,0.04056396990338164,0,1,0_1
HELZ2,1.0447354166666667,0.10429816867753625,2,2,2_2
HEMGN,0.9496854166666666,0.17714015961956522,0,2,0_2
HEMK1,1.0336177083333336,0.03859762341032609,2,1,2_1
HENMT1,1.0710041666666668,0.10681184456521739,2,2,2_2
HEPACAM2,0.9408208333333334,0.17994010152173914,0,2,0_2
HEPH,1.1056270833333333,0.16531757545289857,3,2,3_2
HEPN1,1.1228458333333335,0.4458539919565217,3,3,3_3
HERC1,1.1796097222222222,0.390907289605475,3,3,3_3
HERC2,0.97385,0.020462565217391305,0,0,0_0
HERC4,0.9862777777777777,0.016455940466988724,0,0,0_0
HERC5,1.0723166666666666,0.14423854913043477,2,2,2_2
HERC6,1.1258583333333334,0.5415597181884056,3,4,3_4
HERPUD1,1.0188958333333333,0.056060738659420295,1,1,1_1
HERPUD2,0.9948347222222221,0.01957632065217391,0,0,0_0
HES1,1.3672152777777775,0.3181022811191626,4,3,4_3
HES2,1.1899333333333333,0.3755538923993559,3,3,3_3
HES4,1.1526625,0.4970584010869565,3,3,3_3
HES5,2.093266666666667,2.86366921173913,4,4,4_4
HES6,1.1180125,0.3958831361594203,3,3,3_3
HES7,2.0887999999999995,4.864614740289853,4,4,4_4
HESX1,1.0852000000000002,0.09650932913043475,3,2,3_2
HEXA,1.0852302083333332,0.05866924381793477,3,1,3_1
HEXA-AS1,1.0092125,0.08494147195652171,1,2,1_2
HEXB,1.007275,0.011946994057971012,1,0,1_0
HEXDC,0.9918458333333332,0.057448493442028986,0,1,0_1
HEXIM1,1.0068791666666668,0.03547559976650565,1,0,1_0
HEXIM2,1.05410625,0.05001905929347827,2,1,2_1
HEY1,1.0021979166666666,0.02639296856884058,1,0,1_0
HEY2,1.0637166666666669,0.11431260304347828,2,2,2_2
HEYL,1.1085729166666667,0.08340039813405796,3,2,3_2
HFE,1.101085,0.059954888790338154,3,1,3_1
HFM1,1.2081958333333334,0.46199141612318845,3,3,3_3
HGD,1.1470739583333334,0.11680830107336955,3,2,3_2
HGF,1.097105,0.1331250620811594,3,2,3_2
HGFAC,0.9805791666666668,0.42811654746376804,0,3,0_3
HGH1,1.0114666666666665,0.04232608586956522,1,1,1_1
HGS,0.9727666666666667,0.0704794736231884,0,1,0_1
HGSNAT,1.0925591666666665,0.048673122043478276,3,1,3_1
HHAT,1.0072208333333335,0.04606850108695652,1,1,1_1
HHATL,1.0393958333333335,0.13792268862318843,2,2,2_2
HHEX,1.4880416666666667,0.42127997880434775,4,3,4_3
HHIP,1.1617020833333334,0.3807278624728261,3,3,3_3
HHIP-AS1,1.0450708333333332,0.11242030181159421,2,2,2_2
HHIPL1,1.1787020833333333,0.5381410920833334,3,4,3_4
HHIPL2,1.5134833333333333,1.2052276243478262,4,4,4_4
HHLA1,1.0068666666666666,0.882904070905797,1,4,1_4
HHLA2,1.375059722222222,0.45984083480676324,4,3,4_3
HHLA3,1.0570166666666667,0.036311480531400965,2,1,2_1
HIBADH,1.0176388888888888,0.03670546091787439,1,1,1_1
HIBCH,1.0239354166666665,0.03070936860507246,1,0,1_0
HIC1,1.1045708333333335,0.17036738894927536,3,2,3_2
HIC2,1.2237916666666668,0.32490138551630443,3,3,3_3
HID1,0.9983458333333334,0.14799899695652174,0,2,0_2
HIF1A,1.0281208333333334,0.025537302971014496,1,0,1_0
HIF1AN,0.9662486111111109,0.009362628945249599,0,0,0_0
HIF3A,1.3845172619047617,0.4357388216400473,4,3,4_3
HIGD1A,1.0274972222222223,0.022653180692431555,1,0,1_0
HIGD1B,2.3197541666666663,4.46295860268116,4,4,4_4
HIGD2A,0.9738541666666666,0.1373219881884058,0,2,0_2
HIKESHI,1.0712,0.043734670471014495,2,1,2_1
HILPDA,1.1151875,0.3017525337318841,3,3,3_3
HINFP,0.9866333333333334,0.03511073275362318,0,0,0_0
HINT1,1.0106883333333332,0.005891717455072464,1,0,1_0
HINT2,1.0262416666666667,0.03700736449275364,1,1,1_1
HINT3,0.9731138888888888,0.04179811454106279,0,1,0_1
HIP1,1.0585520833333333,0.06939987654891303,2,1,2_1
HIP1R,1.012648611111111,0.05936735875201288,1,1,1_1
HIPK1,0.9876458333333332,0.037021313034420286,0,1,0_1
HIPK1-AS1,1.27690625,0.6836133119746377,4,4,4_4
HIPK2,1.0546266666666666,0.04882959928405799,2,1,2_1
HIPK3,1.0281020833333334,0.02639703274456522,1,0,1_0
HIPK4,0.9846749999999999,0.13564866681159418,0,2,0_2
HIRA,1.0072729166666667,0.046504817880434784,1,1,1_1
HIRIP3,0.9952020833333334,0.018082860634057972,0,0,0_0
HIST1H1A,1.2978375,1.0555349915217391,4,4,4_4
HIST1H1B,2.0761041666666666,4.846612533840579,4,4,4_4
HIST1H1C,0.9788958333333334,0.1539178997826087,0,2,0_2
HIST1H1D,1.0707166666666665,0.2827352917391304,2,3,2_3
HIST1H1E,1.0234958333333333,0.36656823282608697,1,3,1_3
HIST1H1T,1.5994708333333334,1.9421612958695653,4,4,4_4
HIST1H2AB,1.0010791666666667,0.2019992570289855,0,3,0_3
HIST1H2AC,1.0559208333333332,0.12541738934782606,2,2,2_2
HIST1H2AE,1.3484208333333332,0.8097363163043478,4,4,4_4
HIST1H2AH,1.1715083333333334,0.22204581927536232,3,3,3_3
HIST1H2AJ,1.037725,0.13877226130434783,2,2,2_2
HIST1H2AK,1.7236958333333334,0.8847684626086955,4,4,4_4
HIST1H2AL,1.455,1.405697765942029,4,4,4_4
HIST1H2AM,0.9514625000000002,0.3181696364492754,0,3,0_3
HIST1H2BA,1.4148416666666666,1.7665410034782612,4,4,4_4
HIST1H2BB,1.4877791666666669,2.34023468557971,4,4,4_4
HIST1H2BC,1.1684770833333333,0.406355792826087,3,3,3_3
HIST1H2BD,1.1955687500000003,0.6288083843659424,3,4,3_4
HIST1H2BE,1.1850875,0.34146283644927533,3,3,3_3
HIST1H2BH,1.1659458333333335,0.26670556050724636,3,3,3_3
HIST1H2BJ,1.4059680555555556,0.8012659170772946,4,4,4_4
HIST1H2BK,1.1329916666666666,0.07535585826086956,3,1,3_1
HIST1H2BL,1.9994208333333334,4.292085477318841,4,4,4_4
HIST1H2BM,2.449,7.648933952608697,4,4,4_4
HIST1H2BN,1.8821166666666667,4.285770043913044,4,4,4_4
HIST1H2BO,1.1381333333333332,1.0681681601449275,3,4,3_4
HIST1H3A,1.1075375,0.558357885,3,4,3_4
HIST1H3B,1.1715083333333334,0.5616441156521738,3,4,3_4
HIST1H3C,1.2376166666666666,0.2512320331884058,3,3,3_3
HIST1H3D,1.9032499999999999,3.847327279855072,4,4,4_4
HIST1H3E,1.1635083333333334,0.3127168172826087,3,3,3_3
HIST1H3F,1.2336239583333333,0.22767480802989135,3,3,3_3
HIST1H3G,0.9682499999999999,0.057391595507246373,0,1,0_1
HIST1H3I,2.4231416666666665,8.355581589710146,4,4,4_4
HIST1H4A,2.15765,4.3431893718840575,4,4,4_4
HIST1H4D,1.426008333333333,2.3400500866666674,4,4,4_4
HIST1H4E,1.064925,0.3964917946376812,2,3,2_3
HIST1H4G,1.5962333333333332,1.0368678697826088,4,4,4_4
HIST1H4H,1.05350625,0.2190012490036232,2,3,2_3
HIST1H4I,1.0247541666666666,0.4022638923913044,1,3,1_3
HIST1H4J,1.1555291666666667,0.18067113413043473,3,2,3_2
HIST1H4L,1.1701666666666666,0.6343170169565218,3,4,3_4
HIST2H2AA4,1.1825166666666667,0.4363702060386474,3,3,3_3
HIST2H2BE,1.2321875,0.18212670355072466,3,2,3_2
HIST2H4B,1.2222108333333332,0.1909020840666666,3,3,3_3
HIST3H2A,1.10223125,0.2980567477355072,3,3,3_3
HIST3H3,0.9931333333333333,0.22360152188405794,0,3,0_3
HIVEP1,0.9974520833333335,0.06537749288043479,0,1,0_1
HIVEP2,1.0679375,0.09110305493558778,2,2,2_2
HIVEP3,1.0235225000000001,0.03454943992753624,1,0,1_0
HJURP,1.1583958333333333,0.15102081760869565,3,2,3_2
HK1,1.0338,0.0243416215942029,2,0,2_0
HK2,1.0885166666666668,0.0750700994041868,3,1,3_1
HK3,1.3404583333333333,0.779287344057971,4,4,4_4
HKDC1,1.4660802083333333,0.43529859033061596,4,3,4_3
HKR1,1.124176388888889,0.22748841095813208,3,3,3_3
HLA-A,1.0119395833333333,0.03327644302536232,1,0,1_0
HLA-B,1.0373444444444444,0.07910310748792272,2,1,2_1
HLA-C,1.0578833333333333,0.07287660911231886,2,1,2_1
HLA-DMA,1.064125,0.21916460043478256,2,3,2_3
HLA-DMB,1.0965666666666667,0.1973731711594203,3,3,3_3
HLA-DOA,1.4974908333333332,0.343532306826087,4,3,4_3
HLA-DOB,1.2049687500000001,0.3054402046557971,3,3,3_3
HLA-DPA1,1.2738194444444444,0.25214902478260875,4,3,4_3
HLA-DPB1,1.2184687500000002,0.4288090843297102,3,3,3_3
HLA-DQA1,53.4145875,7461.075660808913,4,4,4_4
HLA-DQB1,1.7665750000000002,2.0543754047826086,4,4,4_4
HLA-DQB2,1.6029333333333333,1.5902042771014493,4,4,4_4
HLA-DRA,1.2125,0.30423134076086955,3,3,3_3
HLA-DRB1,1.1778250000000001,0.1159480372463768,3,2,3_2
HLA-E,1.0362097222222222,0.08457991994363931,2,2,2_2
HLA-F,1.1486083333333335,0.22717735428341385,3,3,3_3
HLA-G,1.2215177083333335,0.31110839718750005,3,3,3_3
HLCS,0.9816604166666667,0.04428317722826088,0,1,0_1
HLF,1.0322638888888889,0.12112048552334943,2,2,2_2
HLTF,1.033425,0.01876293637681159,2,0,2_0
HLX,1.0978208333333335,0.2901990839855072,3,3,3_3
HM13,1.2091433333333335,0.2645231404347827,3,3,3_3
HMBOX1,1.0060916666666666,0.02725573070652175,1,0,1_0
HMBS,1.0077708333333335,0.037677365000000004,1,1,1_1
HMCES,1.0643583333333335,0.08734260771739132,2,2,2_2
HMCN1,1.3191333333333335,0.5522386778260868,4,4,4_4
HMCN2,1.5462691666666668,0.5923621032550725,4,4,4_4
HMG20A,1.0386541666666667,0.02897144934782608,2,0,2_0
HMG20B,1.0492083333333333,0.1308119952818035,2,2,2_2
HMGA1,1.0255395833333334,0.06175959331521739,1,1,1_1
HMGA2,1.1676773148148147,0.18163891239130428,3,2,3_2
HMGB1,0.9976975,0.0031389120724637652,0,0,0_0
HMGB2,0.9496708333333332,0.10504799923913044,0,2,0_2
HMGB3,1.0823270833333334,0.2168103511413043,3,3,3_3
HMGB4,2.6186875,6.310667577318841,4,4,4_4
HMGCL,0.9478083333333333,0.034067991739130436,0,0,0_0
HMGCLL1,1.3325055555555556,0.563037558083736,4,4,4_4
HMGCR,1.0296,0.015599180905797112,1,0,1_0
HMGCS1,1.00615625,0.04531582157608696,1,1,1_1
HMGCS2,1.0044041666666665,0.26925165644927535,1,3,1_3
HMGN1,0.9686166666666667,0.023443981014492746,0,0,0_0
HMGN2,1.0198416666666665,0.020076586376811593,1,0,1_0
HMGN3,0.9945541666666666,0.00998938369565217,0,0,0_0
HMGN3-AS1,1.102875,0.06442992579710145,3,1,3_1
HMGN4,0.9925069444444444,0.011576782278582935,0,0,0_0
HMGN5,0.9915770833333334,0.022949456394927535,0,0,0_0
HMGXB3,1.06983125,0.08283620523550726,2,2,2_2
HMGXB4,1.0321166666666668,0.012829522065217392,2,0,2_0
HMHB1,2.4988625,5.906783319202899,4,4,4_4
HMMR,1.4269854166666667,0.6755727165398551,4,4,4_4
HMMR-AS1,1.1858000000000002,0.5011496949275361,3,3,3_3
HMOX1,1.3859000000000001,0.6329851671014493,4,4,4_4
HMOX2,1.003675,0.03481673264492754,1,0,1_0
HMX1,1.0418083333333332,0.3390073069565217,2,3,2_3
HMX2,1.3235583333333334,0.638114286231884,4,4,4_4
HNF1A,1.2055604166666667,0.34522050139492755,3,3,3_3
HNF1B,1.2148708333333333,0.46013450413043483,3,3,3_3
HNF4A,1.2227166666666667,0.112006920736715,3,2,3_2
HNF4A-AS1,1.61255,2.36120916173913,4,4,4_4
HNF4G,1.36410625,1.0355782435688405,4,4,4_4
HNMT,1.03766875,0.05698600451489532,2,1,2_1
HNRNPA0,1.0158333333333334,0.01305382755233494,1,0,1_0
HNRNPA1,1.0132333333333332,0.034581818019323675,1,0,1_0
HNRNPA2B1,1.2300708333333332,0.2152683258242754,3,3,3_3
HNRNPA3,1.0077763888888889,0.008863838297101445,1,0,1_0
HNRNPAB,1.0151958333333333,0.050401860217391306,1,1,1_1
HNRNPC,1.0246708333333332,0.0071036621191955035,1,0,1_0
HNRNPCL4,0.9435916666666667,0.40857161289855076,0,3,0_3
HNRNPD,1.0210430555555556,0.023316248202719624,1,0,1_0
HNRNPDL,1.1810166666666666,0.10597774980273753,3,2,3_2
HNRNPF,0.9798625,0.03028031644927536,0,0,0_0
HNRNPH1,1.05808125,0.04070314100543479,2,1,2_1
HNRNPH3,1.0072916666666667,0.019222223759057973,1,0,1_0
HNRNPK,1.0145875,0.016543466050724633,1,0,1_0
HNRNPL,1.0389479166666666,0.04392261545289856,2,1,2_1
HNRNPLL,1.01418125,0.022731418614130437,1,0,1_0
HNRNPM,1.0299678571428572,0.04257900746228927,1,1,1_1
HNRNPR,1.0738333333333332,0.03548310600644123,2,0,2_0
HNRNPU,1.0196291666666666,0.040969207127536246,1,1,1_1
HNRNPUL1,1.0166229166666667,0.015177131612318841,1,0,1_0
HNRNPUL2,0.9875854166666667,0.02403226440217391,0,0,0_0
HNRNPUL2-BSCL2,0.9783895833333335,0.03677566385869564,0,1,0_1
HOGA1,1.1099249999999998,0.30385234246376813,3,3,3_3
HOMER1,1.1146895833333332,0.16198657476449277,3,2,3_2
HOMER2,1.0066041666666667,0.10610655641304347,1,2,1_2
HOMER3,1.1809555555555555,0.3543893006924316,3,3,3_3
HOMEZ,1.1078291666666666,0.22087239282608695,3,3,3_3
HOOK1,0.9741791666666666,0.033717650760869564,0,0,0_0
HOOK2,0.9919791666666665,0.06462932355072462,0,1,0_1
HOOK3,1.0437058333333333,0.03689135287246377,2,1,2_1
HOPX,1.4081458333333334,0.8192048355152979,4,4,4_4
HORMAD1,1.0295291666666666,0.35576883108695656,1,3,1_3
HORMAD2,1.7236333333333331,1.4556428805434785,4,4,4_4
HOTAIR,1.3610041666666668,2.903391899637681,4,4,4_4
HOTAIRM1,1.3288708333333334,0.24982387097101447,4,3,4_3
HOTTIP,1.5239624999999999,0.7461350787037039,4,4,4_4
HOXA-AS2,1.5405597222222223,0.4374134378824476,4,3,4_3
HOXA-AS3,1.665816666666667,3.9952671042028984,4,4,4_4
HOXA1,1.0245458333333335,0.25701426311594205,1,3,1_3
HOXA10,1.48614375,1.0887822095471011,4,4,4_4
HOXA10-AS,1.849475,1.927745698115942,4,4,4_4
HOXA11,1.3469875,0.6313149140942028,4,4,4_4
HOXA11-AS,1.2507479166666666,0.6342898319021739,4,4,4_4
HOXA13,1.245151388888889,0.39566669155394524,4,3,4_3
HOXA2,0.9256250000000001,0.1833966133333333,0,2,0_2
HOXA3,1.2813687500000002,0.6416889698731885,4,4,4_4
HOXA4,1.3427666666666667,0.95567857057971,4,4,4_4
HOXA5,1.1763041666666665,0.8592568302173913,3,4,3_4
HOXA6,0.9273583333333333,0.2992061610144927,0,3,0_3
HOXA7,1.4575083333333334,0.9776998683695652,4,4,4_4
HOXB-AS1,1.12501875,0.2934225556702899,3,3,3_3
HOXB-AS3,1.3191341666666667,0.2776192435623189,4,3,4_3
HOXB1,1.1501416666666666,0.813048807173913,3,4,3_4
HOXB13,1.3104541666666665,0.7393867237681159,4,4,4_4
HOXB2,1.0535416666666666,0.15974570971014493,2,2,2_2
HOXB3,1.0362124999999998,0.17695569833333333,2,2,2_2
HOXB4,0.9700333333333333,0.12190005260869564,0,2,0_2
HOXB5,1.0261875,0.16773603184782615,1,2,1_2
HOXB6,1.0496333333333334,0.17395267916666662,2,2,2_2
HOXB7,1.1016805555555556,0.2805539662318841,3,3,3_3
HOXB8,1.5870125000000002,1.0467423730434782,4,4,4_4
HOXB9,1.0597583333333334,0.2495997920652174,2,3,2_3
HOXC10,1.0447541666666667,0.4637320207971015,2,3,2_3
HOXC11,1.0260624999999999,0.396729650942029,1,3,1_3
HOXC12,0.9237875,0.39156037456521736,0,3,0_3
HOXC13,2.135275,7.575136303913044,4,4,4_4
HOXC4,1.1491166666666668,0.14975576826086953,3,2,3_2
HOXC5,2.0846583333333335,3.1252941824637683,4,4,4_4
HOXC6,1.0064250000000001,0.2126501120289855,1,3,1_3
HOXC8,1.6944291666666667,3.479371801231884,4,4,4_4
HOXC9,1.004125,1.6893658311594202,1,4,1_4
HOXD-AS2,1.3768291666666668,1.5341741854347826,4,4,4_4
HOXD1,1.0031979166666665,0.33738803385869565,1,3,1_3
HOXD10,1.4148069444444442,1.0011028715378425,4,4,4_4
HOXD11,1.5276874999999999,2.581710693695653,4,4,4_4
HOXD12,1.7787333333333333,10.706974662463772,4,4,4_4
HOXD13,1.6105583333333335,0.9191641823027376,4,4,4_4
HOXD4,1.2346020833333335,0.32176737208333345,3,3,3_3
HOXD8,1.1511708333333333,0.2563499836956522,3,3,3_3
HOXD9,1.6799020833333334,1.1657383591847823,4,4,4_4
HP,1.2260291666666667,0.5854940355797101,3,4,3_4
HP1BP3,1.027755,0.013371126475362323,1,0,1_0
HPCA,1.1377875,0.6866618461594203,3,4,3_4
HPCAL1,0.9987625000000001,0.04543661539855073,0,1,0_1
HPCAL4,1.0387354166666667,0.18960572168478268,2,2,2_2
HPD,1.2132874999999999,2.2600854022463768,3,4,3_4
HPDL,1.1689208333333332,0.5168800374637681,3,3,3_3
HPF1,1.0307354166666667,0.08159031998188407,2,2,2_2
HPGD,1.0285510416666666,0.1736624497146739,1,2,1_2
HPGDS,1.5531333333333333,0.8971134386956522,4,4,4_4
HPN,1.1793833333333332,0.21733785637681158,3,3,3_3
HPR,1.0890229166666667,0.15543596675724636,3,2,3_2
HPRT1,1.1713916666666666,0.265689372210145,3,3,3_3
HPS1,1.0371066666666666,0.04797987183768116,2,1,2_1
HPS3,1.0196791666666667,0.03635370108695653,1,1,1_1
HPS4,1.0105527777777776,0.01807194520128825,1,0,1_0
HPS5,1.02295,0.025837150000000003,1,0,1_0
HPS6,1.1353270833333333,0.22804037625000004,3,3,3_3
HPSE,1.1411125,0.12658481583333334,3,2,3_2
HPSE2,0.9909833333333333,0.45342559579710146,0,3,0_3
HPX,1.19785,0.4010113381159421,3,3,3_3
HPYR1,1.8763958333333335,1.0032642931521738,4,4,4_4
HR,1.0938791666666667,0.1913037396859904,3,3,3_3
HRAS,0.9654374999999998,0.06854678471014491,0,1,0_1
HRASLS,1.0427875,0.13032236887681162,2,2,2_2
HRASLS2,1.6313249999999997,1.0011321895008052,4,4,4_4
HRASLS5,1.113425,0.24023784847826088,3,3,3_3
HRC,1.2105291666666667,1.3157130902173915,3,4,3_4
HRCT1,0.9714333333333333,0.12995889594202903,0,2,0_2
HRG,1.3793958333333334,0.5763471335869566,4,4,4_4
HRH1,1.8515041666666667,1.4750598256159422,4,4,4_4
HRH2,1.0594000000000001,0.26629472594202896,2,3,2_3
HRH3,1.1254770833333332,0.4832314123641303,3,3,3_3
HRH4,1.0622416666666668,0.20325219047101445,2,3,2_3
HRK,1.4247104166666666,0.7838883673822462,4,4,4_4
HS1BP3,1.0089937500000001,0.043836206023550726,1,1,1_1
HS2ST1,1.0326322916666666,0.017604843211050724,2,0,2_0
HS3ST1,1.1043680555555555,0.2474354599919484,3,3,3_3
HS3ST2,1.1873333333333334,0.4033079569565218,3,3,3_3
HS3ST3A1,1.1996583333333335,0.43127736971014485,3,3,3_3
HS3ST3B1,1.0840263888888888,0.1224041386231884,3,2,3_2
HS3ST4,1.1710291666666666,0.43326695413043476,3,3,3_3
HS3ST5,1.0629958333333334,0.5217891107971014,2,3,2_3
HS3ST6,1.1489166666666666,0.40256053478260867,3,3,3_3
HS6ST1,1.635709722222222,0.8555259174154591,4,4,4_4
HS6ST2,1.7309750000000002,1.8939111842028984,4,4,4_4
HS6ST3,1.3019114583333333,0.482393767504529,4,3,4_3
HSBP1,1.00565625,0.018656791322463766,1,0,1_0
HSBP1L1,1.0362666666666667,0.05498398507246377,2,1,2_1
HSCB,1.0088958333333333,0.024721887898550725,1,0,1_0
HSD11B1,1.0167625,0.4843011361594203,1,3,1_3
HSD11B1L,0.98620625,0.10187976798913044,0,2,0_2
HSD11B2,1.1947,0.18394833985507245,3,2,3_2
HSD17B1,1.0125583333333334,0.0966065408695652,1,2,1_2
HSD17B10,1.0798375,0.10011518036231884,2,2,2_2
HSD17B11,1.0640541666666667,0.04830537152173914,2,1,2_1
HSD17B12,0.9659510416666667,0.09065543800271739,0,2,0_2
HSD17B14,1.0537416666666666,0.11441935551630433,2,2,2_2
HSD17B2,1.0279833333333332,0.3063293301449276,1,3,1_3
HSD17B3,1.0972791666666666,0.26171091659420287,3,3,3_3
HSD17B4,1.0102145833333334,0.07755384780797102,1,1,1_1
HSD17B6,1.1858375,0.3921481270652174,3,3,3_3
HSD17B7,1.047725,0.06233496739130434,2,1,2_1
HSD17B8,1.0038458333333333,0.058228138478260874,1,1,1_1
HSD3B1,1.6570979166666666,1.6420636861050728,4,4,4_4
HSD3B2,4.402104166666667,60.04925330717392,4,4,4_4
HSD3B7,0.9975291666666667,0.0875806054347826,0,2,0_2
HSDL1,1.0231333333333332,0.04054793753623188,1,1,1_1
HSDL2,0.9956395833333334,0.025674487364130427,0,0,0_0
HSF1,1.3366666666666667,0.5148969636956522,4,3,4_3
HSF2,1.0492458333333332,0.0495584100362319,2,1,2_1
HSF2BP,1.0623,0.25862093101449274,2,3,2_3
HSF4,1.0621416666666665,0.1555189586956522,2,2,2_2
HSF5,1.1417541666666666,0.3756047102173913,3,3,3_3
HSFX1,1.1755833333333334,0.6258621737681159,3,4,3_4
HSFY2,1.1078979166666667,0.1399710951630435,3,2,3_2
HSH2D,1.0159,0.20762229608695648,1,3,1_3
HSP90AA1,1.0258395833333334,0.00773893718297101,1,0,1_0
HSP90AB1,0.9935027777777777,0.023052007987117543,0,0,0_0
HSP90B1,0.981325,0.0321037179347826,0,0,0_0
HSPA12A,2.0535229166666666,2.7174554071195653,4,4,4_4
HSPA12B,1.1460770833333334,0.1868683015398551,3,2,3_2
HSPA13,1.0587250000000001,0.06385164648550724,2,1,2_1
HSPA14,1.008923611111111,0.03480879173107889,1,0,1_0
HSPA1B,1.0128374999999998,0.03684341423913043,1,1,1_1
HSPA1L,1.4221444444444444,0.5094809268599032,4,3,4_3
HSPA2,1.0003208333333333,0.07704559673913045,0,1,0_1
HSPA4,1.0834635416666667,0.07463346164402174,3,1,3_1
HSPA4L,1.1129395833333333,0.11877136530797101,3,2,3_2
HSPA5,1.05421875,0.04704159795289856,2,1,2_1
HSPA6,1.0676104166666667,0.23687548302536235,2,3,2_3
HSPA9,1.0296114583333333,0.03400203141757246,1,0,1_0
HSPB1,1.0813083333333333,0.06640017898550724,3,1,3_1
HSPB11,1.0316097222222222,0.07204634934782607,2,1,2_1
HSPB2,1.2799875,0.971338856594203,4,4,4_4
HSPB2-C11orf52,0.9965125,0.07072206050724637,0,1,0_1
HSPB3,1.1898666666666666,0.7213538401449275,3,4,3_4
HSPB6,1.7202645833333332,2.3584377718659417,4,4,4_4
HSPB7,2.0843000000000003,1.8888158852536232,4,4,4_4
HSPB8,1.05573125,0.1755160312137681,2,2,2_2
HSPB9,0.9507875,0.2124774558695652,0,3,0_3
HSPBAP1,1.0583833333333335,0.06345243666666667,2,1,2_1
HSPBP1,1.018875,0.11341433405797101,1,2,1_2
HSPD1,1.0822658333333333,0.04514694352173914,3,1,3_1
HSPE1,0.9958791666666666,0.018112097608695654,0,0,0_0
HSPE1-MOB4,0.9996458333333335,0.010392219782608694,0,0,0_0
HSPG2,1.0315125,0.19317573974637678,2,3,2_3
HSPH1,0.9705305555555555,0.05172853004830917,0,1,0_1
HTATIP2,1.0004447916666666,0.026149800403079716,0,0,0_0
HTATSF1,0.9937999999999999,0.019753148369565213,0,0,0_0
HTN1,2.4408333333333334,21.142840385072468,4,4,4_4
HTN3,1.1927625000000002,0.44500850210144927,3,3,3_3
HTR1A,0.9872083333333332,0.46201428623188395,0,3,0_3
HTR1B,1.1094125000000001,0.41095254673913045,3,3,3_3
HTR1D,1.7135083333333334,2.77533705,4,4,4_4
HTR1E,1.1441833333333333,0.3077451821739131,3,3,3_3
HTR1F,1.2258208333333334,0.3983060570289856,3,3,3_3
HTR2A,1.1128166666666666,0.1978423029468599,3,3,3_3
HTR2B,1.017525,0.009192929710144926,1,0,1_0
HTR2C,1.1088729166666667,0.7434904491485509,3,4,3_4
HTR3A,1.0214854166666667,0.2134372108876812,1,3,1_3
HTR3B,1.4671208333333332,1.3661971978985508,4,4,4_4
HTR3C,3.9209625,42.43177429586956,4,4,4_4
HTR4,2.026530555555556,1.3794758495652173,4,4,4_4
HTR5A,1.4293500000000001,2.0495103476811596,4,4,4_4
HTR6,1.2097854166666666,0.4297452961775363,3,3,3_3
HTR7,1.5096541666666667,0.3390689186876007,4,3,4_3
HTRA1,1.0082583333333333,0.10228707000000002,1,2,1_2
HTRA2,1.0087291666666667,0.022493968876811595,1,0,1_0
HTRA3,1.1617833333333334,0.22078877800724636,3,3,3_3
HTRA4,1.0484,0.29856623608695654,2,3,2_3
HTT,0.9708208333333334,0.03151179960144927,0,0,0_0
HUNK,1.0437083333333332,0.08898437873188403,2,2,2_2
HUS1,0.9878986111111111,0.05923844240740741,0,1,0_1
HUS1B,1.1171312500000001,0.33016319005434785,3,3,3_3
HUWE1,1.2517883333333335,0.13506745609275364,4,2,4_2
HVCN1,1.0863875,0.21510569615942024,3,3,3_3
HYAL1,1.0486875,0.11694994731884058,2,2,2_2
HYAL2,1.0593708333333334,0.1066659918115942,2,2,2_2
HYAL3,1.0747416666666667,0.1564226479710145,2,2,2_2
HYAL4,0.9088625,0.4409395261594203,0,3,0_3
HYDIN,1.0165875,0.42173332905797106,1,3,1_3
HYI,1.0146111111111111,0.06001812808373591,1,1,1_1
HYKK,1.0552958333333333,0.18332769181159422,2,2,2_2
HYLS1,0.9698541666666666,0.059685301086956515,0,1,0_1
HYOU1,1.089991666666667,0.2877803798550725,3,3,3_3
HYPK,1.0211791666666665,0.038384072826086954,1,1,1_1
HYPM,1.0654583333333332,0.7424866899999999,2,4,2_4
IAH1,1.023175,0.016316134251207724,1,0,1_0
IAPP,2.2484583333333332,4.370244696086956,4,4,4_4
IARS,1.0237916666666667,0.008314171739130433,1,0,1_0
IARS2,0.9836041666666665,0.013274208188405799,0,0,0_0
IBA57,1.0211552083333333,0.026632830230978254,1,0,1_0
IBSP,1.3210666666666668,1.7228195823913044,4,4,4_4
IBTK,1.4305958333333333,1.1699354019565218,4,4,4_4
ICA1,1.0624916666666666,0.04824785264492753,2,1,2_1
ICA1L,1.002084375,0.06325607818387682,1,1,1_1
ICAM1,1.2618291666666666,0.322599474194847,4,3,4_3
ICAM2,1.27016875,0.2630969033514493,4,3,4_3
ICAM3,1.077025,0.0881719679710145,2,2,2_2
ICAM4,0.9884583333333333,0.1571076491304348,0,2,0_2
ICAM5,2.2987583333333332,4.443234583913044,4,4,4_4
ICE1,0.9846791666666667,0.00459698992753623,0,0,0_0
ICE2,1.0107822916666667,0.017667501091485505,1,0,1_0
ICK,0.9597875,0.1357700588043478,0,2,0_2
ICMT,1.0751333333333333,0.07659074070853465,2,1,2_1
ICOS,1.4058708333333332,0.9122651084782609,4,4,4_4
ICOSLG,1.1228825,0.13765968551594207,3,2,3_2
ID1,1.2200958333333334,0.23729380253623186,3,3,3_3
ID2,1.1000666666666667,0.08872018663043477,3,2,3_2
ID2-AS1,1.0235999999999998,0.1150228195289855,1,2,1_2
ID3,0.9495874999999998,0.08682348427536231,0,2,0_2
ID4,1.0146658333333332,0.04630668722608696,1,1,1_1
IDE,0.9923472222222222,0.014251266763285026,0,0,0_0
IDH1,1.0705430555555555,0.03683221541867956,2,1,2_1
IDH1-AS1,0.9164208333333334,0.16031465557971014,0,2,0_2
IDH2,1.093875,0.0943063690217391,3,2,3_2
IDH3A,1.0144125,0.024261353776167473,1,0,1_0
IDH3B,0.9951680555555557,0.023624872487922704,0,0,0_0
IDH3G,1.0111187500000003,0.03952296364130436,1,1,1_1
IDI1,1.0404052083333333,0.03954052110054348,2,1,2_1
IDI2,1.0567,0.08727169467391308,2,2,2_2
IDI2-AS1,1.0413416666666666,0.10433373260869568,2,2,2_2
IDNK,0.9998520833333334,0.0426116021195652,0,1,0_1
IDO1,2.3335375,20.20809330644927,4,4,4_4
IDO2,1.3499375,1.1128341767391305,4,4,4_4
IDS,1.0355941666666666,0.07278828214637681,2,1,2_1
IDUA,0.9781708333333333,0.04870589688405798,0,1,0_1
IER2,0.9855458333333335,0.18485537456521736,0,2,0_2
IER3,1.0705291666666665,0.2835324807971014,2,3,2_3
IER3IP1,1.0387187500000001,0.01850495722826087,2,0,2_0
IER5,1.1185583333333333,0.11488551347826088,3,2,3_2
IER5L,1.0220041666666666,0.1276420627898551,1,2,1_2
IFFO1,1.0551333333333333,0.11205320916666665,2,2,2_2
IFFO2,1.0962208333333334,0.090777555,3,2,3_2
IFI16,1.0480152777777778,0.05312683588566829,2,1,2_1
IFI27,1.4208791666666667,1.0007389732608696,4,4,4_4
IFI27L1,0.9574208333333333,0.03607385398550724,0,0,0_0
IFI27L2,1.1447333333333332,0.10567688217391305,3,2,3_2
IFI30,1.4159999999999997,0.9280129711594204,4,4,4_4
IFI35,1.0212958333333333,0.21126820775362315,1,3,1_3
IFI44,1.0822416666666668,0.23914872065217394,3,3,3_3
IFI44L,1.6632916666666668,4.172505906811595,4,4,4_4
IFI6,1.534575,3.701854721014492,4,4,4_4
IFIH1,1.0545305555555555,0.08673416243156198,2,2,2_2
IFIT1,1.3314666666666668,1.4276961017391303,4,4,4_4
IFIT2,1.1206208333333334,0.5129929305434784,3,3,3_3
IFIT3,1.2606895833333336,1.7442497490398552,4,4,4_4
IFIT5,1.0593916666666667,0.09166110163043475,2,2,2_2
IFITM1,1.2339375,0.24599609050724638,3,3,3_3
IFITM10,1.2421569444444447,0.5175911440982286,4,3,4_3
IFITM2,1.2484604166666669,0.2914751414311595,4,3,4_3
IFITM3,1.1001333333333332,0.11975097536231886,3,2,3_2
IFNA1,1.2980375,3.0671536858695654,4,4,4_4
IFNA10,1.1297041666666665,2.159926962246377,3,4,3_4
IFNA13,1.6866041666666665,1.4412622480434782,4,4,4_4
IFNA14,1.3821166666666667,2.8544915992753626,4,4,4_4
IFNA16,1.8796833333333332,5.1577154834782615,4,4,4_4
IFNA17,1.2568791666666665,3.956140979927535,4,4,4_4
IFNA2,1.527375,2.053527081594203,4,4,4_4
IFNA21,1.1818458333333333,0.697304454710145,3,4,3_4
IFNA4,1.0015583333333333,2.482239423188406,1,4,1_4
IFNA5,1.260275,1.13282169,4,4,4_4
IFNA6,1.6634458333333333,2.944359988623189,4,4,4_4
IFNA7,1.661975,2.5118763426086956,4,4,4_4
IFNA8,1.19855,0.8757141485507247,3,4,3_4
IFNAR1,1.0411458333333332,0.03646521418478261,2,1,2_1
IFNAR2,1.0285666666666666,0.04316502394524959,1,1,1_1
IFNB1,1.1514875,1.2737257864492753,3,4,3_4
IFNE,1.0924458333333333,0.6269966805072464,3,4,3_4
IFNG,1.5473458333333336,2.094520192101449,4,4,4_4
IFNGR1,1.0655819444444445,0.052942679106280185,2,1,2_1
IFNGR2,0.9774208333333334,0.011690485869565219,0,0,0_0
IFNK,1.842925,3.2865775707246376,4,4,4_4
IFNL1,1.0663166666666666,0.2927416665217391,2,3,2_3
IFNL2,1.4977166666666666,1.269068103768116,4,4,4_4
IFNL3,0.9747166666666667,0.5186176676811595,0,3,0_3
IFNLR1,1.3221854166666664,0.5701613255253623,4,4,4_4
IFNW1,1.2521333333333333,1.041887932463768,4,4,4_4
IFRD1,1.0692527777777778,0.06014307811594204,2,1,2_1
IFRD2,1.0166250000000001,0.06905100420289856,1,1,1_1
IFT122,1.5599,0.9494909230797101,4,4,4_4
IFT140,1.0663625,0.08701804090982289,2,2,2_2
IFT172,1.0333500000000002,0.08875779144927538,2,2,2_2
IFT20,1.0392124999999999,0.018313995724637686,2,0,2_0
IFT22,1.0121083333333332,0.05437631416666667,1,1,1_1
IFT27,1.0420236111111112,0.10314297910628017,2,2,2_2
IFT43,0.9827319444444446,0.0802619561594203,0,1,0_1
IFT46,1.053625,0.10499153550724637,2,2,2_2
IFT52,1.0018874999999998,0.03553987847826087,1,0,1_0
IFT57,1.0288541666666668,0.0776147556763285,1,1,1_1
IFT74,0.9905479166666665,0.04830574907608696,0,1,0_1
IFT80,1.1109875,0.09925743551630435,3,2,3_2
IFT81,1.0643229166666666,0.11842060697463769,2,2,2_2
IFT88,0.9891375,0.0999152713768116,0,2,0_2
IGBP1,1.0412916666666667,0.03010456985507247,2,0,2_0
IGDCC3,1.0395104166666667,0.08923941490942028,2,2,2_2
IGDCC4,0.9628125000000001,0.32930955384057975,0,3,0_3
IGF1,1.1520683333333335,0.15952076662608694,3,2,3_2
IGF1R,1.1257558333333335,0.10187313327826086,3,2,3_2
IGF2-AS,0.8767999999999999,0.243877711884058,0,3,0_3
IGF2BP1,1.6938083333333331,1.487361121046699,4,4,4_4
IGF2BP2,1.0102333333333335,0.07184274076086956,1,1,1_1
IGF2BP2-AS1,1.4690552083333335,0.460665301263587,4,3,4_3
IGF2BP3,1.1943416666666666,0.442131866585145,3,3,3_3
IGF2R,0.9883958333333333,0.023400009959742354,0,0,0_0
IGFALS,0.9157041666666667,0.21190905079710148,0,3,0_3
IGFBP1,1.19445,1.2351446283695653,3,4,3_4
IGFBP2,1.1851541666666667,0.3695132796376811,3,3,3_3
IGFBP3,1.2980458333333333,0.6110923014855073,4,4,4_4
IGFBP4,1.141525,0.10098942420289855,3,2,3_2
IGFBP5,1.1202277777777778,0.16888453164251202,3,2,3_2
IGFBP6,1.1513375000000001,0.40223582876811587,3,3,3_3
IGFBP7,1.0471819444444446,0.03454782912238326,2,0,2_0
IGFBP7-AS1,1.0528875,0.25126640992753624,2,3,2_3
IGFBPL1,1.0984041666666666,0.4082714470289855,3,3,3_3
IGFL1,2.1954041666666666,6.157412248768116,4,4,4_4
IGFL2,2.7039250000000004,5.977601365507247,4,4,4_4
IGFLR1,1.0777166666666667,0.12510433695652176,2,2,2_2
IGFN1,1.371529166666667,0.8076399669927538,4,4,4_4
IGHA2,1.0085979166666668,0.10675967085144925,1,2,1_2
IGHD,1.4042858333333335,0.6707338167913045,4,4,4_4
IGHG1,1.0344906249999999,0.10814751103713767,2,2,2_2
IGHM,1.2430733974358974,0.22184120045236258,4,3,4_3
IGHMBP2,1.0346333333333333,0.06507417872785831,2,1,2_1
IGHV1-69,1.905125,5.53877656942029,4,4,4_4
IGHV3-23,1.1616183333333334,0.3877089805507246,3,3,3_3
IGHV3-75,1.8866625,1.8793731623913046,4,4,4_4
IGHV4-31,1.379368402777778,0.6025337098384663,4,4,4_4
IGHV5-78,1.1051708333333334,0.5666396973188406,3,4,3_4
IGHV7-81,1.8317916666666665,3.713137767391304,4,4,4_4
IGIP,0.9827041666666666,0.023669800760869563,0,0,0_0
IGKC,1.341736458333333,0.27474971655117747,4,3,4_3
IGKV1OR2-108,1.1520166666666667,0.35487472884057975,3,3,3_3
IGKV1OR2-118,1.2501833333333334,0.7362327842028986,4,4,4_4
IGLC1,1.2150814814814817,0.328888801164788,3,3,3_3
IGLJ3,1.3167975,0.5374276307347826,4,4,4_4
IGLL1,1.0318083333333334,0.24336155434782608,2,3,2_3
IGLL5,1.33209375,0.4724823595018116,4,3,4_3
IGLON5,1.832075,4.901669498405797,4,4,4_4
IGLV1-44,1.238273611111111,0.4147521883776168,3,3,3_3
IGLV6-57,1.3420958333333333,0.6147320270289854,4,4,4_4
IGSF1,1.0023604166666666,0.16464478027173915,1,2,1_2
IGSF10,1.1077375,0.24277349768115944,3,3,3_3
IGSF11,1.005825,0.23232991173913042,1,3,1_3
IGSF11-AS1,1.5762999999999998,3.04080144173913,4,4,4_4
IGSF21,1.1403083333333335,0.621114967536232,3,4,3_4
IGSF22,0.9874291666666667,0.0791957486231884,0,1,0_1
IGSF3,1.0926739583333334,0.16750178995018117,3,2,3_2
IGSF5,1.0339708333333333,0.18655256601449277,2,2,2_2
IGSF6,1.24539375,0.6091756495833333,4,4,4_4
IGSF8,1.015,0.05315573608695652,1,1,1_1
IGSF9,0.9714749999999999,0.09219030130434783,0,2,0_2
IGSF9B,1.26816875,2.0371997721920287,4,4,4_4
IHH,1.8692,1.2196621002173913,4,4,4_4
IK,0.9889166666666668,0.04823411971014493,0,1,0_1
IKBIP,1.051551388888889,0.06670963318035426,2,1,2_1
IKBKB,1.0179680555555555,0.06387155543478261,1,1,1_1
IKBKE,1.1115208333333335,0.21548482423913046,3,3,3_3
IKBKG,0.9936395833333332,0.014471220887681158,0,0,0_0
IKZF1,1.2458962962962963,0.20508362011629985,4,3,4_3
IKZF2,0.998913888888889,0.09530725512077294,0,2,0_2
IKZF3,1.080198611111111,0.17835137253623187,2,2,2_2
IKZF4,1.01686875,0.07246888811594206,1,1,1_1
IKZF5,1.0173020833333333,0.04314390248188406,1,1,1_1
IL10,1.1975416666666667,1.147650821884058,3,4,3_4
IL10RA,1.3378375,0.3153324913768116,4,3,4_3
IL10RB,0.9835958333333333,0.046759557173913044,0,1,0_1
IL11,1.1163187499999998,0.40247243284420287,3,3,3_3
IL11RA,1.01619375,0.10162356827898553,1,2,1_2
IL12A,0.8697916666666666,0.14370352130434783,0,2,0_2
IL12A-AS1,0.9294708333333332,0.41219066427536233,0,3,0_3
IL12B,0.9490541666666665,0.37182406166666665,0,3,0_3
IL12RB1,1.11725,0.1955028733333334,3,3,3_3
IL12RB2,0.9464416666666667,0.18984991695652176,0,2,0_2
IL13,0.9988125,0.3759243052898551,0,3,0_3
IL13RA1,1.0457291666666666,0.031246381358695646,2,0,2_0
IL13RA2,1.0699083333333335,0.2783998986956522,2,3,2_3
IL15,1.1989729166666665,0.17326137374999998,3,2,3_2
IL15RA,1.0604,0.08319904956521738,2,2,2_2
IL16,1.1434111111111112,0.1209655266183575,3,2,3_2
IL17A,1.21746875,0.949862634148551,3,4,3_4
IL17B,1.3146458333333335,0.7066449690579711,4,4,4_4
IL17C,1.0586625,0.5628866863043477,2,4,2_4
IL17D,1.1024166666666666,0.13633356391304347,3,2,3_2
IL17F,1.6312916666666668,2.3258448588405796,4,4,4_4
IL17RA,1.0212802083333334,0.025412168500905788,1,0,1_0
IL17RB,1.0914569444444444,0.136083078510467,3,2,3_2
IL17RC,1.2960333333333336,0.33494605723731885,4,3,4_3
IL17RD,1.0400416666666665,0.07193778894927537,2,1,2_1
IL17RE,0.7887729166666667,0.046154529112318834,0,1,0_1
IL18,1.0848791666666668,0.25855698471014493,3,3,3_3
IL18BP,1.0315833333333335,0.05573956507246377,2,1,2_1
IL18R1,1.0731458333333332,0.10400345528985508,2,2,2_2
IL18RAP,1.1893833333333335,0.38309656855072466,3,3,3_3
IL19,1.1727125,0.2497686144202899,3,3,3_3
IL1A,0.9584562499999999,0.11458536914855073,0,2,0_2
IL1B,1.5825916666666664,3.2376409343840575,4,4,4_4
IL1F10,0.9295583333333334,0.16059378014492753,0,2,0_2
IL1R1,1.0723958333333334,0.10236657869565216,2,2,2_2
IL1R2,1.3064562499999999,0.507048439981884,4,3,4_3
IL1RAP,1.1453499999999999,0.23746865094202896,3,3,3_3
IL1RAPL1,0.9689354166666666,0.1994920909239131,0,3,0_3
IL1RAPL2,0.921875,1.0730254227536236,0,4,0_4
IL1RL1,1.3425260416666667,0.5508261818885869,4,4,4_4
IL1RL2,0.8836833333333334,0.1613997013043478,0,2,0_2
IL1RN,1.629194166666667,1.2399295066405798,4,4,4_4
IL2,1.368925,0.6218483125000001,4,4,4_4
IL20,1.6789166666666666,1.7729213340579708,4,4,4_4
IL20RA,1.035248611111111,0.04701524086151367,2,1,2_1
IL20RB,1.1605666666666667,0.39230568391304355,3,3,3_3
IL21,1.383945833333333,1.8883360600724637,4,4,4_4
IL21R,1.2728222222222223,0.6490841563768115,4,4,4_4
IL21R-AS1,1.0544666666666667,0.3139912498550725,2,3,2_3
IL22,0.9948625,0.26273682249999997,0,3,0_3
IL22RA1,1.0934,0.19218715724637678,3,3,3_3
IL22RA2,2.031575,4.3703006517391305,4,4,4_4
IL23A,1.17645,0.3613340078202899,3,3,3_3
IL23R,1.1765375,0.41042457115942027,3,3,3_3
IL24,1.3648166666666668,0.4579409210144928,4,3,4_3
IL25,1.6624958333333335,1.8996296670289854,4,4,4_4
IL26,1.1167708333333335,0.4221659200724638,3,3,3_3
IL27,1.6799916666666668,2.093932338695652,4,4,4_4
IL27RA,1.0203430555555555,0.03814138899355877,1,1,1_1
IL2RA,1.3341145833333332,0.32443854512681153,4,3,4_3
IL2RB,1.2028458333333332,0.42879708326086957,3,3,3_3
IL2RG,1.3480541666666666,0.2701716270289855,4,3,4_3
IL3,1.2233500000000002,0.8540944707246377,3,4,3_4
IL31RA,1.1037736111111112,0.3562151115217392,3,3,3_3
IL32,1.2499041666666668,1.0064491228260868,4,4,4_4
IL33,1.0559791666666667,0.07157288326086957,2,1,2_1
IL34,1.7045208333333333,1.6930860670289858,4,4,4_4
IL36A,1.2954875,0.9207038078985506,4,4,4_4
IL36B,1.8749291666666668,2.6178519241666667,4,4,4_4
IL36G,1.4178541666666666,1.9524094976086956,4,4,4_4
IL36RN,1.1538916666666668,0.40235353289855075,3,3,3_3
IL37,1.4268895833333335,1.2354368940036229,4,4,4_4
IL3RA,2.140625,4.119522039565219,4,4,4_4
IL4,0.9987270833333334,0.3517964844746376,0,3,0_3
IL4I1,1.23341875,0.2238783055615942,3,3,3_3
IL4R,1.1829124999999998,0.12260692007246377,3,2,3_2
IL5,4.377491666666667,127.05779174304345,4,4,4_4
IL5RA,1.1838229166666665,0.20712472318840583,3,3,3_3
IL6,2.3476041666666667,5.892358247753623,4,4,4_4
IL6R,0.9709249999999999,0.11855124980676329,0,2,0_2
IL6ST,1.0901934523809524,0.07468532906388642,3,1,3_1
IL7,1.09405,0.14768325550724642,3,2,3_2
IL7R,1.08673125,0.2172287694021739,3,3,3_3
IL9,1.80575,2.329410286521739,4,4,4_4
IL9R,1.233847222222222,0.32398469096618354,3,3,3_3
ILDR1,1.3880375,0.5593969227898551,4,4,4_4
ILDR2,1.6875312500000001,0.9129291067934782,4,4,4_4
ILF2,1.0235875,0.038757832246376814,1,1,1_1
ILF3,0.9883225000000001,0.012241692385507241,0,0,0_0
ILK,1.019025,0.02804785956521739,1,0,1_0
ILKAP,1.032425,0.04959456855072464,2,1,2_1
ILVBL,1.1474930555555556,0.23253312841384863,3,3,3_3
IMMP1L,1.02721875,0.02221105295289855,1,0,1_0
IMMP2L,1.0351937500000001,0.1283919184963768,2,2,2_2
IMMT,0.9629791666666666,0.016359287753623192,0,0,0_0
IMP3,0.9660041666666667,0.021139006594202904,0,0,0_0
IMP4,1.0378,0.02508453057971014,2,0,2_0
IMPA1,0.9745291666666667,0.012130509347826089,0,0,0_0
IMPA2,1.1744458333333334,0.18542708804347827,3,2,3_2
IMPACT,1.0360958333333332,0.022639348297101455,2,0,2_0
IMPAD1,1.2071256944444444,0.1295237903442029,3,2,3_2
IMPDH1,1.0649666666666666,0.060605073768115934,2,1,2_1
IMPDH2,0.980425,0.024192653768115944,0,0,0_0
IMPG1,1.2107458333333334,1.1147500510869564,3,4,3_4
IMPG2,1.4739874999999998,0.9589035086594203,4,4,4_4
INA,1.4135958333333332,1.1505157490579712,4,4,4_4
INAFM1,0.9854166666666667,0.03710724579710146,0,1,0_1
INAFM2,1.0476124999999998,0.046796602934782605,2,1,2_1
INCENP,1.0108583333333334,0.2442039488405797,1,3,1_3
INF2,1.5267083333333333,0.2366669646467391,4,3,4_3
ING1,1.0025166666666667,0.0449820166576087,1,1,1_1
ING2,1.00496875,0.036428103931159424,1,1,1_1
ING3,0.9908177083333332,0.034023098002717383,0,0,0_0
ING4,1.0082375,0.03335305014492754,1,0,1_0
ING5,1.0029516666666667,0.03455543780869565,1,0,1_0
INHA,1.0380333333333334,0.17348008391304348,2,2,2_2
INHBA,1.2080597222222222,0.27771055591787447,3,3,3_3
INHBA-AS1,1.4199812500000002,0.49779413320652177,4,3,4_3
INHBB,0.9823541666666666,0.05000630673913043,0,1,0_1
INHBC,1.00854375,0.09138194806159422,1,2,1_2
INHBE,0.9455625,0.11062715442028988,0,2,0_2
INIP,1.0096533333333333,0.027543102220289856,1,0,1_0
INMT,0.9964375000000002,0.17268985239130433,0,2,0_2
INO80,1.0043541666666667,0.028443147536231884,1,0,1_0
INO80B,0.9827208333333334,0.10888499949275364,0,2,0_2
INO80B-WBP1,1.0165347222222223,0.04161509335748792,1,1,1_1
INO80C,1.1074604166666668,0.11083695038043478,3,2,3_2
INO80D,1.2727680555555556,0.26057838064009664,4,3,4_3
INO80E,1.0205083333333334,0.04899721782608695,1,1,1_1
INPP1,1.0442458333333333,0.05545898760869565,2,1,2_1
INPP4A,1.02855,0.031664321082930755,1,0,1_0
INPP4B,1.0619479166666668,0.0911241067572464,2,2,2_2
INPP5A,1.01555,0.04557083956521739,1,1,1_1
INPP5B,1.4766597222222222,0.6601602620531399,4,4,4_4
INPP5D,1.1636236111111111,0.1587444170772947,3,2,3_2
INPP5E,0.9937958333333334,0.023230203405797102,0,0,0_0
INPP5F,1.0403041666666666,0.03305357165056362,2,0,2_0
INPP5J,1.0691,0.2999971368115942,2,3,2_3
INPP5K,0.9869104166666666,0.015414711938405804,0,0,0_0
INPPL1,1.0325583333333332,0.0658544036231884,2,1,2_1
INS,1.4294416666666667,2.113934184492754,4,4,4_4
INS-IGF2,1.2413375,0.3544888887037037,4,3,4_3
INSC,1.2271708333333333,1.014753064130435,3,4,3_4
INSIG1,1.1106041666666666,0.07749747131239937,3,1,3_1
INSIG2,1.0071166666666667,0.017689043333333335,1,0,1_0
INSL3,1.0827847222222224,0.13432676432367152,3,2,3_2
INSL4,1.0304250000000001,0.21633361695652176,2,3,2_3
INSL5,1.0291083333333333,0.5296495520289856,1,3,1_3
INSL6,1.0465749999999998,0.5959236233333334,2,4,2_4
INSM1,2.0899812499999997,8.225085612083333,4,4,4_4
INSM2,1.1849625,0.9486280676086958,3,4,3_4
INSR,1.0438325,0.03916259829855073,2,1,2_1
INSRR,2.148995833333333,5.520017981086956,4,4,4_4
INTS1,1.0241229166666665,0.09297767552536229,1,2,1_2
INTS10,1.0725864583333333,0.0587180298143116,2,1,2_1
INTS12,1.0016083333333334,0.00979209347826087,1,0,1_0
INTS2,0.9897708333333334,0.04015370891304348,0,1,0_1
INTS3,1.0292770833333333,0.05769348240942029,1,1,1_1
INTS4,1.2636666666666667,0.2849399194086956,4,3,4_3
INTS5,0.9941645833333334,0.01929850664855073,0,0,0_0
INTS6,1.057003125,0.01386710428894928,2,0,2_0
INTS6-AS1,1.02429375,0.04833239425724638,1,1,1_1
INTS6L,1.0427458333333333,0.020674626449275358,2,0,2_0
INTS7,0.9812527777777778,0.034489504202898556,0,0,0_0
INTS8,1.0189375,0.013115948768115941,1,0,1_0
INTS9,0.9866458333333333,0.09150854358695652,0,2,0_2
INTU,1.0719583333333336,0.18481729362318838,2,2,2_2
INVS,1.087796875,0.09856092273097826,3,2,3_2
IP6K1,0.9789541666666667,0.024618310362318846,0,0,0_0
IP6K2,1.0281020833333334,0.03411174983695653,1,0,1_0
IP6K3,1.0778083333333333,0.6253860130434782,2,4,2_4
IPCEF1,1.1075041666666667,0.09062289137681159,3,2,3_2
IPMK,1.06995625,0.14896654197463768,2,2,2_2
IPO11,1.1093374999999999,0.23559747326086952,3,3,3_3
IPO13,1.0025083333333333,0.03837057695652174,1,1,1_1
IPO4,1.0404854166666666,0.023963331286231883,2,0,2_0
IPO5,1.0223758333333333,0.02405922053043479,1,0,1_0
IPO7,1.0068052083333334,0.01107878252264493,1,0,1_0
IPO8,0.980325,0.027278444311594208,0,0,0_0
IPO9,1.0133395833333332,0.03250452086956523,1,0,1_0
IPO9-AS1,0.9727625,0.4844706955797101,0,3,0_3
IPP,1.0124266666666666,0.029158133623188406,1,0,1_0
IPPK,0.9898770833333334,0.04452724806159421,0,1,0_1
IQCA1,1.0776083333333333,0.08787843009275362,2,2,2_2
IQCB1,0.9782833333333333,0.020230280579710148,0,0,0_0
IQCC,1.0109666666666666,0.1334794931884058,1,2,1_2
IQCD,1.0983708333333333,0.24986105992753624,3,3,3_3
IQCE,0.99978125,0.03603494893115943,0,0,0_0
IQCF1,1.2800416666666667,0.5947916062681159,4,4,4_4
IQCF2,2.767466666666667,6.772879827971016,4,4,4_4
IQCF3,1.1324500000000002,0.7418583957971014,3,4,3_4
IQCF5,1.0623208333333334,0.7905217697826087,2,4,2_4
IQCF5-AS1,2.1225916666666667,6.842733740434783,4,4,4_4
IQCF6,1.7575,4.549402023768115,4,4,4_4
IQCG,1.0870208333333333,0.21762276764492752,3,3,3_3
IQCH,1.0697083333333335,0.28607501328502416,2,3,2_3
IQCH-AS1,0.9874499999999999,0.021021422028985503,0,0,0_0
IQCJ-SCHIP1,1.1518916666666668,0.15179715695652174,3,2,3_2
IQCJ-SCHIP1-AS1,1.1041666666666667,0.3192831244927537,3,3,3_3
IQCK,0.9809239583333333,0.03174257039402174,0,0,0_0
IQGAP1,1.0034277777777778,0.009462946779388083,1,0,1_0
IQGAP2,1.0205833333333334,0.13410129902173915,1,2,1_2
IQGAP3,1.7035708333333333,0.957243345625,4,4,4_4
IQSEC1,1.0100104166666666,0.03416730701086956,1,0,1_0
IQSEC2,0.9600402777777779,0.03044202400161032,0,0,0_0
IQSEC3,1.5475625,0.8841543726358695,4,4,4_4
IQUB,1.0257583333333333,0.31428565289855076,1,3,1_3
IRAK1,0.9692833333333333,0.06077536887681161,0,1,0_1
IRAK1BP1,1.0580458333333334,0.05340624380434784,2,1,2_1
IRAK2,1.3166416666666665,0.4088110542512078,4,3,4_3
IRAK3,1.0927888888888888,0.09130889990338165,3,2,3_2
IRAK4,0.8965375,0.0857735513768116,0,2,0_2
IREB2,1.0296958333333335,0.0665251754076087,1,1,1_1
IRF1,1.1462916666666667,0.32915781637681163,3,3,3_3
IRF2,1.0443666666666667,0.02729129507246377,2,0,2_0
IRF2BP1,1.0027666666666668,0.06513823202898551,1,1,1_1
IRF2BP2,1.0503805555555557,0.05495581939613527,2,1,2_1
IRF2BPL,1.0110166666666667,0.009296279565217391,1,0,1_0
IRF3,1.0254333333333332,0.04500686782608695,1,1,1_1
IRF4,1.0700027777777779,0.3803749719645733,2,3,2_3
IRF5,1.515236111111111,0.5163550457165861,4,3,4_3
IRF6,1.1263500000000002,0.1382478434299517,3,2,3_2
IRF7,1.1980916666666666,0.29957157304347826,3,3,3_3
IRF8,1.4669791666666665,1.287812676594203,4,4,4_4
IRF9,1.0710166666666667,0.17082176333333332,2,2,2_2
IRGC,2.4735083333333336,6.692688110000001,4,4,4_4
IRGM,0.9615999999999999,0.13104188130434782,0,2,0_2
IRGQ,1.4548229166666669,0.2508219847322866,4,3,4_3
IRS1,1.2058736111111112,0.2068491561594203,3,3,3_3
IRS2,1.24469375,0.408586180018116,4,3,4_3
IRS4,1.5119541666666667,1.5076579498913047,4,4,4_4
IRX1,0.9940708333333333,0.09591599557971013,0,2,0_2
IRX2,0.9999708333333334,0.10953193380434785,0,2,0_2
IRX3,0.9476916666666666,0.031003436956521736,0,0,0_0
IRX4,1.0428958333333334,0.23584801557971016,2,3,2_3
IRX5,1.1259125,0.1942258842753623,3,3,3_3
ISCA1,1.0034222222222222,0.019153957117552335,1,0,1_0
ISCA2,1.0082791666666666,0.0327161622463768,1,0,1_0
ISCU,1.0076291666666666,0.005945859637681161,1,0,1_0
ISG15,1.3791708333333332,2.4541350880434787,4,4,4_4
ISG20,1.0460791666666667,0.17541775561594203,2,2,2_2
ISG20L2,0.9357097222222223,0.1863370689452496,0,2,0_2
ISL1,1.0657458333333334,0.12695323355072463,2,2,2_2
ISL2,0.9671458333333334,0.21550775384057969,0,3,0_3
ISLR,1.2635541666666665,0.6016630936956523,4,4,4_4
ISLR2,2.450954166666667,5.18092039615942,4,4,4_4
ISM1,0.9897958333333333,0.43094155702898546,0,3,0_3
ISM1-AS1,1.1604041666666667,0.6912450680434783,3,4,3_4
ISM2,1.9001166666666667,2.3080368334782615,4,4,4_4
ISOC1,0.9731541666666667,0.06191622471014492,0,1,0_1
ISOC2,1.0435333333333334,0.10952249405797101,2,2,2_2
ISPD-AS1,1.2028395833333334,0.31067482911231886,3,3,3_3
IST1,1.0142020833333334,0.011967417119565215,1,0,1_0
ISX,1.4740416666666665,1.8384023842028985,4,4,4_4
ISY1,1.0031114583333334,0.06318888069293481,1,1,1_1
ISY1-RAB43,0.9582625,0.07054374152173913,0,1,0_1
ISYNA1,1.0333979166666667,0.07766127913043476,2,1,2_1
ITCH,1.0213840277777777,0.01441404278381643,1,0,1_0
ITFG1,1.058445,0.020628270185507246,2,0,2_0
ITFG2,1.1499125,0.19001651847826087,3,2,3_2
ITGA1,1.0478819444444445,0.09919124282608699,2,2,2_2
ITGA10,1.1133625,0.1820078705072464,3,2,3_2
ITGA11,1.1988416666666668,0.38979923898550717,3,3,3_3
ITGA2,0.9918291666666667,0.11803948974637679,0,2,0_2
ITGA2B,1.3737041666666665,0.3518797927807972,4,3,4_3
ITGA3,1.0789041666666668,0.19662665210144928,2,3,2_3
ITGA4,1.0335208333333334,0.12182140471014492,2,2,2_2
ITGA5,1.3538374999999998,0.4069142761594203,4,3,4_3
ITGA6,1.0473666666666668,0.06446929695652175,2,1,2_1
ITGA7,1.1389583333333333,0.31072842119565214,3,3,3_3
ITGA8,0.920328125,0.062284318220108686,0,1,0_1
ITGA9,1.0809875,0.08947729932065218,3,2,3_2
ITGAD,1.1162666666666665,0.4840709079710145,3,3,3_3
ITGAE,1.0189541666666668,0.023134921811594204,1,0,1_0
ITGAL,1.02061875,0.24021942650362318,1,3,1_3
ITGAM,1.3937416666666664,0.34925462264492746,4,3,4_3
ITGAV,0.9967583333333333,0.005239402463768118,0,0,0_0
ITGAX,1.2986729166666666,0.2401413900543479,4,3,4_3
ITGB1,1.1530589285714286,0.0991645641452233,3,2,3_2
ITGB1BP1,1.0614347222222222,0.054495814114331714,2,1,2_1
ITGB1BP2,1.0818625,0.3413853077536232,3,3,3_3
ITGB2,1.4100930555555555,0.5486704324879227,4,4,4_4
ITGB2-AS1,1.2002249999999999,0.26345271402173914,3,3,3_3
ITGB3,1.3946035714285714,0.23151085475598937,4,3,4_3
ITGB3BP,1.1167291666666666,0.12867541311594202,3,2,3_2
ITGB4,0.97562,0.04713465071884059,0,1,0_1
ITGB5,1.0284833333333332,0.020474554248188406,1,0,1_0
ITGB7,1.2117,0.14341901130434784,3,2,3_2
ITGB8,1.1022758333333333,0.059017575318840575,3,1,3_1
ITGBL1,1.1537341666666667,0.14170623760289852,3,2,3_2
ITIH1,1.1882833333333334,1.326970370869565,3,4,3_4
ITIH2,1.1906208333333332,0.39855240804347825,3,3,3_3
ITIH3,1.3096208333333335,0.9060060747101449,4,4,4_4
ITIH4,1.0600041666666666,0.13141972332427534,2,2,2_2
ITIH5,1.1180291666666669,0.17063163423913047,3,2,3_2
ITIH6,1.0033583333333334,0.7813482413043479,1,4,1_4
ITK,1.0956416666666666,0.3208929566666667,3,3,3_3
ITLN1,2.2522375,7.840297928188407,4,4,4_4
ITM2A,1.1447625,0.10692738141304345,3,2,3_2
ITM2B,0.9953562499999999,0.008708893750000002,0,0,0_0
ITM2C,0.9763666666666667,0.06694483,0,1,0_1
ITPA,0.9911375000000001,0.15885754311594202,0,2,0_2
ITPK1,1.2414069444444442,0.31899965231078903,4,3,4_3
ITPK1-AS1,1.0642166666666666,0.15462284489130437,2,2,2_2
ITPKA,1.22135,1.03304519115942,3,4,3_4
ITPKB,1.2867024999999999,0.237224076547826,4,3,4_3
ITPKC,1.0645749999999998,0.2100033575362319,2,3,2_3
ITPR1,1.0356125,0.07484947633333333,2,1,2_1
ITPR2,1.0474583333333334,0.07147847775362318,2,1,2_1
ITPR3,1.0060312500000002,0.06246006069746376,1,1,1_1
ITPRIP,1.0655625000000002,0.188557648442029,2,2,2_2
ITPRIPL1,1.0399,0.07796169376811596,2,1,2_1
ITPRIPL2,1.1332201388888887,0.11683497371376812,3,2,3_2
ITSN1,1.1793140624999998,0.14507963147531705,3,2,3_2
ITSN2,1.2804888888888888,0.3295827995169082,4,3,4_3
IVD,1.1445552083333335,0.43020877283967385,3,3,3_3
IVL,2.3356875,11.607158050217393,4,4,4_4
IVNS1ABP,1.085315625,0.06025104364583333,3,1,3_1
IWS1,1.0237125,0.026057825756843803,1,0,1_0
IYD,1.0998124999999999,0.3657195878985507,3,3,3_3
IZUMO1,1.0470833333333334,0.7276998521739131,2,4,2_4
IZUMO2,1.3859208333333335,1.3855373021014494,4,4,4_4
IZUMO4,0.9358958333333334,0.08463731659420291,0,2,0_2
JADE1,1.139871875,0.10145751554800725,3,2,3_2
JADE2,1.0082041666666666,0.0518094729710145,1,1,1_1
JADE3,1.0458625,0.09897826297101449,2,2,2_2
JAG1,1.0765340277777777,0.03592889206320451,2,0,2_0
JAG2,1.0784833333333335,0.07771682416666667,2,1,2_1
JAGN1,1.0285,0.03962413028985508,1,1,1_1
JAK1,1.1047183333333332,0.07393251264347825,3,1,3_1
JAK2,1.050325,0.12337374053140096,2,2,2_2
JAK3,1.4293666666666667,0.48723337063405797,4,3,4_3
JAKMIP1,1.0679541666666668,0.23269401934782613,2,3,2_3
JAKMIP2,1.084325,0.1820259923550725,3,2,3_2
JAKMIP2-AS1,1.0518791666666667,0.4546647673188406,2,3,2_3
JAKMIP3,0.9438083333333335,0.06658102869565218,0,1,0_1
JAM2,1.1452458333333333,0.15200930097826088,3,2,3_2
JAM3,1.2354180555555556,0.39443447161835754,3,3,3_3
JAML,1.2140416666666667,0.23105944188405797,3,3,3_3
JARID2,0.9948277777777778,0.042068026199677935,0,1,0_1
JARID2-AS1,1.1702458333333332,0.6932694815217392,3,4,3_4
JAZF1,1.10795,0.09376960626811594,3,2,3_2
JAZF1-AS1,1.1525791666666667,1.3461048845652175,3,4,3_4
JCHAIN,0.9560208333333332,0.07297061818840579,0,1,0_1
JDP2,1.0008833333333333,0.06928368583333332,0,1,0_1
JKAMP,1.01739375,0.011726897626811597,1,0,1_0
JMJD1C,1.0555708333333333,0.030968270623993564,2,0,2_0
JMJD1C-AS1,1.0136874999999999,0.12747138398550725,1,2,1_2
JMJD4,1.278576388888889,0.32267121665861515,4,3,4_3
JMJD6,1.056265625,0.2169549682291667,2,3,2_3
JMJD7,1.0285166666666667,0.0701751447826087,1,1,1_1
JMJD8,1.0049666666666666,0.021498946956521745,1,0,1_0
JMY,1.0183666666666666,0.03256391097826086,1,0,1_0
JOSD1,1.0665666666666667,0.047668372463768115,2,1,2_1
JOSD2,1.0539083333333332,0.09737825130434782,2,2,2_2
JPH1,1.0189416666666666,0.06715260249999999,1,1,1_1
JPH2,1.1836583333333333,0.40741900384863117,3,3,3_3
JPH3,1.0920364583333333,0.14903461918025365,3,2,3_2
JPH4,1.0343875,0.17409395065217392,2,2,2_2
JPX,0.9763604166666666,0.07059743096014494,0,1,0_1
JRK,1.1591946428571427,0.11662455956078085,3,2,3_2
JRKL,1.0832375,0.17857504192028983,3,2,3_2
JSRP1,1.3889291666666665,1.0054078570289855,4,4,4_4
JTB,0.9672791666666667,0.019842469508856677,0,0,0_0
JUN,1.06085,0.2960820072554348,2,3,2_3
JUNB,1.0577166666666666,0.3269398301449275,2,3,2_3
JUND,1.0721447916666669,0.12227891198822466,2,2,2_2
JUP,1.0388083333333333,0.06542333043478261,2,1,2_1
KAAG1,1.8059708333333333,4.673652461376811,4,4,4_4
KALRN,1.0626089285714286,0.07368146443507839,2,1,2_1
KANK1,1.0043125,0.04492459358293075,1,1,1_1
KANK2,1.066172222222222,0.24888374642512082,2,3,2_3
KANK3,1.2320708333333334,0.34102704340579704,3,3,3_3
KANK4,1.0609874999999998,0.20785604384057968,2,3,2_3
KANSL1,1.0336666666666667,0.03150068032608697,2,0,2_0
KANSL1-AS1,1.7147937500000001,1.390500893460145,4,4,4_4
KANSL1L,0.9989358333333334,0.015534463631884063,0,0,0_0
KANSL2,1.0254083333333333,0.036625203043478265,1,1,1_1
KANSL3,1.0453635416666667,0.08185669974184781,2,2,2_2
KARS,1.01425625,0.0030511734239130448,1,0,1_0
KAT2A,0.9600125,0.05359555311594204,0,1,0_1
KAT2B,0.9963041666666667,0.025291482826086963,0,0,0_0
KAT5,0.9783638888888889,0.02592279708534622,0,0,0_0
KAT6A,1.1422291666666666,0.18794375140398553,3,2,3_2
KAT6B,1.00062,0.02640721391884058,0,0,0_0
KAT7,1.0072708333333333,0.021123197173913043,1,0,1_0
KAT8,1.0157437500000002,0.06074682798913044,1,1,1_1
KATNA1,0.9894708333333333,0.04315588992753623,0,1,0_1
KATNAL1,0.9870041666666666,0.06197927869565217,0,1,0_1
KATNAL2,1.0091583333333334,0.07278944848631239,1,1,1_1
KATNB1,0.994401388888889,0.04960392863929147,0,1,0_1
KATNBL1,1.0138927083333333,0.031073328781702908,1,0,1_0
KAZALD1,1.0099166666666666,0.10691194674718194,1,2,1_2
KAZN,1.0851052083333332,0.09391516300271738,3,2,3_2
KBTBD11,1.0148125,0.05092780369565219,1,1,1_1
KBTBD12,1.1929166666666666,0.24346481579710144,3,3,3_3
KBTBD2,1.04655,0.04511610288244766,2,1,2_1
KBTBD3,1.0213583333333334,0.03945557869565217,1,1,1_1
KBTBD4,1.0894437499999998,0.18197902976449273,3,2,3_2
KBTBD6,1.0035333333333334,0.05632015242753622,1,1,1_1
KBTBD7,1.0472041666666667,0.019918531360708536,2,0,2_0
KBTBD8,1.1362208333333335,0.1356778389130435,3,2,3_2
KCMF1,1.0203802083333333,0.00961231380887681,1,0,1_0
KCNA1,1.5576145833333335,0.9399767236413044,4,4,4_4
KCNA10,1.7720833333333335,2.7255372149275368,4,4,4_4
KCNA2,0.86974375,0.23925434856884054,0,3,0_3
KCNA3,1.0323833333333334,0.1597426079710145,2,2,2_2
KCNA4,2.052775,2.6731862146376812,4,4,4_4
KCNA5,1.2600416666666667,0.4739137995652174,4,3,4_3
KCNA6,1.763866666666667,2.373445350289855,4,4,4_4
KCNA7,1.4013666666666669,2.877921548550724,4,4,4_4
KCNAB1,1.057625,0.0688224388927536,2,1,2_1
KCNAB2,1.3953187500000002,0.8400229057789856,4,4,4_4
KCNAB3,0.7170083333333332,0.6636838195652174,0,4,0_4
KCNB1,1.3233989583333334,0.3592813007382247,4,3,4_3
KCNB2,1.5951041666666665,1.7570437846739133,4,4,4_4
KCNC1,1.9224041666666665,2.198857282753623,4,4,4_4
KCNC2,1.1206604166666667,0.5859619836413045,3,4,3_4
KCNC3,1.0623319444444446,0.26215559280998396,2,3,2_3
KCNC4,1.010836111111111,0.11232446558776168,1,2,1_2
KCND1,1.1307458333333333,0.2146450039855073,3,3,3_3
KCND2,0.9809583333333333,0.5006292763768115,0,3,0_3
KCND3,1.5555291666666664,1.0051279030978262,4,4,4_4
KCNE1,1.1541625,0.2634023994565218,3,3,3_3
KCNE2,0.9877625,0.17618801847826088,0,2,0_2
KCNE3,1.1712055555555556,0.2683149535748792,3,3,3_3
KCNE4,1.3115069444444443,0.6345789307648954,4,4,4_4
KCNE5,1.0077125,0.17677269282608699,1,2,1_2
KCNF1,1.2035041666666668,0.6110095477536232,3,4,3_4
KCNG1,1.2638,0.4021435540217393,4,3,4_3
KCNG2,1.2646166666666665,1.4824140160869563,4,4,4_4
KCNG3,1.2985604166666667,1.058609165271739,4,4,4_4
KCNG4,1.6938166666666665,1.880485805652174,4,4,4_4
KCNH1,1.942425,3.654626174347826,4,4,4_4
KCNH2,1.0190395833333332,0.13581137715579714,1,2,1_2
KCNH3,3.1038041666666665,17.723898632971014,4,4,4_4
KCNH4,2.2571625,6.643757975289854,4,4,4_4
KCNH5,1.3403847222222225,0.5491337135185186,4,4,4_4
KCNH6,1.0967194444444444,0.17634022101449276,3,2,3_2
KCNH7,1.2471833333333333,0.424342508731884,4,3,4_3
KCNH8,0.9526041666666666,0.12282806905797101,0,2,0_2
KCNIP1,1.3375708333333334,1.1542747189130433,4,4,4_4
KCNIP2,1.09906875,0.6056616996648551,3,4,3_4
KCNIP2-AS1,1.0487041666666668,0.16592572442028986,2,2,2_2
KCNIP3,1.1230008333333334,0.11787170046666666,3,2,3_2
KCNIP4,1.20210625,0.5482976579528985,3,4,3_4
KCNJ1,1.7369812500000001,1.9528992120108695,4,4,4_4
KCNJ10,1.0735833333333333,0.21726751481884063,2,3,2_3
KCNJ11,0.9738166666666667,0.6312784668115942,0,4,0_4
KCNJ13,1.0485208333333331,0.3111342522826087,2,3,2_3
KCNJ14,1.0585791666666668,0.12913501601449276,2,2,2_2
KCNJ15,1.308065,0.8460807531536231,4,4,4_4
KCNJ16,1.4299416666666669,1.5923072193478258,4,4,4_4
KCNJ2,1.0583041666666666,0.0670367241304348,2,1,2_1
KCNJ2-AS1,0.9635333333333334,0.6377130589855073,0,4,0_4
KCNJ3,1.6173333333333335,1.3206995623510467,4,4,4_4
KCNJ4,1.1346791666666667,0.21993634706521736,3,3,3_3
KCNJ5,1.2357291666666668,0.2836751680434783,3,3,3_3
KCNJ6,1.52625,1.1564995704347827,4,4,4_4
KCNJ8,1.2376270833333334,0.2529926196557971,3,3,3_3
KCNJ9,1.8530729166666664,1.6758392376992755,4,4,4_4
KCNK1,1.297615625,0.28840081677083346,4,3,4_3
KCNK10,1.050836111111111,0.2194506992431562,2,3,2_3
KCNK12,1.18155,0.9725761668115942,3,4,3_4
KCNK13,1.4117833333333334,1.1937575591304348,4,4,4_4
KCNK15,1.1402208333333332,0.3718007060507246,3,3,3_3
KCNK15-AS1,1.116525,0.8012186408695652,3,4,3_4
KCNK16,1.9004166666666666,3.8559348308695656,4,4,4_4
KCNK17,1.2910916666666667,1.0380657155072464,4,4,4_4
KCNK2,1.1385750000000001,0.35149248130434785,3,3,3_3
KCNK3,1.2780125,0.6694353711191627,4,4,4_4
KCNK4,1.6789166666666666,3.893743563913044,4,4,4_4
KCNK5,1.08565,0.05395855072463768,3,1,3_1
KCNK6,1.0085333333333333,0.07709312086956524,1,1,1_1
KCNK7,1.7503472222222223,0.740117130547504,4,4,4_4
KCNK9,1.6329229166666668,0.858906262807971,4,4,4_4
KCNMA1,0.9915187499999999,0.1148112227083333,0,2,0_2
KCNMA1-AS1,0.9508916666666667,1.549393789130435,0,4,0_4
KCNMB1,2.25041875,2.954441518061594,4,4,4_4
KCNMB2,1.03608125,0.418260145923913,2,3,2_3
KCNMB2-AS1,1.0618708333333333,0.2960831916666667,2,3,2_3
KCNMB3,0.9813500000000001,0.032788433768115945,0,0,0_0
KCNMB4,1.0200361111111111,0.13548626025764895,1,2,1_2
KCNN1,1.7789791666666668,2.84983538615942,4,4,4_4
KCNN2,1.0862125,0.1994763216666667,3,3,3_3
KCNN3,1.1220020833333333,0.20773874007246373,3,3,3_3
KCNN4,0.9523291666666666,0.1214760581884058,0,2,0_2
KCNQ1,1.2068770833333333,0.37981547625000006,3,3,3_3
KCNQ1-AS1,0.9916208333333333,0.30631066717391303,0,3,0_3
KCNQ1DN,0.9901,0.38172694695652176,0,3,0_3
KCNQ2,1.6013861111111112,0.9662484589855075,4,4,4_4
KCNQ3,0.9672638888888888,0.1964275717391305,0,3,0_3
KCNQ4,0.9900687499999999,0.06625135005434782,0,1,0_1
KCNQ5,1.5259104166666668,0.9777615920833334,4,4,4_4
KCNRG,1.0931666666666666,0.3299779373188405,3,3,3_3
KCNS1,1.0102541666666667,0.14068478557971012,1,2,1_2
KCNS2,1.2597194444444444,0.5822680854267311,4,4,4_4
KCNS3,1.1850333333333332,0.2997255530434782,3,3,3_3
KCNT1,1.1124291666666666,0.18791188760869568,3,2,3_2
KCNT2,1.3925562500000002,0.7766060991485508,4,4,4_4
KCNU1,1.0156666666666667,0.4824103404347827,1,3,1_3
KCNV1,1.2924604166666664,0.7289549823007246,4,4,4_4
KCNV2,1.014425,0.6842035447826088,1,4,1_4
KCP,1.3628277777777777,0.4929869258937198,4,3,4_3
KCTD1,1.0726041666666666,0.06319351231884059,2,1,2_1
KCTD10,1.0748916666666666,0.05372748931159422,2,1,2_1
KCTD11,1.1374291666666667,0.19822208514492753,3,3,3_3
KCTD12,1.09990625,0.07918522454710143,3,1,3_1
KCTD13,1.01351875,0.015706017445652167,1,0,1_0
KCTD15,1.13232,0.07851645235362317,3,1,3_1
KCTD16,1.03266875,0.34252259103260874,2,3,2_3
KCTD17,0.957575,0.11567151536231884,0,2,0_2
KCTD18,1.0085354166666667,0.019996036757246375,1,0,1_0
KCTD19,1.3468916666666668,1.5572233713043477,4,4,4_4
KCTD2,0.9548833333333334,0.026995272137681162,0,0,0_0
KCTD20,1.0021847222222222,0.04397417377616746,1,1,1_1
KCTD21,1.0039,0.0202736368115942,1,0,1_0
KCTD3,0.9898416666666666,0.028030340434782607,0,0,0_0
KCTD4,0.9966541666666666,0.19539268789855077,0,3,0_3
KCTD5,1.078713888888889,0.1765733858937198,2,2,2_2
KCTD6,0.9897479166666666,0.014067271032608693,0,0,0_0
KCTD7,1.17741875,0.13487950611413044,3,2,3_2
KCTD9,0.9917000000000001,0.034945048115942026,0,0,0_0
KDELC1,1.0320708333333333,0.09723909731884058,2,2,2_2
KDELC2,0.9805708333333335,0.017385987318840578,0,0,0_0
KDELR1,1.0506125,0.07250931365942032,2,1,2_1
KDELR2,1.0084277777777777,0.026054430096618352,1,0,1_0
KDELR3,0.9951722222222221,0.06525885122383253,0,1,0_1
KDF1,1.03765,0.05224330028985507,2,1,2_1
KDM1A,1.0220291666666668,0.042022543550724635,1,1,1_1
KDM1B,1.0498583333333333,0.050370974673913056,2,1,2_1
KDM2A,1.025563888888889,0.03949548710144926,1,1,1_1
KDM2B,0.9926083333333334,0.009781937536231886,0,0,0_0
KDM3A,1.0156958333333332,0.07213972423913044,1,1,1_1
KDM3B,0.9641395833333334,0.02926699048913042,0,0,0_0
KDM4A,1.0160354166666667,0.04299062755434783,1,1,1_1
KDM4B,1.0172089285714285,0.04109918240313517,1,1,1_1
KDM4C,1.0196072916666667,0.040548161825181166,1,1,1_1
KDM4D,1.0763645833333333,0.18486552016304342,2,2,2_2
KDM5A,1.0060083333333332,0.013232135078260869,1,0,1_0
KDM5B,1.0408108333333335,0.02659652117391303,2,0,2_0
KDM5C,1.0112416666666668,0.048442437355072455,1,1,1_1
KDM5D,1.3843625,1.7286163993478258,4,4,4_4
KDM6A,1.023203125,0.1224418823414855,1,2,1_2
KDM6B,1.1493066666666667,0.15753200153623187,3,2,3_2
KDM7A,1.0113020833333335,0.052475280090579696,1,1,1_1
KDM8,1.1978458333333333,0.17001172279388085,3,2,3_2
KDR,1.0297666666666665,0.05005365,1,1,1_1
KDSR,1.0596604166666665,0.049137517074275376,2,1,2_1
KEAP1,1.0540333333333334,0.0764032479710145,2,1,2_1
KEL,0.9202499999999999,0.20976543782608698,0,3,0_3
KERA,0.9776458333333334,0.3535498610869566,0,3,0_3
KHDC1,1.0178770833333333,0.0711054675905797,1,1,1_1
KHDC1L,1.0692750000000002,0.7318163598550724,2,4,2_4
KHDC3L,1.2426333333333333,1.0437941992753623,4,4,4_4
KHDRBS1,1.0054236111111112,0.01605335137681159,1,0,1_0
KHDRBS2,1.4587208333333335,0.8911483854347826,4,4,4_4
KHDRBS3,0.9839625000000001,0.05192530257246377,0,1,0_1
KHK,1.0154770833333335,0.1777185289673913,1,2,1_2
KHNYN,1.0173625,0.018138876992753624,1,0,1_0
KHSRP,1.1487635416666666,0.14784004154438402,3,2,3_2
KIAA0040,1.05698125,0.10273460998188405,2,2,2_2
KIAA0087,2.6251208333333333,7.348353465,4,4,4_4
KIAA0100,1.0311000000000001,0.029522316413043478,2,0,2_0
KIAA0232,0.9997791666666666,0.02908682746376812,0,0,0_0
KIAA0319,1.1379708333333334,0.2898171158695652,3,3,3_3
KIAA0319L,1.0879041666666667,0.060364179456521734,3,1,3_1
KIAA0355,1.061475,0.03211433101449274,2,0,2_0
KIAA0391,1.0034875,0.015364674130434785,1,0,1_0
KIAA0408,0.9145541666666667,0.3914697326811595,0,3,0_3
KIAA0513,1.0672125,0.14647939148550726,2,2,2_2
KIAA0556,1.0983,0.08051736768115943,3,1,3_1
KIAA0586,1.00553125,0.02172799632246377,1,0,1_0
KIAA0753,1.0148374999999998,0.07013415181159419,1,1,1_1
KIAA0825,0.9713854166666666,0.18605123418478264,0,2,0_2
KIAA0895,1.05395,0.05101963652173914,2,1,2_1
KIAA0895L,1.0449083333333335,0.055565689130434796,2,1,2_1
KIAA0930,1.080275,0.059510465169082136,2,1,2_1
KIAA1024,1.0198791666666667,0.11159662905797099,1,2,1_2
KIAA1109,1.018617857142857,0.014312921617864542,1,0,1_0
KIAA1143,0.9767854166666666,0.02808113527173913,0,0,0_0
KIAA1147,1.002425,0.017853833317230287,1,0,1_0
KIAA1191,0.9866208333333333,0.010679577173913041,0,0,0_0
KIAA1210,0.8761041666666666,0.1841523235507246,0,2,0_2
KIAA1211,1.035925,0.15994583998389694,2,2,2_2
KIAA1211L,1.003884722222222,0.14274652620772948,1,2,1_2
KIAA1217,1.027582738095238,0.03681492093907126,1,1,1_1
KIAA1257,1.1118333333333332,0.21741421655797097,3,3,3_3
KIAA1324,0.9423069444444444,0.07608529116747183,0,1,0_1
KIAA1324L,0.9974270833333333,0.04775396023550726,0,1,0_1
KIAA1328,0.9863041666666668,0.08366259271739131,0,2,0_2
KIAA1468,1.0145104166666667,0.02547290903985507,1,0,1_0
KIAA1522,1.011675,0.060981059275362307,1,1,1_1
KIAA1549,1.0117302083333335,0.04335895806612319,1,1,1_1
KIAA1549L,1.4566666666666668,0.3419622416264089,4,3,4_3
KIAA1551,1.0025041666666668,0.03875562844202899,1,1,1_1
KIAA1586,1.01525,0.04478091391304349,1,1,1_1
KIAA1614,2.757375,5.3386554865217395,4,4,4_4
KIAA1614-AS1,1.0571166666666667,0.15022601086956522,2,2,2_2
KIAA1671,1.0433680555555556,0.11493519847826089,2,2,2_2
KIAA1755,1.5070347222222225,0.8952007753864735,4,4,4_4
KIAA1841,1.0556604166666668,0.17057657498188405,2,2,2_2
KIAA1958,1.0127416666666667,0.04442903363929146,1,1,1_1
KIAA2012,1.1054291666666667,0.5416715151449275,3,4,3_4
KIAA2013,1.0362125,0.021891535326086956,2,0,2_0
KIAA2026,1.00446875,0.055778458650362316,1,1,1_1
KIDINS220,1.05744,0.048689525437681166,2,1,2_1
KIF11,1.0247958333333334,0.15903456471014493,1,2,1_2
KIF12,1.0014083333333332,0.19333493028985507,1,3,1_3
KIF13A,1.0021027777777778,0.034456961260064416,1,0,1_0
KIF13B,1.081475,0.07654076782608696,3,1,3_1
KIF14,1.1954125,0.3290262906884058,3,3,3_3
KIF15,1.3869583333333333,0.49435531347826084,4,3,4_3
KIF16B,0.9940729166666666,0.024162519764492747,0,0,0_0
KIF17,1.2567166666666667,0.2604029565217391,4,3,4_3
KIF18A,1.0003374999999999,0.20959279253623186,0,3,0_3
KIF18B,1.3856416666666667,0.8109685615942028,4,4,4_4
KIF19,0.9481999999999999,0.18961332670289852,0,2,0_2
KIF1A,1.5010805555555553,0.4704045471980677,4,3,4_3
KIF1B,0.9886041666666667,0.054398559411231895,0,1,0_1
KIF1BP,1.0039,0.010800165652173913,1,0,1_0
KIF1C,1.0096625,0.032332749492753624,1,0,1_0
KIF20A,1.4221291666666669,0.8533606754347827,4,4,4_4
KIF20B,1.5495694444444446,1.1262506808856685,4,4,4_4
KIF21A,0.9959604166666667,0.033708107771739125,0,0,0_0
KIF21B,1.0933833333333334,0.10736988304347826,3,2,3_2
KIF22,1.0486270833333333,0.12273388824275364,2,2,2_2
KIF23,1.2638624999999999,0.1836288048913044,4,2,4_2
KIF24,0.9372208333333333,0.2842481276086956,0,3,0_3
KIF25,1.0083312500000001,0.2279099389673913,1,3,1_3
KIF25-AS1,1.481163888888889,0.3346275358615137,4,3,4_3
KIF26A,1.0400833333333332,0.09181892695652172,2,2,2_2
KIF26B,1.0893736111111112,0.13279858863929148,3,2,3_2
KIF27,1.2313166666666666,0.8364807384057968,3,4,3_4
KIF2A,1.0143708333333332,0.03102708409420291,1,0,1_0
KIF2B,1.75485,4.339099401014494,4,4,4_4
KIF2C,1.2544083333333333,0.2896155719927537,4,3,4_3
KIF3A,1.02054375,0.06349009751811593,1,1,1_1
KIF3B,0.9904875,0.02500974554347826,0,0,0_0
KIF3C,1.0426854166666668,0.07378061309782606,2,1,2_1
KIF4A,1.3015416666666668,0.41276017260869574,4,3,4_3
KIF5A,0.9988138888888889,0.08707039077294686,0,2,0_2
KIF5B,0.9928888888888888,0.0268216815942029,0,0,0_0
KIF5C,1.4602666666666666,0.3355683909983897,4,3,4_3
KIF6,1.1492924999999998,0.15111757685507252,3,2,3_2
KIF7,0.963175,0.07003384550724637,0,1,0_1
KIF9,1.0463166666666668,0.07999106535326089,2,1,2_1
KIF9-AS1,0.9989833333333333,0.14146331260869566,0,2,0_2
KIFAP3,0.9683458333333334,0.020290841666666674,0,0,0_0
KIFC1,1.1919583333333332,0.5868685565217391,3,4,3_4
KIFC2,1.02303125,0.039156821902173906,1,1,1_1
KIFC3,1.3557208333333335,0.4179641596014492,4,3,4_3
KIN,1.0491819444444446,0.03552060537037038,2,0,2_0
KIR2DL1,1.2813541666666668,0.8529028710869564,4,4,4_4
KIR2DL3,0.8837875,0.2954536077536232,0,3,0_3
KIR2DL4,1.1468375,0.49812054710950077,3,3,3_3
KIR3DL1,1.0165,0.4397780453623188,1,3,1_3
KIR3DL2,1.1553781250000001,0.2285983632563406,3,3,3_3
KIR3DL3,1.1775000000000002,0.6451304563768115,3,4,3_4
KIR3DX1,1.0554770833333333,0.12926102668478262,2,2,2_2
KIRREL2,2.0487583333333332,3.0885066711594202,4,4,4_4
KIRREL3,1.1949124999999998,0.34999937137681164,3,3,3_3
KIRREL3-AS2,1.5532374999999998,1.2193782061594205,4,4,4_4
KIRREL3-AS3,1.1106916666666666,1.2985330508695652,3,4,3_4
KISS1,1.6500708333333332,2.077230987753623,4,4,4_4
KISS1R,1.011825,0.15735396942028987,1,2,1_2
KIT,1.0351375,0.037526834565217396,2,1,2_1
KITLG,0.9733062499999999,0.029722902454710147,0,0,0_0
KIZ,1.1677275,0.13024226693043478,3,2,3_2
KIZ-AS1,1.0225333333333333,0.2863872450724637,1,3,1_3
KL,1.2478749999999998,0.22682339710144925,4,3,4_3
KLB,1.035375,0.18364590684782608,2,2,2_2
KLC1,0.9957989583333333,0.012499339470108691,0,0,0_0
KLC2,1.0010625,0.06871869195652175,0,1,0_1
KLC3,1.1944875,0.22043754171497584,3,3,3_3
KLC4,1.2620875,0.8114672922463768,4,4,4_4
KLF1,1.6488458333333333,2.6968025078985502,4,4,4_4
KLF10,1.0243875,0.10182271702898552,1,2,1_2
KLF11,1.1005291666666668,0.13291921192028985,3,2,3_2
KLF12,1.2139947916666667,0.10661707805253624,3,2,3_2
KLF13,1.1512177083333335,0.2173137247871377,3,3,3_3
KLF14,1.1080979166666667,0.94258425125,3,4,3_4
KLF15,1.1558729166666666,0.8344365986413045,3,4,3_4
KLF16,1.0442375000000002,0.11385081554347827,2,2,2_2
KLF17,1.4295875,1.4118912692028984,4,4,4_4
KLF2,1.3915854166666666,0.6900595970471014,4,4,4_4
KLF3,1.0201677083333334,0.05831567342844202,1,1,1_1
KLF4,1.19253125,0.364716709692029,3,3,3_3
KLF5,1.0181458333333333,0.029248401195652186,1,0,1_0
KLF6,1.0632925,0.13292779518550726,2,2,2_2
KLF7,1.0283958333333334,0.06717396804347825,1,1,1_1
KLF8,1.0683166666666668,0.04369609184782609,2,1,2_1
KLF9,1.1472108333333333,0.21531419297681156,3,3,3_3
KLHDC1,1.0632458333333332,0.10551433536231884,2,2,2_2
KLHDC10,1.0957083333333333,0.05972288884057971,3,1,3_1
KLHDC2,1.0055041666666666,0.011225201666666665,1,0,1_0
KLHDC3,0.9840458333333334,0.04286027235507246,0,1,0_1
KLHDC4,1.1642868055555555,0.13588157203502418,3,2,3_2
KLHDC7A,1.5825624999999999,0.9913773158695652,4,4,4_4
KLHDC7B,1.4149979166666666,1.6494390412862319,4,4,4_4
KLHDC8A,1.086325,0.1554474798188406,3,2,3_2
KLHDC8B,1.1083749999999999,0.11864557724637682,3,2,3_2
KLHDC9,1.0783416666666668,0.12893451608695652,2,2,2_2
KLHL1,1.1920624999999998,0.755217834311594,3,4,3_4
KLHL10,1.09570625,0.2244276871195652,3,3,3_3
KLHL11,1.0269229166666667,0.12513557201086958,1,2,1_2
KLHL12,1.0305250000000001,0.03891464170289854,2,1,2_1
KLHL13,0.9791041666666667,0.1012585234057971,0,2,0_2
KLHL14,1.2647763888888888,0.35549406303542674,4,3,4_3
KLHL15,1.0269625,0.03517042905797102,1,0,1_0
KLHL17,1.1445520833333334,0.25570518875,3,3,3_3
KLHL18,1.0362708333333333,0.1049146565458937,2,2,2_2
KLHL2,1.0720625000000001,0.03688472804347826,2,1,2_1
KLHL20,1.0886895833333334,0.0982154529076087,3,2,3_2
KLHL21,0.9545125,0.022957179782608698,0,0,0_0
KLHL22,1.2861166666666666,0.14522929364057974,4,2,4_2
KLHL23,0.8844958333333334,0.21763798398550724,0,3,0_3
KLHL24,1.0262291666666667,0.03178200389855072,1,0,1_0
KLHL25,0.9711250000000001,0.09912655144927536,0,2,0_2
KLHL26,1.0249375,0.06850763007246377,1,1,1_1
KLHL28,1.0590597222222222,0.0838700845652174,2,2,2_2
KLHL29,1.2199562499999999,0.1237296001539855,3,2,3_2
KLHL3,1.4316041666666666,0.9593682078623186,4,4,4_4
KLHL31,1.3950979166666666,0.6225001387499998,4,4,4_4
KLHL32,1.2635125,0.558428080652174,4,4,4_4
KLHL34,1.2713979166666667,0.4442990690036232,4,3,4_3
KLHL35,1.0302458333333333,0.118273129863124,2,2,2_2
KLHL36,1.0172875000000001,0.029783959315619966,1,0,1_0
KLHL4,1.0554958333333333,0.28619089655797103,2,3,2_3
KLHL40,2.037354166666667,4.311650943985507,4,4,4_4
KLHL41,1.0264291666666667,0.0742058000362319,1,1,1_1
KLHL42,1.0384888888888888,0.056791635281803546,2,1,2_1
KLHL5,1.0426458333333335,0.03247064766086958,2,0,2_0
KLHL6,1.0244958333333334,0.11610268442934783,1,2,1_2
KLHL7,1.0351986111111111,0.04115184408212561,2,1,2_1
KLHL8,1.0125305555555555,0.021388826392914655,1,0,1_0
KLHL9,0.984003125,0.028590559515398548,0,0,0_0
KLK1,1.0043083333333334,0.17405370478260868,1,2,1_2
KLK10,0.9465166666666667,0.13575461141304346,0,2,0_2
KLK11,1.0267583333333332,0.1071179856521739,1,2,1_2
KLK12,1.4792236111111112,0.7339318308293076,4,4,4_4
KLK13,0.9920819444444445,0.056594026175523345,0,1,0_1
KLK14,0.9217208333333334,0.5128582816666668,0,3,0_3
KLK15,1.7062270833333333,0.5346951692663043,4,3,4_3
KLK2,1.5729895833333334,0.5583065035960145,4,4,4_4
KLK3,1.2271791666666667,0.18828665416264093,3,2,3_2
KLK4,1.3917575,0.3062655819913044,4,3,4_3
KLK5,1.520975,1.9607352314492754,4,4,4_4
KLK6,0.94525,0.2307013285507247,0,3,0_3
KLK7,1.15414375,0.40816092711956525,3,3,3_3
KLK8,1.3876916666666668,0.5439374711231885,4,4,4_4
KLK9,1.6834666666666667,2.338633603623188,4,4,4_4
KLKB1,1.0633,0.1607105407246377,2,2,2_2
KLLN,1.0100333333333333,0.4021092160869565,1,3,1_3
KLRB1,0.9627250000000002,0.2299393584057971,0,3,0_3
KLRC2,1.2300875,0.3417191544202899,3,3,3_3
KLRC3,1.1971625000000001,0.700465607463768,3,4,3_4
KLRC4,1.173525,0.5503053363768117,3,4,3_4
KLRC4-KLRK1,1.2343229166666667,0.33848236436594203,3,3,3_3
KLRD1,1.2075430555555557,0.44351525931562,3,3,3_3
KLRF1,1.0121125,0.13126956920289853,1,2,1_2
KLRG1,0.9315666666666665,0.3510178227536232,0,3,0_3
KLRG2,1.1479125,0.2989750265942028,3,3,3_3
KMO,1.2907652777777778,0.44931177068438005,4,3,4_3
KMT2A,1.0537554166666665,0.051172642663043486,2,1,2_1
KMT2B,0.8829347222222222,0.06434975376006442,0,1,0_1
KMT2C,1.0041875,0.038114865716586156,1,1,1_1
KMT2D,1.3105104166666666,0.1761598876590177,4,2,4_2
KMT2E,1.0264763888888888,0.013343598268921097,1,0,1_0
KMT2E-AS1,0.9674083333333332,0.06877566652173914,0,1,0_1
KMT5A,0.999615625,0.012815001399456523,0,0,0_0
KMT5B,1.0059930555555556,0.01699429554750403,1,0,1_0
KMT5C,1.1753520833333333,0.7455146296195652,3,4,3_4
KNCN,1.2090250000000002,1.1857160468115944,3,4,3_4
KNDC1,1.1350875,0.22837169902576487,3,3,3_3
KNG1,1.6205652777777777,0.7306552177375202,4,4,4_4
KNL1,1.2419395833333333,0.32861683187499996,4,3,4_3
KNOP1,1.0345902777777776,0.03269772598228663,2,0,2_0
KNSTRN,1.0425333333333333,0.11661985057971015,2,2,2_2
KNTC1,0.9843625,0.06540516847826087,0,1,0_1
KPNA1,0.9896631944444444,0.01424284434178744,0,0,0_0
KPNA2,1.0177458333333333,0.03248499159420288,1,0,1_0
KPNA3,1.0281729166666667,0.03622856088768116,1,1,1_1
KPNA4,0.9997266666666667,0.02679349471884058,0,0,0_0
KPNA5,1.0575902777777777,0.06228835058776168,2,1,2_1
KPNA6,1.0298083333333332,0.04375313141304348,1,1,1_1
KPNB1,0.9980430555555556,0.016064118530595813,0,0,0_0
KPTN,0.9877416666666666,0.06253019608695651,0,1,0_1
KRAS,1.02111,0.05195398965217391,1,1,1_1
KRBA1,1.0940791666666667,0.0910819093478261,3,2,3_2
KRBA2,2.284308333333333,5.7950022846376825,4,4,4_4
KRBOX1,1.1738958333333334,0.22880251384057973,3,3,3_3
KRBOX1-AS1,1.248995833333333,0.9387518570289856,4,4,4_4
KRBOX4,1.0038375,0.03003947760869565,1,0,1_0
KRCC1,1.0028347222222223,0.0068376290579710165,1,0,1_0
KREMEN1,1.0300933333333333,0.05242958291014493,1,1,1_1
KREMEN2,1.0630583333333334,0.2513370720289855,2,3,2_3
KRI1,0.9727479166666667,0.027029296902173906,0,0,0_0
KRIT1,1.0142958333333334,0.01859965654891305,1,0,1_0
KRR1,1.048282638888889,0.03900790093196459,2,1,2_1
KRT1,1.4656624999999999,1.5887990241304348,4,4,4_4
KRT10,1.0364041666666666,0.030100656159420293,2,0,2_0
KRT12,1.2574208333333332,3.048095638333333,4,4,4_4
KRT13,2.5718333333333336,12.837908116666666,4,4,4_4
KRT14,1.5029083333333333,1.7055628047826088,4,4,4_4
KRT15,1.136825,0.20219832130434784,3,3,3_3
KRT16,2.3904416666666664,14.622297359565216,4,4,4_4
KRT17,1.22641875,0.5787083776630435,3,4,3_4
KRT18,0.9332750000000001,0.04291746217391303,0,1,0_1
KRT19,1.0294916666666667,0.1676474303985507,1,2,1_2
KRT2,1.27945,1.3964041398550726,4,4,4_4
KRT20,2.1213416666666665,4.161865170869564,4,4,4_4
KRT222,1.1208,0.20524046054347828,3,3,3_3
KRT23,1.0488291666666667,0.09421407007246375,2,2,2_2
KRT24,3.3842916666666665,23.78754485507246,4,4,4_4
KRT25,1.0030916666666665,0.23645325666666664,1,3,1_3
KRT27,1.7744916666666668,2.607325998405798,4,4,4_4
KRT3,1.3447833333333332,1.4126807152173912,4,4,4_4
KRT31,1.0548875000000002,0.16125207586956525,2,2,2_2
KRT32,1.121325,0.4642713494202898,3,3,3_3
KRT33A,1.8581874999999999,3.0619070383333336,4,4,4_4
KRT33B,1.0776124999999999,0.34128831065217385,2,3,2_3
KRT35,1.182979166666667,0.6090283470289855,3,4,3_4
KRT36,0.5506041666666667,0.2180128280434783,0,3,0_3
KRT37,1.1219416666666666,0.5514038837681159,3,4,3_4
KRT38,1.9189083333333332,3.111802785362319,4,4,4_4
KRT4,1.8445083333333334,4.58447231076087,4,4,4_4
KRT40,1.6843083333333333,2.9976273141666665,4,4,4_4
KRT5,1.1690208333333334,0.2053028473188406,3,3,3_3
KRT6A,9.041029166666666,182.2441353705073,4,4,4_4
KRT6B,1.3782229166666664,0.9379419152717392,4,4,4_4
KRT6C,8.427779166666667,163.64970137195652,4,4,4_4
KRT7,1.1305125,0.4038546863405797,3,3,3_3
KRT71,0.6435916666666666,0.314919115942029,0,3,0_3
KRT72,1.4431541666666667,1.4544777305072463,4,4,4_4
KRT73,1.0994062500000001,0.20179952556159417,3,3,3_3
KRT74,1.6987583333333334,0.7854191802536232,4,4,4_4
KRT75,1.0654458333333334,0.23714255601449274,2,3,2_3
KRT76,1.3670791666666666,1.3586937210869565,4,4,4_4
KRT77,2.8872999999999998,12.343388344782607,4,4,4_4
KRT78,1.2735458333333334,0.7145300301086956,4,4,4_4
KRT79,1.3951208333333334,1.6353060115217388,4,4,4_4
KRT8,1.0464874999999998,0.07697941195652173,2,1,2_1
KRT80,1.2752541666666668,0.22318082340579706,4,3,4_3
KRT81,1.0967624999999999,0.24891991789855072,3,3,3_3
KRT82,1.2424541666666666,0.6740963378985506,4,4,4_4
KRT83,1.1588916666666667,0.3256923894202899,3,3,3_3
KRT84,1.5769666666666666,2.039831126231884,4,4,4_4
KRT85,1.5208541666666668,1.4607891038405796,4,4,4_4
KRT9,1.0064624999999998,0.20498464543478265,1,3,1_3
KRTAP1-1,0.9107333333333333,0.25957139550724634,0,3,0_3
KRTAP1-3,1.2916125,0.8401521961956522,4,4,4_4
KRTAP1-5,1.5916249999999998,2.390231164202899,4,4,4_4
KRTAP10-11,1.1167416666666667,0.6356021720289856,3,4,3_4
KRTAP10-12,1.1068875,3.0945256041304354,3,4,3_4
KRTAP11-1,1.7485625,3.650887827173912,4,4,4_4
KRTAP13-1,1.8086208333333333,4.332108683260871,4,4,4_4
KRTAP17-1,1.2809416666666664,1.2597039946376811,4,4,4_4
KRTAP19-1,2.119291666666667,3.444277111449275,4,4,4_4
KRTAP19-3,1.077,0.47812594333333336,2,3,2_3
KRTAP2-1,1.2333583333333333,1.3924784592753625,3,4,3_4
KRTAP2-2,0.9554916666666667,1.44035842942029,0,4,0_4
KRTAP2-3,1.40246875,0.8843531040398551,4,4,4_4
KRTAP3-1,1.5165958333333334,1.4524549852898547,4,4,4_4
KRTAP3-2,1.148625,0.8750029656521742,3,4,3_4
KRTAP3-3,1.1832958333333334,1.4188745322463767,3,4,3_4
KRTAP4-1,1.046825,0.3717279188405797,2,3,2_3
KRTAP4-11,1.2164416666666666,0.5389546275362318,3,4,3_4
KRTAP4-12,1.2904875,1.7804488167391304,4,4,4_4
KRTAP4-2,1.4403208333333335,1.601744924710145,4,4,4_4
KRTAP4-3,0.9639333333333333,0.43660195173913047,0,3,0_3
KRTAP4-4,1.3466499999999997,1.5279392859420287,4,4,4_4
KRTAP4-5,1.5549,1.108003357246377,4,4,4_4
KRTAP4-7,1.384195833333333,1.0698147699275362,4,4,4_4
KRTAP4-8,1.0154916666666667,0.5920261066666668,1,4,1_4
KRTAP4-9,1.1601416666666668,0.5857538778260869,3,4,3_4
KRTAP5-2,2.700008333333333,11.383728022173912,4,4,4_4
KRTAP5-8,1.0382375,0.11346895311594205,2,2,2_2
KRTAP5-9,1.0979791666666667,0.5147703622463768,3,3,3_3
KRTAP5-AS1,0.9896041666666667,0.166790486557971,0,2,0_2
KRTAP7-1,1.2065166666666667,0.8332947682608696,3,4,3_4
KRTAP8-1,2.14965,4.591899619710146,4,4,4_4
KRTAP9-3,1.1843458333333332,1.7229108099275365,3,4,3_4
KRTAP9-4,1.4595916666666666,1.9715832343478257,4,4,4_4
KRTAP9-8,1.1446375,0.6823721528623189,3,4,3_4
KRTAP9-9,1.44775,2.3073080030434783,4,4,4_4
KRTCAP2,1.0702666666666667,0.041106582717391295,2,1,2_1
KRTCAP3,0.941825,0.04729563811594202,0,1,0_1
KRTDAP,0.9932500000000001,0.16062873492753624,0,2,0_2
KSR1,1.2697354166666666,0.4580832676630434,4,3,4_3
KSR2,0.9526916666666668,0.11730949373188403,0,2,0_2
KTI12,0.9739833333333333,0.019841833188405798,0,0,0_0
KTN1,1.0573489583333335,0.024988646816123183,2,0,2_0
KXD1,0.9737222222222223,0.07695008772946857,0,1,0_1
KY,1.1774979166666666,0.17357244388586957,3,2,3_2
KYAT1,1.7481041666666668,1.078905224742351,4,4,4_4
KYAT3,0.9799916666666667,0.01686712739130435,0,0,0_0
KYNU,1.259665625,0.40172307026721016,4,3,4_3
L1CAM,1.4534083333333332,1.277811429673913,4,4,4_4
L1TD1,1.25629375,0.8035565164673911,4,4,4_4
L2HGDH,0.9356583333333334,0.11048786943639292,0,2,0_2
L3HYPDH,0.99045,0.07829738246376812,0,1,0_1
L3MBTL1,1.10810625,0.07638204699476651,3,1,3_1
L3MBTL2,1.0185604166666666,0.0725818667210145,1,1,1_1
L3MBTL3,1.10225,0.11189822913043476,3,2,3_2
L3MBTL4,1.0306979166666668,0.053862318170289844,2,1,2_1
L3MBTL4-AS1,0.8690916666666668,0.1455711175362319,0,2,0_2
LACC1,1.0506222222222223,0.04802397334943639,2,1,2_1
LACRT,2.9087791666666667,22.578686414420293,4,4,4_4
LACTB,0.9918916666666666,0.04815965579710145,0,1,0_1
LACTB2,0.9777541666666667,0.02491767079710145,0,0,0_0
LACTB2-AS1,2.165320833333333,3.467450868478261,4,4,4_4
LAD1,1.0863395833333334,0.09167524534420289,3,2,3_2
LAG3,1.1173833333333334,0.2941298352173913,3,3,3_3
LAGE3,1.01431875,0.0417605165036232,1,1,1_1
LAIR1,1.3741750000000001,0.6681499095652174,4,4,4_4
LAIR2,1.5651458333333332,1.189416406594203,4,4,4_4
LALBA,1.2936708333333333,1.1127413721014494,4,4,4_4
LAMA1,1.7225833333333334,2.258208278586957,4,4,4_4
LAMA2,1.0333750000000002,0.10689025772644926,2,2,2_2
LAMA3,1.0148993055555555,0.05064263863325281,1,1,1_1
LAMA4,1.1664866666666664,0.3071873921565218,3,3,3_3
LAMA5,1.0986875,0.03571917471014492,3,0,3_0
LAMA5-AS1,1.2986625,0.45059359206521743,4,3,4_3
LAMB1,1.0232395833333332,0.06100059375000002,1,1,1_1
LAMB2,1.0627916666666666,0.0893965991304348,2,2,2_2
LAMB3,1.1926583333333334,0.4077733172463768,3,3,3_3
LAMB4,1.1805694444444446,0.40561566446054753,3,3,3_3
LAMC1,1.0443333333333333,0.025530611630434786,2,0,2_0
LAMC2,1.2385249999999999,0.5448291185507247,3,4,3_4
LAMC3,1.0247625000000002,0.1463537090942029,1,2,1_2
LAMP1,1.0112260416666667,0.03167926876358696,1,0,1_0
LAMP2,1.0010864583333332,0.017638964759963772,0,0,0_0
LAMP3,1.2323958333333334,0.5977458793478262,3,4,3_4
LAMP5,1.4204375,0.9632220689130434,4,4,4_4
LAMTOR1,0.9670250000000001,0.049623030579710146,0,1,0_1
LAMTOR2,1.0900375,0.11318866499999998,3,2,3_2
LAMTOR3,0.98300625,0.010566046249999999,0,0,0_0
LAMTOR4,1.0813875,0.11858340746376811,3,2,3_2
LAMTOR5,1.0573916666666665,0.04909882619565218,2,1,2_1
LANCL1,0.9763729166666667,0.014641928315217389,0,0,0_0
LANCL2,1.004388888888889,0.03188293557165862,1,0,1_0
LANCL3,1.1424041666666669,0.15393479166666668,3,2,3_2
LAP3,1.1555458333333333,0.341694483405797,3,3,3_3
LAPTM4A,0.9769333333333332,0.012669872028985507,0,0,0_0
LAPTM4B,0.9839666666666668,0.01708427248188405,0,0,0_0
LAPTM5,1.3636937500000001,0.6135799239311595,4,4,4_4
LARGE1,1.0598770833333333,0.0979380766847826,2,2,2_2
LARGE2,1.0163666666666666,0.04283286565217391,1,1,1_1
LARP1,1.007571875,0.041733918727355074,1,1,1_1
LARP1B,1.0478041666666666,0.05727198024557165,2,1,2_1
LARP4,1.0308858333333333,0.032237789805797105,2,0,2_0
LARP4B,1.162275,0.06378012191363502,3,1,3_1
LARP6,1.1383791666666667,0.19807329512882446,3,3,3_3
LARP7,1.0296486111111112,0.04731608983091786,1,1,1_1
LARS,1.037603125,0.018271831825181155,2,0,2_0
LARS2,0.9813833333333335,0.025353788260869564,0,0,0_0
LAS1L,0.99533125,0.11127778273550727,0,2,0_2
LASP1,0.9735166666666667,0.015238358695652173,0,0,0_0
LAT,1.034175,0.1063620359057971,2,2,2_2
LAT2,1.1367916666666666,0.27008332713768113,3,3,3_3
LATS1,1.0771625,0.1639866409963768,2,2,2_2
LATS2,1.0234708333333333,0.08546324709239132,1,2,1_2
LAX1,1.2681333333333333,0.6214108997101448,4,4,4_4
LAYN,1.3869388888888887,0.7924272471014492,4,4,4_4
LBH,1.0479541666666667,0.07728709442028986,2,1,2_1
LBP,1.2664458333333333,1.7697329260144927,4,4,4_4
LBR,0.9971833333333334,0.009336355507246374,0,0,0_0
LBX1,0.727125,0.6813173214492754,0,4,0_4
LBX2-AS1,1.0962666666666667,0.09441670507246379,3,2,3_2
LCA5,1.0943083333333334,0.09718689322061191,3,2,3_2
LCA5L,1.0438583333333333,0.26042745144927537,2,3,2_3
LCAT,1.5768812499999998,1.300194813532609,4,4,4_4
LCE1B,1.1735625,1.3744669109420293,3,4,3_4
LCE1E,1.5057041666666668,1.4520264355434787,4,4,4_4
LCE2B,1.8018791666666667,3.619290078188406,4,4,4_4
LCE3D,1.1211291666666667,0.8093234739855073,3,4,3_4
LCK,1.1189354166666667,0.3102421853804348,3,3,3_3
LCLAT1,0.9878583333333332,0.01876350449275362,0,0,0_0
LCMT1,0.9630666666666667,0.018660488840579713,0,0,0_0
LCMT1-AS2,1.7215958333333334,1.3969653967753621,4,4,4_4
LCMT2,1.0572645833333334,0.19329594269927536,2,3,2_3
LCN1,4.325275,169.71651126333333,4,4,4_4
LCN10,1.3589541666666667,0.6926086319565217,4,4,4_4
LCN12,1.0740791666666667,0.12203459427536234,2,2,2_2
LCN15,2.165791666666667,8.748721558260868,4,4,4_4
LCN2,1.1430708333333335,0.19656719688405797,3,3,3_3
LCN6,1.1044124999999998,0.12865906992753623,3,2,3_2
LCN8,1.543352083333333,0.7353212301630434,4,4,4_4
LCNL1,1.0561437500000002,0.2413784330615942,2,3,2_3
LCOR,1.0322625,0.024400623007246377,2,0,2_0
LCORL,1.0336833333333333,0.027693550676328504,2,0,2_0
LCP1,1.1304541666666668,0.20628992702898555,3,3,3_3
LCP2,1.1196972222222221,0.20164715777777784,3,3,3_3
LCT,0.8718166666666667,0.2683635175362319,0,3,0_3
LCTL,1.1080583333333334,1.394577494637681,3,4,3_4
LDAH,0.9844930555555557,0.02179048759259259,0,0,0_0
LDB1,1.1487749999999999,0.2251624555434783,3,3,3_3
LDB2,1.1027854166666666,0.1824075974456522,3,2,3_2
LDB3,1.3220866666666666,0.2388997396,4,3,4_3
LDHA,1.0071875,0.016049171086956523,1,0,1_0
LDHAL6A,1.1232416666666667,0.5465114133333333,3,4,3_4
LDHAL6B,1.1724416666666666,0.9888184595652172,3,4,3_4
LDHB,1.02365625,0.022105480742753623,1,0,1_0
LDHC,4.354379166666667,75.17899866702899,4,4,4_4
LDHD,0.9564958333333333,0.05293488905797101,0,1,0_1
LDLR,1.0344991666666667,0.08856332414782608,2,2,2_2
LDLRAD3,1.0030458333333334,0.07986915166666667,1,1,1_1
LDLRAD4,1.0725697916666668,0.0825834409375,2,2,2_2
LDLRAD4-AS1,0.8855833333333334,0.30678232956521745,0,3,0_3
LDLRAP1,1.0250125,0.024622936702898553,1,0,1_0
LDOC1,1.06295,0.042811976811594196,2,1,2_1
LEAP2,0.9765083333333333,0.05542245202898551,0,1,0_1
LECT2,1.0840916666666667,2.2083416308695654,3,4,3_4
LEF1,1.2457305555555553,0.4442275179871176,4,3,4_3
LEFTY1,1.1224104166666666,0.17047888447463766,3,2,3_2
LEKR1,0.9677333333333333,0.13144411670289854,0,2,0_2
LELP1,0.8946666666666667,0.1413654572463768,0,2,0_2
LEMD1,1.3663541666666665,0.9378592492028986,4,4,4_4
LEMD1-AS1,1.05564375,0.23099533661231883,2,3,2_3
LEMD2,0.9326583333333334,0.2543961320289855,0,3,0_3
LEMD3,1.0108791666666666,0.0026813607971014485,1,0,1_0
LENEP,1.1901333333333335,0.5878394117391305,3,4,3_4
LENG1,1.0104374999999999,0.22762267239130435,1,3,1_3
LENG8,1.0259625,0.0315563065942029,1,0,1_0
LENG9,1.0415708333333333,0.05292478934782609,2,1,2_1
LEO1,0.9603583333333332,0.03634189898550724,0,1,0_1
LEP,1.0867375,0.5657207251449275,3,4,3_4
LEPR,1.1747541666666665,0.28899784760869557,3,3,3_3
LEPROT,1.0922570833333334,0.14558462537608693,3,2,3_2
LEPROTL1,1.0474770833333331,0.03371112998188406,2,0,2_0
LETM1,1.3396069444444443,0.3720585577536233,4,3,4_3
LETM2,1.036825,0.08334845605072463,2,2,2_2
LETMD1,1.0144875,0.012244249782608695,1,0,1_0
LEXM,1.20225,0.6930542486956521,3,4,3_4
LFNG,1.199775,0.30273785061594205,3,3,3_3
LGALS1,1.294,0.6807601968115942,4,4,4_4
LGALS12,2.470545833333333,7.061358143405796,4,4,4_4
LGALS13,1.1482916666666667,0.7898506108695651,3,4,3_4
LGALS14,2.177125,5.929918185072464,4,4,4_4
LGALS2,1.3729666666666667,0.5583697842028986,4,4,4_4
LGALS3,1.5698,1.3251959064130434,4,4,4_4
LGALS3BP,1.1151250000000001,0.08398555971014492,3,2,3_2
LGALS4,1.0023541666666667,0.19477454108695647,1,3,1_3
LGALS7B,1.506725,2.4755363647826085,4,4,4_4
LGALS8,0.9829909722222222,0.030982208230676333,0,0,0_0
LGALS8-AS1,1.0196375,0.1416279632608696,1,2,1_2
LGALS9,1.0993291666666665,0.15438613123188405,3,2,3_2
LGALSL,1.0129770833333334,0.0456420258152174,1,1,1_1
LGI1,2.488408333333333,14.667063466521737,4,4,4_4
LGI2,1.1525833333333333,0.7158981885507245,3,4,3_4
LGI3,1.4232666666666667,1.5571251876811594,4,4,4_4
LGI4,1.0578354166666666,0.14206486403985505,2,2,2_2
LGMN,1.0738833333333335,0.10623032797101453,2,2,2_2
LGR4,1.2096458333333333,0.24681808941223823,3,3,3_3
LGR5,1.0879645833333333,0.3027277423007247,3,3,3_3
LGR6,1.0120083333333334,0.10450873144927537,1,2,1_2
LGSN,1.1936708333333332,0.9164585255797103,3,4,3_4
LHCGR,1.0408666666666666,0.6090647260869565,2,4,2_4
LHFPL1,1.0590249999999999,0.24343346855072467,2,3,2_3
LHFPL2,1.039625,0.04066798,2,1,2_1
LHFPL3,1.747825,4.588653931449275,4,4,4_4
LHFPL4,1.8687375,2.539278070217391,4,4,4_4
LHFPL5,1.9688791666666667,4.918439065144928,4,4,4_4
LHPP,1.0195583333333333,0.08582365449275364,1,2,1_2
LHX1,0.9758916666666666,0.34589223753623194,0,3,0_3
LHX2,1.1901041666666667,0.6060103545652175,3,4,3_4
LHX3,1.0269958333333333,0.45694201297101456,1,3,1_3
LHX4,1.4056555555555557,0.4972516385024154,4,3,4_3
LHX5,0.8813624999999999,0.1872718399275362,0,2,0_2
LHX6,1.2057708333333332,0.18807300384057968,3,2,3_2
LHX8,1.1005708333333333,0.8372585660144927,3,4,3_4
LHX9,1.1224395833333334,0.3710902722735508,3,3,3_3
LIAS,0.926575,0.07618485782608696,0,1,0_1
LIF,1.2695416666666668,0.6031755995652174,4,4,4_4
LIFR,1.0644150000000001,0.06972776439999998,2,1,2_1
LIFR-AS1,1.1037583333333334,2.112067316956522,3,4,3_4
LIG1,1.0626458333333333,0.1817008958695652,2,2,2_2
LIG3,1.0244715277777778,0.022745562799919475,1,0,1_0
LIG4,0.9938625,0.037268011920289855,0,1,0_1
LILRA1,1.4628333333333332,1.022301551231884,4,4,4_4
LILRA2,1.4640104166666668,1.0866098659148549,4,4,4_4
LILRA4,1.6679541666666668,3.6143188373188404,4,4,4_4
LILRA5,0.9565635416666666,0.1973985216530797,0,3,0_3
LILRA6,1.3557041666666665,1.8332757216666666,4,4,4_4
LILRB1,1.4081708333333334,0.8977972925362322,4,4,4_4
LILRB2,1.856066666666667,2.2617498703623196,4,4,4_4
LILRB3,1.3176781250000003,0.7654658948686597,4,4,4_4
LILRB4,1.10345625,0.2518715798369565,3,3,3_3
LILRB5,1.6904791666666668,2.1894360221014493,4,4,4_4
LIM2,1.5208666666666666,1.6132039839130434,4,4,4_4
LIMA1,1.0586166666666668,0.04861308690821255,2,1,2_1
LIMCH1,0.9993822916666666,0.02352388648097826,0,0,0_0
LIMD1,1.1453358333333332,0.11801209199130432,3,2,3_2
LIMD2,1.3367125,0.6337903844202899,4,4,4_4
LIME1,0.9686875,0.06092989094202896,0,1,0_1
LIMK1,0.9454305555555557,0.06859678144927538,0,1,0_1
LIMK2,1.0292305555555554,0.04283225177133656,1,1,1_1
LIMS1,1.5307638888888888,2.112951676199678,4,4,4_4
LIMS2,0.9916333333333335,0.06588214927536232,0,1,0_1
LIMS4,1.1549805555555555,0.1958078356682769,3,3,3_3
LIN28A,2.2405708333333334,6.029263078478261,4,4,4_4
LIN28B,2.2920125,5.415533953550725,4,4,4_4
LIN28B-AS1,1.638825,2.4747282082608697,4,4,4_4
LIN37,1.0651479166666666,0.058266265742753634,2,1,2_1
LIN52,1.0689020833333334,0.0948109528804348,2,2,2_2
LIN54,1.0088958333333335,0.05534104340579709,1,1,1_1
LIN7A,1.1012479166666667,0.1664618117391304,3,2,3_2
LIN7B,1.09719375,0.058876671141304335,3,1,3_1
LIN7C,1.0580013888888888,0.03143040677133655,2,0,2_0
LIN9,1.0688277777777777,0.09074553563607088,2,2,2_2
LINC00028,1.0502333333333334,0.24027052652173908,2,3,2_3
LINC00029,1.0843666666666667,0.4026321143478262,3,3,3_3
LINC00051,1.4559666666666669,3.622375917826086,4,4,4_4
LINC00052,1.1662666666666668,2.809626242463768,3,4,3_4
LINC00092,0.99575,0.08222275956521738,0,2,0_2
LINC00102,1.0019916666666668,0.28086742579710144,1,3,1_3
LINC00112,1.0873416666666667,0.7538979775362319,3,4,3_4
LINC00113,1.0770125000000002,0.4782081376086956,2,3,2_3
LINC00115,0.9967291666666668,0.043939513405797104,0,1,0_1
LINC00158,1.1253416666666667,0.35639866101449275,3,3,3_3
LINC00161,1.7088291666666666,0.9837907209782609,4,4,4_4
LINC00163,1.3672166666666667,1.766315314057971,4,4,4_4
LINC00165,1.8869,3.0723898791304345,4,4,4_4
LINC00167,0.9905375,0.4774336923913043,0,3,0_3
LINC00184,1.099525,0.3534705594565217,3,3,3_3
LINC00208,2.1456666666666666,6.320920686666667,4,4,4_4
LINC00210,1.931783333333333,4.44731281347826,4,4,4_4
LINC00221,1.0573458333333332,0.558617237173913,2,4,2_4
LINC00226,1.2657395833333334,0.8109948584601449,4,4,4_4
LINC00240,0.9882833333333334,0.09874464913043478,0,2,0_2
LINC00242,1.1196208333333333,0.7002869619565217,3,4,3_4
LINC00244,1.0507333333333333,0.4553308505797101,2,3,2_3
LINC00261,1.2277791666666669,1.602335781521739,3,4,3_4
LINC00265,1.3311958333333334,0.8878203630797101,4,4,4_4
LINC00266-1,1.1303791666666667,0.2604207680434783,3,3,3_3
LINC00269,1.9437583333333333,7.178526511449276,4,4,4_4
LINC00271,1.0261708333333333,0.14535035963768114,1,2,1_2
LINC00276,2.0895333333333332,5.768408166811595,4,4,4_4
LINC00280,1.0472541666666666,0.285858405,2,3,2_3
LINC00284,0.9974666666666666,0.14612681333333336,0,2,0_2
LINC00290,1.2820375000000002,1.105265495,4,4,4_4
LINC00293,1.2977833333333333,1.0831456334782608,4,4,4_4
LINC00294,0.9886750000000001,0.019244168550724635,0,0,0_0
LINC00298,1.0260375,0.6118351506521739,1,4,1_4
LINC00299,1.5421249999999997,1.4468136950724635,4,4,4_4
LINC00302,1.2557604166666667,0.9834535088224636,4,4,4_4
LINC00304,1.3367458333333335,0.7126769087037037,4,4,4_4
LINC00305,2.719925,8.158984613768116,4,4,4_4
LINC00307,2.0187250000000003,4.774472323333334,4,4,4_4
LINC00308,1.2063645833333334,0.48239274063405796,3,3,3_3
LINC00309,1.1680499999999998,1.500009045942029,3,4,3_4
LINC00310,1.201475,0.3031556443478261,3,3,3_3
LINC00311,1.9290625,3.425779729782609,4,4,4_4
LINC00313,1.316575,0.5285920310507245,4,3,4_3
LINC00314,1.7642499999999999,4.200449890289855,4,4,4_4
LINC00315,0.9014541666666666,0.3425080615217391,0,3,0_3
LINC00317,1.9575083333333332,3.1362772656521734,4,4,4_4
LINC00319,1.6819,2.3012901239130437,4,4,4_4
LINC00320,0.9092958333333333,0.3744114332246377,0,3,0_3
LINC00323,1.1522541666666666,0.21161087630434777,3,3,3_3
LINC00324,1.0347791666666666,0.07190980210144927,2,1,2_1
LINC00326,1.0451208333333333,0.31157467036231884,2,3,2_3
LINC00327,1.2177208333333334,0.5200666645652173,3,3,3_3
LINC00330,1.2240708333333332,1.1746542421014492,3,4,3_4
LINC00334,1.3402763888888891,0.36507363886473426,4,3,4_3
LINC00337,1.1143458333333334,0.3110307607971014,3,3,3_3
LINC00342,1.0363180555555556,0.05740894466183574,2,1,2_1
LINC00347,0.9901,0.24911394927536232,0,3,0_3
LINC00348,1.4309958333333335,1.607441988478261,4,4,4_4
LINC00354,1.3950520833333335,1.1111740686413043,4,4,4_4
LINC00355,1.6294208333333333,1.9972088652898548,4,4,4_4
LINC00358,1.5597958333333335,5.738713949637681,4,4,4_4
LINC00382,1.2564666666666666,2.725800826231884,4,4,4_4
LINC00396,0.9868375,0.47547442210144925,0,3,0_3
LINC00397,1.993175,5.899267622608695,4,4,4_4
LINC00408,1.16695625,0.634473724365942,3,4,3_4
LINC00410,0.9367583333333332,0.24186136608695658,0,3,0_3
LINC00421,0.9669666666666666,0.3593753856521739,0,3,0_3
LINC00423,1.7744041666666668,5.091964056739131,4,4,4_4
LINC00424,1.1514708333333334,0.314687453768116,3,3,3_3
LINC00427,1.1891125,0.6608233976086957,3,4,3_4
LINC00437,1.0808708333333332,2.6331973329710148,3,4,3_4
LINC00445,1.1767583333333331,0.41429817275362324,3,3,3_3
LINC00452,1.3683416666666666,1.475683785942029,4,4,4_4
LINC00454,1.4749791666666665,1.9982887115217394,4,4,4_4
LINC00458,1.6233180555555558,0.730922969541063,4,4,4_4
LINC00459,1.1090041666666666,0.7063256671739131,3,4,3_4
LINC00460,1.0173604166666668,0.45970082476449275,1,3,1_3
LINC00461,0.9958874999999999,0.07391170007246377,0,1,0_1
LINC00462,1.0014083333333332,0.2554832372463768,1,3,1_3
LINC00463,1.2605083333333333,1.1605385360869565,4,4,4_4
LINC00467,0.9827541666666667,0.020795313659420292,0,0,0_0
LINC00470,1.614465625,1.1867003620697465,4,4,4_4
LINC00471,1.1667541666666665,0.376608220652174,3,3,3_3
LINC00472,0.9833333333333334,0.026113879311594205,0,0,0_0
LINC00473,4.3719875,48.62227942630436,4,4,4_4
LINC00474,1.1634541666666667,0.5316562032246377,3,3,3_3
LINC00476,1.0013666666666665,0.15223992608695652,1,2,1_2
LINC00477,2.2615,6.120382456376812,4,4,4_4
LINC00479,1.0654666666666666,0.41980691840579704,2,3,2_3
LINC00482,1.3379625,0.5454940542753622,4,4,4_4
LINC00483,1.4433291666666666,3.3323699222463765,4,4,4_4
LINC00484,1.2371416666666666,0.9328152098550724,3,4,3_4
LINC00485,1.3456374999999998,2.292092079782609,4,4,4_4
LINC00486,1.3899819444444443,0.8680833046618359,4,4,4_4
LINC00487,1.6674999999999998,2.139188225942029,4,4,4_4
LINC00488,1.8141749999999999,2.7534714355072465,4,4,4_4
LINC00491,1.4966972222222223,1.077047400531401,4,4,4_4
LINC00494,1.0818958333333333,0.139603570942029,3,2,3_2
LINC00504,1.0824416666666667,0.35488415043478266,3,3,3_3
LINC00507,1.3128,1.7836448830434781,4,4,4_4
LINC00508,1.9791625,3.3143713487681152,4,4,4_4
LINC00518,1.1475229166666667,0.8098277421920289,3,4,3_4
LINC00520,1.0863375,0.42326356760869566,3,3,3_3
LINC00523,1.2739416666666667,1.083732645072464,4,4,4_4
LINC00525,1.0107333333333333,0.3267481669565217,1,3,1_3
LINC00526,1.0289416666666666,0.03628683695652174,1,1,1_1
LINC00528,0.9832708333333334,0.2640724700724638,0,3,0_3
LINC00529,1.2954416666666666,1.186791874347826,4,4,4_4
LINC00535,1.4819916666666666,1.0764106294565219,4,4,4_4
LINC00536,0.8841958333333334,0.2803669778985507,0,3,0_3
LINC00543,1.6167291666666668,4.0250131970289855,4,4,4_4
LINC00544,0.9890208333333335,0.22377885137681158,0,3,0_3
LINC00545,0.9805166666666666,0.23833587231884062,0,3,0_3
LINC00550,0.9260166666666668,0.3172607317391304,0,3,0_3
LINC00551,1.2558791666666667,1.1183058771739132,4,4,4_4
LINC00555,1.5714333333333332,2.9332287486956528,4,4,4_4
LINC00556,1.0041583333333333,0.6300435265217391,1,4,1_4
LINC00557,1.0097208333333334,0.428695600942029,1,3,1_3
LINC00558,1.7538916666666668,3.5587918478260874,4,4,4_4
LINC00559,1.5048708333333334,1.7978287771739128,4,4,4_4
LINC00560,1.4672208333333332,2.51705910326087,4,4,4_4
LINC00561,0.9086208333333333,0.3225863802173913,0,3,0_3
LINC00563,0.9973458333333333,0.39728246384057975,0,3,0_3
LINC00564,0.7651791666666666,1.5205321281884059,0,4,0_4
LINC00565,0.9552375,0.2810565358695652,0,3,0_3
LINC00566,1.1124666666666665,0.743797732753623,3,4,3_4
LINC00567,1.0577208333333334,0.5977717123913043,2,4,2_4
LINC00572,0.99175,0.49793269637681153,0,3,0_3
LINC00574,1.3616958333333333,1.0101528142753622,4,4,4_4
LINC00582,1.17685,0.3420850363768116,3,3,3_3
LINC00587,1.5940666666666665,3.10887608884058,4,4,4_4
LINC00588,1.930108333333333,4.4425418265217385,4,4,4_4
LINC00589,0.9863416666666667,0.23584634710144925,0,3,0_3
LINC00592,1.1410166666666666,0.5104197281159422,3,3,3_3
LINC00595,3.4784666666666664,9.053009389130436,4,4,4_4
LINC00598,1.4880666666666666,0.6473373578904992,4,4,4_4
LINC00605,1.1117375,0.3621662618115943,3,3,3_3
LINC00606,1.5800354166666668,1.9188161454166666,4,4,4_4
LINC00607,0.8911124999999999,0.16661970007246377,0,2,0_2
LINC00608,1.0296312500000002,1.0149581444746376,1,4,1_4
LINC00615,1.4558791666666668,2.7753709989130426,4,4,4_4
LINC00616,1.7718999999999998,5.425343655652173,4,4,4_4
LINC00619,0.9812500000000002,0.12174710463768118,0,2,0_2
LINC00620,1.8081541666666665,2.91774627557971,4,4,4_4
LINC00621,1.0975416666666666,0.036100334057971015,3,0,3_0
LINC00623,1.00001875,0.03682297788043478,0,1,0_1
LINC00624,0.9937583333333334,0.656455065942029,0,4,0_4
LINC00626,1.1259958333333333,0.46995173239130433,3,3,3_3
LINC00628,1.0469708333333332,0.202838174384058,2,3,2_3
LINC00629,1.0505583333333333,0.1989593714492754,2,3,2_3
LINC00630,1.0153083333333333,0.17046809003623192,1,2,1_2
LINC00632,1.1716958333333334,0.6745238805072463,3,4,3_4
LINC00635,2.2953041666666665,5.005898538478261,4,4,4_4
LINC00636,1.1076124999999999,0.24231329456521739,3,3,3_3
LINC00638,0.9610166666666666,0.1546006944927536,0,2,0_2
LINC00639,0.9759333333333333,0.14864937869565215,0,2,0_2
LINC00642,1.2284166666666667,0.37854317785829317,3,3,3_3
LINC00644,1.2096958333333332,0.7599893806521739,3,4,3_4
LINC00645,1.2351625000000002,1.2821305432608696,3,4,3_4
LINC00648,1.0484291666666667,0.6071794752898552,2,4,2_4
LINC00652,1.7775333333333334,6.128529131884057,4,4,4_4
LINC00654,1.9499750000000002,3.2401292376811597,4,4,4_4
LINC00656,1.1340083333333333,0.2811271308695652,3,3,3_3
LINC00658,1.1623208333333332,1.0275015164492753,3,4,3_4
LINC00659,1.945733333333333,3.971726376376811,4,4,4_4
LINC00662,1.0298658333333333,0.0429150694173913,1,1,1_1
LINC00663,0.9324802083333333,0.07199088498641305,0,1,0_1
LINC00664,1.2373874999999999,0.28806155372785824,3,3,3_3
LINC00665,1.0224072916666669,0.07811782933423914,1,1,1_1
LINC00667,0.9814447916666666,0.02045289967844203,0,0,0_0
LINC00668,1.1568125,0.42027629355072466,3,3,3_3
LINC00671,1.9396875,3.1944997600724636,4,4,4_4
LINC00672,1.28566875,0.36038785744565216,4,3,4_3
LINC00682,1.2846875000000002,1.4004713483333333,4,4,4_4
LINC00685,1.11205,0.10580395550724637,3,2,3_2
LINC00687,2.3876166666666667,10.477023090869565,4,4,4_4
LINC00690,1.0738791666666667,1.6691443867391305,2,4,2_4
LINC00691,0.986425,0.6749360128985507,0,4,0_4
LINC00698,1.0440375000000002,0.3151585142753623,2,3,2_3
LINC00700,0.8327,0.752337813768116,0,4,0_4
LINC00702,1.266125,1.4517941366666667,4,4,4_4
LINC00703,1.1067333333333333,0.4354614198550725,3,3,3_3
LINC00705,1.0650583333333332,0.3031387963768116,2,3,2_3
LINC00708,1.5142750000000003,1.4883271549275363,4,4,4_4
LINC00836,1.8471291666666663,4.864747089057971,4,4,4_4
LINC00837,0.8886375000000001,1.3592165500724638,0,4,0_4
LINC00838,1.1425208333333332,0.529835598768116,3,3,3_3
LINC00839,1.4847666666666666,0.5532627054710146,4,4,4_4
LINC00841,1.8797145833333333,1.733410130235507,4,4,4_4
LINC00844,1.206425,0.5364720528985506,3,4,3_4
LINC00845,1.6195041666666665,2.6857999976086955,4,4,4_4
LINC00847,1.0746708333333335,0.14654216557971012,2,2,2_2
LINC00851,1.6659083333333333,2.124095622753623,4,4,4_4
LINC00852,1.12305,0.12661816449275362,3,2,3_2
LINC00853,2.5347625,11.184534218333333,4,4,4_4
LINC00857,1.0669541666666666,0.20637338601449273,2,3,2_3
LINC00858,1.0608583333333332,0.3457073033333333,2,3,2_3
LINC00862,1.1961833333333332,0.5349891894202898,3,4,3_4
LINC00865,1.0716374999999998,0.08013200253623189,2,1,2_1
LINC00867,1.4810791666666667,3.345027546594203,4,4,4_4
LINC00868,0.8918208333333332,0.2008892377536232,0,3,0_3
LINC00870,1.5639458333333334,1.789398199057971,4,4,4_4
LINC00877,1.7122791666666666,2.231141695289855,4,4,4_4
LINC00879,1.5876791666666668,3.800762501521739,4,4,4_4
LINC00880,1.0779625,0.40755740021739134,2,3,2_3
LINC00881,1.0297333333333334,0.4434435105797101,1,3,1_3
LINC00882,1.1103041666666666,0.31858001760869564,3,3,3_3
LINC00884,1.6962458333333335,1.0029676917391306,4,4,4_4
LINC00886,1.0170208333333333,0.11820350644927535,1,2,1_2
LINC00887,0.9442833333333334,1.6863604760869564,0,4,0_4
LINC00893,1.1170083333333334,0.09847033130434783,3,2,3_2
LINC00894,1.2083683333333333,0.25655797630724636,3,3,3_3
LINC00895,1.3906458333333334,0.7121797780434782,4,4,4_4
LINC00896,0.8542083333333332,0.2579308711594203,0,3,0_3
LINC00900,0.93188125,0.08674860664855073,0,2,0_2
LINC00901,1.3284708333333333,1.4577094760144929,4,4,4_4
LINC00906,1.5083041666666663,1.9747377197826088,4,4,4_4
LINC00907,1.0935555555555556,0.2422712206280193,3,3,3_3
LINC00908,1.0896819444444443,0.19154715657809981,3,3,3_3
LINC00909,0.9653499999999999,0.023330591449275368,0,0,0_0
LINC00910,1.0182437500000001,0.06276016356884061,1,1,1_1
LINC00911,1.0663916666666668,1.0463805088405795,2,4,2_4
LINC00917,1.1285833333333333,1.6159507124637682,3,4,3_4
LINC00919,0.9428791666666667,0.3174771919565217,0,3,0_3
LINC00920,1.0305583333333332,0.18890734260869566,2,2,2_2
LINC00921,0.9976194444444445,0.02582325811594203,0,0,0_0
LINC00922,1.058025,0.19704133724637685,2,3,2_3
LINC00923,1.5895458333333332,4.090545134275362,4,4,4_4
LINC00924,1.0554208333333335,0.37464212891304344,2,3,2_3
LINC00926,1.2220145833333331,0.4341972339311594,3,3,3_3
LINC00927,1.0497166666666666,0.44227388373188403,2,3,2_3
LINC00928,1.4970499999999998,1.7048108076811592,4,4,4_4
LINC00929,1.0440708333333333,0.37728266775362324,2,3,2_3
LINC00930,1.3270541666666666,0.696642675289855,4,4,4_4
LINC00934,0.9887541666666667,0.37438266717391305,0,3,0_3
LINC00937,1.4917687499999996,1.0882878147644925,4,4,4_4
LINC00939,1.2225541666666666,0.42020499152173907,3,3,3_3
LINC00942,1.0769479166666667,0.12204719990942028,2,2,2_2
LINC00943,1.9084916666666667,3.323914378405797,4,4,4_4
LINC00944,1.3349125,0.7090567961503623,4,4,4_4
LINC00951,1.8869083333333334,3.3905217411594197,4,4,4_4
LINC00954,1.2589166666666667,0.7032780036231886,4,4,4_4
LINC00957,1.1138225000000002,0.07034354429275362,3,1,3_1
LINC00958,1.0096958333333335,0.13970294586956522,1,2,1_2
LINC00960,1.2969833333333334,1.1797433016908212,4,4,4_4
LINC00964,2.072002083333333,2.2500681882427536,4,4,4_4
LINC00967,1.1571708333333335,0.500628083115942,3,3,3_3
LINC00968,1.2498333333333334,1.7222725140579713,4,4,4_4
LINC00970,1.0133208333333332,0.3755463084782608,1,3,1_3
LINC00973,1.3475833333333334,1.6689532244927534,4,4,4_4
LINC00982,1.3362697916666668,0.2566266309737319,4,3,4_3
LINC00992,1.5665541666666665,1.9496669750000002,4,4,4_4
LINC00996,1.3787666666666667,0.6095764068115943,4,4,4_4
LINC00997,1.0458972222222223,0.05664421164251209,2,1,2_1
LINC01003,1.0356375,0.06055830963768116,2,1,2_1
LINC01004,1.164423611111111,0.14820738804347827,3,2,3_2
LINC01006,1.1597916666666668,0.2512765189855073,3,3,3_3
LINC01007,1.0007374999999998,0.17781474050724635,0,2,0_2
LINC01010,1.0004791666666666,0.7270292077536231,0,4,0_4
LINC01013,1.5316916666666665,0.5014768738043477,4,3,4_3
LINC01015,1.1252625,2.6081680363043476,3,4,3_4
LINC01016,1.484659375,0.446245627178442,4,3,4_3
LINC01018,1.4041541666666666,0.5688516583333333,4,4,4_4
LINC01019,1.5861083333333335,2.1965440317391307,4,4,4_4
LINC01020,1.5669854166666666,1.1160791887137682,4,4,4_4
LINC01023,1.0753458333333334,0.09641004456521739,2,2,2_2
LINC01029,1.0426166666666667,0.4783023923188406,2,3,2_3
LINC01049,0.9855583333333334,0.14336877304347825,0,2,0_2
LINC01056,1.3345729166666667,1.094384919003623,4,4,4_4
LINC01069,1.8903041666666667,6.759453059347825,4,4,4_4
LINC01082,1.7935083333333335,2.781517616956522,4,4,4_4
LINC01087,1.3024916666666668,1.2385937305797103,4,4,4_4
LINC01088,1.0885,0.39536600961352664,3,3,3_3
LINC01089,1.2305430555555554,0.40044900992753624,3,3,3_3
LINC01091,1.0835958333333335,0.4118813132246376,3,3,3_3
LINC01093,1.0702916666666666,0.9149349704347824,2,4,2_4
LINC01094,1.238425,0.6537919781159419,3,4,3_4
LINC01095,0.9914999999999999,0.6645268424637683,0,4,0_4
LINC01096,1.2356958333333332,1.0148418999275362,3,4,3_4
LINC01097,2.147,4.13474614594203,4,4,4_4
LINC01098,1.2677625,1.3261759935507242,4,4,4_4
LINC01102,2.4199375,8.075182284420288,4,4,4_4
LINC01103,1.0769375,0.9089624357246376,2,4,2_4
LINC01104,0.9151708333333334,0.31914402282608695,0,3,0_3
LINC01107,1.5053374999999998,1.7634730087681156,4,4,4_4
LINC01111,1.7271041666666667,2.416069104710145,4,4,4_4
LINC01114,1.7616041666666664,3.3016492316666666,4,4,4_4
LINC01115,3.0114875,17.883960091521736,4,4,4_4
LINC01116,1.3046708333333334,0.721078808478261,4,4,4_4
LINC01118,2.4928583333333334,6.43364353826087,4,4,4_4
LINC01119,1.0560916666666664,0.11575559289855071,2,2,2_2
LINC01120,1.1479895833333333,0.3341068070108696,3,3,3_3
LINC01122,1.3219520833333334,0.9640862043297102,4,4,4_4
LINC01123,1.0050666666666668,0.06062344500000001,1,1,1_1
LINC01126,1.4724875,1.2593666435144928,4,4,4_4
LINC01127,1.2018083333333334,0.6115676108695653,3,4,3_4
LINC01133,1.0634541666666666,0.1272432613405797,2,2,2_2
LINC01134,2.1791666666666667,2.5969697332971013,4,4,4_4
LINC01136,1.0082375,0.29113482978260863,1,3,1_3
LINC01137,0.9852708333333333,0.08352906673913044,0,2,0_2
LINC01139,1.2519,0.7573036855072464,4,4,4_4
LINC01140,0.96285,0.11052719384057971,0,2,0_2
LINC01141,1.5212583333333332,2.6824880360869563,4,4,4_4
LINC01142,2.3297416666666666,4.728540404492754,4,4,4_4
LINC01144,0.9348000000000001,0.19091048420289858,0,3,0_3
LINC01146,1.2183375,1.0626902773188407,3,4,3_4
LINC01149,1.4564833333333331,2.6244950227536226,4,4,4_4
LINC01153,1.6303791666666667,1.8665865932608696,4,4,4_4
LINC01165,1.5343250000000002,1.8790617468115942,4,4,4_4
LINC01169,1.2743666666666666,0.7603155072463769,4,4,4_4
LINC01180,1.140225,0.47919522739130427,3,3,3_3
LINC01181,1.7813208333333332,3.2950492747101445,4,4,4_4
LINC01186,0.9083583333333335,0.3504919943478261,0,3,0_3
LINC01187,1.0783708333333333,0.21420560684782608,2,3,2_3
LINC01191,1.2495430555555556,0.6647002156280194,4,4,4_4
LINC01192,1.0693416666666666,0.2923059255434783,2,3,2_3
LINC01193,1.5645333333333333,1.5242337643478259,4,4,4_4
LINC01197,1.0341791666666669,0.8569738621014492,2,4,2_4
LINC01198,1.0957125,0.25398473054347825,3,3,3_3
LINC01204,1.0965083333333334,1.1175571479710145,3,4,3_4
LINC01206,1.2464875,1.0291368320652172,4,4,4_4
LINC01208,1.1262625,0.7359598435507246,3,4,3_4
LINC01209,1.8717583333333332,3.1875765743478266,4,4,4_4
LINC01210,1.2924777777777778,0.21823565241545892,4,3,4_3
LINC01213,1.2628958333333333,0.7563860245652173,4,4,4_4
LINC01214,0.9857708333333335,0.41697371847826087,0,3,0_3
LINC01215,1.3010249999999999,0.6801823995652174,4,4,4_4
LINC01220,2.0771916666666663,5.0363374201449265,4,4,4_4
LINC01222,1.7368416666666668,2.873033375362319,4,4,4_4
LINC01224,1.0354833333333333,0.5183464126086957,2,3,2_3
LINC01227,2.135375,3.461610702463768,4,4,4_4
LINC01231,1.0881916666666667,0.28736231608695645,3,3,3_3
LINC01233,2.1591958333333334,7.3687332350000005,4,4,4_4
LINC01234,1.6151770833333332,0.8033323509601449,4,4,4_4
LINC01241,1.0757541666666668,2.169465738913044,2,4,2_4
LINC01242,2.233541666666667,6.531112074927535,4,4,4_4
LINC01243,0.8462833333333334,0.253539835942029,0,3,0_3
LINC01252,1.0796333333333334,0.2090319623188406,2,3,2_3
LINC01254,1.1289749999999998,0.5930814411594202,3,4,3_4
LINC01255,1.4631791666666665,2.178116642101449,4,4,4_4
LINC01260,1.0801354166666668,0.1797750948369565,2,2,2_2
LINC01267,1.0534583333333334,0.2999686856521739,2,3,2_3
LINC01268,1.1236,0.3172520920289856,3,3,3_3
LINC01270,2.3902125,8.275386223115945,4,4,4_4
LINC01271,2.2941125,5.528368860652174,4,4,4_4
LINC01281,1.6145333333333334,2.191839159275362,4,4,4_4
LINC01282,1.2095875,2.5302224257246384,3,4,3_4
LINC01289,1.1966291666666666,0.8956923974637683,3,4,3_4
LINC01293,1.1723208333333333,1.4236557105072463,3,4,3_4
LINC01297,1.5137416666666665,1.9307376711594202,4,4,4_4
LINC01300,1.2484208333333333,2.2798276218115943,4,4,4_4
LINC01304,1.1105125,0.21855283311594204,3,3,3_3
LINC01305,1.0243791666666666,0.4058024351449276,1,3,1_3
LINC01310,1.4928791666666668,1.3296367396376814,4,4,4_4
LINC01312,1.3111604166666668,0.7572397783514492,4,4,4_4
LINC01315,1.285625,0.17024909695652177,4,2,4_2
LINC01333,1.1731916666666666,0.5345417572463768,3,3,3_3
LINC01342,1.0938666666666668,0.26954003463768117,3,3,3_3
LINC01343,2.4116500000000003,6.610523298115942,4,4,4_4
LINC01346,1.6331562499999999,1.5639227576992754,4,4,4_4
LINC01348,0.92415,0.2836487255072464,0,3,0_3
LINC01350,2.4210833333333333,6.365789680724639,4,4,4_4
LINC01351,1.01495,0.4049413969565217,1,3,1_3
LINC01352,1.0293229166666666,0.3352656343297101,1,3,1_3
LINC01354,1.1470333333333333,0.23372573956521747,3,3,3_3
LINC01355,0.9683354166666666,0.07641367414855073,0,1,0_1
LINC01356,1.0688791666666668,0.08896162282608695,2,2,2_2
LINC01360,1.4982541666666667,0.5879536105877619,4,4,4_4
LINC01361,1.3184083333333332,0.6013788918478259,4,4,4_4
LINC01362,1.8073541666666666,2.6571036894927538,4,4,4_4
LINC01364,0.9545875,0.284954255,0,3,0_3
LINC01365,1.7051166666666664,1.9634046281159419,4,4,4_4
LINC01366,1.4394687500000003,0.89429162375,4,4,4_4
LINC01393,1.0688333333333333,0.2138992149275362,2,3,2_3
LINC01405,1.1129166666666668,0.5581075836231884,3,4,3_4
LINC01410,1.0380708333333333,0.17979126768115944,2,2,2_2
LINC01416,1.5522,2.151324281014493,4,4,4_4
LINC01419,1.1224291666666666,1.4639926265942027,3,4,3_4
LINC01424,1.0615375,0.14263258659420291,2,2,2_2
LINC01425,1.5168791666666668,2.0520344649999993,4,4,4_4
LINC01426,1.9927291666666669,7.566519243550725,4,4,4_4
LINC01428,2.1973,3.132875422463768,4,4,4_4
LINC01431,0.9476833333333333,0.41243240318840574,0,3,0_3
LINC01432,1.1557833333333334,1.91196649,3,4,3_4
LINC01442,1.8540041666666667,2.159539622826087,4,4,4_4
LINC01448,1.6561333333333332,2.4448540853623193,4,4,4_4
LINC01449,0.9188833333333332,0.31211078188405805,0,3,0_3
LINC01465,1.0235208333333334,0.07669341108695651,1,1,1_1
LINC01467,1.1580625,0.7085947042753623,3,4,3_4
LINC01468,0.9100166666666666,0.43226015521739136,0,3,0_3
LINC01477,1.0166708333333334,0.4157662458695652,1,3,1_3
LINC01482,1.3364354166666665,0.9200720794384057,4,4,4_4
LINC01487,0.5492125,0.5129567141304348,0,3,0_3
LINC01490,1.3494499999999998,1.3400787007246375,4,4,4_4
LINC01492,1.4258625,1.7996038570289858,4,4,4_4
LINC01494,1.4087958333333332,1.5429595494927535,4,4,4_4
LINC01500,0.9201791666666667,0.4755931778985507,0,3,0_3
LINC01503,1.0297875,0.15184459847826087,1,2,1_2
LINC01504,0.9777625,0.2425999165942029,0,3,0_3
LINC01505,1.1185833333333333,0.2632937590217391,3,3,3_3
LINC01511,1.0922625000000001,0.34212205007246377,3,3,3_3
LINC01514,1.3588666666666667,1.934852593188406,4,4,4_4
LINC01516,1.034525,0.3856554975362318,2,3,2_3
LINC01520,2.1017291666666664,5.699677947173913,4,4,4_4
LINC01521,0.9918,0.2957412482608696,0,3,0_3
LINC01523,1.2281791666666668,0.8604260806521739,3,4,3_4
LINC01526,2.023679166666667,3.6315953678985506,4,4,4_4
LINC01527,1.3009458333333335,0.6472255335507247,4,4,4_4
LINC01532,1.213172916666667,0.5842819926268116,3,4,3_4
LINC01533,2.2068583333333334,4.360852401304348,4,4,4_4
LINC01535,1.1540708333333334,0.3387765344202899,3,3,3_3
LINC01537,1.2071041666666666,0.676151273405797,3,4,3_4
LINC01538,1.1439208333333333,1.6240729123913042,3,4,3_4
LINC01539,1.2812416666666666,0.7383629936231885,4,4,4_4
LINC01541,1.3713500000000003,2.232513236376812,4,4,4_4
LINC01545,1.5889875,2.0116332935507244,4,4,4_4
LINC01547,2.1681833333333334,0.9750262290338165,4,4,4_4
LINC01549,1.2619958333333334,0.37468565094202905,4,3,4_3
LINC01550,1.1636958333333334,0.34635606749597414,3,3,3_3
LINC01551,1.0163708333333334,0.07369398586956522,1,1,1_1
LINC01553,1.3775208333333335,4.113245583115942,4,4,4_4
LINC01554,1.1220958333333333,0.5875091180434783,3,4,3_4
LINC01555,1.0086583333333332,0.43558401318840584,1,3,1_3
LINC01558,1.04188125,0.2809891816485507,2,3,2_3
LINC01560,0.9931833333333332,0.05084326797101449,0,1,0_1
LINC01561,1.3116458333333334,0.4074171621014493,4,3,4_3
LINC01563,0.9519208333333333,0.300890459057971,0,3,0_3
LINC01565,1.8807083333333334,5.8073671346376825,4,4,4_4
LINC01566,1.0163250000000001,0.06911300362318841,1,1,1_1
LINC01568,1.4404041666666665,1.3132605205434784,4,4,4_4
LINC01569,1.1478291666666667,0.14523375630434782,3,2,3_2
LINC01579,1.2003625,0.7894443954347826,3,4,3_4
LINC01580,1.6227958333333337,1.7170323145652175,4,4,4_4
LINC01581,1.3543458333333334,1.410590988478261,4,4,4_4
LINC01583,1.2656083333333334,0.8147939449275361,4,4,4_4
LINC01588,1.0996722222222222,0.12090106033816427,3,2,3_2
LINC01592,1.3832250000000001,1.3735620995652176,4,4,4_4
LINC01600,0.9839541666666666,0.2987812816666667,0,3,0_3
LINC01607,1.05451875,0.08823162284420288,2,2,2_2
LINC01613,1.6962041666666667,2.4093671971739137,4,4,4_4
LINC01616,1.0673833333333334,0.6031950034782609,2,4,2_4
LINC01618,1.4350083333333334,2.288301415217391,4,4,4_4
LINC01620,1.2461444444444445,0.479593692705314,4,3,4_3
LINGO1,0.9637375,0.17688979615942024,0,2,0_2
LINGO1-AS1,1.2288958333333333,0.7363930632608696,3,4,3_4
LINGO1-AS2,2.0509625000000002,4.851601254565217,4,4,4_4
LINGO2,1.3663,1.0900461242753623,4,4,4_4
LINGO3,1.2139375000000001,0.2948056976086957,3,3,3_3
LINS1,0.9975074999999999,0.015624905747826089,0,0,0_0
LIPA,1.0102583333333333,0.023391909710144935,1,0,1_0
LIPC,0.9647416666666667,0.34029057927536227,0,3,0_3
LIPC-AS1,1.1556125,0.4314064207971015,3,3,3_3
LIPE,1.1617791666666666,0.3239028972826087,3,3,3_3
LIPE-AS1,1.0964708333333333,0.3783428554347826,3,3,3_3
LIPF,1.0025375,0.6046293267391304,1,4,1_4
LIPG,1.7475666666666667,4.756498186666666,4,4,4_4
LIPH,0.9943458333333334,0.04761691532608695,0,1,0_1
LIPI,1.1805041666666667,0.8228133706521739,3,4,3_4
LIPJ,1.1561041666666667,0.23672174742753624,3,3,3_3
LIPT1,0.9833500000000001,0.04245394420289855,0,1,0_1
LITAF,1.3451958333333334,0.5016432327294688,4,3,4_3
LIX1,1.8700145833333333,2.1822239784963773,4,4,4_4
LIX1L,1.0361416666666667,0.08843028902173912,2,2,2_2
LKAAEAR1,1.6967125,1.6589108961594201,4,4,4_4
LLGL1,1.3350958333333331,0.16570327670289856,4,2,4_2
LLGL2,0.98600625,0.022975163750000006,0,0,0_0
LLPH,1.0463805555555554,0.06006077483091787,2,1,2_1
LMAN1,1.022440277777778,0.06019210134460547,1,1,1_1
LMAN1L,1.0706416666666667,0.32127818463768115,2,3,2_3
LMAN2,1.3384645833333335,1.0983801458152171,4,4,4_4
LMAN2L,0.9881375,0.01413947311594203,0,0,0_0
LMBR1,1.0349895833333334,0.0246189430495169,2,0,2_0
LMBR1L,1.0477666666666667,0.06497684782608695,2,1,2_1
LMBRD1,1.1667375,0.17027761510869568,3,2,3_2
LMBRD2,0.9955055555555555,0.04207884285024154,0,1,0_1
LMCD1,1.0415152777777779,0.08566386239130437,2,2,2_2
LMF1,1.0245291666666665,0.02984260165772052,1,0,1_0
LMF2,0.9771958333333334,0.01779587384057971,0,0,0_0
LMLN,1.10156875,0.12732402107789856,3,2,3_2
LMNA,1.058370138888889,0.047771384784621576,2,1,2_1
LMNB1,1.17865,0.1926499926086956,3,3,3_3
LMNB2,0.8888875,0.09917775804347827,0,2,0_2
LMNTD1,1.0276750000000001,0.32207176463768117,1,3,1_3
LMNTD2,1.0222958333333334,0.1038825002173913,1,2,1_2
LMO1,1.088275,0.6195990650724638,3,4,3_4
LMO2,1.14439375,0.3461121154891304,3,3,3_3
LMO3,1.605765625,2.0098580635643124,4,4,4_4
LMO4,1.0192875,0.04759552057681159,1,1,1_1
LMO7,1.0872114583333332,0.1624143889900362,3,2,3_2
LMO7DN,1.2552666666666665,0.47179836652173923,4,3,4_3
LMOD1,1.4543666666666664,1.3378663372826087,4,4,4_4
LMOD2,0.6232083333333334,0.2430059195652174,0,3,0_3
LMOD3,1.2144041666666665,0.4576195611996779,3,3,3_3
LMTK2,1.0612263888888889,0.05665580690016101,2,1,2_1
LMTK3,1.0126041666666667,0.16583522152173913,1,2,1_2
LMX1A,1.8004125,3.2206488077536237,4,4,4_4
LMX1B,1.5798875,1.725957359927536,4,4,4_4
LNP1,1.0864541666666667,0.10694748094202897,3,2,3_2
LNPEP,1.1170191666666667,0.09683951854202899,3,2,3_2
LNPK,1.0876805555555555,0.0675341017874396,3,1,3_1
LNX1,1.0352333333333332,0.04917384351449274,2,1,2_1
LNX2,1.0175291666666666,0.03657694644927536,1,1,1_1
LOH12CR2,1.0271583333333334,0.1629532511594203,1,2,1_2
LONP1,0.9644749999999999,0.03284521115942029,0,0,0_0
LONRF1,1.078726388888889,0.14891736095813202,2,2,2_2
LONRF2,1.1068562499999999,0.1307339651268116,3,2,3_2
LONRF3,1.2658833333333332,0.3059086711594203,4,3,4_3
LOR,1.4135333333333335,1.0305032868115942,4,4,4_4
LOX,1.4964361111111113,0.6928367552334942,4,4,4_4
LOXHD1,1.6374208333333333,3.036306711231884,4,4,4_4
LOXL1,1.2119208333333333,0.29411400427536233,3,3,3_3
LOXL1-AS1,1.0143541666666667,0.040206824710144924,1,1,1_1
LOXL2,1.1633177083333333,0.09529368022192028,3,2,3_2
LOXL3,1.3858041666666665,0.2878356276086957,4,3,4_3
LOXL4,1.35370625,0.7796502969746377,4,4,4_4
LPA,1.2775208333333332,0.6923285474637683,4,4,4_4
LPAR1,1.0427847222222224,0.051981049235104666,2,1,2_1
LPAR2,0.9451062499999999,0.09238884777173913,0,2,0_2
LPAR3,1.0343,0.09123757380434781,2,2,2_2
LPAR4,1.0677458333333334,0.22581402413043478,2,3,2_3
LPAR5,0.9906395833333331,0.2694164211413043,0,3,0_3
LPAR6,1.0077749999999999,0.04985465311594202,1,1,1_1
LPCAT1,1.1035125000000001,0.0925806813768116,3,2,3_2
LPCAT2,1.0464781250000001,0.028780449397644924,2,0,2_0
LPCAT3,1.0405604166666667,0.06648779041666666,2,1,2_1
LPCAT4,1.020595,0.07436514901449275,1,1,1_1
LPGAT1,1.0042416666666667,0.016274183542673116,1,0,1_0
LPIN1,1.0869541666666667,0.09948094822061194,3,2,3_2
LPIN2,1.0127166666666667,0.038206592572463775,1,1,1_1
LPIN3,0.9163458333333333,0.3711811174637681,0,3,0_3
LPL,1.107525,0.22174426438405795,3,3,3_3
LPO,1.0298708333333333,0.3265031626811594,1,3,1_3
LPP,1.0310911458333334,0.04498442559442935,2,1,2_1
LPP-AS2,1.0449916666666668,0.08309205014492754,2,2,2_2
LPXN,1.0626020833333334,0.04837358074275362,2,1,2_1
LRAT,1.250825,0.39591634652173907,4,3,4_3
LRBA,0.9598479166666668,0.01418634846014493,0,0,0_0
LRCH1,1.0285777777777778,0.02933675653784219,1,0,1_0
LRCH2,1.0507458333333333,0.12042777963768116,2,2,2_2
LRCH3,1.0335345238095237,0.029136241310263232,2,0,2_0
LRCH4,1.030873611111111,0.05003431099033818,2,1,2_1
LRFN1,1.0152041666666667,0.06615614992753623,1,1,1_1
LRFN2,2.0888458333333335,4.585533598043479,4,4,4_4
LRFN3,0.9702416666666668,0.18694469217391302,0,2,0_2
LRFN4,1.0372958333333333,0.15447584199275363,2,2,2_2
LRFN5,1.1619374999999998,0.6971259038768115,3,4,3_4
LRG1,1.1108375,0.09685713731884056,3,2,3_2
LRGUK,0.98855,0.11122121144927535,0,2,0_2
LRIF1,1.0054125,0.10331784311594204,1,2,1_2
LRIG1,1.6384895833333333,1.4285702438315213,4,4,4_4
LRIG2,1.1518135416666666,0.15560077100996378,3,2,3_2
LRIG3,1.0537708333333333,0.08951056456521739,2,2,2_2
LRIT1,1.4728041666666665,3.3322928006521737,4,4,4_4
LRMP,1.2276569444444445,0.18977995099033812,3,2,3_2
LRP1,1.441303125,0.5499701798324275,4,4,4_4
LRP10,1.0239708333333333,0.026954912858293066,1,0,1_0
LRP11,1.0564375,0.03963463572463767,2,1,2_1
LRP12,1.1054861111111112,0.12560325344605475,3,2,3_2
LRP1B,1.4175125000000002,1.717615090362319,4,4,4_4
LRP2,1.1915458333333333,0.18313089873188404,3,2,3_2
LRP2BP,1.0210416666666666,0.1265086592753623,1,2,1_2
LRP3,1.03566875,0.05469697903985507,2,1,2_1
LRP4,1.107425,0.22623642826086962,3,3,3_3
LRP5,1.1554208333333333,0.24379708090579716,3,3,3_3
LRP5L,1.0346125,0.07893442528985509,2,1,2_1
LRP6,1.0491555555555556,0.05371318428341385,2,1,2_1
LRP8,1.005665277777778,0.11590642654589371,1,2,1_2
LRPAP1,1.0366333333333333,0.023862477439613526,2,0,2_0
LRPPRC,1.0180575,0.029518679817391303,1,0,1_0
LRR1,0.9939020833333333,0.05411635204710147,0,1,0_1
LRRC1,1.0297708333333333,0.03392875510869566,1,0,1_0
LRRC10B,0.9901666666666666,0.30066944710144927,0,3,0_3
LRRC14,1.0330583333333332,0.02322079836956522,2,0,2_0
LRRC15,1.649525,1.1243153995289854,4,4,4_4
LRRC17,1.04703125,0.12695888987318837,2,2,2_2
LRRC18,1.1028,0.4094506705797103,3,3,3_3
LRRC19,1.0506541666666667,0.2658241906521739,2,3,2_3
LRRC2,1.0141354166666667,0.09948367835144926,1,2,1_2
LRRC2-AS1,0.840375,0.37576097420289856,0,3,0_3
LRRC20,1.0799625,0.05952061007246377,2,1,2_1
LRRC23,1.1820208333333333,0.4281460203623188,3,3,3_3
LRRC25,1.3689124999999998,1.5627498896376808,4,4,4_4
LRRC27,1.0967708333333335,0.18268035915760866,3,2,3_2
LRRC28,1.0547989583333333,0.022655208627717388,2,0,2_0
LRRC29,0.9777666666666667,0.1416142447826087,0,2,0_2
LRRC3,1.0934791666666668,0.2832231163405798,3,3,3_3
LRRC31,1.0221833333333332,0.3570465436231884,1,3,1_3
LRRC32,1.3520041666666665,0.4799379636956521,4,3,4_3
LRRC34,1.07916875,0.2399352805978261,2,3,2_3
LRRC36,1.1545499999999997,0.46383117913043476,3,3,3_3
LRRC37A2,1.0405691666666668,0.04175856353913044,2,1,2_1
LRRC37A3,1.1065569444444445,0.05267401018518518,3,1,3_1
LRRC37B,0.9723291666666666,0.014132794565217389,0,0,0_0
LRRC38,1.1023291666666666,0.31016621094202895,3,3,3_3
LRRC39,1.0507833333333334,0.1335624924275362,2,2,2_2
LRRC3B,1.3253333333333333,1.1390182947826089,4,4,4_4
LRRC4,0.9607083333333334,0.25145452478260866,0,3,0_3
LRRC40,1.0226541666666666,0.02843165525362319,1,0,1_0
LRRC41,1.0192177083333334,0.04873517759510869,1,1,1_1
LRRC42,0.9715208333333334,0.04800806673913044,0,1,0_1
LRRC43,1.2588777777777778,0.47028925003220623,4,3,4_3
LRRC45,1.5921458333333334,1.566084022971015,4,4,4_4
LRRC46,1.0058749999999999,0.2777613397463768,1,3,1_3
LRRC47,1.0101166666666668,0.00997275,1,0,1_0
LRRC49,1.0672666666666666,0.1352124508695652,2,2,2_2
LRRC4B,1.2359458333333333,1.1516762116666668,3,4,3_4
LRRC4C,1.2440166666666668,0.3902714564130435,4,3,4_3
LRRC52,1.1657583333333335,1.226153081884058,3,4,3_4
LRRC55,1.1908458333333332,1.0385261992028985,3,4,3_4
LRRC56,1.0231333333333332,0.09023397898550725,1,2,1_2
LRRC57,1.0450083333333333,0.040994376304347824,2,1,2_1
LRRC58,1.065725,0.022317631086956526,2,0,2_0
LRRC59,1.456175,1.6920348906602252,4,4,4_4
LRRC6,1.0416270833333332,0.22430955048913037,2,3,2_3
LRRC61,1.1413666666666666,0.4016279952173913,3,3,3_3
LRRC63,1.094,0.3580781334782609,3,3,3_3
LRRC66,1.001325,0.10572750855072464,1,2,1_2
LRRC69,0.9589583333333334,0.031889382173913045,0,0,0_0
LRRC7,1.2733104166666667,0.361776957807971,4,3,4_3
LRRC70,1.1157875,0.1272000770289855,3,2,3_2
LRRC71,1.1483999999999999,0.3539473211594203,3,3,3_3
LRRC72,0.9984666666666667,0.36009410188405794,0,3,0_3
LRRC73,1.1327125,0.39174822717391306,3,3,3_3
LRRC74A,1.0663333333333334,0.46338936663043484,2,3,2_3
LRRC74B,1.4102125,2.9609169171739134,4,4,4_4
LRRC75A,0.952575,0.15883683376811594,0,2,0_2
LRRC75B,1.0225791666666668,0.045184196702898555,1,1,1_1
LRRC8A,1.0183375000000001,0.06266931655797102,1,1,1_1
LRRC8B,1.0134375,0.052070364838969395,1,1,1_1
LRRC8D,0.9856333333333334,0.026928388260869563,0,0,0_0
LRRC8E,1.0806958333333332,0.083338516557971,2,2,2_2
LRRCC1,1.0875750000000002,0.2854222137681159,3,3,3_3
LRRD1,1.2937291666666666,0.3595193457568438,4,3,4_3
LRRFIP1,1.0143402777777777,0.019028304608158877,1,0,1_0
LRRFIP2,1.0238366666666667,0.02759033963478261,1,0,1_0
LRRIQ1,0.9467958333333333,0.3100487463043478,0,3,0_3
LRRIQ3,1.0967041666666668,0.3481502506884059,3,3,3_3
LRRK1,1.0346791666666666,0.05990385525362319,2,1,2_1
LRRK2,1.0872208333333333,0.07255782268115941,3,1,3_1
LRRN1,1.1052625,0.13685628644927536,3,2,3_2
LRRN2,1.2231388888888888,0.5962557772463767,3,4,3_4
LRRN3,1.1548791666666667,0.4367414690217392,3,3,3_3
LRRN4,2.0853041666666665,1.8755428220652173,4,4,4_4
LRRN4CL,1.0445708333333332,0.18714817586956525,2,2,2_2
LRRTM1,1.2085625,0.7295508083333333,3,4,3_4
LRRTM2,1.0080041666666666,0.09028668210144927,1,2,1_2
LRRTM4,0.9869458333333334,0.68910007557971,0,4,0_4
LRSAM1,0.9715833333333332,0.06129159257246377,0,1,0_1
LRTM1,1.03486875,0.361290229039855,2,3,2_3
LRTM2,1.5784624999999999,2.783695982826087,4,4,4_4
LRTOMT,1.0515729166666665,0.08166214291666667,2,2,2_2
LSAMP,1.1908215277777778,0.1351192034480676,3,2,3_2
LSAMP-AS1,0.9948625,0.291767905,0,3,0_3
LSG1,1.037036111111111,0.03318884288244767,2,0,2_0
LSM1,1.0281041666666668,0.023797575724637678,1,0,1_0
LSM10,1.0406208333333333,0.06381510166666665,2,1,2_1
LSM11,1.0096885416666666,0.09772840831068841,1,2,1_2
LSM12,1.0297166666666666,0.03915038173913044,1,1,1_1
LSM14A,1.0021666666666667,0.006642681900161031,1,0,1_0
LSM14B,1.0499891666666665,0.15500722597971014,2,2,2_2
LSM2,1.0758,0.13467046898550725,2,2,2_2
LSM3,1.0055354166666668,0.033639604583333337,1,0,1_0
LSM4,1.069698611111111,0.03394580917069244,2,0,2_0
LSM5,0.9916291666666668,0.020176731827697268,0,0,0_0
LSM6,0.9873499999999998,0.03952467463768116,0,1,0_1
LSM7,0.9941625,0.1336626154347826,0,2,0_2
LSM8,1.0090864583333332,0.019262870067934784,1,0,1_0
LSMEM1,0.9819729166666665,0.06242661085144927,0,1,0_1
LSMEM2,1.1434291666666665,0.7445799597826087,3,4,3_4
LSP1,1.0997666666666668,0.15064521898550723,3,2,3_2
LSR,1.0813708333333334,0.07200975181159419,3,1,3_1
LSS,1.0805347222222224,0.2925175722463768,2,3,2_3
LST1,1.27865,0.4339993814694042,4,3,4_3
LTA,1.2950124999999997,0.999541253115942,4,4,4_4
LTB,1.4239562499999998,0.5984730957789856,4,4,4_4
LTB4R,1.1336652777777778,0.15108109268115943,3,2,3_2
LTB4R2,2.3459791666666665,7.281266404565217,4,4,4_4
LTBP1,1.0550625,0.1294920370652174,2,2,2_2
LTBP2,1.2177729166666664,0.23459582483695654,3,3,3_3
LTBP3,1.0225125000000002,0.0790874366425121,1,1,1_1
LTBP4,1.0306375,0.09790071017210146,2,2,2_2
LTBR,1.3308645833333332,0.33590463221920286,4,3,4_3
LTC4S,0.9780916666666667,0.1078310760869565,0,2,0_2
LTF,1.021425,0.111150915942029,1,2,1_2
LTK,0.9885083333333333,0.14407851865942028,0,2,0_2
LTN1,1.0476375000000002,0.034648095322061194,2,0,2_0
LTV1,1.0549645833333334,0.05200455755434783,2,1,2_1
LUC7L,0.9817558333333333,0.03743837278550725,0,1,0_1
LUC7L2,1.0036625,0.023810296340579705,1,0,1_0
LUC7L3,1.0054034722222223,0.01536714390297907,1,0,1_0
LUM,1.1170520833333333,0.17431225374999998,3,2,3_2
LURAP1,1.0159500000000001,0.12413885028985507,1,2,1_2
LURAP1L,0.9830333333333333,0.027722600869565215,0,0,0_0
LURAP1L-AS1,1.2516208333333332,1.242001110652174,4,4,4_4
LUZP1,1.0441483333333332,0.0512446623826087,2,1,2_1
LUZP2,2.3218791666666667,4.665914108913044,4,4,4_4
LUZP4,1.0030166666666667,0.5939011839130434,1,4,1_4
LUZP6,1.0082125,0.0113993418115942,1,0,1_0
LVRN,0.9026458333333333,0.38858512152173913,0,3,0_3
LXN,1.0158208333333334,0.04876731195652175,1,1,1_1
LY6D,2.1074541666666664,8.995232363550725,4,4,4_4
LY6E,1.0425375,0.40903530181159414,2,3,2_3
LY6G5B,0.9573458333333335,0.1411762402173913,0,2,0_2
LY6G5C,1.0800166666666666,0.14145843869565217,2,2,2_2
LY6G6C,1.179575,0.5391290973913044,3,4,3_4
LY6G6E,1.1093083333333336,0.5210445920289856,3,3,3_3
LY6G6F,0.9578958333333333,0.15451575699275363,0,2,0_2
LY6H,1.0281291666666668,0.304850302826087,1,3,1_3
LY6K,1.01235625,0.2688591234963768,1,3,1_3
LY75,1.0292875,0.028999164565217384,1,0,1_0
LY75-CD302,1.0255291666666666,0.03687354934782609,1,1,1_1
LY86,1.7843250000000002,1.995891866521739,4,4,4_4
LY86-AS1,1.3623722222222223,0.5676132533655394,4,4,4_4
LY9,1.1007458333333335,0.1547690975120773,3,2,3_2
LY96,1.097175,0.11361143826086956,3,2,3_2
LYAR,1.0044562499999998,0.02378082628623188,1,0,1_0
LYG1,1.0826666666666667,0.07227140086956521,3,1,3_1
LYG2,0.9864458333333334,0.38778850152173916,0,3,0_3
LYL1,1.0503500000000001,0.21202824130434786,2,3,2_3
LYN,0.9788736111111112,0.06824956015297905,0,1,0_1
LYNX1,1.0894822916666669,0.10822871099184785,3,2,3_2
LYPD1,1.3515958333333333,0.7232307021014491,4,4,4_4
LYPD3,1.5422,2.8031006381159425,4,4,4_4
LYPD4,1.8740208333333335,1.6785091803623189,4,4,4_4
LYPD5,1.0113750000000001,0.3891863020289856,1,3,1_3
LYPD6,1.3976736111111112,0.39025615316425116,4,3,4_3
LYPD6B,1.1344125,0.23661112586956523,3,3,3_3
LYPD8,1.9560854166666666,2.948472266648551,4,4,4_4
LYPLA1,1.0402583333333333,0.039283024456521744,2,1,2_1
LYPLA2,1.0279697916666666,0.06579338264039855,1,1,1_1
LYPLAL1,1.0293729166666667,0.03096779842391305,1,0,1_0
LYRM1,0.9732208333333334,0.025599099492753626,0,0,0_0
LYRM2,0.9837449999999999,0.01592931357101449,0,0,0_0
LYRM4,0.9924041666666668,0.03318928815217391,0,0,0_0
LYRM7,1.0210125,0.022793584030797107,1,0,1_0
LYRM9,0.9489833333333332,0.13171305923913043,0,2,0_2
LYSMD1,0.9869249999999999,0.02995726072463769,0,0,0_0
LYSMD2,1.0007875000000002,0.10331637644927535,0,2,0_2
LYSMD3,1.0108041666666667,0.02626709065217391,1,0,1_0
LYSMD4,0.9971583333333333,0.0349386384057971,0,0,0_0
LYST,1.0564250000000002,0.06624335642210145,2,1,2_1
LYVE1,1.8738041666666667,4.355371786195652,4,4,4_4
LYZ,1.0203979166666666,0.1357372035688406,1,2,1_2
LYZL1,2.0770416666666667,5.112350303913044,4,4,4_4
LYZL2,1.347275,1.906953015507246,4,4,4_4
LYZL4,1.0544,0.37223684304347826,2,3,2_3
LYZL6,1.6628958333333335,2.5026435528260866,4,4,4_4
LZIC,1.0247444444444445,0.01580294502415459,1,0,1_0
LZTFL1,1.1128760416666668,0.12602399760416666,3,2,3_2
LZTR1,1.0159624999999999,0.04212613195652174,1,1,1_1
LZTS1,1.1993005952380953,0.08607568690771962,3,2,3_2
LZTS1-AS1,1.86365,4.242279298405797,4,4,4_4
LZTS2,1.147371875,0.12561382317481884,3,2,3_2
LZTS3,0.9652625,0.0555885377536232,0,1,0_1
M1AP,1.3500666666666667,0.2918639050271739,4,3,4_3
M6PR,1.0483624999999999,0.07649527539855072,2,1,2_1
MAATS1,0.9994166666666665,0.08736688386548913,0,2,0_2
MAB21L2,1.07881875,0.4417952814311595,2,3,2_3
MAB21L3,1.5931125,2.6698228118115943,4,4,4_4
MACC1,1.0095375000000002,0.12250726678743963,1,2,1_2
MACF1,1.0067260416666668,0.0157481118115942,1,0,1_0
MACROD1,1.01854375,0.05547157298913044,1,1,1_1
MACROD2,1.0281072916666667,0.08380589986865941,1,2,1_2
MACROD2-AS1,0.9933708333333332,0.35136484007246377,0,3,0_3
MAD1L1,0.9738791666666667,0.18737373123188406,0,2,0_2
MAD2L1,1.0873152777777777,0.1020011446940419,3,2,3_2
MAD2L1BP,1.0190791666666668,0.023986610217391312,1,0,1_0
MAD2L2,1.0174708333333333,0.2147588202173913,1,3,1_3
MADCAM1,1.0430208333333335,0.19041408644927532,2,2,2_2
MADD,1.011025,0.02344082445652174,1,0,1_0
MAEA,0.9921083333333334,0.01778643028985507,0,0,0_0
MAEL,1.1633,0.45918803115942025,3,3,3_3
MAF,1.1354784722222222,0.10380968269927536,3,2,3_2
MAF1,0.9973708333333334,0.03876165239130435,0,1,0_1
MAFB,1.0875791666666668,0.0950912543478261,3,2,3_2
MAFF,1.2144666666666668,0.8622348808333333,3,4,3_4
MAFG,1.0477041666666667,0.09163802684782608,2,2,2_2
MAFK,1.0222875,0.1380941256884058,1,2,1_2
MAG,1.6443,1.32369935942029,4,4,4_4
MAGEA1,2.456983333333333,6.516013100144926,4,4,4_4
MAGEA10,1.5469000000000002,3.6024189398550734,4,4,4_4
MAGEA11,1.0408375,0.7458389210869566,2,4,2_4
MAGEA12,1.3051249999999999,2.3920418537681156,4,4,4_4
MAGEA2B,2.0415562499999997,1.3268765776630433,4,4,4_4
MAGEA4,0.9694041666666666,0.8457537800724637,0,4,0_4
MAGEA6,1.6070812500000002,2.0668819860688403,4,4,4_4
MAGEA8,1.6178541666666668,3.607893145869566,4,4,4_4
MAGEA9B,1.2984541666666665,1.2912859761594202,4,4,4_4
MAGEB1,1.2694708333333333,1.0102796087681158,4,4,4_4
MAGEB18,1.9485999999999999,5.045045001594202,4,4,4_4
MAGEB2,0.8668208333333333,0.1953991619565217,0,3,0_3
MAGEB3,1.3098333333333334,0.82627032942029,4,4,4_4
MAGEB4,1.1061104166666667,0.47297330306159424,3,3,3_3
MAGEB6,1.5429000000000002,2.4730028013043475,4,4,4_4
MAGEC1,2.133408333333333,8.106878134057972,4,4,4_4
MAGEC2,1.6454270833333335,2.0725743609601452,4,4,4_4
MAGEC3,1.0697875000000001,0.3783566089130435,2,3,2_3
MAGED1,1.0216666666666667,0.031580743043478264,1,0,1_0
MAGED2,0.9759020833333333,0.027827674728260875,0,0,0_0
MAGEE1,1.0050020833333335,0.029976077264492747,1,0,1_0
MAGEE2,1.3533416666666664,0.9159361684057972,4,4,4_4
MAGEF1,1.0018791666666667,0.012613894275362317,1,0,1_0
MAGEH1,0.997525,0.05109486420289855,0,1,0_1
MAGEL2,1.0001333333333333,0.22058846463768117,0,3,0_3
MAGI1,0.9922965277777779,0.03647979130535427,0,1,0_1
MAGI2,1.0324805555555556,0.1489889138325282,2,2,2_2
MAGI2-AS2,1.4891541666666666,1.528167806884058,4,4,4_4
MAGI3,1.0158166666666666,0.031846707713365535,1,0,1_0
MAGIX,1.3472933333333332,0.3745011840927537,4,3,4_3
MAGOHB,1.0278875,0.047104649175724635,1,1,1_1
MAGT1,1.0270916666666667,0.03272009663446054,1,0,1_0
MAJIN,0.9625083333333332,0.36398514768115947,0,3,0_3
MAK,1.0139895833333334,0.13174787005434782,1,2,1_2
MAK16,1.0060083333333332,0.011875325507246378,1,0,1_0
MAL,1.1221333333333332,0.2181494430434783,3,3,3_3
MAL2,1.0375083333333335,0.0395026768115942,2,1,2_1
MALAT1,1.0283246527777778,0.014497023999094201,1,0,1_0
MALL,1.2416416666666665,0.2667428004347826,4,3,4_3
MALRD1,1.0031833333333333,0.32165265217391303,1,3,1_3
MALSU1,0.9931354166666667,0.010209198668478267,0,0,0_0
MALT1,1.0009527777777778,0.022817768743961353,0,0,0_0
MAMDC2,1.05595,0.08693526347826087,2,2,2_2
MAMDC2-AS1,1.0199833333333335,0.15468050554347829,1,2,1_2
MAMDC4,1.0335124999999998,0.8021543984782609,2,4,2_4
MAML1,0.9943083333333332,0.01869080391304348,0,0,0_0
MAML2,1.0009208333333335,0.04887320989130435,0,1,0_1
MAML3,1.1452416666666665,0.15983636933977455,3,2,3_2
MAMLD1,0.9435083333333333,0.07761641666666666,0,1,0_1
MAMSTR,1.1353625,0.39110859760869554,3,3,3_3
MAN1A1,1.0177916666666667,0.029766173949275363,1,0,1_0
MAN1A2,1.0166305555555555,0.017143327636876003,1,0,1_0
MAN1B1,1.0122395833333333,0.03733752048913044,1,1,1_1
MAN1C1,1.0310333333333332,0.08865814239130435,2,2,2_2
MAN2A1,1.0013486111111112,0.02305825654589371,1,0,1_0
MAN2A2,1.002525,0.019902034384057972,1,0,1_0
MAN2B1,1.0820375,0.057105679057971016,3,1,3_1
MAN2B2,1.0281166666666666,0.009748360434782609,1,0,1_0
MAN2C1,1.3023555555555555,0.5237088540579711,4,3,4_3
MANBA,0.9854124999999999,0.04597851050724638,0,1,0_1
MANBAL,0.9688875,0.031067162826086965,0,0,0_0
MANEA,1.214771875,0.5851921885280799,3,4,3_4
MANEAL,1.0470833333333334,0.06802690626811594,2,1,2_1
MANF,1.0872916666666665,0.12272141826086956,3,2,3_2
MANSC1,1.0120333333333333,0.0725033784057971,1,1,1_1
MAOA,1.0527388888888887,0.09325184921095009,2,2,2_2
MAOB,1.0374805555555555,0.1491250215942029,2,2,2_2
MAP10,1.0142166666666668,0.16906842347826087,1,2,1_2
MAP1A,1.1307027777777778,0.1260744402093398,3,2,3_2
MAP1B,1.140759722222222,0.24735997664251208,3,3,3_3
MAP1LC3A,1.0466097222222224,0.09034142008856684,2,2,2_2
MAP1LC3B,1.0052687500000002,0.009686741467391301,1,0,1_0
MAP1LC3B2,1.2563958333333334,1.0183968121014493,4,4,4_4
MAP1LC3C,1.5280958333333334,0.8677122134057972,4,4,4_4
MAP1S,1.0656625,0.029976803550724643,2,0,2_0
MAP2,1.0815395833333332,0.12449401335144927,3,2,3_2
MAP2K1,0.9989416666666666,0.02957931869565218,0,0,0_0
MAP2K2,1.4367138888888888,0.8812637606280191,4,4,4_4
MAP2K4,1.0018645833333333,0.011032298242753617,1,0,1_0
MAP2K5,1.0298805555555555,0.06793468689613529,1,1,1_1
MAP2K6,1.0331625,0.0919753993115942,2,2,2_2
MAP2K7,1.1060908333333332,0.06005875206666667,3,1,3_1
MAP3K1,1.0290229166666667,0.049235634293478256,1,1,1_1
MAP3K10,1.1706874999999999,0.7338362113768117,3,4,3_4
MAP3K11,1.4131083333333334,0.5849404149637681,4,4,4_4
MAP3K12,1.1124583333333333,0.04273104544283414,3,1,3_1
MAP3K13,1.014720238095238,0.018182777110322394,1,0,1_0
MAP3K14,0.9366333333333333,0.058109128260869565,0,1,0_1
MAP3K14-AS1,1.712479166666667,1.832288691666666,4,4,4_4
MAP3K15,0.9974249999999999,0.0803917224637681,0,1,0_1
MAP3K19,1.0950791666666666,0.4114046230434783,3,3,3_3
MAP3K2,1.0820184523809524,0.04830164842206448,3,1,3_1
MAP3K3,1.055763888888889,0.042986383059581315,2,1,2_1
MAP3K4,1.0360916666666666,0.041747599166666684,2,1,2_1
MAP3K5,1.0783208333333334,0.07940545105072466,2,1,2_1
MAP3K6,1.0551555555555554,0.22501060729468597,2,3,2_3
MAP3K7,0.9856041666666666,0.022080216711956518,0,0,0_0
MAP3K7CL,1.1718624999999998,0.29970540746376817,3,3,3_3
MAP3K8,1.1399479166666666,0.2557627819021739,3,3,3_3
MAP3K9,0.9554562500000001,0.09657575067028985,0,2,0_2
MAP4,1.0840089285714287,0.05761425770925762,3,1,3_1
MAP4K1,1.1933375,0.2968565867391304,3,3,3_3
MAP4K2,0.9843625,0.2653148954347826,0,3,0_3
MAP4K3,0.9681916666666667,0.023922227536231883,0,0,0_0
MAP4K4,1.0338649999999998,0.04538504336811595,2,1,2_1
MAP4K5,1.0170513888888888,0.011807643309178748,1,0,1_0
MAP6,1.0824885416666665,0.15929121235960148,3,2,3_2
MAP6D1,1.0612333333333333,0.03809363048309179,2,1,2_1
MAP7,0.9976027777777778,0.03813986357487924,0,1,0_1
MAP7D1,1.0822708333333333,0.08246833427536233,3,2,3_2
MAP7D2,0.9907124999999999,0.10006163152173914,0,2,0_2
MAP7D3,0.9852180555555555,0.07390064446859902,0,1,0_1
MAP9,1.0101333333333333,0.07972445548007247,1,1,1_1
MAPK1,1.1423857142857143,0.07749197334812187,3,1,3_1
MAPK10,1.1005375,0.3182437364975846,3,3,3_3
MAPK11,1.2270180555555557,0.21412737240740742,3,3,3_3
MAPK12,1.2166305555555554,0.46590859120772954,3,3,3_3
MAPK13,1.0659229166666666,0.05354944733695654,2,1,2_1
MAPK14,1.0041635416666665,0.07111218163496376,1,1,1_1
MAPK15,1.2932937500000001,0.778464392192029,4,4,4_4
MAPK1IP1L,1.0244366666666667,0.01235833797681159,1,0,1_0
MAPK3,0.9644208333333335,0.04884645239130434,0,1,0_1
MAPK4,1.5066041666666667,0.7878262267713366,4,4,4_4
MAPK6,1.0921666666666667,0.10446758413043479,3,2,3_2
MAPK7,0.9930041666666667,0.03547661471014494,0,0,0_0
MAPK8,1.011775,0.013369682046376815,1,0,1_0
MAPK8IP1,1.6735208333333336,2.3073195680434777,4,4,4_4
MAPK8IP2,1.0565020833333334,0.241355377807971,2,3,2_3
MAPK8IP3,1.0310241666666669,0.05046073823478261,2,1,2_1
MAPK9,1.0056527777777777,0.025408253864734307,1,0,1_0
MAPKAP1,1.000146875,0.009786070303442031,0,0,0_0
MAPKAPK2,1.124084722222222,0.16664177867149757,3,2,3_2
MAPKAPK3,1.0307916666666668,0.03606617565217392,2,0,2_0
MAPKAPK5,0.9855,0.015284826231884058,0,0,0_0
MAPKAPK5-AS1,1.154890625,0.22345136033061597,3,3,3_3
MAPKBP1,1.577529166666667,1.8988364461231886,4,4,4_4
MAPRE1,1.0284104166666665,0.035483789873188405,1,0,1_0
MAPRE2,1.0792055555555555,0.22548708349436392,2,3,2_3
MAPRE3,1.0516125,0.11624712060688407,2,2,2_2
MAPT,0.9690486111111113,0.11232844892512078,0,2,0_2
MAPT-AS1,1.1436216666666665,0.2623061306782609,3,3,3_3
MARC1,1.0842958333333332,0.09431231557971016,3,2,3_2
MARC2,1.0122555555555557,0.022594334138486317,1,0,1_0
MARCH1,1.1910520833333333,0.18228281326086962,3,2,3_2
MARCH10,1.1806041666666667,0.4859312508695653,3,3,3_3
MARCH11,1.0778916666666667,0.24371339014492746,2,3,2_3
MARCH2,0.9950708333333335,0.055859319347826085,0,1,0_1
MARCH3,1.0929208333333333,0.08268534090579711,3,2,3_2
MARCH4,1.8727625000000003,2.8087934373188403,4,4,4_4
MARCH5,0.99743125,0.017225833641304353,0,0,0_0
MARCH6,1.0324333333333333,0.01814515738727858,2,0,2_0
MARCH7,1.0683383333333334,0.14870368020869568,2,2,2_2
MARCH8,1.0266236111111111,0.054178204565217374,1,1,1_1
MARCH9,1.04366875,0.04178417780797101,2,1,2_1
MARCKS,1.0451616666666668,0.03748794392463768,2,1,2_1
MARCKSL1,1.0343625,0.021339116304347823,2,0,2_0
MARCO,7.4953875,331.20222412311597,4,4,4_4
MARK1,1.0398072916666667,0.09556104426177535,2,2,2_2
MARK2,1.0077187499999998,0.22617469519927536,1,3,1_3
MARK3,1.0163597222222223,0.03012827839774557,1,0,1_0
MARK4,1.0141354166666667,0.031169579764492764,1,0,1_0
MARS2,1.0296791666666667,0.11512083775362317,1,2,1_2
MARVELD1,2.0016729166666667,3.5402469748369567,4,4,4_4
MARVELD2,1.0270062500000001,0.030677161902173903,1,0,1_0
MARVELD3,0.9983708333333334,0.051731923566827695,0,1,0_1
MAS1,1.2293541666666667,1.2539759648550723,3,4,3_4
MAS1L,1.1516041666666668,0.7881397367391303,3,4,3_4
MASP1,1.4966949999999999,0.6280912659652174,4,4,4_4
MASP2,2.0294569444444446,1.6788359182689212,4,4,4_4
MAST1,1.9677708333333335,6.329203060217392,4,4,4_4
MAST2,1.0607927083333335,0.05590620392663044,2,1,2_1
MAST3,1.0019625,0.04234436282608695,1,1,1_1
MAST4,0.9969678571428572,0.02457446244897959,0,0,0_0
MASTL,1.048025,0.10965665637681159,2,2,2_2
MAT1A,1.1705916666666665,0.39037841376811594,3,3,3_3
MAT2A,1.0264749999999998,0.04108202083333332,1,1,1_1
MAT2B,1.00905,0.039463984094202896,1,1,1_1
MATK,1.1384875,0.24552209079710144,3,3,3_3
MATN1,1.2716749999999999,0.38379102072463767,4,3,4_3
MATN1-AS1,1.0109354166666666,0.04350580114130434,1,1,1_1
MATN3,1.1378416666666666,0.3948600120289855,3,3,3_3
MATN4,1.0176749999999999,0.15871335115942029,1,2,1_2
MATR3,1.1986333333333334,0.2863586644927536,3,3,3_3
MAU2,1.1407041666666666,0.23491736201449273,3,3,3_3
MAVS,1.0021604166666667,0.03464106723731885,1,0,1_0
MAX,1.0482733333333334,0.04519698110724639,2,1,2_1
MAZ,0.9089083333333333,0.05943641286231885,0,1,0_1
MB,1.058225,0.09505674333333333,2,2,2_2
MB21D2,1.06725,0.04704421376811594,2,1,2_1
MBD1,1.0130291666666666,0.02555561162608696,1,0,1_0
MBD2,1.0689791666666666,0.14013550637681157,2,2,2_2
MBD3,1.0423875,0.033348873727858296,2,0,2_0
MBD3L1,1.4926166666666667,0.9165713010507245,4,4,4_4
MBD3L2,1.8022041666666666,3.0930580138405794,4,4,4_4
MBD4,0.9825239583333333,0.010807213319746378,0,0,0_0
MBD5,0.9978250000000001,0.042743897085346226,0,1,0_1
MBD6,1.0252291666666666,0.0256222172705314,1,0,1_0
MBIP,1.00455,0.026681908260869566,1,0,1_0
MBL2,1.253875,3.4941919166666664,4,4,4_4
MBLAC1,0.8847458333333332,0.14545783905797102,0,2,0_2
MBLAC2,1.0317645833333333,0.06851660972826087,2,1,2_1
MBNL1,1.0592994047619049,0.03848689981810116,2,1,2_1
MBNL1-AS1,1.0848791666666668,0.1882768970652174,3,2,3_2
MBNL2,1.0638733333333334,0.07939141139130432,2,1,2_1
MBNL3,1.0253319444444446,0.01958653852657004,1,0,1_0
MBOAT1,1.0281541666666667,0.07398535630434783,1,1,1_1
MBOAT2,1.0909854166666666,0.1264411366847826,3,2,3_2
MBOAT7,1.040075,0.07534462778985507,2,1,2_1
MBP,1.2000444444444447,0.13917929644480231,3,2,3_2
MBTD1,1.0617805555555557,0.11790741062801934,2,2,2_2
MBTPS1,0.99076875,0.02136541791666667,0,0,0_0
MBTPS2,1.018861111111111,0.37820084294685985,1,3,1_3
MC1R,1.0640541666666667,0.0728705638405797,2,1,2_1
MC2R,1.0488055555555555,0.17375051888888887,2,2,2_2
MC3R,1.1278041666666667,0.4767579038405797,3,3,3_3
MC4R,1.0246958333333331,0.1823917432608696,1,2,1_2
MC5R,1.118225,0.3774099630434782,3,3,3_3
MCAM,1.0196208333333334,0.2442368499999999,1,3,1_3
MCAT,1.0358083333333334,0.05841860681159421,2,1,2_1
MCC,1.009625,0.019024541485507248,1,0,1_0
MCCC1,1.01835,0.0356931752173913,1,0,1_0
MCCC2,1.1224930555555555,0.15624998860708533,3,2,3_2
MCEE,0.9881791666666665,0.023067526304347826,0,0,0_0
MCEMP1,1.1591916666666666,0.4182627479710144,3,3,3_3
MCF2,1.195303125,0.25194201277626815,3,3,3_3
MCF2L,1.1706406249999999,0.16044684541893114,3,2,3_2
MCF2L-AS1,0.9318083333333332,0.045379254202898546,0,1,0_1
MCF2L2,1.1411791666666666,0.7484879394927537,3,4,3_4
MCFD2,1.058734722222222,0.1260266028582931,2,2,2_2
MCHR1,1.7371583333333334,1.3599973565378423,4,4,4_4
MCHR2,1.220125,1.4817184595652173,3,4,3_4
MCHR2-AS1,1.2172375000000002,0.6844122467753624,3,4,3_4
MCL1,1.1728902777777777,0.15441737863526567,3,2,3_2
MCM10,1.1906625,0.20717607158615134,3,3,3_3
MCM2,1.0290125,0.081613475,1,2,1_2
MCM3,1.0568166666666665,0.046843076666666664,2,1,2_1
MCM3AP,1.1945883333333334,0.20500169496231885,3,3,3_3
MCM3AP-AS1,0.9775666666666666,0.07917623621578097,0,1,0_1
MCM4,1.4597366666666665,0.18704432928115938,4,2,4_2
MCM5,1.0438666666666667,0.059591515615942024,2,1,2_1
MCM6,1.0460354166666666,0.0397194544384058,2,1,2_1
MCM7,1.06905625,0.05410378494565217,2,1,2_1
MCM8,0.9532729166666667,0.05528970222826087,0,1,0_1
MCM8-AS1,1.9303625,4.038925756014493,4,4,4_4
MCM9,0.9965736111111111,0.024625392455716585,0,0,0_0
MCMBP,1.1394194444444443,0.14601692207729472,3,2,3_2
MCMDC2,1.12071875,0.28418311896739135,3,3,3_3
MCOLN1,0.9872916666666667,0.11544173710144924,0,2,0_2
MCOLN2,1.2836,0.5668207301811594,4,4,4_4
MCOLN3,1.0425916666666666,0.12001670254528986,2,2,2_2
MCPH1,1.0147433333333333,0.03835587826086957,1,1,1_1
MCPH1-AS1,0.9503208333333334,0.07060238583333334,0,1,0_1
MCRIP1,0.9938791666666668,0.105833885,0,2,0_2
MCRIP2,0.9965999999999999,0.0785000745289855,0,1,0_1
MCRS1,0.9793541666666666,0.02707359297101449,0,0,0_0
MCTP1,1.1207041666666668,0.13912871147342995,3,2,3_2
MCTP2,1.021825,0.027334157820289858,1,0,1_0
MCTS1,1.0515833333333333,0.0352656831400966,2,0,2_0
MCU,1.0132375,0.041454714999999996,1,1,1_1
MCUB,1.2269083333333333,0.23358069782608698,3,3,3_3
MCUR1,1.03775,0.030770743152173912,2,0,2_0
MDC1,0.9969562499999999,0.016030649583333334,0,0,0_0
MDFI,1.0052416666666666,0.08759618507246378,1,2,1_2
MDFIC,1.0359677083333334,0.034395331508152174,2,0,2_0
MDGA1,1.540573611111111,0.966505661779388,4,4,4_4
MDGA2,1.1882000000000001,0.7813858407608695,3,4,3_4
MDH1,0.996025,0.006665858115942031,0,0,0_0
MDH1B,1.0292270833333335,0.28549605309782605,1,3,1_3
MDH2,0.9877937500000001,0.012311370271739126,0,0,0_0
MDK,1.0875791666666668,0.1431426484782609,3,2,3_2
MDM1,1.0166895833333334,0.0460890625905797,1,1,1_1
MDM2,1.08871375,0.08005745771811594,3,1,3_1
MDM4,1.0135604166666667,0.03214739930555556,1,0,1_0
MDN1,1.0718027777777779,0.07027267449275362,2,1,2_1
MDS2,0.9982916666666667,0.13660048597826085,0,2,0_2
ME1,1.026361111111111,0.02828969753623189,1,0,1_0
ME2,1.0343708333333332,0.03453438134460548,2,0,2_0
ME3,1.0551208333333333,0.06275150626811596,2,1,2_1
MEA1,1.0202333333333333,0.03195301492753622,1,0,1_0
MEAF6,1.0401458333333335,0.027971960716586156,2,0,2_0
MECOM,1.0195908333333332,0.03980412193333334,1,1,1_1
MECP2,1.0372541666666668,0.031188102874396134,2,0,2_0
MECR,0.9685916666666667,0.026722466086956522,0,0,0_0
MED1,1.047884375,0.02991563925271739,2,0,2_0
MED10,1.036275,0.17010311492753627,2,2,2_2
MED11,1.0376583333333331,0.05462641333333331,2,1,2_1
MED12,1.03708125,0.04709122187499999,2,1,2_1
MED12L,0.9678395833333333,0.23588586603260867,0,3,0_3
MED13,1.0133614583333335,0.04574141735960145,1,1,1_1
MED13L,1.0661575,0.04790612894202898,2,1,2_1
MED14,1.0437525,0.043561803515942035,2,1,2_1
MED14OS,1.0920375,0.265979540942029,3,3,3_3
MED15,0.9947624999999999,0.049462428188405794,0,1,0_1
MED16,1.1434541666666667,0.08865474862318838,3,2,3_2
MED17,1.0306374999999999,0.027276475338164245,2,0,2_0
MED19,1.0076583333333333,0.021797698804347825,1,0,1_0
MED20,0.9861125,0.03353498192028986,0,0,0_0
MED22,1.0335041666666667,0.05585465268115941,2,1,2_1
MED23,1.0102266666666666,0.02706322851594202,1,0,1_0
MED24,1.8798375,2.9765801941304346,4,4,4_4
MED25,1.0780145833333334,0.08694038382246379,2,2,2_2
MED26,1.2447125,0.18806162699677942,4,2,4_2
MED27,1.088425,0.13937368020933977,3,2,3_2
MED28,1.1441662499999998,0.11102562692971013,3,2,3_2
MED29,0.9821166666666667,0.03706231405797102,0,1,0_1
MED30,1.0009958333333333,0.022170504629629634,0,0,0_0
MED31,1.012526388888889,0.03471076342190016,1,0,1_0
MED4,1.0407229166666667,0.028101839619565222,2,0,2_0
MED6,1.0089430555555556,0.030110948558776177,1,0,1_0
MED7,1.0111263888888888,0.016663364210950077,1,0,1_0
MED8,1.0234083333333333,0.01649850359098229,1,0,1_0
MED9,1.0489541666666666,0.08371416369565217,2,2,2_2
MEDAG,1.3453333333333333,0.3857330288768116,4,3,4_3
MEF2A,1.0621083333333334,0.047624693614130444,2,1,2_1
MEF2B,0.9336375000000001,0.32615602978260866,0,3,0_3
MEF2C,1.0076625000000001,0.06442996812399357,1,1,1_1
MEF2C-AS1,2.352508333333333,5.401982063623189,4,4,4_4
MEF2D,0.9830597222222224,0.03432035053945249,0,0,0_0
MEFV,1.2479583333333333,0.2793233992753623,4,3,4_3
MEG3,1.11971125,0.07760983228478259,3,1,3_1
MEG9,1.124183333333333,0.5491077701449275,3,4,3_4
MEGF10,1.0769097222222221,0.23344132342190016,2,3,2_3
MEGF11,1.3144875,0.23557501562801927,4,3,4_3
MEGF6,1.0374833333333333,0.07421531231884058,2,1,2_1
MEGF8,1.0038333333333334,0.05463601264492755,1,1,1_1
MEGF9,0.9923270833333332,0.02341070208333334,0,0,0_0
MEI1,1.412009722222222,0.50120081989533,4,3,4_3
MEIG1,0.93795,0.20353884739130432,0,3,0_3
MEIOB,1.1773625,0.5893376105072464,3,4,3_4
MEIOC,1.0316966666666667,0.07444340417971017,2,1,2_1
MEIS1,1.0233333333333334,0.06278280369565217,1,1,1_1
MEIS2,0.9791333333333334,0.02820722014492754,0,0,0_0
MEIS3,0.9841729166666666,0.07126168451086957,0,1,0_1
MELK,1.2018375,0.38040233384057964,3,3,3_3
MELTF,0.9915354166666667,0.048225079266304344,0,1,0_1
MEN1,1.0678458333333334,0.036358227608695656,2,1,2_1
MEOX1,1.3558041666666665,0.37611101775362316,4,3,4_3
MEOX2,1.1206166666666668,0.16977044630434787,3,2,3_2
MEP1A,0.7253583333333333,0.30597875043478256,0,3,0_3
MEP1B,1.0100875,0.2072243365942029,1,3,1_3
MEPCE,1.0150458333333334,0.03231294731884058,1,0,1_0
MEPE,1.2052666666666667,1.257611942173913,3,4,3_4
MERTK,1.4729694444444446,0.6600190651690822,4,4,4_4
MESP1,1.0872513888888888,0.11293880574074074,3,2,3_2
MESP2,1.03199375,0.2557424492572464,2,3,2_3
MEST,1.0873166666666667,0.1186192572463768,3,2,3_2
MET,1.070746875,0.08536221171648552,2,2,2_2
METAP1,1.0158875,0.026427131956521733,1,0,1_0
METAP1D,1.0716249999999998,0.09457062133152173,2,2,2_2
METAP2,1.004078125,0.019404957848731887,1,0,1_0
METRN,0.9905013888888888,0.08182311907407405,0,2,0_2
METRNL,1.0391708333333334,0.05459725282608696,2,1,2_1
METTL1,1.0833125,0.19851136094202895,3,3,3_3
METTL13,0.9969041666666666,0.018002172085346217,0,0,0_0
METTL14,0.9679645833333334,0.043310302454710146,0,1,0_1
METTL15,1.0518190476190477,0.042267992061520265,2,1,2_1
METTL17,1.1045916666666666,0.18077251712862316,3,2,3_2
METTL18,0.9267124999999999,0.02683576978260869,0,0,0_0
METTL21A,1.011576388888889,0.02276866330917874,1,0,1_0
METTL21C,0.7534041666666665,0.9228172665942028,0,4,0_4
METTL22,1.5114145833333332,1.3228345615036234,4,4,4_4
METTL23,0.9973833333333334,0.005451192608695649,0,0,0_0
METTL25,0.9543333333333334,0.02262411376811595,0,0,0_0
METTL26,0.9375986111111111,0.03579674512479871,0,0,0_0
METTL2A,1.0575645833333331,0.017837202590579714,2,0,2_0
METTL2B,1.0332583333333334,0.038706918985507245,2,1,2_1
METTL3,1.0149652777777778,0.04591051751207729,1,1,1_1
METTL4,0.9856291666666669,0.025233768731884064,0,0,0_0
METTL5,1.0184166666666667,0.014844844565217397,1,0,1_0
METTL6,1.1849133333333333,0.13879193786086955,3,2,3_2
METTL7A,1.0434479166666666,0.037960225489130445,2,1,2_1
METTL7B,1.3140791666666667,1.926271546594203,4,4,4_4
METTL8,0.9913152777777778,0.06647003342190017,0,1,0_1
METTL9,0.98888125,0.02407735906702898,0,0,0_0
MEX3A,1.1355611111111112,0.22341451930756842,3,3,3_3
MEX3B,0.9211666666666667,0.35644852507246383,0,3,0_3
MEX3C,1.17035,0.24481774689275357,3,3,3_3
MEX3D,0.9388722222222222,0.08765876855072464,0,2,0_2
MFAP1,0.98855,0.023930295797101448,0,0,0_0
MFAP2,1.0100749999999998,0.30768672304347827,1,3,1_3
MFAP3,0.9737027777777779,0.04380035270531401,0,1,0_1
MFAP3L,1.033705,0.05866175841739131,2,1,2_1
MFAP4,1.353529166666667,0.5358034906521739,4,4,4_4
MFAP5,1.3685444444444446,0.7395842908695652,4,4,4_4
MFF,0.9996645833333333,0.00602227445652174,0,0,0_0
MFGE8,1.1036229166666667,0.132178368423913,3,2,3_2
MFHAS1,1.0401437500000001,0.02555665414855073,2,0,2_0
MFN1,1.0219486111111111,0.02664775822061191,1,0,1_0
MFN2,0.97065,0.07514723091787441,0,1,0_1
MFNG,1.3276000000000001,0.40887512597423514,4,3,4_3
MFSD1,1.0050375,0.02667345166666667,1,0,1_0
MFSD10,1.113475,0.19055195681159423,3,2,3_2
MFSD11,1.0190854166666667,0.03156196639492754,1,0,1_0
MFSD12,0.99549375,0.10646356324275362,0,2,0_2
MFSD13A,1.18275,0.3459876949275363,3,3,3_3
MFSD14A,0.9882208333333334,0.01246509152173913,0,0,0_0
MFSD14B,0.98735625,0.12712356951086956,0,2,0_2
MFSD14C,0.9730416666666667,0.16963481217391305,0,2,0_2
MFSD2A,1.1842020833333333,0.32390154317028985,3,3,3_3
MFSD2B,0.9680041666666667,0.048014152826086946,0,1,0_1
MFSD3,0.9519958333333333,0.16727448673913042,0,2,0_2
MFSD4A,1.0230104166666667,0.06968696625905797,1,1,1_1
MFSD4B,1.0360944444444444,0.05545953539452496,2,1,2_1
MFSD5,1.0251374999999998,0.03421315094202898,1,0,1_0
MFSD6,0.9589687499999999,0.04821641769927536,0,1,0_1
MFSD6L,1.0228666666666666,0.1661358065217391,1,2,1_2
MFSD8,1.0269333333333333,0.020287566763285022,1,0,1_0
MFSD9,1.006823611111111,0.06868100865539453,1,1,1_1
MGA,1.0538333333333332,0.033230944574275355,2,0,2_0
MGAM,1.2415208333333334,0.3659623718115942,4,3,4_3
MGAM2,1.1979624999999998,0.3178955897826086,3,3,3_3
MGARP,1.4154041666666668,0.8465866419565217,4,4,4_4
MGAT1,1.0033208333333334,0.06350478514492754,1,1,1_1
MGAT2,1.1893583333333333,0.3962841928502415,3,3,3_3
MGAT3,1.0462125,0.10826553693236718,2,2,2_2
MGAT4A,1.0465218749999998,0.038543460937499996,2,1,2_1
MGAT4B,1.0093854166666667,0.04686492893115942,1,1,1_1
MGAT4C,1.0231166666666667,0.5848628810144928,1,4,1_4
MGAT4D,1.60565,2.5326731386956522,4,4,4_4
MGAT5,0.9899166666666668,0.07096830304347826,0,1,0_1
MGAT5B,1.493104166666667,1.1955041716304347,4,4,4_4
MGLL,1.0216104166666666,0.08493377106884058,1,2,1_2
MGME1,1.0187208333333333,0.035763265289855066,1,0,1_0
MGMT,1.0382166666666668,0.07911858101449276,2,1,2_1
MGP,1.3298791666666667,0.6635233475724638,4,4,4_4
MGRN1,1.0302083333333332,0.07363331,1,1,1_1
MGST1,1.0538975,0.1297753332608696,2,2,2_2
MGST2,1.024475,0.028119432898550723,1,0,1_0
MGST3,1.03655,0.1381882525442834,2,2,2_2
MIA,0.983,0.17447840275362314,0,2,0_2
MIA-RAB4B,0.9664013888888889,0.02894106617552336,0,0,0_0
MIA2,1.15265625,0.673505232119565,3,4,3_4
MIA3,1.021953125,0.02352941004076087,1,0,1_0
MIAT,1.1553239583333335,0.20982258860054354,3,3,3_3
MIATNB,0.9907499999999999,0.06513352677536231,0,1,0_1
MIB1,1.0072666666666665,0.013604826041666667,1,0,1_0
MIB2,0.9879383333333335,0.03281423208695652,0,0,0_0
MICA,1.0498104166666666,0.10915946124999999,2,2,2_2
MICAL1,1.0522958333333332,0.07541232891304346,2,1,2_1
MICAL2,1.2175979166666666,0.21566413866847825,3,3,3_3
MICAL3,1.10830625,0.1316966219474638,3,2,3_2
MICALL1,0.9506729166666666,0.020334794873188407,0,0,0_0
MICALL2,1.0467680555555556,0.07152512123188405,2,1,2_1
MICB,1.1689874999999998,0.20501322673913047,3,3,3_3
MICU1,1.0190958333333333,0.023849038043478262,1,0,1_0
MICU2,1.0400125,0.017399815434782605,2,0,2_0
MICU3,0.9795625000000001,0.057827949202898556,0,1,0_1
MID1,1.0335402777777778,0.04468552313204508,2,1,2_1
MID1IP1,1.0371708333333334,0.0688932081884058,2,1,2_1
MID2,1.0477791666666667,0.03577379641304348,2,0,2_0
MIDN,1.3315124999999999,0.30511368102254427,4,3,4_3
MIEF1,1.0250239583333334,0.024581240874094194,1,0,1_0
MIEF2,0.9763541666666667,0.07743358355072463,0,1,0_1
MIEN1,1.0237541666666667,0.018598663405797102,1,0,1_0
MIER1,1.011263888888889,0.05944697428341386,1,1,1_1
MIER2,1.0119652777777777,0.09240414443639293,1,2,1_2
MIER3,1.0057733333333332,0.09227581867246377,1,2,1_2
MIF,1.2148124999999999,0.4551832615217391,3,3,3_3
MIF-AS1,1.1081166666666666,0.22455068739130435,3,3,3_3
MIF4GD,1.1673854166666666,0.11797202983695652,3,2,3_2
MIGA1,0.9845958333333332,0.06937408880434784,0,1,0_1
MIGA2,1.0295708333333333,0.07986169007246376,1,1,1_1
MIIP,0.9900583333333334,0.02359933579710145,0,0,0_0
MILR1,1.0274,0.5716087894202898,1,4,1_4
MINCR,1.0520222222222222,0.14049136394524958,2,2,2_2
MINK1,1.0388083333333333,0.051162033505434794,2,1,2_1
MINOS1,1.02486875,0.05185029940217392,1,1,1_1
MINOS1-NBL1,1.3481958333333335,0.7498498241304349,4,4,4_4
MINPP1,1.0421333333333334,0.010169342753623186,2,0,2_0
MIOS,1.0231138888888889,0.014848733446054741,1,0,1_0
MIOX,1.4070083333333336,2.675062441449275,4,4,4_4
MIP,2.0785458333333335,5.361635989492755,4,4,4_4
MIPEP,1.0020312500000002,0.06823832483695652,1,1,1_1
MIPOL1,1.1559625,0.29274423064311594,3,3,3_3
MIR1-1HG,2.367558333333333,6.774637127101449,4,4,4_4
MIR124-2HG,1.3583902777777777,0.7607973726972626,4,4,4_4
MIR133A1HG,1.2496541666666665,0.35641071228260873,4,3,4_3
MIR181A2HG,1.0310291666666667,0.07502921398550723,2,1,2_1
MIR2052HG,1.2404333333333335,1.1384216439130435,4,4,4_4
MIR210HG,1.0625916666666668,0.1051626416304348,2,2,2_2
MIR3663HG,0.3664875,0.17174829326086954,0,2,0_2
MIR3681HG,1.2139625,0.25203204002415464,3,3,3_3
MIR3945HG,1.1142354166666668,0.3690122189673913,3,3,3_3
MIR3976HG,1.5405958333333334,2.7538958805072467,4,4,4_4
MIR4290HG,1.5132666666666665,1.752469395942029,4,4,4_4
MIR4300HG,0.9678333333333334,0.5200137888405796,0,3,0_3
MIR4307HG,1.4881458333333335,2.6450473603623186,4,4,4_4
MIR4435-2HG,1.1479270833333333,0.4840412050181159,3,3,3_3
MIR4500HG,1.75805,1.9771718381159422,4,4,4_4
MIR497HG,1.0695625,0.09916544369565218,2,2,2_2
MIR548XHG,0.9870958333333334,0.3222201941304348,0,3,0_3
MIR646HG,1.1434958333333334,0.5672689418115943,3,4,3_4
MIR670HG,1.42115,2.2580674094202897,4,4,4_4
MIR7-3HG,1.24183125,0.6355957946557972,4,4,4_4
MIR7515HG,1.0268583333333332,0.3244093152173913,1,3,1_3
MIR9-3HG,0.8983020833333333,0.3325734938586956,0,3,0_3
MIR99AHG,1.0261430555555555,0.0645513891062802,1,1,1_1
MIRLET7BHG,1.1522958333333333,0.3568881361956523,3,3,3_3
MIRLET7DHG,0.9943083333333332,0.04328244101449275,0,1,0_1
MIS12,1.0428125,0.04404392050724638,2,1,2_1
MIS18A,1.0202291666666665,0.04917463395330112,1,1,1_1
MIS18BP1,1.1652611111111113,0.16929202650563613,3,2,3_2
MISP,1.0542291666666666,0.3081081219565217,2,3,2_3
MITD1,1.0445708333333332,0.02387951833333333,2,0,2_0
MITF,1.029263888888889,0.10012938990338165,1,2,1_2
MIXL1,1.0784708333333335,0.5276083041304348,2,3,2_3
MKI67,1.3157916666666665,0.48371705140398547,4,3,4_3
MKKS,1.0089895833333333,0.009677614836956519,1,0,1_0
MKL1,1.1637475000000002,0.15612552026376814,3,2,3_2
MKL2,1.0223349999999998,0.09753571448695653,1,2,1_2
MKLN1,1.0299319444444446,0.023134283900966182,1,0,1_0
MKNK1,1.0470111111111111,0.03104318943639292,2,0,2_0
MKNK1-AS1,2.4994791666666667,7.341030641956523,4,4,4_4
MKNK2,0.9962895833333333,0.014680053315217389,0,0,0_0
MKRN1,0.9852229166666667,0.00577710346014493,0,0,0_0
MKRN2,0.9827111111111112,0.05029908417069243,0,1,0_1
MKRN3,1.0145625,0.1042348086231884,1,2,1_2
MKS1,0.9893062499999999,0.02992828418478261,0,0,0_0
MKX,1.2053263888888888,0.4162360926489532,3,3,3_3
MLANA,1.0444166666666665,0.394883856847826,2,3,2_3
MLC1,1.0011291666666666,0.16437909673913045,0,2,0_2
MLEC,1.0334166666666667,0.043529132862318846,2,1,2_1
MLF1,1.0486638888888888,0.19124077645732687,2,3,2_3
MLF2,1.0491708333333334,0.051065071521739135,2,1,2_1
MLH1,1.0172833333333333,0.0163312784057971,1,0,1_0
MLH3,1.0118,0.032606511400966195,1,0,1_0
MLIP,1.3651916666666668,0.45387516271739126,4,3,4_3
MLKL,1.0484125000000002,0.04396077557971014,2,1,2_1
MLLT1,1.324575,0.5533020620652174,4,4,4_4
MLLT10,1.0328447916666665,0.03248225842617754,2,0,2_0
MLLT11,1.1123208333333334,0.18816817253623186,3,2,3_2
MLLT3,1.0638583333333334,0.06392793621578101,2,1,2_1
MLLT6,1.416298611111111,1.0412631075603864,4,4,4_4
MLN,1.1312916666666666,0.5089125717391305,3,3,3_3
MLNR,1.9960458333333335,2.4697158855797103,4,4,4_4
MLPH,0.8908666666666667,0.03268277347826087,0,0,0_0
MLST8,1.007225,0.07743971217391306,1,1,1_1
MLX,1.0944875,0.04267626321256039,3,1,3_1
MLXIP,1.1209552083333334,0.22252434061141302,3,3,3_3
MLXIPL,2.0066458333333332,4.113949267318841,4,4,4_4
MLYCD,1.0571604166666668,0.08355412374999999,2,2,2_2
MMAA,0.9981433333333335,0.05026328505507246,0,1,0_1
MMAB,1.0026388888888889,0.042608358341384864,1,1,1_1
MMACHC,1.0561666666666667,0.08438877449275362,2,2,2_2
MMADHC,1.0109791666666668,0.00734315471014493,1,0,1_0
MMD,1.0126958333333331,0.044756927971014486,1,1,1_1
MMD2,1.3851833333333332,0.46773162510869565,4,3,4_3
MME,1.1881895833333331,0.4373736584963769,3,3,3_3
MMEL1,1.0888666666666666,0.13601803231884055,3,2,3_2
MMGT1,1.0299666666666667,0.014377447826086959,1,0,1_0
MMP1,1.7657458333333336,3.279309888043479,4,4,4_4
MMP10,1.468625,0.5903391720289854,4,4,4_4
MMP11,1.3389354166666667,0.23667542924818843,4,3,4_3
MMP12,1.3553208333333335,1.205092510362319,4,4,4_4
MMP13,1.925666666666667,7.725347232608697,4,4,4_4
MMP14,1.0664145833333334,0.07701029898550725,2,1,2_1
MMP15,1.4734791666666667,1.2320626032608697,4,4,4_4
MMP16,1.1050491666666666,0.15504326037391306,3,2,3_2
MMP17,1.0103958333333334,0.460981400652174,1,3,1_3
MMP19,1.2451562500000002,0.27306036567028985,4,3,4_3
MMP2,1.3090430555555557,0.4270368936956521,4,3,4_3
MMP20,1.6968000000000003,2.958767317246376,4,4,4_4
MMP21,1.058025,0.14605955811594204,2,2,2_2
MMP24,1.3619666666666665,0.8530994950362318,4,4,4_4
MMP25,1.2294541666666667,0.3239807144202898,3,3,3_3
MMP25-AS1,1.4776520833333333,0.9839478653804347,4,4,4_4
MMP26,1.19335,0.9449778737681159,3,4,3_4
MMP27,1.1859458333333333,0.3421879396376812,3,3,3_3
MMP28,1.0803758333333333,0.11957921424057973,2,2,2_2
MMP3,1.4856625,2.5361984360144927,4,4,4_4
MMP7,1.0846625,0.2809327663043478,3,3,3_3
MMP8,1.5343291666666665,0.6891226965217392,4,4,4_4
MMP9,1.5908916666666668,2.595022465942029,4,4,4_4
MMRN1,1.1486833333333333,0.33307111782608695,3,3,3_3
MMRN2,1.1774861111111112,0.16995082281803545,3,2,3_2
MMS19,0.9869625000000001,0.015462221956521742,0,0,0_0
MN1,1.0563291666666668,0.22091744195652172,2,3,2_3
MNAT1,0.9682375,0.046941186014492764,0,1,0_1
MND1,1.1076291666666667,0.14135528079710144,3,2,3_2
MNDA,1.6310666666666667,1.049739757826087,4,4,4_4
MNS1,1.0121458333333333,0.16632941847826085,1,2,1_2
MNT,1.5937479166666666,0.48746498407608696,4,3,4_3
MNX1,0.9665583333333334,0.2935012810144928,0,3,0_3
MNX1-AS1,1.0690458333333333,1.573072560362319,2,4,2_4
MOAP1,0.9989791666666666,0.017663812826086953,0,0,0_0
MOB1A,1.0440020833333332,0.027498906403985512,2,0,2_0
MOB1B,1.0016999999999998,0.012327705652173915,1,0,1_0
MOB2,1.0332208333333333,0.06759109775362317,2,1,2_1
MOB3A,1.1703395833333332,0.33298043309782605,3,3,3_3
MOB3B,1.0309625,0.07901167305253623,2,1,2_1
MOB3C,1.1500791666666668,0.17741656728260866,3,2,3_2
MOB4,0.9992000000000001,0.016429990724637678,0,0,0_0
MOBP,1.3355949999999999,0.6755888600289857,4,4,4_4
MOCOS,1.0005249999999999,0.05605805807971015,0,1,0_1
MOCS1,1.07845,0.039021919500805156,2,1,2_1
MOCS2,1.0261583333333333,0.04995917576086955,1,1,1_1
MOCS3,0.9382208333333333,0.18955335239130436,0,2,0_2
MOG,1.1189489583333332,0.24022422776721017,3,3,3_3
MOGAT1,1.0577416666666666,0.29247767695652177,2,3,2_3
MOGAT2,1.23695625,0.30455861947463775,3,3,3_3
MOGAT3,1.2766250000000001,2.5782055833333333,4,4,4_4
MOGS,1.0168833333333334,0.05888139405797101,1,1,1_1
MOK,1.0191416666666668,0.10568822014492754,1,2,1_2
MON1A,1.003475,0.0328546136231884,1,0,1_0
MON1B,0.9865472222222222,0.026117251159420294,0,0,0_0
MON2,1.010873611111111,0.019686048719806754,1,0,1_0
MORC1,1.4720291666666665,1.924650981811594,4,4,4_4
MORC2,1.0185777777777778,0.022372718115942027,1,0,1_0
MORC2-AS1,0.9948958333333334,0.08068931050724638,0,1,0_1
MORC3,1.0205708333333334,0.02855177644927537,1,0,1_0
MORC4,0.9706333333333333,0.020621873188405793,0,0,0_0
MORF4L1,1.0320166666666666,0.01744766275362319,2,0,2_0
MORF4L2,1.1034819444444446,0.07118467701288247,3,1,3_1
MORF4L2-AS1,1.01363125,0.07927171096014493,1,1,1_1
MORN1,1.0221833333333332,0.08731179154891304,1,2,1_2
MORN2,1.041075,0.19887773304347828,2,3,2_3
MORN3,1.1274291666666665,0.2031931910869565,3,3,3_3
MORN4,1.0834583333333334,0.1078565895289855,3,2,3_2
MORN5,1.1055041666666667,0.5282389236956522,3,3,3_3
MOS,1.7592458333333336,4.457514904710145,4,4,4_4
MOSPD1,1.0463833333333332,0.022191991956521738,2,0,2_0
MOSPD2,1.0554791666666665,0.06833181344202897,2,1,2_1
MOSPD3,1.0617124999999998,0.09905191760869565,2,2,2_2
MOV10,0.9935770833333333,0.07934969519927536,0,1,0_1
MOV10L1,1.06915625,0.11100639204710146,2,2,2_2
MOXD1,1.0009249999999998,0.04052135405797102,0,1,0_1
MPC1,0.9971187499999999,0.021112864329710157,0,0,0_0
MPC2,1.0355145833333335,0.023762296141304352,2,0,2_0
MPDU1,1.0601666666666667,0.11999480728260872,2,2,2_2
MPDZ,1.0434875,0.04894332655797102,2,1,2_1
MPEG1,1.4483500000000002,0.9166901175724638,4,4,4_4
MPG,1.0270124999999999,0.06614895746376812,1,1,1_1
MPHOSPH10,1.0035625,0.015362380362318837,1,0,1_0
MPHOSPH6,1.0402541666666667,0.07672166329710142,2,1,2_1
MPHOSPH8,1.0464625,0.05677716379528985,2,1,2_1
MPHOSPH9,0.9874937500000001,0.03862753839673913,0,1,0_1
MPI,0.9673208333333333,0.030769347681159416,0,0,0_0
MPL,1.2089930555555555,0.5778640009420289,3,4,3_4
MPLKIP,1.0057416666666665,0.008124530000000001,1,0,1_0
MPND,0.9844041666666667,0.08255940688405798,0,2,0_2
MPO,1.1960666666666668,0.43793822757246376,3,3,3_3
MPP1,1.0567541666666667,0.06865883702898548,2,1,2_1
MPP2,1.0408125000000001,0.13588659786231885,2,2,2_2
MPP3,0.9973999999999998,0.11217619318840578,0,2,0_2
MPP4,1.1051729166666666,0.2766204147644928,3,3,3_3
MPP5,1.0233437499999998,0.023832692844202898,1,0,1_0
MPP6,1.1083333333333334,0.17153519894927535,3,2,3_2
MPP7,1.1039979166666667,0.1269663986865942,3,2,3_2
MPPE1,0.9946902777777779,0.03717385719001611,0,1,0_1
MPPED1,1.1215541666666666,0.2810427940217391,3,3,3_3
MPPED2,1.0544416666666667,0.10612634184782611,2,2,2_2
MPRIP,1.244184722222222,0.3355370901811594,4,3,4_3
MPST,0.9628916666666667,0.02022888449275362,0,0,0_0
MPV17,0.9940791666666667,0.03133591644927536,0,0,0_0
MPV17L,1.1146458333333333,0.08150834163043479,3,2,3_2
MPV17L2,1.0404791666666666,0.09733741775362317,2,2,2_2
MPZ,1.2314375,0.29320155094202904,3,3,3_3
MPZL1,0.9766506944444444,0.025596717155797092,0,0,0_0
MPZL2,0.9811930555555556,0.021913466916264085,0,0,0_0
MPZL3,1.2788055555555555,0.5920834878743962,4,4,4_4
MR1,1.077448611111111,0.1171875813285024,2,2,2_2
MRAP,1.127811111111111,0.3875270347665056,3,3,3_3
MRAP2,1.0535666666666668,0.14968554130434783,2,2,2_2
MRAS,1.0110291666666666,0.054339448152173904,1,1,1_1
MRC1,1.4381333333333333,0.35855096521739127,4,3,4_3
MRC2,1.0571083333333335,0.1690864139130435,2,2,2_2
MREG,1.0847458333333335,0.08301028811594206,3,2,3_2
MRFAP1,1.0065416666666667,0.006091947101449274,1,0,1_0
MRFAP1L1,1.0198166666666666,0.007963782318840578,1,0,1_0
MRGBP,1.0162333333333333,0.03147103173913044,1,0,1_0
MRGPRF,1.3574333333333335,0.7875328088405796,4,4,4_4
MRGPRF-AS1,1.6835624999999999,2.557766988043478,4,4,4_4
MRGPRG-AS1,1.6749166666666664,2.6730521772463764,4,4,4_4
MRGPRX1,1.0679083333333332,0.4821750384057971,2,3,2_3
MRGPRX2,2.2339875,6.5760561089130425,4,4,4_4
MRGPRX3,1.6585,3.5698600068115947,4,4,4_4
MRGPRX4,1.0729041666666668,0.41343853123188407,2,3,2_3
MRI1,1.0306645833333334,0.023768882735507244,2,0,2_0
MRLN,1.0896041666666667,0.5728077138405798,3,4,3_4
MRM1,0.9720666666666666,0.25939044246376813,0,3,0_3
MRM2,0.9866291666666666,0.017157873442028987,0,0,0_0
MRM3,1.0305375,0.013580072536231889,2,0,2_0
MRO,1.2871347222222222,0.347035822294686,4,3,4_3
MROH1,1.110278125,0.05182616905344204,3,1,3_1
MROH2A,1.6535125,1.5083027434057967,4,4,4_4
MROH2B,1.1268222222222224,0.21314343077294684,3,3,3_3
MROH6,1.1513166666666665,0.2821599465217392,3,3,3_3
MROH7,1.0854666666666668,0.0829568975362319,3,2,3_2
MROH7-TTC4,1.0093500000000002,0.010893539855072465,1,0,1_0
MROH8,1.0511687499999998,0.04067552534420289,2,1,2_1
MROH9,1.0117375,1.0087515621014493,1,4,1_4
MRPL1,1.0036291666666666,0.01841217094202898,1,0,1_0
MRPL10,0.9687,0.025546080869565214,0,0,0_0
MRPL11,0.9930541666666667,0.027753640217391302,0,0,0_0
MRPL12,1.0590875000000002,0.2088871769927536,2,3,2_3
MRPL13,1.0346333333333333,0.012648932898550725,2,0,2_0
MRPL14,1.0562208333333334,0.11418805413043476,2,2,2_2
MRPL15,0.9467916666666666,0.014783731739130434,0,0,0_0
MRPL16,1.0274833333333333,0.03078802594202898,1,0,1_0
MRPL17,1.0000791666666666,0.03655036413043477,0,1,0_1
MRPL18,1.0067208333333333,0.02528504920289855,1,0,1_0
MRPL19,0.9998999999999999,0.0050210813848631216,0,0,0_0
MRPL2,0.9691770833333333,0.06680992374999999,0,1,0_1
MRPL20,1.0136847222222223,0.08886409881642511,1,2,1_2
MRPL21,1.06775,0.15711821463768114,2,2,2_2
MRPL22,0.9907416666666666,0.010706598695652172,0,0,0_0
MRPL23,1.0792291666666667,0.11344322822463765,2,2,2_2
MRPL24,0.9794916666666666,0.04054002942028985,0,1,0_1
MRPL27,1.0777208333333332,0.07320277557971014,2,1,2_1
MRPL28,1.067325,0.06960709130434782,2,1,2_1
MRPL3,0.9904875,0.012612541376811595,0,0,0_0
MRPL30,1.0160041666666668,0.016977323747826085,1,0,1_0
MRPL32,0.9943916666666667,0.018337308550724636,0,0,0_0
MRPL33,1.0216041666666666,0.02385939992753622,1,0,1_0
MRPL34,1.0189333333333332,0.05481585565217393,1,1,1_1
MRPL35,1.0082805555555556,0.01758718246376812,1,0,1_0
MRPL36,1.01075,0.026735525362318838,1,0,1_0
MRPL37,1.0067833333333334,0.024431569999999996,1,0,1_0
MRPL38,0.9924145833333333,0.059770041938405793,0,1,0_1
MRPL39,0.9947770833333335,0.029002290489130434,0,0,0_0
MRPL4,1.0124569444444445,0.0605187155152979,1,1,1_1
MRPL40,1.0302375000000001,0.03798879833333333,2,1,2_1
MRPL41,1.0478833333333333,0.043207886040579714,2,1,2_1
MRPL42,1.044576388888889,0.018430726690821252,2,0,2_0
MRPL43,1.1316513888888888,0.05833439055555557,3,1,3_1
MRPL44,1.08736875,0.06406396925724638,3,1,3_1
MRPL45,1.0054583333333333,0.020721782173913038,1,0,1_0
MRPL46,1.0406041666666666,0.018861092826086955,2,0,2_0
MRPL47,1.01934375,0.013594748605072463,1,0,1_0
MRPL48,0.9950541666666668,0.017892140652173906,0,0,0_0
MRPL49,1.0572708333333332,0.03468840065217391,2,0,2_0
MRPL50,0.9827916666666666,0.022572313317230273,0,0,0_0
MRPL51,1.047925,0.0128134743115942,2,0,2_0
MRPL52,1.0259791666666667,0.05505124670289856,1,1,1_1
MRPL53,1.012025,0.09950913202898552,1,2,1_2
MRPL54,1.1435708333333334,0.29356493876811596,3,3,3_3
MRPL55,1.1028916666666666,0.0963495870652174,3,2,3_2
MRPL57,1.0259979166666666,0.013169791983695655,1,0,1_0
MRPL58,1.0047291666666667,0.03725598514492754,1,1,1_1
MRPL9,1.0144520833333333,0.011648808496376808,1,0,1_0
MRPS10,0.9877666666666668,0.00948125618357488,0,0,0_0
MRPS11,0.9808708333333334,0.04657208858695652,0,1,0_1
MRPS12,1.0480572916666666,0.11136488424365945,2,2,2_2
MRPS14,1.0002520833333335,0.020171804945652173,0,0,0_0
MRPS15,0.9873708333333333,0.013861245335144932,0,0,0_0
MRPS16,0.9981458333333335,0.061572064673913046,0,1,0_1
MRPS17,1.0045458333333332,0.05767245949275364,1,1,1_1
MRPS18A,1.1310291666666668,0.24166173076086955,3,3,3_3
MRPS18B,0.9817749999999998,0.02641011228260869,0,0,0_0
MRPS18C,1.0210347222222222,0.017841467962962963,1,0,1_0
MRPS2,0.9628458333333333,0.053176120507246384,0,1,0_1
MRPS21,1.0173375,0.06000131369565218,1,1,1_1
MRPS22,1.0235572916666666,0.02351431981431159,1,0,1_0
MRPS23,1.0364562499999999,0.03489019878623188,2,0,2_0
MRPS25,0.9952013888888889,0.010418842552334948,0,0,0_0
MRPS26,1.0323729166666666,0.03359516048913044,2,0,2_0
MRPS27,1.0453125,0.11650083434782607,2,2,2_2
MRPS28,0.9911166666666666,0.0508671631884058,0,1,0_1
MRPS30,1.019763888888889,0.016686236473429948,1,0,1_0
MRPS31,0.9667291666666666,0.04775723747987118,0,1,0_1
MRPS33,1.0550875000000002,0.057094064420289865,2,1,2_1
MRPS34,1.0334875,0.0332527961594203,2,0,2_0
MRPS35,1.0139583333333333,0.01596193608695652,1,0,1_0
MRPS36,1.0043749999999998,0.014774215507246379,1,0,1_0
MRPS5,1.0363947916666667,0.08181070836503623,2,2,2_2
MRPS6,1.1521166666666667,0.0674298504347826,3,1,3_1
MRPS7,1.0340666666666667,0.030388183623188403,2,0,2_0
MRPS9,0.9805833333333333,0.0236871731884058,0,0,0_0
MRRF,1.0119999999999998,0.026944644637681155,1,0,1_0
MRS2,1.1719302083333334,0.16939147576539856,3,2,3_2
MRTO4,1.0274937499999999,0.06620759730072463,1,1,1_1
MRVI1,1.1194374999999999,0.2140686773993559,3,3,3_3
MRVI1-AS1,1.1137166666666667,0.26230071173913044,3,3,3_3
MS4A1,1.5963927083333334,2.283789324388587,4,4,4_4
MS4A12,2.0204833333333334,3.851071042173913,4,4,4_4
MS4A14,1.2172166666666666,1.014556394057971,3,4,3_4
MS4A15,0.9709875,0.26695734471014493,0,3,0_3
MS4A2,1.3621791666666667,0.4625904614130434,4,3,4_3
MS4A3,1.4830416666666668,1.3811246813405795,4,4,4_4
MS4A4A,1.6606041666666667,1.3007198721175524,4,4,4_4
MS4A5,1.1688166666666666,0.9579954776811594,3,4,3_4
MS4A6A,1.2860559523809525,0.28029410226560186,4,3,4_3
MS4A6E,0.9159875,0.2718681687681159,0,3,0_3
MS4A7,1.4752152777777778,1.0463350631642514,4,4,4_4
MS4A8,1.0343041666666666,0.3107183789130435,2,3,2_3
MSANTD1,0.9567458333333333,0.2421166877536232,0,3,0_3
MSANTD2,1.0430791666666668,0.02278136413043478,2,0,2_0
MSANTD3,1.0168958333333336,0.02206356833333333,1,0,1_0
MSANTD3-TMEFF1,1.0026395833333333,0.22542452440217392,1,3,1_3
MSANTD4,1.0153777777777777,0.02577989938808373,1,0,1_0
MSC,0.9333875000000001,0.21046090326086958,0,3,0_3
MSC-AS1,1.1610333333333334,0.14705415101449273,3,2,3_2
MSH2,0.9669416666666667,0.03041912855072464,0,0,0_0
MSH3,1.2528513888888888,0.23419860657809985,4,3,4_3
MSH4,1.1513083333333334,0.7968276873913045,3,4,3_4
MSH5-SAPCD1,1.016561111111111,0.06665375859903384,1,1,1_1
MSH6,1.0042888888888888,0.07047668568438002,1,1,1_1
MSI1,1.0357166666666666,0.5326794995652174,2,3,2_3
MSI2,1.1350391666666666,0.0656056195057971,3,1,3_1
MSL1,1.0359166666666668,0.1022567177616747,2,2,2_2
MSL2,1.0010166666666667,0.010624880144927538,0,0,0_0
MSL3,1.0529694444444444,0.06901905969404186,2,1,2_1
MSLN,1.2277166666666666,0.48040501999999996,3,3,3_3
MSMB,0.9544874999999999,0.16165751865942024,0,2,0_2
MSMO1,1.0019791666666666,0.019705724710144926,1,0,1_0
MSN,1.1923708333333332,0.32123527307971017,3,3,3_3
MSR1,1.3362135416666667,0.3466588131748188,4,3,4_3
MSRA,0.9887104166666667,0.06364546657608697,0,1,0_1
MSRB1,0.9957416666666666,0.07505751405797101,0,1,0_1
MSRB2,0.967326388888889,0.03811412134460548,0,1,0_1
MSRB3,1.2357275,0.38668466560289855,3,3,3_3
MSS51,0.9812416666666667,0.0326503415942029,0,0,0_0
MST1,1.0609333333333333,0.1273378983695652,2,2,2_2
MST1R,0.9584666666666667,0.13069270521739132,0,2,0_2
MSTN,0.9777041666666667,0.10171520021739132,0,2,0_2
MSTO1,1.0243416666666667,0.042416817971014494,1,1,1_1
MSX1,1.2303395833333333,0.29081482715579715,3,3,3_3
MSX2,1.1311888888888888,0.20329628119162638,3,3,3_3
MT1E,1.2118583333333333,0.5553894609057971,3,4,3_4
MT1F,1.1509791666666667,0.333884515326087,3,3,3_3
MT1G,1.3412312499999999,0.5198172503442029,4,3,4_3
MT1H,1.1628791666666667,0.3574038299275362,3,3,3_3
MT1HL1,1.309125,1.395689500434783,4,4,4_4
MT1M,1.2866666666666666,1.179148362173913,4,4,4_4
MT1X,1.0980375,0.23207480134057967,3,3,3_3
MT2A,1.057125,0.21333174347826084,2,3,2_3
MT3,1.184116666666667,0.864204445942029,3,4,3_4
MT4,1.0000708333333332,0.30349226485507247,0,3,0_3
MTA1,1.0138854166666667,0.07552832494565218,1,1,1_1
MTA2,2.2665374999999996,5.276660516014493,4,4,4_4
MTA3,1.0463416666666667,0.04100779692028985,2,1,2_1
MTAP,1.0161770833333332,0.03217984322262479,1,0,1_0
MTBP,1.33810625,0.3612333202989131,4,3,4_3
MTCH1,1.01875,0.006902072898550722,1,0,1_0
MTCH2,1.0000958333333334,0.017313388731884066,0,0,0_0
MTCL1,1.1050833333333332,0.09144914739130434,3,2,3_2
MTCP1,1.057625,0.06268893898550724,2,1,2_1
MTDH,1.0040183333333335,0.022214831286956522,1,0,1_0
MTERF1,1.0132625,0.06113416456521738,1,1,1_1
MTERF2,1.0390249999999999,0.0323080143115942,2,0,2_0
MTERF3,1.00215,0.015350714637681163,1,0,1_0
MTERF4,1.0256885416666666,0.012916346825181162,1,0,1_0
MTF1,1.0137277777777778,0.03679682573268921,1,1,1_1
MTF2,0.9980950000000001,0.02464885964637682,0,0,0_0
MTFMT,1.0524083333333334,0.05907664260869565,2,1,2_1
MTFP1,0.9900416666666668,0.12977932362318842,0,2,0_2
MTFR1,1.0032652777777777,0.07804998274557164,1,1,1_1
MTFR1L,1.0682583333333333,0.06405530536231883,2,1,2_1
MTFR2,1.0485694444444444,0.10298977251207732,2,2,2_2
MTG1,1.0069208333333333,0.05189184369565218,1,1,1_1
MTG2,1.1665008333333333,0.08157888767826084,3,2,3_2
MTHFD1,0.9717437500000002,0.038073862989130444,0,1,0_1
MTHFD1L,1.6762312499999998,1.4859609030615941,4,4,4_4
MTHFD2,1.0628229166666667,0.10782215059782606,2,2,2_2
MTHFD2L,1.0491901041666667,0.0074743980378170274,2,0,2_0
MTHFR,1.12679,0.14941864037681155,3,2,3_2
MTHFSD,1.0873055555555557,0.09331546252415461,3,2,3_2
MTIF2,1.0213124999999998,0.019267655869565213,1,0,1_0
MTIF3,1.0026625,0.07081785786231885,1,1,1_1
MTM1,1.0096208333333332,0.02970454739130435,1,0,1_0
MTMR1,0.9614114583333334,0.02370331584692029,0,0,0_0
MTMR10,1.1531375,0.34689894931159415,3,3,3_3
MTMR11,1.0872145833333333,0.050867092844202884,3,1,3_1
MTMR12,1.0670125,0.03719259018115942,2,1,2_1
MTMR14,0.9676020833333333,0.09998077922101449,0,2,0_2
MTMR2,1.0107416666666666,0.014745823752012882,1,0,1_0
MTMR3,0.9895864583333335,0.03379962673460146,0,0,0_0
MTMR4,1.0186,0.006128271811594203,1,0,1_0
MTMR6,1.0051833333333333,0.0510322197463768,1,1,1_1
MTMR7,1.0672527777777778,0.08719598219001613,2,2,2_2
MTMR9,1.0069319444444444,0.020957139524959745,1,0,1_0
MTNR1A,1.2829458333333335,0.813658585289855,4,4,4_4
MTNR1B,1.0011791666666667,0.5509497583333333,0,4,0_4
MTO1,0.9936191666666666,0.009831961226086958,0,0,0_0
MTOR,1.0093520833333331,0.09269090672101449,1,2,1_2
MTPAP,0.9784604166666666,0.02780222448369564,0,0,0_0
MTPN,1.0673791666666668,0.0857507454347826,2,2,2_2
MTR,1.0011145833333333,0.02732526889492753,0,0,0_0
MTRF1,1.0028291666666667,0.01564146915458937,1,0,1_0
MTRF1L,1.0264749999999998,0.043103507454710144,1,1,1_1
MTRR,1.0915479166666666,0.1256438876630435,3,2,3_2
MTSS1,1.0454641666666666,0.15622294871014494,2,2,2_2
MTSS1L,0.9449611111111111,0.0566565870048309,0,1,0_1
MTTP,1.1767750000000001,0.7782850494202898,3,4,3_4
MTURN,0.9838833333333333,0.05935133260869565,0,1,0_1
MTUS1,1.0184635416666667,0.029397674044384047,1,0,1_0
MTUS2,1.132565625,0.2229152497871377,3,3,3_3
MTUS2-AS1,1.0725541666666667,0.1742875710869565,2,2,2_2
MTX1,0.9981875000000001,0.019861901376811594,0,0,0_0
MTX2,0.9875041666666666,0.011902521376811592,0,0,0_0
MTX3,0.9971541666666667,0.060103726268115935,0,1,0_1
MUC1,0.9657708333333334,0.0985175554830918,0,2,0_2
MUC12,1.438583333333333,0.6371603148188406,4,4,4_4
MUC13,1.2649416666666666,0.8952442926449276,4,4,4_4
MUC15,1.0119270833333334,0.09203005048913043,1,2,1_2
MUC16,1.0065375,0.24173540702898547,1,3,1_3
MUC17,1.1681958333333333,0.3035730183695652,3,3,3_3
MUC19,1.4680499999999999,2.31258464710145,4,4,4_4
MUC2,1.657,2.4322704801449273,4,4,4_4
MUC20,1.0642229166666668,0.17172049906702896,2,2,2_2
MUC3A,1.0917333333333332,0.30769025434782604,3,3,3_3
MUC4,1.1458694444444444,0.25100694928743966,3,3,3_3
MUC5AC,0.976271875,0.37119214995923916,0,3,0_3
MUC5B,0.9718291666666667,0.17448689989130434,0,2,0_2
MUC6,1.2570083333333333,0.7413673722101449,4,4,4_4
MUC7,2.3712874999999998,12.797946757789854,4,4,4_4
MUCL1,1.7270583333333331,2.43501463,4,4,4_4
MUL1,1.0166208333333333,0.0583016634057971,1,1,1_1
MUM1,1.0310133333333333,0.028774267130434777,2,0,2_0
MUM1L1,1.2070333333333334,1.2280454718840579,3,4,3_4
MUS81,1.0427375,0.040303470942028984,2,1,2_1
MUSK,1.5617430555555556,0.7539512582045088,4,4,4_4
MUT,0.9765229166666666,0.02049551364130435,0,0,0_0
MUTYH,0.9988375,0.050106405144927535,0,1,0_1
MVB12A,0.9477166666666665,0.03721144797101449,0,1,0_1
MVB12B,1.1714633333333335,0.17162191871304353,3,2,3_2
MVD,0.9945333333333334,0.24975536130434783,0,3,0_3
MVK,1.0157427083333335,0.12526762555706522,1,2,1_2
MVP,1.0600333333333334,0.09331719289855073,2,2,2_2
MX1,1.1649,0.7734832140579708,3,4,3_4
MX2,1.3980166666666667,1.1833509789855072,4,4,4_4
MXD1,1.0797333333333332,0.09477311302737519,2,2,2_2
MXD3,0.9945916666666665,0.03769298289855071,0,1,0_1
MXI1,0.9491541666666667,0.01627649760869565,0,0,0_0
MXRA5,1.1401333333333332,0.24257110971014492,3,3,3_3
MXRA7,0.9701652777777777,0.059940570748792256,0,1,0_1
MXRA8,1.42104375,0.7631989795108696,4,4,4_4
MYADM,1.0468875000000002,0.10631599532608697,2,2,2_2
MYADML2,2.1546541666666665,3.5260105022463764,4,4,4_4
MYB,0.8668874999999999,0.078664101557971,0,1,0_1
MYBBP1A,0.9892333333333333,0.04524207402173913,0,1,0_1
MYBL1,1.2389013888888887,0.2204887022302738,4,3,4_3
MYBL2,1.0590875,0.39515104369565224,2,3,2_3
MYBPC1,1.2696208333333334,0.7056130118115943,4,4,4_4
MYBPC2,1.001775,0.3368638226086957,1,3,1_3
MYBPC3,1.0585708333333335,0.07500845630434783,2,1,2_1
MYBPH,1.0679916666666667,0.6363131234782609,2,4,2_4
MYC,1.1085416666666668,0.2514846473913044,3,3,3_3
MYCBP2,1.0018166666666666,0.01782765,1,0,1_0
MYCBPAP,1.1715812500000002,0.45538871306159423,3,3,3_3
MYCL,1.5370333333333335,0.7543473355072463,4,4,4_4
MYCN,1.85562625,0.7438468226760869,4,4,4_4
MYCNOS,1.9326187500000003,0.8960122646557973,4,4,4_4
MYCNUT,1.1097583333333334,0.3931758708695651,3,3,3_3
MYCT1,1.0172354166666666,0.06751216001811597,1,1,1_1
MYD88,1.0568666666666666,0.0763245484057971,2,1,2_1
MYDGF,1.0504,0.08622471532608697,2,2,2_2
MYEF2,1.0401368055555555,0.037654993625201284,2,1,2_1
MYEOV,1.0952333333333335,0.1242698163768116,3,2,3_2
MYF5,0.9948666666666667,0.5329710534782608,0,3,0_3
MYF6,2.0582625,5.4193406232608705,4,4,4_4
MYH1,1.8079541666666668,3.574334667608696,4,4,4_4
MYH10,1.0345875,0.051006591920289855,2,1,2_1
MYH11,1.148635119047619,0.22694482580153805,3,3,3_3
MYH13,1.9789666666666665,2.9160959175362318,4,4,4_4
MYH14,1.0089590277777778,0.04783570356884059,1,1,1_1
MYH15,0.9735375000000001,0.40887521282608696,0,3,0_3
MYH2,1.9740541666666667,5.026329199347827,4,4,4_4
MYH3,1.0493875,0.12586616514492754,2,2,2_2
MYH4,0.9555333333333333,1.5043709308695654,0,4,0_4
MYH6,1.6485666666666667,1.323320714057971,4,4,4_4
MYH7,1.00094375,0.14380215990942033,0,2,0_2
MYH7B,1.4740916666666666,0.8521011483333334,4,4,4_4
MYH8,1.3498541666666668,0.9885402175000001,4,4,4_4
MYH9,0.9966124999999999,0.02088961789855073,0,0,0_0
MYL1,1.6346083333333332,3.8313113439130433,4,4,4_4
MYL10,1.1158854166666667,0.1960865160688406,3,3,3_3
MYL12A,1.04498125,0.0839396143387681,2,2,2_2
MYL12B,1.0241291666666668,0.0135365559057971,1,0,1_0
MYL2,1.8745791666666667,5.24771913094203,4,4,4_4
MYL3,1.0183916666666668,0.16600735086956522,1,2,1_2
MYL4,1.1218072916666666,0.252612045638587,3,3,3_3
MYL5,1.0874791666666666,0.2634808587681159,3,3,3_3
MYL6,1.0074854166666667,0.0533132867210145,1,1,1_1
MYL6B,1.1044625000000001,0.1471787657246377,3,2,3_2
MYL7,1.1334541666666667,0.5429623316666665,3,4,3_4
MYL9,1.18991875,0.5971053774094202,3,4,3_4
MYLIP,1.0753569444444444,0.08064148855475041,2,1,2_1
MYLK,1.1789175,0.18152446476811593,3,2,3_2
MYLK-AS1,1.1211333333333333,0.27453901057971014,3,3,3_3
MYLK2,1.2389249999999998,0.9351235391304347,4,4,4_4
MYLK3,1.23984,0.23918549618550725,4,3,4_3
MYLK4,1.1936097222222222,0.3242571324557165,3,3,3_3
MYLPF,1.27995,0.930091758405797,4,4,4_4
MYNN,1.0329465277777778,0.027159320090579708,2,0,2_0
MYO10,1.1478941666666667,0.11728510807826083,3,2,3_2
MYO15A,1.0945208333333334,0.15353605760869568,3,2,3_2
MYO15B,1.0867166666666668,0.10835568302737517,3,2,3_2
MYO16,1.0821166666666666,0.12498169710144927,3,2,3_2
MYO18A,0.9826499999999999,0.033197512898550725,0,0,0_0
MYO18B,1.2810541666666666,2.3480745758695654,4,4,4_4
MYO19,1.21093125,0.2582548136322464,3,3,3_3
MYO1A,1.00385,0.48990085086956525,1,3,1_3
MYO1B,0.9952805555555555,0.09811805048309181,0,2,0_2
MYO1C,1.0229777777777778,0.07925735017713366,1,1,1_1
MYO1D,0.9378770833333334,0.08289574175724637,0,2,0_2
MYO1E,1.0988708333333335,0.11973497021739128,3,2,3_2
MYO1F,1.2256541666666667,0.3466789329710145,3,3,3_3
MYO1G,1.8272624999999998,1.6422269056159422,4,4,4_4
MYO1H,1.0809583333333332,0.29864552608695655,3,3,3_3
MYO3A,1.4768138888888889,0.8575572960708534,4,4,4_4
MYO3B,1.138913888888889,0.29426972954911434,3,3,3_3
MYO5A,1.0959625,0.2137565222554348,3,3,3_3
MYO5B,1.0743166666666666,0.2925714298067633,2,3,2_3
MYO5C,1.0305875,0.03114896963768116,2,0,2_0
MYO6,1.0326888888888888,0.018917716409017717,2,0,2_0
MYO7A,1.0961864583333334,0.12176947481431159,3,2,3_2
MYO7B,1.6412611111111108,0.7497334888405796,4,4,4_4
MYO9A,1.0128833333333331,0.0486892615942029,1,1,1_1
MYO9B,1.001238888888889,0.06185710566827697,1,1,1_1
MYOC,1.1650041666666666,0.6265387999275364,3,4,3_4
MYOCD,1.23034375,0.6243097942572463,3,4,3_4
MYOD1,1.0985500000000001,0.8738051737681161,3,4,3_4
MYOF,1.0185819444444444,0.04732165355072464,1,1,1_1
MYOG,1.5848458333333335,2.9607956863043476,4,4,4_4
MYOM1,1.1765708333333333,0.3716311121014493,3,3,3_3
MYOM2,1.0999999999999999,0.15332739927536232,3,2,3_2
MYOM3,1.1571270833333334,0.08709634878623188,3,2,3_2
MYOT,1.0829416666666667,0.16457475840579713,3,2,3_2
MYOZ1,1.0215833333333333,0.39820576086956516,1,3,1_3
MYOZ2,1.2048472222222222,0.2557886892914654,3,3,3_3
MYOZ3,1.0163425,0.09621125085507246,1,2,1_2
MYPN,1.6817583333333335,3.2177804731884057,4,4,4_4
MYPOP,1.0843375,0.12850211572463768,3,2,3_2
MYRF,0.9916458333333334,0.058482695450885684,0,1,0_1
MYRFL,1.6829958333333332,3.078770948043478,4,4,4_4
MYRIP,0.9952125,0.0417109472826087,0,1,0_1
MYSM1,1.0154430555555556,0.06205323591787439,1,1,1_1
MYT1,1.1704902777777777,0.25629462226247984,3,3,3_3
MYT1L,1.1401864583333332,0.16554081492300726,3,2,3_2
MYZAP,1.0591479166666666,0.07061092023550723,2,1,2_1
MZB1,1.1419104166666665,0.3632827629528986,3,3,3_3
MZF1,0.9952614583333332,0.04679706461503623,0,1,0_1
MZF1-AS1,1.0234,0.27190796072463774,1,3,1_3
MZT1,1.0413416666666666,0.03188200213768115,2,0,2_0
MZT2A,1.0810666666666666,0.09144045956521739,3,2,3_2
MZT2B,0.9703708333333333,0.04082509659420289,0,1,0_1
N4BP1,1.001153125,0.014392169288949277,0,0,0_0
N4BP2,1.0642208333333334,0.08252130739130435,2,2,2_2
N4BP2L1,1.0307166666666667,0.05024306424139493,2,1,2_1
N4BP2L2,1.0086107142857144,0.012837160085773435,1,0,1_0
N4BP3,0.9502458333333333,0.087661519057971,0,2,0_2
N6AMT1,1.00125,0.034535501046698856,1,0,1_0
NAA10,1.0395916666666667,0.09527684362318842,2,2,2_2
NAA11,1.2058000000000002,1.8969234311594203,3,4,3_4
NAA15,1.133301388888889,0.12148129617149758,3,2,3_2
NAA16,1.0329027777777777,0.0432451739774557,2,1,2_1
NAA20,0.9921208333333332,0.01956196876811594,0,0,0_0
NAA25,1.0452513888888888,0.029932358252818033,2,0,2_0
NAA30,0.9852104166666665,0.030872774637681157,0,0,0_0
NAA35,1.0446354166666667,0.017390450489130432,2,0,2_0
NAA38,0.9501083333333334,0.061809189999999986,0,1,0_1
NAA40,0.9740229166666667,0.05006211751811595,0,1,0_1
NAA50,1.0151263888888888,0.012311350845410629,1,0,1_0
NAA60,0.9648770833333334,0.029335627590579713,0,0,0_0
NAAA,1.0058739583333334,0.013849858899456524,1,0,1_0
NAALAD2,1.0540041666666669,0.07739290901739129,2,1,2_1
NAALADL1,1.3997770833333334,0.6658412977355073,4,4,4_4
NAALADL2,0.9792333333333332,0.08182641594202898,0,2,0_2
NAB1,1.0906645833333333,0.08401881894021736,3,2,3_2
NAB2,1.69995,0.8526614603985504,4,4,4_4
NABP1,1.1553013888888888,0.09196542495169084,3,2,3_2
NABP2,1.0392374999999998,0.19316038007246375,2,3,2_3
NACA,0.9995972222222221,0.007218876570048308,0,0,0_0
NACA2,0.9570083333333333,0.1646528995652174,0,2,0_2
NACAD,1.0377625000000001,0.21633891456521734,2,3,2_3
NACC1,1.0417229166666668,0.10754603519927537,2,2,2_2
NACC2,1.27765625,0.41842638875000004,4,3,4_3
NADK,0.96853125,0.04669636921698871,0,1,0_1
NADK2,0.9989888888888888,0.011222979935587763,0,0,0_0
NADK2-AS1,0.9715916666666665,0.1601708224637681,0,2,0_2
NADSYN1,1.1319145833333335,0.15046512341485507,3,2,3_2
NAE1,1.0095875,0.014669532536231883,1,0,1_0
NAF1,1.0087458333333335,0.03915083268115942,1,1,1_1
NAGA,1.0236180555555554,0.027468173051529782,1,0,1_0
NAGK,1.1321833333333333,0.09785956391304347,3,2,3_2
NAGLU,1.1210291666666665,0.3889781864855072,3,3,3_3
NAGPA,1.078425,0.09090883695652174,2,2,2_2
NAGPA-AS1,1.0053416666666666,0.04496151869565219,1,1,1_1
NAGS,1.042625,0.10224719289855075,2,2,2_2
NAIF1,1.4784375,1.8954704844202903,4,4,4_4
NAIP,1.0133652777777777,0.10428109330917874,1,2,1_2
NALCN,1.1130444444444445,0.5493476025925925,3,4,3_4
NALCN-AS1,1.0272166666666667,0.34457122478260865,1,3,1_3
NALT1,0.9850875,0.10365968702898551,0,2,0_2
NAMPT,1.184578125,0.2772520396693841,3,3,3_3
NANOG,1.5948062499999998,0.7435614631702897,4,4,4_4
NANOS1,1.0878104166666667,0.1751136104166667,3,2,3_2
NANOS2,2.2123416666666667,5.706609152608697,4,4,4_4
NANOS3,1.3744583333333333,1.0366124010144928,4,4,4_4
NANP,1.0370416666666669,0.04298896478260869,2,1,2_1
NANS,0.98699375,0.04086549856884058,0,1,0_1
NAP1L1,1.0140654761904762,0.004487011567583551,1,0,1_0
NAP1L2,0.9862125,0.03275400413043479,0,0,0_0
NAP1L3,1.061075,0.1138964795652174,2,2,2_2
NAP1L4,1.1292791666666666,0.17937134785217396,3,2,3_2
NAP1L5,1.08001875,0.05953259219202898,2,1,2_1
NAPA,1.0565583333333335,0.11152230619565218,2,2,2_2
NAPA-AS1,0.9987666666666667,0.08720211155797102,0,2,0_2
NAPB,1.3617645833333334,0.6119286113586957,4,4,4_4
NAPEPLD,0.9853933333333332,0.01694279430724638,0,0,0_0
NAPG,1.0147145833333333,0.0342911678442029,1,0,1_0
NAPRT,0.9065104166666668,0.36774485657608696,0,3,0_3
NAPSA,1.0695500000000002,0.5594715901449276,2,4,2_4
NARF,1.0708958333333334,0.03463429786231884,2,0,2_0
NARFL,1.0522625,0.08284968369565215,2,2,2_2
NARS,1.0061916666666668,0.006994381884057968,1,0,1_0
NARS2,1.0186166666666667,0.012457620724637684,1,0,1_0
NASP,0.9884111111111111,0.034962456763285014,0,0,0_0
NAT1,0.9913916666666666,0.09479087086956521,0,2,0_2
NAT10,0.9917791666666668,0.020829265,0,0,0_0
NAT14,1.0991666666666666,0.34349097173913046,3,3,3_3
NAT16,1.34395625,0.8128771636413042,4,4,4_4
NAT2,2.2269416666666664,4.073760048550725,4,4,4_4
NAT8L,1.0209062500000001,0.23885372563405796,1,3,1_3
NAT9,1.0696333333333332,0.057681262463768125,2,1,2_1
NATD1,0.9719708333333332,0.05797135753623187,0,1,0_1
NAV1,1.3587427083333334,0.32707540277853264,4,3,4_3
NAV2,1.2315833333333333,0.1595066367753623,3,2,3_2
NAV2-AS2,1.0379375,1.4658803899275366,2,4,2_4
NAV2-AS4,1.465225,2.1042467313043476,4,4,4_4
NAV2-AS5,1.4422833333333334,1.4964632589855074,4,4,4_4
NAV3,1.0454683333333332,0.1866671243478261,2,2,2_2
NAXD,1.0317708333333333,0.02655129586956521,2,0,2_0
NAXE,1.0482041666666666,0.07311481572463768,2,1,2_1
NBAS,0.9565416666666667,0.049015634814814815,0,1,0_1
NBAT1,1.0287166666666667,0.4252837894202898,1,3,1_3
NBEA,0.9897666666666666,0.032246577971014496,0,0,0_0
NBEAL1,1.0144097222222221,0.01407402049114332,1,0,1_0
NBEAL2,1.1121562500000002,0.32610724009057973,3,3,3_3
NBL1,1.6254958333333331,1.6962427797826087,4,4,4_4
NBN,1.0202216666666668,0.013262799426086953,1,0,1_0
NBPF1,1.01394375,0.04344299353260868,1,1,1_1
NBPF10,0.9734166666666667,0.014258121014492758,0,0,0_0
NBPF20,1.0501395833333333,0.02437557991847826,2,0,2_0
NBPF26,1.0260354166666665,0.016285655597826087,1,0,1_0
NBPF3,1.1281979166666667,0.1600393790036232,3,2,3_2
NBPF4,0.9623208333333334,0.3357555689130434,0,3,0_3
NBR1,0.9694958333333332,0.01083002241847826,0,0,0_0
NCALD,1.0968833333333334,0.4263665730797101,3,3,3_3
NCAM1,1.3672982142857144,0.4187192553578824,4,3,4_3
NCAM2,1.2303847222222222,0.35075941644927544,3,3,3_3
NCAN,0.9829333333333334,0.35095123623188407,0,3,0_3
NCAPD2,1.1408291666666666,0.16393275528985504,3,2,3_2
NCAPD3,0.9698333333333332,0.03564929376811593,0,0,0_0
NCAPG,1.29266875,0.45019256860507245,4,3,4_3
NCAPG2,1.0170958333333333,0.05268359717391304,1,1,1_1
NCAPH,1.2003041666666665,0.3173795302173913,3,3,3_3
NCAPH2,1.2215850000000001,0.18639243076521736,3,2,3_2
NCBP1,0.9780729166666666,0.023384149402173912,0,0,0_0
NCBP2,1.0021812499999998,0.01938666164855072,1,0,1_0
NCBP2-AS2,1.0806541666666667,0.12499502108695652,2,2,2_2
NCBP3,1.0139441666666666,0.015019209979710131,1,0,1_0
NCDN,1.6060902777777777,0.8115718007004832,4,4,4_4
NCEH1,1.0262958333333334,0.03947184442028985,1,1,1_1
NCF1,1.1975291666666665,0.21989218644927533,3,3,3_3
NCF2,1.568525,0.5709093715942029,4,4,4_4
NCF4,1.3877916666666668,0.43528429054347834,4,3,4_3
NCK1,1.0486510416666668,0.050914456942934776,2,1,2_1
NCK2,1.0232208333333335,0.02283206036231884,1,0,1_0
NCKAP1,1.0034479166666666,0.014405678749999994,1,0,1_0
NCKAP1L,1.217375,0.4203780066505636,3,3,3_3
NCKAP5,1.0497500000000002,0.12988955811594202,2,2,2_2
NCKAP5L,1.5222291666666667,1.186326914057971,4,4,4_4
NCKIPSD,1.101026388888889,0.21468405979871177,3,3,3_3
NCL,0.9813354166666667,0.05815655954710144,0,1,0_1
NCLN,1.1592041666666668,0.33103126686795487,3,3,3_3
NCOA1,1.0102729166666666,0.011167314574275363,1,0,1_0
NCOA2,1.013496875,0.030302154651268114,1,0,1_0
NCOA3,0.9992895833333333,0.047330066201690835,0,1,0_1
NCOA4,0.9947041666666667,0.014169860362318838,0,0,0_0
NCOA5,1.0211125,0.04444513663043477,1,1,1_1
NCOA6,1.0209770833333334,0.06728426135869565,1,1,1_1
NCOA7,1.0328319444444445,0.0933761183011272,2,2,2_2
NCOR1,1.0005783333333333,0.011394621849275359,0,0,0_0
NCOR2,1.0702958333333334,0.11816561164927537,2,2,2_2
NCR1,1.5977402777777778,0.7620025209098229,4,4,4_4
NCR2,1.18166875,0.2679911351177536,3,3,3_3
NCR3,2.9733722222222223,7.552855258792271,4,4,4_4
NCR3LG1,1.114425,0.13140190942028984,3,2,3_2
NCS1,0.9847958333333334,0.1339520754927536,0,2,0_2
NCSTN,1.3267499999999999,0.5868014207246377,4,4,4_4
NDC1,1.0180083333333334,0.03502267619565218,1,0,1_0
NDC80,1.2142666666666668,0.3023339855072464,3,3,3_3
NDE1,1.095855,0.1120319583594203,3,2,3_2
NDEL1,1.0493958333333333,0.08933141130434782,2,2,2_2
NDFIP1,1.0038333333333334,0.02725775247987118,1,0,1_0
NDFIP2,0.9908489583333333,0.0423664857201087,0,1,0_1
NDN,1.1315875,0.09216797717391303,3,2,3_2
NDNF,0.9940875,0.11408432601449275,0,2,0_2
NDOR1,1.2022635416666667,0.25106793903532615,3,3,3_3
NDP,1.7166291666666664,3.0217040038405796,4,4,4_4
NDRG1,1.04435,0.03993353318840579,2,1,2_1
NDRG2,1.2214875,0.5351956853220612,3,4,3_4
NDRG3,1.0047930555555558,0.046336646127214186,1,1,1_1
NDRG4,1.0996083333333333,0.17293234695652174,3,2,3_2
NDST1,1.0924125,0.08510427694847021,3,2,3_2
NDST2,1.0101854166666666,0.07406855998188405,1,1,1_1
NDST3,1.5045541666666669,1.922242213115942,4,4,4_4
NDST4,2.0703229166666666,1.5360127266123187,4,4,4_4
NDUFA1,0.9778666666666668,0.0361354447826087,0,0,0_0
NDUFA10,0.9604241666666667,0.038149328594202905,0,1,0_1
NDUFA11,1.089175,0.12457962552334942,3,2,3_2
NDUFA12,0.9960458333333334,0.01705553557971014,0,0,0_0
NDUFA13,1.178625,0.28607029260869565,3,3,3_3
NDUFA2,1.0577291666666666,0.07712978598228663,2,1,2_1
NDUFA3,0.99955,0.06350457811594203,0,1,0_1
NDUFA4,1.0296208333333332,0.023421526739130435,1,0,1_0
NDUFA4L2,1.2205583333333334,0.23894240594202892,3,3,3_3
NDUFA5,1.0162354166666667,0.06045132947463768,1,1,1_1
NDUFA6,0.9831375000000001,0.0245432222826087,0,0,0_0
NDUFA7,1.0104312500000001,0.04382066903985507,1,1,1_1
NDUFA8,1.0044208333333333,0.037236511086956525,1,1,1_1
NDUFA9,0.9970833333333333,0.017504520434782612,0,0,0_0
NDUFAB1,0.9848750000000001,0.008807473913043479,0,0,0_0
NDUFAF1,1.0338666666666665,0.02344861420289855,2,0,2_0
NDUFAF2,1.0067666666666668,0.02470376130434783,1,0,1_0
NDUFAF3,1.0365458333333333,0.06490105557971015,2,1,2_1
NDUFAF4,1.0260770833333333,0.028983977952898553,1,0,1_0
NDUFAF5,1.0616777777777777,0.07641419798711753,2,1,2_1
NDUFAF7,1.0027416666666666,0.027384729549114327,1,0,1_0
NDUFB1,1.0088979166666667,0.06986620682971016,1,1,1_1
NDUFB10,1.0386666666666666,0.042398987536231884,2,1,2_1
NDUFB11,1.0140708333333333,0.06106903644927537,1,1,1_1
NDUFB2,1.0293374999999998,0.021170585611916266,1,0,1_0
NDUFB2-AS1,0.9686958333333333,0.07072885514492754,0,1,0_1
NDUFB3,1.0317791666666667,0.022219725579710144,2,0,2_0
NDUFB4,1.0074937499999999,0.016414131576086958,1,0,1_0
NDUFB5,0.9708875,0.011637624420289852,0,0,0_0
NDUFB6,1.03399375,0.023972662880434783,2,0,2_0
NDUFB7,1.0401479166666665,0.10085942135869565,2,2,2_2
NDUFB8,0.9945388888888888,0.017227386360708526,0,0,0_0
NDUFB9,1.0115291666666666,0.01302655297101449,1,0,1_0
NDUFC1,0.9850708333333333,0.040289155253623185,0,1,0_1
NDUFC2-KCTD14,0.9756708333333334,0.04423831466485508,0,1,0_1
NDUFS1,1.0334841666666665,0.05167338450724635,2,1,2_1
NDUFS2,0.9690083333333335,0.034917537536231884,0,0,0_0
NDUFS3,1.0236458333333334,0.02205657065217392,1,0,1_0
NDUFS4,0.9920041666666667,0.06613621536231884,0,1,0_1
NDUFS6,1.1300041666666667,0.09736812746376813,3,2,3_2
NDUFS7,1.0755854166666667,0.07671697367753623,2,1,2_1
NDUFV1,1.4367041666666667,0.660116484673913,4,4,4_4
NDUFV2,0.9886833333333334,0.007498493188405795,0,0,0_0
NDUFV2-AS1,0.9531875,0.13309652358695653,0,2,0_2
NDUFV3,1.0187083333333333,0.024274123876811594,1,0,1_0
NEB,1.0507354166666667,0.12034016940217392,2,2,2_2
NEBL,1.0219125,0.044566855954106276,1,1,1_1
NEBL-AS1,0.984375,0.1784629711594203,0,2,0_2
NECAB1,1.4661041666666665,1.8745684164492753,4,4,4_4
NECAB2,1.0355458333333334,0.47297890804347825,2,3,2_3
NECAB3,0.9917124999999999,0.0686394340942029,0,1,0_1
NECAP1,1.0169583333333334,0.015423344782608693,1,0,1_0
NECAP2,1.1180229166666666,0.06608268385869565,3,1,3_1
NECTIN1,1.6187020833333332,0.5761584512228259,4,4,4_4
NECTIN2,1.05666875,0.09033622678442027,2,2,2_2
NECTIN3,1.0432041666666667,0.03998254920289855,2,1,2_1
NECTIN4,1.0106458333333335,0.11433782268115941,1,2,1_2
NEDD1,1.000475,0.03515765515297907,0,0,0_0
NEDD4,0.9854208333333334,0.048765362681159406,0,1,0_1
NEDD4L,1.0990895833333334,0.06016232518719806,3,1,3_1
NEDD8,1.0378958333333335,0.09727715123188407,2,2,2_2
NEDD8-MDP1,0.9899062500000001,0.0420880191847826,0,1,0_1
NEDD9,1.1401875,0.16066834047246373,3,2,3_2
NEFH,1.0332145833333335,0.12927169911231884,2,2,2_2
NEFL,1.1492930555555556,0.24921997541867955,3,3,3_3
NEFM,1.3043791666666666,0.8307123957246375,4,4,4_4
NEGR1,1.203159375,0.6198404888722826,3,4,3_4
NEIL2,1.0508791666666666,0.02425912210144927,2,0,2_0
NEIL3,1.1604916666666667,0.4574275726086956,3,3,3_3
NEK1,1.023265,0.02848967345507246,1,0,1_0
NEK10,1.0112750000000001,0.3163503755072464,1,3,1_3
NEK11,1.0324166666666665,0.2213026650724638,2,3,2_3
NEK2,1.3163395833333333,0.8231578595108696,4,4,4_4
NEK3,1.0051083333333333,0.03900249851449276,1,1,1_1
NEK4,1.0647104166666665,0.0596113935326087,2,1,2_1
NEK5,0.9545895833333334,0.16281924690217392,0,2,0_2
NEK6,1.0482283333333333,0.057963710260869564,2,1,2_1
NEK7,0.9796874999999999,0.02164759717391304,0,0,0_0
NEK8,0.9888833333333334,0.06359250873188405,0,1,0_1
NEK9,1.0357347222222222,0.15488155620772948,2,2,2_2
NELFB,0.9900416666666666,0.037924705362318845,0,1,0_1
NELFCD,0.9984750000000001,0.016620142201086957,0,0,0_0
NELL1,1.1695666666666666,0.23180748891304345,3,3,3_3
NELL2,1.1454291666666667,0.23316283615942024,3,3,3_3
NEMF,1.0067645833333334,0.006580833596014495,1,0,1_0
NEMP1,0.9750958333333334,0.046597447934782606,0,1,0_1
NEMP2,1.0312625000000002,0.039269275000000006,2,1,2_1
NENF,1.000045138888889,0.03224806213969404,0,0,0_0
NEO1,1.0691208333333333,0.09419109446859902,2,2,2_2
NEPRO,1.0175395833333334,0.02707936661231884,1,0,1_0
NES,1.1352208333333333,0.10827186119565217,3,2,3_2
NET1,0.9974125000000001,0.01724724032608696,0,0,0_0
NETO1,1.3114354166666666,0.45848944816123177,4,3,4_3
NETO2,1.0825541666666667,0.10712912721014493,3,2,3_2
NEU1,0.9821916666666666,0.05269381840579711,0,1,0_1
NEU2,2.0166833333333334,3.6712325456521735,4,4,4_4
NEU3,1.3637895833333333,0.34714459854166657,4,3,4_3
NEU4,0.9559375000000001,0.3020704681884058,0,3,0_3
NEURL1,1.1131604166666664,0.2598425733514492,3,3,3_3
NEURL1B,1.3261874999999999,0.29671971471014497,4,3,4_3
NEURL2,1.2881374999999997,0.9808602654347824,4,4,4_4
NEURL3,1.0381791666666667,0.12000021065217392,2,2,2_2
NEURL4,0.9847000000000001,0.04082143260869565,0,1,0_1
NEUROD1,1.39788125,1.5826534408876811,4,4,4_4
NEUROD2,1.4617229166666668,1.101153537771739,4,4,4_4
NEUROD4,1.5587291666666667,3.8336168792028986,4,4,4_4
NEUROD6,0.5814875,0.15298840485507248,0,2,0_2
NEUROG1,1.0668,0.6111632728985508,2,4,2_4
NEUROG2,0.9636291666666666,0.30294102007246376,0,3,0_3
NEUROG3,1.0106374999999999,0.30042022094202897,1,3,1_3
NEXN,1.2380083333333334,0.47934993068840587,3,3,3_3
NEXN-AS1,1.1421458333333334,0.28897041702898546,3,3,3_3
NF1,1.1442916666666667,0.3901491708695652,3,3,3_3
NF2,1.1209739583333334,0.09166539335824275,3,2,3_2
NFAM1,1.2932083333333333,0.3446836546739131,4,3,4_3
NFASC,1.57611875,0.7794486036865942,4,4,4_4
NFAT5,1.2590847222222223,0.23273659599838967,4,3,4_3
NFATC1,1.2096283333333333,0.08907890015652174,3,2,3_2
NFATC2,1.0507927083333335,0.08037168379076087,2,1,2_1
NFATC2IP,1.0348256944444445,0.029020047312801923,2,0,2_0
NFATC3,1.065809722222222,0.04089837118760065,2,1,2_1
NFATC4,1.1304444444444444,0.2720762616747182,3,3,3_3
NFE2,1.3324125,1.2884591586231884,4,4,4_4
NFE2L1,1.0463236111111112,0.03240071358293075,2,0,2_0
NFE2L2,0.99156875,0.03720076697463768,0,1,0_1
NFE2L3,1.0462854166666666,0.059162582481884066,2,1,2_1
NFE4,0.8588291666666666,0.2597287471739131,0,3,0_3
NFIA,1.0534267857142856,0.023317413870156758,2,0,2_0
NFIA-AS2,1.533363888888889,0.8113376304830918,4,4,4_4
NFIB,1.0668638888888888,0.04215201165503668,2,1,2_1
NFIC,1.0521833333333335,0.0373746704076087,2,1,2_1
NFIL3,1.1883541666666668,0.33590225224637676,3,3,3_3
NFIX,1.1279843749999998,0.08138146075634058,3,2,3_2
NFKB1,1.0180333333333333,0.01534562507246377,1,0,1_0
NFKB2,0.9931194444444444,0.046010565716586155,0,1,0_1
NFKBIA,1.0908520833333333,0.19217379737318838,3,3,3_3
NFKBIB,0.9878222222222223,0.03382801785829308,0,0,0_0
NFKBID,1.4287486111111114,0.3112772794444445,4,3,4_3
NFKBIE,1.0899958333333333,0.1190443393478261,3,2,3_2
NFKBIL1,1.6733375,2.4986686522463772,4,4,4_4
NFKBIZ,1.1498229166666667,0.20452546451086956,3,3,3_3
NFRKB,1.0269916666666665,0.05335183076992754,1,1,1_1
NFS1,1.4853458333333334,0.6838532581521739,4,4,4_4
NFU1,0.992725,0.016162765652173915,0,0,0_0
NFX1,1.0108983333333335,0.024450819089855073,1,0,1_0
NFXL1,0.9506416666666667,0.03231114275362319,0,0,0_0
NFYA,1.1945680555555556,0.09839934200080513,3,2,3_2
NFYB,1.0242666666666667,0.020783462454710147,1,0,1_0
NFYC,1.0607569444444442,0.042225954581320446,2,1,2_1
NFYC-AS1,0.9732333333333334,0.2731144762318841,0,3,0_3
NGB,1.1006916666666666,0.10422076684782607,3,2,3_2
NGDN,0.9764770833333335,0.03642614976449275,0,1,0_1
NGEF,1.2092708333333333,0.7028957229347826,3,4,3_4
NGF,1.1622416666666666,0.4030990028985507,3,3,3_3
NGFR,1.0268833333333334,0.19557677492753622,1,3,1_3
NGLY1,1.0495854166666667,0.05634777672101449,2,1,2_1
NGRN,1.045025,0.02180754214170693,2,0,2_0
NHLH1,1.0547541666666667,0.12299942137681161,2,2,2_2
NHLH2,1.2492791666666667,0.7239082948913043,4,4,4_4
NHLRC2,0.9994020833333334,0.04928963811594203,0,1,0_1
NHLRC3,1.0113472222222224,0.04187432555555557,1,1,1_1
NHLRC4,0.8963208333333332,0.25117167992753625,0,3,0_3
NHP2,0.9876250000000001,0.09535173144927535,0,2,0_2
NHS,1.01715625,0.05055904668478261,1,1,1_1
NHSL1,1.0503741666666666,0.060100134802898546,2,1,2_1
NHSL2,1.0527437499999999,0.15530839961956525,2,2,2_2
NICN1,0.9709249999999999,0.05109683811594202,0,1,0_1
NID1,1.4706916666666665,0.672930148615137,4,4,4_4
NID2,1.1355625,0.22384486847826085,3,3,3_3
NIF3L1,0.9644291666666667,0.011492266739130435,0,0,0_0
NIFK,1.0595708333333334,0.06436359369565217,2,1,2_1
NIFK-AS1,0.9668125,0.02431515474637681,0,0,0_0
NIM1K,1.0643500000000001,0.0971949047826087,2,2,2_2
NIN,1.0653243055555555,0.020250114470611907,2,0,2_0
NINJ1,0.9761708333333333,0.10520635659420291,0,2,0_2
NINJ2,1.0869416666666667,0.19556959608695654,3,3,3_3
NINL,1.0454916666666667,0.05417366449275362,2,1,2_1
NIP7,1.0938666666666668,0.10193768402173915,3,2,3_2
NIPA1,1.0212416666666666,0.05532295221014493,1,1,1_1
NIPA2,0.9875708333333334,0.0065503442753623185,0,0,0_0
NIPAL2,1.0302319444444443,0.05943702802737522,2,1,2_1
NIPAL3,1.0074025,0.05205886037971015,1,1,1_1
NIPAL4,1.2319250000000002,1.0391774992753624,3,4,3_4
NIPBL,0.9990158333333333,0.01534486268695652,0,0,0_0
NIPSNAP1,1.0139520833333333,0.02986195335144927,1,0,1_0
NIPSNAP3A,0.9728666666666665,0.01808098913043478,0,0,0_0
NIPSNAP3B,1.0771833333333334,0.10656509478260869,2,2,2_2
NISCH,0.9609416666666667,0.032774881630434786,0,0,0_0
NIT1,1.0061562499999999,0.02700633298913044,1,0,1_0
NIT2,1.0305375,0.06961137239130434,2,1,2_1
NKAIN1,2.2849583333333334,6.1655446726086955,4,4,4_4
NKAIN2,1.0195874999999999,0.19546688692028988,1,3,1_3
NKAIN3,1.88935,3.628536021304348,4,4,4_4
NKAIN4,1.7043135416666668,1.9205262221331518,4,4,4_4
NKAP,0.999,0.03008013550724638,0,0,0_0
NKAPL,1.0465833333333334,0.09295206061594205,2,2,2_2
NKD1,1.1412208333333334,0.2592057678502415,3,3,3_3
NKD2,1.0851,0.11945475043478263,3,2,3_2
NKG7,1.3201874999999998,0.6512183402173912,4,4,4_4
NKIRAS1,0.9906041666666666,0.009990622536231886,0,0,0_0
NKIRAS2,1.0486020833333334,0.0340770266847826,2,0,2_0
NKPD1,2.2364541666666664,4.700130875869565,4,4,4_4
NKRF,1.0258749999999999,0.03346579463768115,1,0,1_0
NKTR,1.0629614583333333,0.04374706021965579,2,1,2_1
NKX1-1,1.5434375000000002,1.945587986594203,4,4,4_4
NKX2-1,1.4069791666666667,0.8857500589130435,4,4,4_4
NKX2-1-AS1,1.8279291666666666,5.130906073115942,4,4,4_4
NKX2-2,1.6165708333333333,2.0256198390579714,4,4,4_4
NKX2-3,1.0230583333333332,0.8602413946376809,1,4,1_4
NKX2-5,1.8215625,12.692566730362318,4,4,4_4
NKX2-8,1.0882583333333333,0.14342234260869566,3,2,3_2
NKX3-1,1.0534708333333334,0.28783187640096625,2,3,2_3
NKX3-2,1.318675,2.010758800724638,4,4,4_4
NKX6-1,1.7609416666666668,2.175303058550725,4,4,4_4
NKX6-2,1.0516666666666665,0.5472042679710145,2,4,2_4
NKX6-3,1.1052770833333332,0.25637895255434784,3,3,3_3
NLE1,1.0502041666666668,0.04516224793478261,2,1,2_1
NLGN1,1.1301770833333333,0.1361207586775362,3,2,3_2
NLGN2,1.0526,0.09781969093397745,2,2,2_2
NLGN3,1.0535020833333333,0.14576109625,2,2,2_2
NLGN4X,1.0623166666666668,0.2416102169202899,2,3,2_3
NLGN4Y,1.4030437500000001,1.3771986076630436,4,4,4_4
NLK,0.9733305555555556,0.02000692022544284,0,0,0_0
NLN,1.045979861111111,0.05651262663647342,2,1,2_1
NLRC3,1.0694,0.25030907202898556,2,3,2_3
NLRC4,1.2156083333333332,0.3966986184782608,3,3,3_3
NLRC5,1.2511333333333332,0.4003397004347826,4,3,4_3
NLRP1,1.0403125,0.10756465638550726,2,2,2_2
NLRP10,1.1395458333333333,1.968518540797102,3,4,3_4
NLRP11,1.0446125000000002,0.19079136615942027,2,3,2_3
NLRP12,1.2414145833333332,0.48000312614130436,4,3,4_3
NLRP13,1.2710833333333333,0.7699126421739131,4,4,4_4
NLRP14,1.1963333333333332,0.7953351757971016,3,4,3_4
NLRP2,1.08813125,0.41332622726449275,3,3,3_3
NLRP2B,1.0087583333333334,0.3883906169565217,1,3,1_3
NLRP3,1.441326388888889,1.2509060143397748,4,4,4_4
NLRP4,2.2948041666666668,5.680549763405798,4,4,4_4
NLRP5,1.7758916666666666,2.8021044789855076,4,4,4_4
NLRP6,0.9898291666666666,0.41199471818840594,0,3,0_3
NLRP7,1.4085041666666667,1.492625850652174,4,4,4_4
NLRP8,0.8945958333333333,0.38508812557971017,0,3,0_3
NLRP9,1.0253083333333333,0.2553033908695652,1,3,1_3
NLRX1,1.0864291666666668,0.09525334539855074,3,2,3_2
NMB,0.9343666666666666,0.10930605101449274,0,2,0_2
NMBR,1.1972333333333334,0.9933113782608696,3,4,3_4
NMD3,1.0096305555555556,0.014177655378421897,1,0,1_0
NME1,1.0872458333333332,0.1339131738405797,3,2,3_2
NME1-NME2,1.0214166666666666,0.035941929710144926,1,0,1_0
NME3,0.9690708333333333,0.05558250065217391,0,1,0_1
NME4,0.9789833333333333,0.08320623086956522,0,2,0_2
NME5,0.9869083333333334,0.12132955521739133,0,2,0_2
NME6,0.9584166666666668,0.06698657666666667,0,1,0_1
NME7,1.014375,0.020635001847826084,1,0,1_0
NME8,1.2435083333333332,0.6850734105797103,4,4,4_4
NME9,1.1842,0.46491067594202895,3,3,3_3
NMI,1.115525,0.1373846388405797,3,2,3_2
NMNAT1,1.1348194444444444,0.24665134552334944,3,3,3_3
NMNAT2,1.2355322916666667,0.7133680620153986,3,4,3_4
NMNAT3,1.3507999999999998,0.5059056658333334,4,3,4_3
NMRAL1,1.0058,0.06027705032608696,1,1,1_1
NMRK1,1.0476291666666668,0.05483915804347827,2,1,2_1
NMRK2,1.183425,1.4409240198550726,3,4,3_4
NMT1,0.9995583333333333,0.03222811276972624,0,0,0_0
NMT2,0.9914135416666667,0.022262853111413045,0,0,0_0
NMU,1.4907458333333334,2.469548288768116,4,4,4_4
NMUR1,1.025525,0.5470543656521739,1,4,1_4
NMUR2,2.5135,8.51254220942029,4,4,4_4
NNAT,0.981175,0.4184027642028985,0,3,0_3
NNMT,1.708975,2.755141024637681,4,4,4_4
NNT,0.9816479166666667,0.018127261684782615,0,0,0_0
NNT-AS1,1.0026333333333333,0.02810278449275362,1,0,1_0
NOA1,0.9859416666666667,0.006685222173913041,0,0,0_0
NOB1,1.0387458333333333,0.03125233572463768,2,0,2_0
NOBOX,1.6978833333333334,2.14620057115942,4,4,4_4
NOC2L,1.4082520833333334,0.8013286847282608,4,4,4_4
NOC3L,0.9853958333333335,0.023297145869565217,0,0,0_0
NOC4L,0.9828458333333333,0.032899982391304344,0,0,0_0
NOCT,1.621427083333333,1.0897222379891303,4,4,4_4
NOD1,0.98753125,0.05335392353260867,0,1,0_1
NOD2,1.014875,0.05613170420289854,1,1,1_1
NODAL,1.3068513888888889,0.28367518000805153,4,3,4_3
NOG,1.0613541666666668,0.34557178311594205,2,3,2_3
NOL10,1.0031416666666668,0.02728755039855072,1,0,1_0
NOL11,0.9958791666666666,0.01787799789855072,0,0,0_0
NOL12,1.0231569444444444,0.022222350909822875,1,0,1_0
NOL3,1.0129885416666666,0.03537010798460145,1,0,1_0
NOL4,1.4250020833333332,0.6722450868659421,4,4,4_4
NOL4L,1.1504868055555555,0.030040372695249597,3,0,3_0
NOL6,1.1042979166666667,0.12407582350543478,3,2,3_2
NOL7,0.9838927083333333,0.023228876082427533,0,0,0_0
NOL8,1.0314916666666667,0.0177173384057971,2,0,2_0
NOL9,1.1778152777777777,0.15846592443639299,3,2,3_2
NOLC1,0.9936249999999999,0.03764463400966183,0,1,0_1
NOM1,1.03588125,0.06915184407608697,2,1,2_1
NOMO3,1.1324958333333333,0.46391294224637675,3,3,3_3
NONO,1.057575,0.057847970901771316,2,1,2_1
NOP10,1.0061499999999999,0.03700062072463767,1,1,1_1
NOP14,1.0105958333333334,0.030834558478260873,1,0,1_0
NOP14-AS1,1.3536319444444445,0.3575611434380032,4,3,4_3
NOP16,1.021271875,0.0758896953759058,1,1,1_1
NOP2,1.0688625,0.059140805724637674,2,1,2_1
NOP58,1.0013083333333332,0.030284016811594205,1,0,1_0
NOP9,1.04079375,0.10758596190217391,2,2,2_2
NORAD,0.98594375,0.040784399112318834,0,1,0_1
NOS1,1.17115,0.16717891215780997,3,2,3_2
NOS1AP,1.1736479166666667,0.4993907967934785,3,3,3_3
NOS2,2.0338708333333337,4.776883768043478,4,4,4_4
NOS3,1.302625,0.4883103762681158,4,3,4_3
NOSIP,1.0027541666666666,0.030030772971014495,1,0,1_0
NOSTRIN,1.0670875000000002,0.08738161731884059,2,2,2_2
NOTCH1,1.1148791666666666,0.16155557010869565,3,2,3_2
NOTCH2,1.0040583333333333,0.020888803505434782,1,0,1_0
NOTCH2NL,0.9972500000000001,0.04383176130434783,0,1,0_1
NOTCH3,1.6274520833333337,1.8635562454528987,4,4,4_4
NOTCH4,1.5418937499999998,0.642962254076087,4,4,4_4
NOTUM,0.99975,0.3076093694202899,0,3,0_3
NOV,1.3967854166666667,0.9162404336050723,4,4,4_4
NOVA1,1.142025,0.2209170600483092,3,3,3_3
NOVA2,1.1845197916666665,0.22285650303894933,3,3,3_3
NOX1,1.6316927083333332,0.5614481163813406,4,4,4_4
NOX3,1.1525041666666667,2.8410648264492755,3,4,3_4
NOX4,1.1450083333333334,0.1700634113043478,3,2,3_2
NOX5,0.9935312500000001,0.16699740001811592,0,2,0_2
NOXA1,0.9784708333333333,0.038363668478260865,0,1,0_1
NOXO1,1.3977041666666665,1.4159122506521737,4,4,4_4
NOXRED1,1.056125,0.3584965036231884,2,3,2_3
NPAP1,2.1592874999999996,5.617602946449276,4,4,4_4
NPAS1,1.39021875,0.49648055005434794,4,3,4_3
NPAS2,1.0223791666666666,0.08113804586376813,1,2,1_2
NPAS3,1.1085,0.13445616074074074,3,2,3_2
NPAS4,0.9115395833333334,0.12527034639492754,0,2,0_2
NPAT,1.0353305555555556,0.06984026829307567,2,1,2_1
NPB,1.1643083333333333,0.762332083188406,3,4,3_4
NPBWR1,2.1691166666666666,3.320214478115942,4,4,4_4
NPBWR2,0.9382916666666666,0.24978363782608695,0,3,0_3
NPC1,1.0720104166666669,0.08063797060688405,2,1,2_1
NPC1L1,1.7891291666666664,1.0778586851288245,4,4,4_4
NPC2,1.0345333333333333,0.03533224739130435,2,0,2_0
NPDC1,1.0421583333333333,0.12716681579710146,2,2,2_2
NPEPL1,1.0212333333333332,0.06417339822463768,1,1,1_1
NPEPPS,0.9932888888888888,0.023094452850241542,0,0,0_0
NPFF,1.0256520833333334,0.05964762378623189,1,1,1_1
NPFFR1,1.3135416666666668,0.9800074752173914,4,4,4_4
NPFFR2,1.1245166666666666,0.640316556231884,3,4,3_4
NPHP1,1.1680319444444445,0.2656877869967794,3,3,3_3
NPHP3,1.0006541666666668,0.06316988564412238,0,1,0_1
NPHP3-ACAD11,0.9993375000000001,0.019613619637681153,0,0,0_0
NPHP3-AS1,1.0007583333333334,0.1609228572826087,0,2,0_2
NPHP4,1.4365270833333337,0.9544657484239134,4,4,4_4
NPHS1,1.8176916666666667,3.872152434782609,4,4,4_4
NPHS2,1.5487791666666668,3.3905238832608693,4,4,4_4
NPIPA1,0.986625,0.014885336086956524,0,0,0_0
NPIPA5,1.0373322916666667,0.028900774596920295,2,0,2_0
NPIPB15,1.1147208333333332,0.4875604250000001,3,3,3_3
NPL,1.3532437499999999,0.3812374334510869,4,3,4_3
NPLOC4,0.9982916666666665,0.03741332536231884,0,1,0_1
NPM1,1.0171208333333333,0.00998266855877617,1,0,1_0
NPM2,1.1705666666666668,0.8093121095652175,3,4,3_4
NPM3,1.0803958333333332,0.10490106181159421,2,2,2_2
NPNT,1.0684979166666666,0.1381930923369565,2,2,2_2
NPPA,0.8795166666666666,0.2580307820289855,0,3,0_3
NPPB,2.2567291666666667,5.04180415789855,4,4,4_4
NPPC,1.8062083333333334,7.599875143043477,4,4,4_4
NPR1,1.05773125,0.3616079016485507,2,3,2_3
NPR2,1.0338645833333333,0.08610562527173914,2,2,2_2
NPR3,1.5085763888888888,0.38856571060386474,4,3,4_3
NPRL2,1.0104833333333334,0.04509502402173914,1,1,1_1
NPRL3,1.030334375,0.02912970250452899,2,0,2_0
NPTN,0.9812958333333334,0.006051648333333333,0,0,0_0
NPTX1,1.0507083333333334,0.4115286988405797,2,3,2_3
NPTX2,0.949525,0.2927533185507247,0,3,0_3
NPTXR,1.3273208333333335,0.7931292713768118,4,4,4_4
NPVF,1.7171124999999998,2.6089400073188407,4,4,4_4
NPW,0.38359999999999994,0.01592574507246377,0,0,0_0
NPY,2.2617958333333337,13.404813953695653,4,4,4_4
NPY1R,0.9932458333333333,0.14399154876811596,0,2,0_2
NPY2R,1.5969166666666668,3.2805450022383265,4,4,4_4
NPY5R,1.0063958333333334,0.17784061615942026,1,2,1_2
NQO1,1.3399666666666665,0.5046972988888889,4,3,4_3
NQO2,1.0354604166666668,0.06197340701086958,2,1,2_1
NR0B1,1.0175583333333333,0.24089476152173916,1,3,1_3
NR0B2,1.2186000000000001,1.1071229326086955,3,4,3_4
NR1D1,1.287013888888889,0.4191486475845411,4,3,4_3
NR1D2,1.0321749999999998,0.09562336025362318,2,2,2_2
NR1H2,0.9811125,0.10894238920289857,0,2,0_2
NR1H3,0.9733208333333332,0.04786880920289856,0,1,0_1
NR1H4,1.5156916666666669,0.8652630902898552,4,4,4_4
NR1I2,0.8511770833333333,0.07352547074275362,0,1,0_1
NR1I3,1.9492479166666665,1.5920983906340582,4,4,4_4
NR2C1,1.0396385416666667,0.02024945006793478,2,0,2_0
NR2C2,0.9977416666666666,0.03291071134057971,0,0,0_0
NR2C2AP,1.009083333333333,0.06292597695652173,1,1,1_1
NR2E1,1.028725,0.1308875526086957,1,2,1_2
NR2E3,0.96194375,0.1088289985326087,0,2,0_2
NR2F1,1.0459666666666667,0.07934824362318842,2,1,2_1
NR2F1-AS1,1.136076388888889,0.18338146841384864,3,2,3_2
NR2F2,1.1166773809523811,0.08018796777580596,3,1,3_1
NR2F2-AS1,1.0081708333333335,0.24260207760869565,1,3,1_3
NR2F6,1.2997527777777778,0.5896039669726247,4,4,4_4
NR3C1,1.00391,0.05071985295652174,1,1,1_1
NR3C2,1.008875,0.06751528999999999,1,1,1_1
NR4A1,1.3529555555555557,0.7948457352173913,4,4,4_4
NR4A2,1.3190541666666666,0.9583601927294686,4,4,4_4
NR4A3,1.9122555555555554,3.8338781558293062,4,4,4_4
NR5A1,1.8100916666666667,3.06748967,4,4,4_4
NR5A2,1.0693385416666668,0.37243773543025366,2,3,2_3
NR6A1,1.2527714285714286,0.191115504238391,4,3,4_3
NRAP,1.8248986111111112,0.8273909196537841,4,4,4_4
NRARP,1.2053333333333331,0.26304137260869564,3,3,3_3
NRAS,1.0717354166666666,0.048882662699275346,2,1,2_1
NRAV,1.0323041666666668,0.11780865097826088,2,2,2_2
NRBF2,1.0250604166666666,0.035520672047101444,1,0,1_0
NRBP1,0.9522499999999999,0.04081734739130434,0,1,0_1
NRCAM,1.0313333333333334,0.22515875481884062,2,3,2_3
NRDC,0.9574645833333334,0.04755124432971015,0,1,0_1
NRDE2,1.0223208333333333,0.09399541292270533,1,2,1_2
NREP,1.2122093750000003,0.26239420157155796,3,3,3_3
NRF1,1.0203791666666666,0.05321768926086957,1,1,1_1
NRG1,1.181732638888889,0.10951719612117551,3,2,3_2
NRG2,1.029986111111111,0.037859241658615136,1,1,1_1
NRG3,1.2033041666666666,0.6106040697826087,3,4,3_4
NRG4,0.9745500000000001,0.07106271695652175,0,1,0_1
NRGN,1.3752291666666665,0.520225173405797,4,3,4_3
NRIP1,1.0562645833333333,0.059283336612318854,2,1,2_1
NRIP2,1.1190875,0.16461881268115938,3,2,3_2
NRIP3,1.0987125000000002,0.13282843068840583,3,2,3_2
NRK,1.4475125000000002,1.4086755390217391,4,4,4_4
NRL,1.08610625,0.38609724646739135,3,3,3_3
NRM,1.0831208333333333,0.1315039116666667,3,2,3_2
NRN1,1.3352916666666665,0.5320582723188406,4,3,4_3
NRP1,1.2462552083333334,0.19288484661684782,4,3,4_3
NRP2,1.1037314393939395,0.13913344661336688,3,2,3_2
NRROS,1.1843541666666666,0.22486720586956524,3,3,3_3
NRSN1,0.9542916666666666,0.41579052188405796,0,3,0_3
NRSN2,1.0631000000000002,0.3470864415942028,2,3,2_3
NRSN2-AS1,0.9459624999999999,0.029801012101449274,0,0,0_0
NRTN,1.0240125,0.1410440373188406,1,2,1_2
NRXN1,1.305175,0.3834902321175523,4,3,4_3
NRXN2,1.2512541666666668,0.2550680263405797,4,3,4_3
NRXN3,1.17710625,0.18980218180253625,3,2,3_2
NSA2,1.044875,0.03379955086956521,2,0,2_0
NSD1,1.0001625,0.021348021956521746,0,0,0_0
NSDHL,1.0748187500000002,0.06540089733695653,2,1,2_1
NSF,1.0786229166666665,0.07167231179347829,2,1,2_1
NSFL1C,1.025270138888889,0.04183542454307568,1,1,1_1
NSG1,1.067136111111111,0.22108096077294687,2,3,2_3
NSL1,0.9923937500000001,0.016740504039855077,0,0,0_0
NSMAF,1.1535808333333333,0.1374283846,3,2,3_2
NSMCE1,0.9709416666666666,0.025969245072463773,0,0,0_0
NSMCE2,1.0358166666666666,0.0355259488405797,2,0,2_0
NSMCE3,1.0125833333333334,0.03349512637681159,1,0,1_0
NSMCE4A,1.0305968749999999,0.011564944243659418,2,0,2_0
NSMF,1.4276916666666668,1.0783377289855072,4,4,4_4
NSRP1,0.9820875,0.021442589637681156,0,0,0_0
NSUN2,0.9978750000000001,0.026054792463768118,0,0,0_0
NSUN3,1.1000555555555556,0.06776453173913043,3,1,3_1
NSUN4,1.1516447916666666,0.14897591357336956,3,2,3_2
NSUN5,0.9879020833333333,0.023708212590579696,0,0,0_0
NSUN6,1.0871364583333334,0.054088445529891296,3,1,3_1
NSUN7,1.0828041666666666,0.10601628112318841,3,2,3_2
NT5C,1.0309479166666666,0.17341176925724638,2,2,2_2
NT5C1A,0.9789166666666667,0.5482066999999999,0,4,0_4
NT5C1B-RDH14,1.287095833333333,0.46720440148953296,4,3,4_3
NT5C2,0.9718749999999999,0.027301068297101442,0,0,0_0
NT5C3A,1.0539958333333335,0.08906238326086956,2,2,2_2
NT5C3B,0.9987,0.039805565362318836,0,1,0_1
NT5DC1,1.0093677083333332,0.018312815629528988,1,0,1_0
NT5DC2,1.152011111111111,0.22151684198067628,3,3,3_3
NT5DC3,1.1225708333333333,0.2023920732246377,3,3,3_3
NT5DC4,1.438236111111111,0.6484737535426731,4,4,4_4
NT5E,1.0022125,0.04838995694746377,1,1,1_1
NT5M,0.9759625,0.19792044094202896,0,3,0_3
NTAN1,1.04100625,0.049708319800724654,2,1,2_1
NTF3,1.0870375,0.1291626713768116,3,2,3_2
NTHL1,0.9834125,0.08358127920289855,0,2,0_2
NTM,1.0465958333333332,0.4259295851449275,2,3,2_3
NTMT1,1.0042055555555556,0.07162146884057971,1,1,1_1
NTN1,1.2603291666666667,0.24706241619162642,4,3,4_3
NTN3,0.951825,0.1631123972463768,0,2,0_2
NTN4,1.0257375000000002,0.043005475,1,1,1_1
NTN5,1.0467791666666668,0.4876709099637681,2,3,2_3
NTNG1,1.003338888888889,0.26138952813204513,1,3,1_3
NTNG2,1.0224708333333332,0.17305234891304347,1,2,1_2
NTPCR,1.0157361111111112,0.027649277729468597,1,0,1_0
NTRK1,1.2454458333333331,1.5566258574637681,4,4,4_4
NTRK2,1.2092659722222223,0.17607024824275364,3,2,3_2
NTRK3,1.0874754629629628,0.16958942752460193,3,2,3_2
NTRK3-AS1,1.1869666666666667,0.8405732830434782,3,4,3_4
NTS,1.7406708333333334,5.319618457753624,4,4,4_4
NTSR1,0.9281041666666668,0.29988591152173916,0,3,0_3
NTSR2,1.5888041666666668,2.079754968188406,4,4,4_4
NUAK1,1.0528333333333333,0.12942815202898553,2,2,2_2
NUAK2,0.9991124999999998,0.04232401615942029,0,1,0_1
NUB1,1.0260233333333333,0.03449491306086957,1,0,1_0
NUBP1,1.0156833333333333,0.06154204130434783,1,1,1_1
NUBP2,1.0130541666666668,0.04389784253623188,1,1,1_1
NUBPL,0.9883625,0.08610693934782608,0,2,0_2
NUCB1,0.9946,0.02474258902173913,0,0,0_0
NUCB2,1.0306083333333333,0.031133108586956518,2,0,2_0
NUCKS1,1.0222984375,0.012041663828125,1,0,1_0
NUDC,1.0951763888888888,0.18044722367954907,3,2,3_2
NUDCD1,0.9849375,0.020771285543478263,0,0,0_0
NUDCD2,1.0033694444444443,0.026021372190016104,1,0,1_0
NUDCD3,1.0171125,0.05484313902576488,1,1,1_1
NUDT1,0.929125,0.21225566956521738,0,3,0_3
NUDT10,1.53114375,0.8773652688586955,4,4,4_4
NUDT11,1.0891875000000002,0.08116800442028986,3,2,3_2
NUDT12,0.9901625,0.07269888771739132,0,1,0_1
NUDT13,0.9894208333333334,0.05740543423913045,0,1,0_1
NUDT14,1.11348125,0.18345870813405796,3,2,3_2
NUDT15,1.0179208333333334,0.016928850507246376,1,0,1_0
NUDT16,1.1028114583333333,0.05738406764039855,3,1,3_1
NUDT16L1,1.0017208333333334,0.03138164152173913,1,0,1_0
NUDT17,0.98285,0.04801707916666668,0,1,0_1
NUDT18,0.9390125,0.13178445891304347,0,2,0_2
NUDT19,1.05945,0.03750460246376811,2,1,2_1
NUDT2,1.0712708333333334,0.07585057543478262,2,1,2_1
NUDT21,1.016623611111111,0.0071829127133655355,1,0,1_0
NUDT22,1.5466770833333332,1.5264728442934783,4,4,4_4
NUDT3,1.0095816666666668,0.06759266861449277,1,1,1_1
NUDT4,0.9407416666666667,0.07990055927536233,0,1,0_1
NUDT5,1.0243041666666668,0.011804269384057967,1,0,1_0
NUDT6,1.02135,0.034682301775362315,1,0,1_0
NUDT7,1.2244895833333331,0.70375040182971,3,4,3_4
NUDT9,1.0171708333333334,0.036861022246376815,1,1,1_1
NUF2,1.2249833333333333,0.3355995291304348,3,3,3_3
NUFIP1,1.019586111111111,0.029142644766505646,1,0,1_0
NUFIP2,1.0139385416666666,0.011037098682065217,1,0,1_0
NUMA1,1.2482966666666666,0.5468206348000002,4,4,4_4
NUMB,1.0725208333333334,0.07578898210144926,2,1,2_1
NUMBL,1.0459125,0.07706721394927536,2,1,2_1
NUP107,1.0483166666666666,0.04785218594202899,2,1,2_1
NUP133,1.024225,0.0625056622826087,1,1,1_1
NUP153,1.1342027777777777,0.12809611077294686,3,2,3_2
NUP155,0.9962583333333334,0.007670669130434784,0,0,0_0
NUP160,1.0002763888888888,0.03085036756038647,0,0,0_0
NUP188,1.2553805555555557,0.3662228421256039,4,3,4_3
NUP205,0.9786104166666666,0.03887559288043477,0,1,0_1
NUP210,1.1633316666666669,0.11828517897391302,3,2,3_2
NUP210L,1.3498875000000001,1.4950779715217386,4,4,4_4
NUP214,1.020447222222222,0.03863561296296296,1,1,1_1
NUP35,0.98035,0.01858255028985507,0,0,0_0
NUP37,1.0102479166666667,0.02410338030797101,1,0,1_0
NUP43,0.9552708333333334,0.08670506336956522,0,2,0_2
NUP50,1.1455520833333332,0.09137124711151368,3,2,3_2
NUP54,1.0420083333333334,0.0974344590821256,2,2,2_2
NUP58,0.9930083333333334,0.019310723976449277,0,0,0_0
NUP62,0.9453861111111111,0.04569143048309179,0,1,0_1
NUP62CL,1.0758979166666667,0.1312464260688406,2,2,2_2
NUP85,0.9909874999999998,0.026100564855072467,0,0,0_0
NUP88,0.9962791666666666,0.04571284847826086,0,1,0_1
NUP93,1.1604583333333334,0.32959489134057973,3,3,3_3
NUP98,1.0310208333333335,0.022814898220611935,2,0,2_0
NUPL2,1.0277625,0.06593798398550725,1,1,1_1
NUPR1,1.1213625,0.22810918036231884,3,3,3_3
NUS1,1.042052777777778,0.059788795281803545,2,1,2_1
NUSAP1,1.365702083333333,0.4090347758514493,4,3,4_3
NUTM1,1.778833333333333,1.2276755990579713,4,4,4_4
NUTM2A-AS1,1.1963375,0.26224730282608694,3,3,3_3
NUTM2B,0.9738458333333333,0.09592895916666667,0,2,0_2
NUTM2B-AS1,1.0301510416666666,0.028174671508152168,1,0,1_0
NUTM2G,0.9376833333333333,0.3265823282608696,0,3,0_3
NVL,0.9995333333333333,0.036573160434782606,0,1,0_1
NWD2,1.0584875,1.0790196506521739,2,4,2_4
NXF1,1.0054583333333333,0.027816925362318844,1,0,1_0
NXF2B,0.9796013888888888,0.2328273601690821,0,3,0_3
NXF3,1.1103791666666667,0.43885564231884056,3,3,3_3
NXF5,0.9710416666666667,0.3414684936231884,0,3,0_3
NXN,1.0440416666666665,0.06693031144927537,2,1,2_1
NXNL1,1.0403,0.28975747695652176,2,3,2_3
NXNL2,1.0360166666666666,0.25185218956521743,2,3,2_3
NXPE1,1.37996875,0.7451886178079711,4,4,4_4
NXPE3,1.1158885416666668,0.08659510582880435,3,2,3_2
NXPE4,1.1660041666666665,0.24486241673913045,3,3,3_3
NXPH1,0.9924791666666666,0.5898462267391305,0,4,0_4
NXPH2,1.9143125,2.9007141079951704,4,4,4_4
NXPH3,1.1348708333333335,0.2568823898188406,3,3,3_3
NXPH4,0.9442291666666667,0.16856667804347825,0,2,0_2
NXT1,1.0168958333333333,0.06936313079710145,1,1,1_1
NXT2,1.0140979166666668,0.06892388777173913,1,1,1_1
NYAP1,1.1349166666666666,0.34726437231884055,3,3,3_3
NYAP2,1.4696291666666668,1.7414322284782608,4,4,4_4
NYNRIN,1.1433791666666666,0.1202421054347826,3,2,3_2
NYX,1.44164375,0.7173795109963769,4,4,4_4
OAF,1.3507625,0.6128460075724638,4,4,4_4
OARD1,1.00950625,0.010372853387681161,1,0,1_0
OAS1,1.186,0.5173532559782608,3,3,3_3
OAS2,1.2253666666666667,0.6337851009178743,3,4,3_4
OAS3,1.0733854166666668,0.5473685916847827,2,4,2_4
OASL,1.2517145833333334,0.8753691551630434,4,4,4_4
OAT,1.0185374999999999,0.0469233986231884,1,1,1_1
OAZ1,1.0194708333333333,0.08220453126811593,1,2,1_2
OAZ2,1.04885625,0.06035673976449275,2,1,2_1
OAZ3,1.0721229166666666,0.0509183199094203,2,1,2_1
OBP2A,1.3964724999999998,0.9630867561594201,4,4,4_4
OBP2B,2.2484625,4.762020213985508,4,4,4_4
OBSCN,1.2705760416666667,0.2511584754393116,4,3,4_3
OBSL1,1.1087607142857143,0.12997797088731144,3,2,3_2
OCA2,1.0163333333333333,0.22214199840579715,1,3,1_3
OCEL1,0.9899333333333334,0.06793260999999999,0,1,0_1
OCIAD1,1.0328891666666666,0.010942483011594204,2,0,2_0
OCIAD2,1.0318208333333334,0.02311003630434783,2,0,2_0
OCLM,1.0326708333333334,0.3157971342753623,2,3,2_3
OCLN,1.019825,0.03509938697463768,1,0,1_0
OCM2,0.9843041666666666,0.11037607442028986,0,2,0_2
OCRL,1.0274604166666665,0.04026008114130435,1,1,1_1
ODAM,0.9169333333333333,0.1108762839130435,0,2,0_2
ODC1,1.1246708333333333,0.20899041384057976,3,3,3_3
ODF1,1.1731833333333332,0.5556812495652173,3,4,3_4
ODF2,0.9946208333333333,0.07460109768115944,0,1,0_1
ODF2L,1.1191927083333333,0.12197349019474638,3,2,3_2
ODF3,1.7320854166666668,1.4574875555253626,4,4,4_4
ODF3B,1.0224541666666667,0.1283063779391304,1,2,1_2
ODF3L1,1.3186,1.4522688575362321,4,4,4_4
ODF3L2,3.3457416666666666,16.849385755797098,4,4,4_4
ODF4,1.3845729166666665,0.9917037649456523,4,4,4_4
OFD1,1.0142979166666668,0.019709295307971015,1,0,1_0
OGDH,1.106538888888889,0.1839009676972625,3,2,3_2
OGDHL,0.9687291666666668,0.40852388021739133,0,3,0_3
OGFOD1,1.0298808333333334,0.020410572171014493,1,0,1_0
OGFOD2,0.9980111111111111,0.044889914959742365,0,1,0_1
OGFOD3,1.0514124999999999,0.054708890201288246,2,1,2_1
OGFR,1.0109302083333334,0.04569844418931158,1,1,1_1
OGFRL1,0.9906541666666667,0.06777283479066024,0,1,0_1
OGFRP1,1.1657458333333333,0.8093401180434784,3,4,3_4
OGG1,0.9866486111111111,0.025357759541062796,0,0,0_0
OGN,1.2663437499999999,1.0780115932427536,4,4,4_4
OGT,1.0555395833333334,0.05950175753421899,2,1,2_1
OIP5,1.0029166666666667,0.34225657086956524,1,3,1_3
OIT3,1.1074000000000002,0.5102092362318841,3,3,3_3
OLA1,0.9699270833333333,0.036460311141304345,0,1,0_1
OLAH,0.9940430555555556,0.1274400195410628,0,2,0_2
OLFM1,1.4049555555555555,0.3002060759581321,4,3,4_3
OLFM2,1.1517791666666668,0.31118311282608696,3,3,3_3
OLFM3,0.9950375,0.2699159695289855,0,3,0_3
OLFM4,3.410966666666667,123.25580900072464,4,4,4_4
OLFML1,1.2132875,0.4323215339855072,3,3,3_3
OLFML2A,1.1799583333333332,0.1146204960869565,3,2,3_2
OLFML2B,1.0463041666666666,0.10097640920289856,2,2,2_2
OLFML3,1.4324416666666666,0.7973663091304348,4,4,4_4
OLIG1,1.1455458333333333,0.487409093405797,3,3,3_3
OLIG2,1.8632708333333332,3.1133143092753626,4,4,4_4
OLIG3,1.5664541666666667,1.4942875871739132,4,4,4_4
OLMALINC,1.0590770833333334,0.11903651288043479,2,2,2_2
OLR1,1.0925708333333333,0.2720170338405797,3,3,3_3
OMA1,1.01021875,0.035191995452898535,1,0,1_0
OMD,1.25605625,0.6660299516847826,4,4,4_4
OMP,0.4999,0.02754006623188406,0,0,0_0
ONECUT1,1.0041708333333335,0.4041509367391305,1,3,1_3
ONECUT2,1.1988016666666665,0.3067207789043478,3,3,3_3
ONECUT3,1.0594875000000001,0.8104812834057971,2,4,2_4
OOEP,1.0914875000000002,0.9309636461594202,3,4,3_4
OOSP2,1.0237041666666666,0.6917959113768116,1,4,1_4
OPA1,0.9951395833333333,0.024764775733695656,0,0,0_0
OPA3,0.9930430555555555,0.049845237818035425,0,1,0_1
OPALIN,0.9477666666666665,1.119741062753623,0,4,0_4
OPCML,1.2370541666666668,0.6579839678623188,3,4,3_4
OPHN1,1.0113999999999999,0.008057045507246374,1,0,1_0
OPLAH,1.0398666666666667,0.07137654347826086,2,1,2_1
OPN1MW3,1.7632291666666664,2.590353922536232,4,4,4_4
OPN1SW,2.3427458333333333,6.835343152681159,4,4,4_4
OPN3,1.05546875,0.038385351974637674,2,1,2_1
OPN4,2.5738416666666666,16.20379609173913,4,4,4_4
OPN5,1.57173125,1.004026638134058,4,4,4_4
OPRD1,1.4098708333333334,1.026730170072464,4,4,4_4
OPRK1,1.4630708333333333,0.9251296116304348,4,4,4_4
OPRL1,1.0199166666666666,0.1316154761956522,1,2,1_2
OPRM1,1.4513388888888887,0.7658892514492753,4,4,4_4
OPRPN,8.000745833333333,437.2868672722463,4,4,4_4
OPTC,1.2372333333333332,1.9521345485507242,3,4,3_4
OPTN,1.0177041666666666,0.04217163532608696,1,1,1_1
OR10A3,1.3744729166666667,1.4916700350905794,4,4,4_4
OR10A4,1.150625,0.7540175853623189,3,4,3_4
OR10A5,1.9926541666666668,3.4533551513768113,4,4,4_4
OR10C1,1.4042541666666668,4.130182663405797,4,4,4_4
OR10D3,1.5860958333333333,1.1304266238043477,4,4,4_4
OR10H1,1.269675,0.8827679007246377,4,4,4_4
OR10H2,0.9001708333333333,1.2992725268840581,0,4,0_4
OR10H3,1.0807666666666667,0.2713807821739131,2,3,2_3
OR10J1,1.3767333333333334,1.2701025242028983,4,4,4_4
OR11A1,1.0782625,0.6549607654347825,2,4,2_4
OR12D2,2.0691458333333332,4.1690414302173915,4,4,4_4
OR12D3,1.3299875,0.5267757466304347,4,3,4_3
OR13C4,2.02176875,1.4692118917572463,4,4,4_4
OR14J1,1.6320916666666667,2.712374119855073,4,4,4_4
OR1A1,1.3003541666666667,0.9535765855797103,4,4,4_4
OR1A2,1.8111875,3.0539410099275357,4,4,4_4
OR1C1,1.5422354166666665,1.1133067268659418,4,4,4_4
OR1D2,1.0204708333333332,0.7108221997826089,1,4,1_4
OR1D5,2.28965,4.947988023478261,4,4,4_4
OR1E1,1.4642249999999999,1.4581086469565216,4,4,4_4
OR1E2,2.4748125,4.827527520072464,4,4,4_4
OR1F1,1.8034666666666668,2.458929839855072,4,4,4_4
OR1G1,1.0123958333333334,0.21689040485507247,1,3,1_3
OR1I1,0.8825041666666666,0.477909625,0,3,0_3
OR1J2,1.06776875,0.48956376519927536,2,3,2_3
OR1J4,1.2397541666666667,0.7729488795652173,4,4,4_4
OR1Q1,1.5948229166666668,0.773763019981884,4,4,4_4
OR2A4,1.0639124999999998,0.2957645576086957,2,3,2_3
OR2B2,1.0311791666666668,0.45530806688405795,2,3,2_3
OR2B3,1.0573583333333334,0.9238366960869565,2,4,2_4
OR2B6,1.0441874999999998,0.4811734121014493,2,3,2_3
OR2C1,2.2343916666666668,4.9052678065217385,4,4,4_4
OR2C3,2.013995833333333,3.833295611956522,4,4,4_4
OR2F1,1.698525,1.8223309108695651,4,4,4_4
OR2F2,1.6255479166666664,1.4048323161413039,4,4,4_4
OR2H1,1.4684058333333334,0.32390542941739126,4,3,4_3
OR2H2,1.7688854166666665,1.9656321427717394,4,4,4_4
OR2J2,1.4043479166666666,1.67222550875,4,4,4_4
OR2J3,1.7446125000000003,6.400510196594203,4,4,4_4
OR2K2,1.4387208333333332,0.7259244448188406,4,4,4_4
OR2L13,1.0878249999999998,2.6059122363768115,3,4,3_4
OR2L2,1.8378208333333335,1.217603455483092,4,4,4_4
OR2M4,1.9255624999999998,2.0621338423550726,4,4,4_4
OR2S2,1.135608333333333,3.13709934,3,4,3_4
OR2W1,1.0408625,0.3820216057246378,2,3,2_3
OR3A1,1.0683708333333335,1.4655092852898555,2,4,2_4
OR3A2,0.8886791666666666,0.4300507964492753,0,3,0_3
OR3A3,1.1824229166666667,0.5118219189673913,3,3,3_3
OR4D1,1.7664770833333332,1.9549616171557973,4,4,4_4
OR4D2,1.6575499999999999,1.884770051884058,4,4,4_4
OR51B2,1.1177958333333333,0.6219473418115942,3,4,3_4
OR51B4,1.592175,3.4633741502898547,4,4,4_4
OR51B5,1.4441645833333336,0.8573878879891305,4,4,4_4
OR51B6,1.4411541666666665,1.6410985528260869,4,4,4_4
OR51E1,1.2376916666666666,0.7897539930434782,3,4,3_4
OR51E2,1.1878208333333335,0.41538390194041874,3,3,3_3
OR51I1,1.390325,0.9925682940579711,4,4,4_4
OR51I2,1.8301291666666664,2.507085015,4,4,4_4
OR51M1,1.549591666666667,2.5747738752173914,4,4,4_4
OR52A1,1.3766958333333335,1.4423349236956522,4,4,4_4
OR52D1,1.1264291666666666,0.6450946515217391,3,4,3_4
OR5H1,1.3910416666666665,0.4489608644565217,4,3,4_3
OR5I1,2.1224624999999997,4.52056346326087,4,4,4_4
OR5J2,1.175625,0.4809002578985507,3,3,3_3
OR5K1,1.0942749999999999,0.5614805694202898,3,4,3_4
OR5L2,1.0902333333333334,0.16443707619565218,3,2,3_2
OR5P2,2.1073083333333336,2.749741762753623,4,4,4_4
OR5P3,1.4053208333333334,1.18918290384058,4,4,4_4
OR5V1,1.2218708333333332,0.9111042047101449,3,4,3_4
OR6A2,0.9273541666666666,0.6601165877536231,0,4,0_4
OR6B1,1.7526874999999997,3.334636433115942,4,4,4_4
OR7A10,1.2532166666666666,1.0352247997101447,4,4,4_4
OR7A17,1.1553208333333334,0.6649924580434782,3,4,3_4
OR7A5,1.0262041666666668,0.3979227919565217,1,3,1_3
OR7C1,1.0558833333333333,0.3934363886956521,2,3,2_3
OR7C2,1.9352124999999998,4.058437148913043,4,4,4_4
OR7D2,3.7959416666666663,25.01360208304348,4,4,4_4
OR7E24,1.0779291666666666,0.4424526855797102,2,3,2_3
OR8B8,1.0927166666666668,0.43165303304347835,3,3,3_3
OR8D1,1.3159916666666664,1.3035356271014493,4,4,4_4
OR8D2,1.3035833333333333,1.4729993100000003,4,4,4_4
OR8G1,1.5094416666666666,1.155626309673913,4,4,4_4
ORAI1,0.9534041666666667,0.08055166934782611,0,1,0_1
ORAI2,1.010101388888889,0.021059948498389696,1,0,1_0
ORAI3,1.0181166666666666,0.04281959463768115,1,1,1_1
ORAOV1,1.0172999999999999,0.02089850963768116,1,0,1_0
ORC1,1.1111000000000002,0.24223629028985508,3,3,3_3
ORC2,0.9910125000000001,0.01641380836956522,0,0,0_0
ORC3,0.9973833333333334,0.018408103043478258,0,0,0_0
ORC4,1.0144645833333332,0.018357068641304347,1,0,1_0
ORC5,1.0318458333333334,0.02734728203703704,2,0,2_0
ORC6,0.9876499999999999,0.04533691550724638,0,1,0_1
ORM1,1.5315083333333332,1.467122333768116,4,4,4_4
ORM2,1.2428,0.5723568208333333,4,4,4_4
ORMDL1,1.0903333333333334,0.03762961438003223,3,1,3_1
ORMDL2,1.0516875,0.12963702673913047,2,2,2_2
ORMDL3,1.1083229166666666,0.2931472780978261,3,3,3_3
OS9,0.9883166666666666,0.009278599275362322,0,0,0_0
OSBP,1.020073611111111,0.007554811006441224,1,0,1_0
OSBP2,0.9966736111111111,0.05563656746376812,0,1,0_1
OSBPL10,1.0878408333333334,0.05770616943478259,3,1,3_1
OSBPL11,1.4418597222222223,0.5164137502657005,4,3,4_3
OSBPL1A,1.0331694444444446,0.056203367294685995,2,1,2_1
OSBPL2,0.9827479166666667,0.012703448025362322,0,0,0_0
OSBPL3,1.0597479166666668,0.09625201864130437,2,2,2_2
OSBPL5,1.0499916666666667,0.0379536377173913,2,1,2_1
OSBPL6,1.1397152777777777,0.21412457833333337,3,3,3_3
OSBPL7,1.3455819444444443,0.3446500486231884,4,3,4_3
OSBPL8,1.0038239583333333,0.005185431888586956,1,0,1_0
OSBPL9,0.9877666666666668,0.013132270579710146,0,0,0_0
OSCAR,1.7193333333333332,1.6906448085507246,4,4,4_4
OSCP1,1.0288041666666665,0.14658390920289854,1,2,1_2
OSER1,1.0235729166666667,0.03043901461956522,1,0,1_0
OSGEP,1.118325,0.25835762749999996,3,3,3_3
OSGEPL1,0.9518333333333334,0.02255549576086956,0,0,0_0
OSGIN1,1.2648083333333335,0.6293408766666667,4,4,4_4
OSGIN2,1.047978125,0.08804020639039853,2,2,2_2
OSM,1.9667520833333334,1.6784940586050723,4,4,4_4
OSMR,1.0451847222222224,0.0583715482689211,2,1,2_1
OSR1,1.4638583333333335,0.8417980786956523,4,4,4_4
OSR2,1.3690708333333335,0.44178837007246374,4,3,4_3
OST4,1.0649916666666666,0.12550344014492756,2,2,2_2
OSTC,1.0281458333333333,0.03965639326086956,1,1,1_1
OSTF1,0.9970624999999999,0.02571371572463768,0,0,0_0
OSTM1,1.0036114583333333,0.024081533636775357,1,0,1_0
OSTM1-AS1,1.0369791666666668,0.579156255289855,2,4,2_4
OTC,1.2444333333333333,2.5629000875362316,4,4,4_4
OTOF,1.27615625,1.42624169067029,4,4,4_4
OTOGL,1.0427916666666668,0.21374849231884055,2,3,2_3
OTOP2,1.7719645833333335,1.4390245945471016,4,4,4_4
OTOR,1.8807166666666666,4.148665052028986,4,4,4_4
OTOS,1.4776958333333334,1.498364168768116,4,4,4_4
OTP,1.6230458333333333,0.7094408087681158,4,4,4_4
OTUB2,1.3498708333333334,0.6861899899275362,4,4,4_4
OTUD1,1.4146430555555556,0.5233265014251208,4,3,4_3
OTUD3,1.0160208333333334,0.0936511206521739,1,2,1_2
OTUD4,0.98844375,0.05181364068840578,0,1,0_1
OTUD5,0.9968236111111111,0.022916130523349426,0,0,0_0
OTUD6B,1.0148291666666667,0.03048466065217391,1,0,1_0
OTUD6B-AS1,1.0109104166666667,0.023852859692028973,1,0,1_0
OTUD7A,1.661183333333333,0.8024837006924316,4,4,4_4
OTUD7B,1.0378645833333333,0.03354152761070853,2,0,2_0
OTULIN,1.0459208333333334,0.06835861012077293,2,1,2_1
OTX1,1.6487208333333332,5.938532263840579,4,4,4_4
OTX2,1.0149875,0.2805191771014493,1,3,1_3
OTX2-AS1,1.4316416666666667,1.7612179230434781,4,4,4_4
OVAAL,1.2622958333333332,0.9064824254347826,4,4,4_4
OVCA2,1.0085104166666667,0.01719268201086957,1,0,1_0
OVCH1-AS1,1.0372625,0.3109430374637681,2,3,2_3
OVGP1,1.1700208333333333,0.18248779847826088,3,2,3_2
OVOL1,1.2082770833333332,0.5577936318659422,3,4,3_4
OVOL1-AS1,1.2552625,1.605311761521739,4,4,4_4
OVOL2,1.0435458333333334,0.07680001206521739,2,1,2_1
OVOL3,0.6559499999999999,0.17829784130434784,0,2,0_2
OXA1L,0.9953416666666666,0.026238724492753628,0,0,0_0
OXCT1,0.9640583333333334,0.012358906376811595,0,0,0_0
OXCT2,0.9836979166666667,0.15080550240942028,0,2,0_2
OXER1,1.0882874999999999,0.5980680596376813,3,4,3_4
OXGR1,1.0587125,0.3611656480434782,2,3,2_3
OXLD1,1.0439979166666666,0.10460331262681159,2,2,2_2
OXNAD1,1.0041416666666667,0.030822342898550726,1,0,1_0
OXR1,1.0112833333333333,0.035611441565217394,1,0,1_0
OXSM,1.0347375,0.018834564420289857,2,0,2_0
OXSR1,0.9805708333333333,0.014212961086956523,0,0,0_0
OXT,2.0722625,4.860151888913043,4,4,4_4
OXTR,1.0508375,0.2998478110869566,2,3,2_3
P2RX1,1.0603791666666667,0.1714860281884058,2,2,2_2
P2RX2,1.7622177083333332,1.014559412758152,4,4,4_4
P2RX3,1.2528958333333333,1.2442878876086954,4,4,4_4
P2RX4,0.9717708333333334,0.06875189644927536,0,1,0_1
P2RX5,1.2157333333333333,0.2623669476811594,3,3,3_3
P2RX5-TAX1BP3,1.0205083333333334,0.07834960514492754,1,1,1_1
P2RX6,1.9163270833333332,2.9633793175905794,4,4,4_4
P2RX7,1.2115083333333334,0.6721950366304349,3,4,3_4
P2RY1,1.05136875,0.08948033614130434,2,2,2_2
P2RY10,1.1044208333333334,0.11597862232689211,3,2,3_2
P2RY12,1.4188541666666667,1.283528810362319,4,4,4_4
P2RY13,1.2359125,0.23402773876811594,3,3,3_3
P2RY14,1.107525,0.1328336311594203,3,2,3_2
P2RY2,0.9777791666666666,0.2165148441304348,0,3,0_3
P2RY4,1.1190541666666667,0.9092839268840581,3,4,3_4
P2RY6,1.5608708333333334,0.7101122352898552,4,4,4_4
P2RY8,1.1456375,0.20459976152173914,3,3,3_3
P3H1,1.0207541666666666,0.06978164876811595,1,1,1_1
P3H2,1.63924375,1.0654870274094201,4,4,4_4
P3H3,1.0263291666666665,0.512966735,1,3,1_3
P3H4,1.0221625,0.06426300413043477,1,1,1_1
P4HA1,1.0109458333333334,0.09548802775362321,1,2,1_2
P4HA2,1.0553041666666667,0.0467641181884058,2,1,2_1
P4HA3,1.0306958333333334,0.2543078244565217,2,3,2_3
P4HB,0.9818375000000001,0.07617293366344607,0,1,0_1
P4HTM,1.0503208333333334,0.0630400802173913,2,1,2_1
PA2G4,0.9997520833333334,0.020839022554347827,0,0,0_0
PAAF1,1.0029520833333334,0.04871076668478261,1,1,1_1
PABPC1,0.9460979166666666,0.028358547119565217,0,0,0_0
PABPC1L,1.0022624999999998,0.05727959619162642,1,1,1_1
PABPC1L2B,1.3164541666666667,1.307776462826087,4,4,4_4
PABPC3,0.9825833333333334,0.021714895217391308,0,0,0_0
PABPC4L,1.0294375,0.06114536326086957,1,1,1_1
PABPC5,1.0196,0.12757959782608697,1,2,1_2
PABPN1,1.0172541666666668,0.1401180045652174,1,2,1_2
PACRG,1.1732847222222222,0.3907588835024155,3,3,3_3
PACRG-AS1,0.9635249999999999,0.6989022263768115,0,4,0_4
PACRG-AS2,0.5826770833333333,0.13613606320652177,0,2,0_2
PACRG-AS3,1.4653916666666664,2.0204480688405795,4,4,4_4
PACRGL,0.986684375,0.03826408193387682,0,1,0_1
PACS1,1.0578562500000002,0.10148748809782611,2,2,2_2
PACS2,0.9838010416666666,0.029658980113224643,0,0,0_0
PACSIN1,1.2618333333333334,0.5438227927173914,4,4,4_4
PACSIN2,1.0451472222222222,0.14464187225442834,2,2,2_2
PACSIN3,1.0030208333333333,0.03612682210144927,1,0,1_0
PADI1,1.3055333333333332,0.6364694692753623,4,4,4_4
PADI2,1.4417652777777779,0.6503032920048308,4,4,4_4
PADI3,1.5306958333333334,1.9132903239855068,4,4,4_4
PADI4,1.3416097222222223,0.49554479569243154,4,3,4_3
PAEP,2.0190083333333333,10.659547809999998,4,4,4_4
PAF1,1.0675583333333334,0.05334783942028985,2,1,2_1
PAFAH1B1,1.00171875,0.008645079809782609,1,0,1_0
PAFAH1B2,1.2673055555555555,0.6568958520128825,4,4,4_4
PAFAH1B3,1.0435166666666666,0.04386778681159421,2,1,2_1
PAFAH2,0.9857791666666667,0.1015739233695652,0,2,0_2
PAG1,1.0939819444444445,0.12667813556360705,3,2,3_2
PAGE1,2.9147874999999996,7.130623670217392,4,4,4_4
PAGE4,0.9766583333333333,0.2907698775362319,0,3,0_3
PAGE5,1.2713833333333333,0.6744183320289856,4,4,4_4
PAGR1,1.0121437500000001,0.04931744541666667,1,1,1_1
PAICS,1.029325,0.034421256698872804,1,0,1_0
PAIP1,0.9865966666666667,0.005931630173913043,0,0,0_0
PAIP2,1.0753041666666665,0.06832693087761674,2,1,2_1
PAIP2B,1.0175375,0.11162239528985508,1,2,1_2
PAK1,1.2562208333333336,0.3449265106159421,4,3,4_3
PAK1IP1,1.0286875,0.0313884470289855,1,0,1_0
PAK2,1.0660090277777778,0.05955090783615136,2,1,2_1
PAK3,1.0169666666666668,0.06496822404891303,1,1,1_1
PAK4,1.205048611111111,0.6815835533091786,3,4,3_4
PAK5,1.0732916666666668,0.21925122264492752,2,3,2_3
PAK6,1.0680416666666666,0.1659989363405797,2,2,2_2
PALB2,0.9962125,0.05480416239130433,0,1,0_1
PALD1,1.0083541666666667,0.0958727270289855,1,2,1_2
PALLD,1.0483677083333334,0.05556400733242753,2,1,2_1
PALM,0.91345,0.1037545036231884,0,2,0_2
PALM2,1.0779375,0.5493697876086957,2,4,2_4
PALM2-AKAP2,1.0999427083333335,0.08895920668025362,3,2,3_2
PALM3,0.9777083333333333,0.1072675615942029,0,2,0_2
PALMD,1.0370916666666667,0.06501726861513689,2,1,2_1
PAM,0.9817444444444444,0.023735078937198072,0,0,0_0
PAM16,0.9902166666666666,0.06668749985507245,0,1,0_1
PAMR1,1.1760375,0.25166381528985504,3,3,3_3
PAN2,1.032125,0.023901617826086956,2,0,2_0
PAN3,1.0739374999999998,0.015913335579710138,2,0,2_0
PAN3-AS1,0.9960541666666667,0.039186094710144934,0,1,0_1
PANK1,1.0249916666666665,0.03359477898550724,1,0,1_0
PANK2,1.0136232142857142,0.028733520462880816,1,0,1_0
PANK3,0.9909708333333334,0.01627424543478261,0,0,0_0
PANK4,1.038075,0.017288344492753627,2,0,2_0
PANX1,1.0693833333333334,0.05786972971920291,2,1,2_1
PANX2,1.2460833333333332,0.6256059387761677,4,4,4_4
PANX3,4.649708333333334,62.647949501884064,4,4,4_4
PAOX,1.002978125,0.018764131933876813,1,0,1_0
PAPLN,0.9988833333333332,0.07374648014492752,0,1,0_1
PAPOLA,1.0096381944444444,0.0061830374134460575,1,0,1_0
PAPOLB,1.2759270833333334,1.522759555054348,4,4,4_4
PAPOLG,1.1131158333333333,0.09507834818260871,3,2,3_2
PAPPA,1.2786746212121214,0.2617235061570248,4,3,4_3
PAPPA2,1.41211875,0.38392767930253624,4,3,4_3
PAPSS1,1.0281874999999998,0.033925447318840576,1,0,1_0
PAPSS2,1.1526333333333334,0.12945124004830916,3,2,3_2
PAQR3,1.0256125,0.030307825652173916,1,0,1_0
PAQR4,1.027525,0.04387897753623189,1,1,1_1
PAQR5,1.0198604166666667,0.16077077255434782,1,2,1_2
PAQR6,1.0521749999999999,0.062379826811594194,2,1,2_1
PAQR7,1.0154583333333334,0.07326488855072465,1,1,1_1
PAQR8,1.0228333333333335,0.12261874735507246,1,2,1_2
PAQR9,1.72399375,2.0752229045471013,4,4,4_4
PARD3,1.0525479166666667,0.053242508704710145,2,1,2_1
PARD3-AS1,0.9429124999999999,0.09579915152173912,0,2,0_2
PARD3B,1.1168766666666667,0.20652760206376816,3,3,3_3
PARD6A,1.1668916666666667,0.32512559840579713,3,3,3_3
PARD6B,1.6671902777777776,0.7138634342914654,4,4,4_4
PARD6G,1.1358347222222223,0.32418177694847017,3,3,3_3
PARD6G-AS1,1.0859979166666667,0.13518724972826088,3,2,3_2
PARG,0.9903708333333333,0.048617273260869565,0,1,0_1
PARK7,1.0063916666666668,0.0184599879710145,1,0,1_0
PARL,1.0094770833333333,0.025436900271739126,1,0,1_0
PARM1,1.0183895833333334,0.04492679516304348,1,1,1_1
PARN,1.0166458333333332,0.028607764130434782,1,0,1_0
PARP1,1.0613,0.07178807231884059,2,1,2_1
PARP10,1.6062625,0.9167872890126813,4,4,4_4
PARP11,0.9621319444444444,0.06404904796296297,0,1,0_1
PARP12,1.0931666666666666,0.11124831347826086,3,2,3_2
PARP14,1.08966875,0.266599837192029,3,3,3_3
PARP15,1.2176916666666668,0.2947259318478262,3,3,3_3
PARP16,1.0002291666666665,0.01617535471014493,0,0,0_0
PARP2,1.0033152777777776,0.025465245434782614,1,0,1_0
PARP3,0.9477500000000001,0.12156988478260869,0,2,0_2
PARP4,0.9804708333333334,0.010023585,0,0,0_0
PARP6,1.0106958333333333,0.01819250421095008,1,0,1_0
PARP8,0.9986125000000001,0.03925137293478261,0,1,0_1
PARP9,1.1107166666666668,0.27668043793478264,3,3,3_3
PARPBP,1.1255805555555558,0.09327617811594205,3,2,3_2
PARS2,0.9775083333333333,0.04306866217391304,0,1,0_1
PART1,1.0158180555555554,0.15206719144122385,1,2,1_2
PARVA,1.0625988095238095,0.07303151051168294,2,1,2_1
PARVB,1.1752409722222221,0.15796680446658612,3,2,3_2
PARVG,2.4499694444444446,1.872353759726248,4,4,4_4
PASD1,2.2338083333333336,7.856811278115941,4,4,4_4
PASK,0.976038888888889,0.04477974014492754,0,1,0_1
PATE1,2.0759270833333336,2.1257886089673916,4,4,4_4
PATE2,1.3700666666666665,1.4828778682608696,4,4,4_4
PATJ,1.1010722222222222,0.09237119037842191,3,2,3_2
PATL1,1.0501141666666667,0.06533714008405797,2,1,2_1
PATL2,1.1901666666666666,0.341205194057971,3,3,3_3
PATZ1,1.0437013888888889,0.07193692472222221,2,1,2_1
PAWR,1.1257390624999999,0.05652460043817936,3,1,3_1
PAX1,1.4168444444444444,1.027723436795491,4,4,4_4
PAX2,1.2404875,0.5752624153260871,4,4,4_4
PAX3,1.4523416666666666,0.8259022940942029,4,4,4_4
PAX4,1.4064020833333333,0.6967245825905798,4,4,4_4
PAX5,1.78293125,0.7279275604891303,4,4,4_4
PAX6,0.977675,0.04657893858695651,0,1,0_1
PAX7,1.1329104166666666,0.3062039174818841,3,3,3_3
PAX8,1.4639625,0.34064974517663044,4,3,4_3
PAX9,1.0291145833333333,0.03709506621376811,1,1,1_1
PAXBP1,0.9834430555555557,0.021852884903381643,0,0,0_0
PAXBP1-AS1,0.9956229166666667,0.07064740744565215,0,1,0_1
PAXIP1,0.9644541666666667,0.04027426108695652,0,1,0_1
PAXIP1-AS1,1.0226541666666666,0.03419096717391303,1,0,1_0
PAXIP1-AS2,1.0459354166666666,0.06618286048913045,2,1,2_1
PBDC1,1.0414708333333333,0.041596173152173906,2,1,2_1
PBK,1.2747833333333334,0.6493664052173912,4,4,4_4
PBLD,1.5410791666666668,0.5565193702536232,4,4,4_4
PBOV1,1.1288291666666668,0.16829933336956523,3,2,3_2
PBRM1,1.0447381944444445,0.03319546746175524,2,0,2_0
PBX1,1.0258291666666668,0.032068413599033826,1,0,1_0
PBX2,1.0226427083333334,0.0703401257201087,1,1,1_1
PBX3,1.0207416666666667,0.039153563623188406,1,1,1_1
PBX4,0.99355,0.11736240826086956,0,2,0_2
PBXIP1,1.1319104166666667,0.09714407241847829,3,2,3_2
PC,1.0626,0.11573338956521739,2,2,2_2
PCA3,1.8571437499999999,2.5872959530615938,4,4,4_4
PCAT18,1.0108875000000002,0.14567802905797103,1,2,1_2
PCAT19,1.1442291666666666,0.1591115939855072,3,2,3_2
PCAT4,1.5263833333333334,0.7609223178623188,4,4,4_4
PCAT6,0.981275,0.02772923101449276,0,0,0_0
PCAT7,0.9884791666666667,0.5645463744202899,0,4,0_4
PCBD1,1.0093791666666665,0.09268981456521741,1,2,1_2
PCBD2,1.0111541666666668,0.026324880152979072,1,0,1_0
PCBP1,0.996175,0.018554108115942027,0,0,0_0
PCBP2,1.1315847222222224,0.0721911889331723,3,1,3_1
PCBP3,1.073825,0.23027745985507242,2,3,2_3
PCBP4,1.0733625,0.12126397239130435,2,2,2_2
PCCA,0.997890277777778,0.02800222437198068,0,0,0_0
PCCB,1.1057750000000002,0.05948385163043479,3,1,3_1
PCDH1,1.02038125,0.12302504501811591,1,2,1_2
PCDH10,1.3160354166666666,0.6742010874456521,4,4,4_4
PCDH11X,1.3511791666666666,1.1816331841304348,4,4,4_4
PCDH11Y,1.09176875,0.17055431714673916,3,2,3_2
PCDH12,1.0925791666666667,0.0755278329710145,3,1,3_1
PCDH15,1.5406416666666667,1.3151282436231884,4,4,4_4
PCDH17,1.2794819444444443,0.3208187125362319,4,3,4_3
PCDH18,1.094975,0.10062295260869566,3,2,3_2
PCDH19,1.134825,0.27221309159420287,3,3,3_3
PCDH7,1.1160975000000002,0.22406237813623187,3,3,3_3
PCDH8,0.9364666666666666,0.38404865869565225,0,3,0_3
PCDH9,1.0214968750000002,0.18829214109148545,1,2,1_2
PCDHA1,1.0786763888888888,0.17153598888083738,2,2,2_2
PCDHA10,1.1734416666666665,0.3154454473913043,3,3,3_3
PCDHA2,1.037938888888889,0.2392708842995169,2,3,2_3
PCDHA5,1.0445229166666667,0.48243650389492776,2,3,2_3
PCDHA9,0.9821541666666667,0.439941103405797,0,3,0_3
PCDHAC1,1.5049604166666668,0.9449921001268117,4,4,4_4
PCDHAC2,1.2168416666666666,1.086194087536232,3,4,3_4
PCDHB1,1.0287041666666668,0.6383513484782609,1,4,1_4
PCDHB11,1.5618791666666665,2.130443303985507,4,4,4_4
PCDHB12,0.9950833333333332,0.2349813288405797,0,3,0_3
PCDHB13,1.0539333333333334,0.09574498264492758,2,2,2_2
PCDHB14,0.9690833333333334,0.06178335971014493,0,1,0_1
PCDHB15,1.0820291666666668,0.19330163297101452,3,3,3_3
PCDHB16,1.0323958333333334,0.051661084275362326,2,1,2_1
PCDHB2,1.0901833333333333,0.2184112091304348,3,3,3_3
PCDHB3,1.2528097222222223,0.41626082100644124,4,3,4_3
PCDHB4,1.0761979166666666,0.20989715987318844,2,3,2_3
PCDHB5,0.9927375,0.09937634789855072,0,2,0_2
PCDHB6,1.091175,0.184015624384058,3,2,3_2
PCDHB7,1.0371541666666666,0.2967681578985507,2,3,2_3
PCDHB8,1.1676916666666666,1.0972268747826088,3,4,3_4
PCDHB9,0.9985624999999999,0.11966422626811593,0,2,0_2
PCDHGA1,1.0102666666666666,0.039831576504347835,1,1,1_1
PCDHGA10,1.3953166666666668,3.85780874347826,4,4,4_4
PCDHGA11,2.6085666666666665,7.89758687695652,4,4,4_4
PCDHGA3,0.9476749999999999,0.12806726228663445,0,2,0_2
PCDHGA4,1.0627916666666666,0.22888842260869563,2,3,2_3
PCDHGA8,1.0053958333333333,0.15625787847826092,1,2,1_2
PCDHGA9,1.7479208333333334,3.766620043550724,4,4,4_4
PCDHGB5,1.0413958333333333,0.16839003731884059,2,2,2_2
PCDHGB6,1.4393291666666663,2.479542135,4,4,4_4
PCDHGB7,1.1567729166666667,0.21283192494565217,3,3,3_3
PCDHGC3,1.20875,0.4098039745289855,3,3,3_3
PCDHGC4,1.2871708333333334,1.2729422551811596,4,4,4_4
PCDHGC5,1.60546875,1.2501798448007246,4,4,4_4
PCED1A,1.0536270833333334,0.07622246972826088,2,1,2_1
PCED1B,1.0832208333333335,0.13690413760869566,3,2,3_2
PCF11,1.0094541666666668,0.009170777427536239,1,0,1_0
PCGEM1,1.2682708333333332,0.6157296214130434,4,4,4_4
PCGF1,0.9999062500000001,0.039012068496376805,0,1,0_1
PCGF2,1.0292916666666667,0.05173069796195653,1,1,1_1
PCGF3,1.015305,0.06917215886956522,1,1,1_1
PCGF5,1.0163891666666667,0.01879396526086957,1,0,1_0
PCGF6,0.9903,0.02076343173913043,0,0,0_0
PCID2,1.002625,0.01245649177536233,1,0,1_0
PCIF1,0.9975527777777778,0.0543094560547504,0,1,0_1
PCK1,1.1055833333333334,0.5145256621739129,3,3,3_3
PCK2,1.0347958333333334,0.05400385369565217,2,1,2_1
PCLO,1.3413875,0.6887879427777778,4,4,4_4
PCM1,1.0048972222222223,0.025309250776972613,1,0,1_0
PCMT1,1.0209388888888888,0.007229276570048311,1,0,1_0
PCMTD1,1.0204975,0.018532841585507248,1,0,1_0
PCMTD2,0.991875,0.08525285250000002,0,2,0_2
PCNA,1.0192875000000001,0.028968349637681162,1,0,1_0
PCNP,1.2130319444444444,0.20358276408212558,3,3,3_3
PCNT,1.0180749999999998,0.02118804891304348,1,0,1_0
PCNX1,1.009925,0.07510043150547174,1,1,1_1
PCNX2,1.0862941666666668,0.17499310215362315,3,2,3_2
PCNX3,0.9588791666666667,0.2564349481884058,0,3,0_3
PCNX4,1.2348327380952382,0.18705309588139601,3,2,3_2
PCOLCE,1.2299250000000002,0.4133554569565218,3,3,3_3
PCOLCE-AS1,1.0623458333333333,0.22832601384057974,2,3,2_3
PCOLCE2,1.1305416666666668,0.2955103573913043,3,3,3_3
PCP2,1.2115645833333335,0.2960517820833333,3,3,3_3
PCP4,1.0609458333333333,0.12519334282608696,2,2,2_2
PCP4L1,1.2901083333333334,0.5119066476811595,4,3,4_3
PCSK1,1.4376208333333331,1.070056011521739,4,4,4_4
PCSK1N,1.6991416666666668,4.81748250942029,4,4,4_4
PCSK2,1.1240895833333335,0.2781404300181159,3,3,3_3
PCSK4,0.9568291666666666,0.06507143557971015,0,1,0_1
PCSK5,1.3937583333333332,0.49297020574879236,4,3,4_3
PCSK6,1.3399937499999999,0.19264859395833334,4,3,4_3
PCSK7,1.0514916666666667,0.04926543626811594,2,1,2_1
PCSK9,1.0853666666666666,0.169125235942029,3,2,3_2
PCTP,1.0967416666666667,0.05440679,3,1,3_1
PCYOX1,1.0446354166666667,0.046871046938405804,2,1,2_1
PCYOX1L,1.0592083333333333,0.06701500144927536,2,1,2_1
PCYT1A,0.9754166666666667,0.02544333085346215,0,0,0_0
PCYT1B,1.0899291666666666,0.1894797154830918,3,2,3_2
PCYT2,0.9883645833333333,0.09970947128623188,0,2,0_2
PDAP1,1.00620625,0.05325711284420289,1,1,1_1
PDC,1.2839583333333333,2.530972261014493,4,4,4_4
PDCD1,2.1253125,3.260328408913044,4,4,4_4
PDCD10,1.00395,0.006149499565217388,1,0,1_0
PDCD11,0.9817416666666666,0.014384410181159421,0,0,0_0
PDCD1LG2,1.0497166666666666,0.2219030006884058,2,3,2_3
PDCD2,0.9991666666666666,0.018314585918840578,0,0,0_0
PDCD2L,1.0200916666666668,0.022123223333333338,1,0,1_0
PDCD4,1.1190041666666666,0.2622475955797101,3,3,3_3
PDCD4-AS1,1.0062541666666667,0.05357195673913043,1,1,1_1
PDCD5,1.0094916666666667,0.02522659956521738,1,0,1_0
PDCD6,0.9890638888888889,0.02671020429951691,0,0,0_0
PDCD6IP,0.997175,0.009552156376811597,0,0,0_0
PDCD7,1.4926333333333333,0.7437308380434784,4,4,4_4
PDCL,1.000225,0.02962565206521738,0,0,0_0
PDCL2,1.547291666666667,3.3588355292753627,4,4,4_4
PDE10A,1.0247166666666667,0.17640321995169078,1,2,1_2
PDE11A,1.1763677083333335,0.40219983003170295,3,3,3_3
PDE12,1.103678125,0.08439898541213768,3,2,3_2
PDE1A,1.0982660714285715,0.1487376439204377,3,2,3_2
PDE1B,1.0150083333333335,0.23882563840579712,1,3,1_3
PDE1C,1.4428819444444445,0.30690813677536233,4,3,4_3
PDE2A,1.094525,0.19007790507246378,3,2,3_2
PDE3A,1.478233333333333,0.5215372286684783,4,3,4_3
PDE3B,1.0704111111111112,0.12958563024154587,2,2,2_2
PDE4A,1.33733,0.3320184877391304,4,3,4_3
PDE4B,1.08385,0.1247835187278583,3,2,3_2
PDE4D,1.045559027777778,0.0739209675020129,2,1,2_1
PDE4DIP,1.1837427083333334,0.31413575317481884,3,3,3_3
PDE5A,1.23808125,0.14999736289855073,3,2,3_2
PDE6A,0.9836833333333334,0.40190846362318844,0,3,0_3
PDE6B,1.0837520833333334,0.3184377156702899,3,3,3_3
PDE6C,1.5185250000000001,3.194391855507247,4,4,4_4
PDE6D,0.9786180555555556,0.02721969997584541,0,0,0_0
PDE6G,1.1086125,0.4872972800724638,3,3,3_3
PDE6H,1.3904250000000002,3.1875766163768113,4,4,4_4
PDE7A,1.0574680555555556,0.046026167673107896,2,1,2_1
PDE7B,1.1098222222222223,0.20991369545893718,3,3,3_3
PDE8A,1.007953125,0.04350951215126811,1,1,1_1
PDE8B,1.0068930555555555,0.048304860185185164,1,1,1_1
PDE9A,1.1675520833333335,0.9836658417210143,3,4,3_4
PDGFA,1.0772916666666668,0.1755139725,2,2,2_2
PDGFB,1.3223354166666668,0.37028614086956524,4,3,4_3
PDGFC,0.9350541666666666,0.03423331090579709,0,0,0_0
PDGFD,1.0758375,0.2793681314130435,2,3,2_3
PDGFRA,1.1207458333333333,0.0896078639130435,3,2,3_2
PDGFRB,1.3085041666666666,0.35548828543478267,4,3,4_3
PDGFRL,1.1232624999999998,0.2800887742753623,3,3,3_3
PDHA1,1.0107444444444444,0.016155309420289855,1,0,1_0
PDHA2,1.0234958333333333,0.4497632073188406,1,3,1_3
PDHB,1.02346875,0.008145502228260867,1,0,1_0
PDHX,1.0079333333333333,0.01337901086956522,1,0,1_0
PDIA2,1.2981902777777778,0.3597002983977456,4,3,4_3
PDIA3,0.9849666666666668,0.013972177938808372,0,0,0_0
PDIA4,1.0128229166666667,0.06475128824275363,1,1,1_1
PDIA6,1.0090375,0.03147141272644927,1,0,1_0
PDIK1L,0.9560208333333332,0.03734421123188407,0,1,0_1
PDILT,0.9641958333333333,1.7457485764492755,0,4,0_4
PDK1,1.0226666666666666,0.06788135698872785,1,1,1_1
PDK2,0.9081104166666666,0.0825561830615942,0,2,0_2
PDK3,1.0255483333333333,0.05381156939710145,1,1,1_1
PDK4,1.5264569444444447,2.7504196521175515,4,4,4_4
PDLIM1,1.0487958333333334,0.030899542246376806,2,0,2_0
PDLIM2,1.4689020833333333,1.2686869315760874,4,4,4_4
PDLIM3,1.6284222222222222,1.6698429501610306,4,4,4_4
PDLIM4,1.1257816666666667,0.132493866342029,3,2,3_2
PDLIM5,1.2231466666666668,0.09445608963623191,3,2,3_2
PDLIM7,1.5342059523809521,0.4508092933540372,4,3,4_3
PDP1,1.0420041666666666,0.06393045996376812,2,1,2_1
PDP2,1.0075166666666666,0.09268234460144928,1,2,1_2
PDPK1,1.0175791666666667,0.03920699195652173,1,1,1_1
PDPN,1.311609375,0.2800260852853261,4,3,4_3
PDPR,1.090838888888889,0.2339771913687601,3,3,3_3
PDRG1,0.9041041666666668,0.057069313840579707,0,1,0_1
PDS5A,1.0114010416666668,0.018512620131340585,1,0,1_0
PDS5B,1.0211479166666666,0.04076712008655394,1,1,1_1
PDSS1,1.0380104166666666,0.03564914871376811,2,0,2_0
PDSS2,1.0467354166666667,0.11290074506340578,2,2,2_2
PDX1,2.0679805555555553,0.6554889602415459,4,4,4_4
PDXDC1,1.1093229166666667,0.17873068813405799,3,2,3_2
PDXK,1.0623041666666666,0.029679515793075702,2,0,2_0
PDXP,1.0215916666666667,0.04161713840579709,1,1,1_1
PDYN,1.4268,1.5105464082608695,4,4,4_4
PDZD11,1.0089750000000002,0.05013850289855072,1,1,1_1
PDZD2,0.9973375,0.060911884017713386,0,1,0_1
PDZD3,1.5123583333333332,1.8524950929347823,4,4,4_4
PDZD4,1.0834374999999998,0.18643284355072468,3,2,3_2
PDZD7,0.8378708333333332,0.22116131108695647,0,3,0_3
PDZD8,1.031028125,0.029979288020833335,2,0,2_0
PDZD9,1.2451708333333333,1.4775628464492756,4,4,4_4
PDZK1,1.0179833333333332,0.04411249666666667,1,1,1_1
PDZK1IP1,1.0425895833333334,0.20264039030797096,2,3,2_3
PDZRN3,1.4356833333333334,0.8428835022383254,4,4,4_4
PDZRN3-AS1,0.9685041666666666,0.14870863195652173,0,2,0_2
PDZRN4,1.1864999999999999,0.4528891685507246,3,3,3_3
PEA15,1.0319479166666667,0.048288885271739135,2,1,2_1
PEAK1,1.0700416666666668,0.07247341923913042,2,1,2_1
PEAR1,1.2602791666666666,0.4042440531159421,4,3,4_3
PEBP1,1.018623611111111,0.026776195595813207,1,0,1_0
PEBP4,1.219775,0.7476209140579712,3,4,3_4
PECAM1,1.1572708333333332,0.1857914494347826,3,2,3_2
PECR,1.0369166666666667,0.053487896630434795,2,1,2_1
PEF1,1.0272249999999998,0.012047751304347822,1,0,1_0
PEG10,1.2925354166666667,1.1301907390760866,4,4,4_4
PEG3,1.10933125,0.1564570044384058,3,2,3_2
PELI1,1.1794027777777778,0.3296528121256039,3,3,3_3
PELI2,1.0038166666666666,0.07669137938405797,1,1,1_1
PELI3,1.0125374999999999,0.04789614760869565,1,1,1_1
PELO,1.0548861111111112,0.05701016041867955,2,1,2_1
PELP1,1.0790083333333333,0.03662149130434783,2,1,2_1
PEMT,0.9887166666666666,0.023413221304347826,0,0,0_0
PENK,0.8059770833333334,0.08347364269927537,0,2,0_2
PEPD,1.0044541666666666,0.013199361666666664,1,0,1_0
PER2,1.02976875,0.04320643114130435,1,1,1_1
PER3,1.2359083333333334,0.2632727820742754,3,3,3_3
PERM1,1.0390333333333333,0.055546855797101446,2,1,2_1
PERP,1.0961675,0.1429654793536232,3,2,3_2
PES1,0.9728479166666667,0.07300461875,0,1,0_1
PET100,1.0270833333333333,0.0634807152173913,1,1,1_1
PET117,1.0003108333333335,0.018804101701449277,0,0,0_0
PEX1,0.9593583333333333,0.022496246992753627,0,0,0_0
PEX10,0.9660291666666666,0.0423651277173913,0,1,0_1
PEX11A,1.0278083333333334,0.030281479999999996,1,0,1_0
PEX11B,0.9873416666666667,0.010932929710144925,0,0,0_0
PEX11G,0.9546416666666665,0.050413415942028986,0,1,0_1
PEX12,1.0040708333333335,0.022015960652173906,1,0,1_0
PEX13,1.0378683333333332,0.03545847313043478,2,0,2_0
PEX14,1.0434055555555555,0.06506849998389697,2,1,2_1
PEX16,0.9550708333333334,0.05203777160225443,0,1,0_1
PEX19,1.0123916666666666,0.03521095076086957,1,0,1_0
PEX2,1.0584819444444444,0.10891639206924318,2,2,2_2
PEX26,1.135,0.17348013495974235,3,2,3_2
PEX3,0.999475,0.014841247745571664,0,0,0_0
PEX5,1.0725395833333333,0.062486942735507256,2,1,2_1
PEX5L,1.6899697916666667,0.7104253668523551,4,4,4_4
PEX5L-AS2,1.5209625000000002,1.8678962168840578,4,4,4_4
PEX6,1.0435916666666667,0.10685777032608693,2,2,2_2
PEX7,1.0270625,0.012573894239130436,1,0,1_0
PF4,1.6729041666666669,3.5480871502173916,4,4,4_4
PF4V1,1.0372375,0.4000901054347826,2,3,2_3
PFAS,0.9734124999999999,0.012655357608695652,0,0,0_0
PFDN1,1.0536958333333333,0.10082851108695652,2,2,2_2
PFDN2,1.0217291666666666,0.03044789326086957,1,0,1_0
PFDN4,1.2288875,0.19097823282608692,3,3,3_3
PFDN5,1.034445833333333,0.07506586155797103,2,1,2_1
PFKFB1,1.0684527777777777,0.17061405038647343,2,2,2_2
PFKFB2,1.0928083333333334,0.06368716071557971,3,1,3_1
PFKFB3,1.1225958333333335,0.10719316398550725,3,2,3_2
PFKFB4,0.9896291666666667,0.10693784931159421,0,2,0_2
PFKL,1.0045979166666668,0.035155940561594205,1,0,1_0
PFKM,1.0695666666666666,0.07887935710144926,2,1,2_1
PFKP,1.0029291666666666,0.04914450387681158,1,1,1_1
PFN1,1.0560541666666667,0.06701800673913043,2,1,2_1
PFN2,0.9753541666666666,0.009533733405797103,0,0,0_0
PFN4,1.0095,0.09130898742753621,1,2,1_2
PGA4,4.110662499999999,35.30365869442029,4,4,4_4
PGAM1,1.0142875,0.011339532681159422,1,0,1_0
PGAM2,0.9405208333333334,0.09875734905797101,0,2,0_2
PGAM5,0.9600208333333334,0.1826093534057971,0,2,0_2
PGAP1,1.0614325,0.05153726565507245,2,1,2_1
PGAP2,0.9912583333333332,0.03516809460144926,0,0,0_0
PGAP3,1.0914583333333334,0.06527586025362318,3,1,3_1
PGBD1,1.0236458333333334,0.05308518804347826,1,1,1_1
PGBD2,1.0138395833333333,0.14359388773550724,1,2,1_2
PGBD4,1.0468875000000002,0.16550137166666665,2,2,2_2
PGBD5,0.9745166666666667,0.09826025260869564,0,2,0_2
PGC,1.5210687499999997,0.905623702192029,4,4,4_4
PGD,1.5586111111111112,0.5614965832045089,4,4,4_4
PGF,1.0721833333333335,0.11543767416666668,2,2,2_2
PGGHG,1.0332625,0.0850100565942029,2,2,2_2
PGGT1B,1.0141875,0.017435407206119167,1,0,1_0
PGK1,1.0147805555555556,0.013841532632850248,1,0,1_0
PGK2,1.046475,0.40467747289855077,2,3,2_3
PGLS,0.996484375,0.047690085113224645,0,1,0_1
PGLYRP1,1.7277166666666668,2.474458186521739,4,4,4_4
PGLYRP2,1.6335041666666665,2.548610354710145,4,4,4_4
PGLYRP3,1.9303458333333332,5.313635060217391,4,4,4_4
PGLYRP4,0.9799333333333333,0.33386980666666666,0,3,0_3
PGM1,1.0130125,0.018515493840579714,1,0,1_0
PGM2,1.037863888888889,0.029682785716586148,2,0,2_0
PGM2L1,1.031015,0.05253702126376813,2,1,2_1
PGM3,1.0099083333333334,0.060986097862318844,1,1,1_1
PGM5,1.3070069444444445,0.4251975526650563,4,3,4_3
PGM5-AS1,1.1016875,0.15319454793478257,3,2,3_2
PGP,1.090625,0.17251338865942029,3,2,3_2
PGPEP1,1.0358,0.04961777703804348,2,1,2_1
PGR,1.3757249999999999,0.7828706082246376,4,4,4_4
PGRMC1,0.9936541666666666,0.018188013115942026,0,0,0_0
PGRMC2,1.0133458333333334,0.018183294311594208,1,0,1_0
PGS1,1.3100333333333332,0.45512109902173903,4,3,4_3
PHACTR1,1.4301930555555558,0.6369294045652175,4,4,4_4
PHACTR2,1.0281508333333333,0.04284407274492753,1,1,1_1
PHACTR2-AS1,1.1364604166666668,0.26522305041666666,3,3,3_3
PHACTR3,1.3258208333333332,2.1724910973188396,4,4,4_4
PHACTR4,0.9757312499999999,0.03380244317028985,0,0,0_0
PHAX,1.0034666666666665,0.004835761111111112,1,0,1_0
PHB,1.1062083333333335,0.21134880963768124,3,3,3_3
PHB2,1.0141791666666669,0.03865258282608696,1,1,1_1
PHC1,1.044,0.030092197862318846,2,0,2_0
PHC2,1.0397972222222223,0.059781362689210964,2,1,2_1
PHC3,1.0210041666666667,0.01828196793913044,1,0,1_0
PHEX,1.0014,0.19982367246376806,1,3,1_3
PHEX-AS1,1.0921375,0.37176862630434787,3,3,3_3
PHF1,1.017975,0.016070941775362314,1,0,1_0
PHF10,1.0455375,0.029300883115942023,2,0,2_0
PHF11,1.02835625,0.061468511829710144,1,1,1_1
PHF12,1.0114895833333333,0.0853255462862319,1,2,1_2
PHF13,0.9571125,0.019048833115942028,0,0,0_0
PHF14,1.0198916666666666,0.04099070934782609,1,1,1_1
PHF19,1.0478986111111113,0.07338197123188406,2,1,2_1
PHF2,1.2071270833333332,0.48517772940217385,3,3,3_3
PHF20,1.0374941666666666,0.05552181716811594,2,1,2_1
PHF20L1,1.002290476190476,0.020866825448092277,1,0,1_0
PHF21A,1.0050958333333335,0.02377391375905797,1,0,1_0
PHF21B,0.9952895833333333,0.07350848628623187,0,1,0_1
PHF23,0.9704916666666668,0.03554650967391305,0,0,0_0
PHF24,1.0853583333333334,0.33930077771739137,3,3,3_3
PHF3,1.00396,0.012712823872463763,1,0,1_0
PHF5A,1.0692000000000002,0.04634940681159421,2,1,2_1
PHF6,1.0381145833333334,0.025059295199275373,2,0,2_0
PHF7,1.0123694444444444,0.06742548507246375,1,1,1_1
PHF8,1.460563888888889,0.41580232046698873,4,3,4_3
PHGDH,0.9402333333333335,0.08959690565217392,0,2,0_2
PHGR1,1.8213041666666665,3.159265455,4,4,4_4
PHIP,1.0448575,0.03607281042608696,2,0,2_0
PHKA1,1.0031604166666668,0.032667443641304354,1,0,1_0
PHKA2,1.0383097222222224,0.04583449058776168,2,1,2_1
PHKB,1.0246395833333333,0.019566544565217392,1,0,1_0
PHKG1,1.0804770833333335,0.24848493414855072,2,3,2_3
PHKG2,1.0721513888888887,0.11260294817230275,2,2,2_2
PHLDA1,0.9916909722222224,0.11480726281199678,0,2,0_2
PHLDA2,1.0704625,0.16322712466183575,2,2,2_2
PHLDA3,1.0700479166666665,0.1370709664311594,2,2,2_2
PHLDB1,1.0891583333333335,0.5800573882608696,3,4,3_4
PHLDB2,1.2734691666666667,0.24112702473333336,4,3,4_3
PHLDB3,1.2351722222222223,0.644907725088567,3,4,3_4
PHLPP1,1.2808916666666668,1.1456053932971018,4,4,4_4
PHLPP2,1.0305833333333334,0.054335469963768104,2,1,2_1
PHOSPHO1,1.0625083333333334,0.7228207271014493,2,4,2_4
PHOSPHO2,1.1103166666666666,0.09516197420289854,3,2,3_2
PHOX2A,1.7564250000000001,2.3383391811594203,4,4,4_4
PHOX2B,1.8885500000000004,5.658349533188407,4,4,4_4
PHPT1,1.0540125,0.05426810003623189,2,1,2_1
PHRF1,1.0106229166666667,0.07802298820652175,1,1,1_1
PHTF1,1.0136958333333332,0.0742684723460145,1,1,1_1
PHTF2,1.1355858333333335,0.09551799399130434,3,2,3_2
PHYH,1.0646583333333333,0.04909468710144927,2,1,2_1
PHYHD1,1.0026541666666666,0.04591155702898551,1,1,1_1
PHYHIP,1.6090333333333333,1.967383998985507,4,4,4_4
PHYHIPL,1.0403166666666668,0.11021327173913041,2,2,2_2
PHYKPL,1.36433125,0.4181467427083333,4,3,4_3
PI15,1.2038958333333332,0.5165144347826088,3,3,3_3
PI16,3.3308208333333336,20.26479390166666,4,4,4_4
PI3,1.2170500000000002,0.6518577089492754,3,4,3_4
PI4K2A,1.0629666666666668,0.11760237731078908,2,2,2_2
PI4KA,0.9675250000000001,0.015188257391304347,0,0,0_0
PI4KB,0.9905569444444445,0.014567943486312396,0,0,0_0
PIANP,1.4951229166666666,0.9961840463586958,4,4,4_4
PIAS1,1.0290986111111111,0.01529152657809984,1,0,1_0
PIAS2,1.069635185185185,0.11558075117015566,2,2,2_2
PIAS3,1.0090041666666665,0.027990030217391302,1,0,1_0
PIAS4,1.2130645833333331,0.3463578530978261,3,3,3_3
PIBF1,1.0497041666666667,0.04281042992753623,2,1,2_1
PICALM,1.0057258333333332,0.02228783865217391,1,0,1_0
PICK1,0.9559416666666666,0.029368904782608687,0,0,0_0
PICSAR,2.1196,5.454531258985506,4,4,4_4
PID1,1.0298361111111112,0.07197753579710145,1,1,1_1
PIDD1,1.0722166666666668,0.08150152775362318,2,2,2_2
PIEZO1,1.051076388888889,0.08417835422705316,2,2,2_2
PIEZO2,1.2943298611111111,0.2321630908917069,4,3,4_3
PIF1,1.8620666666666665,1.920617200543478,4,4,4_4
PIFO,1.0591166666666667,0.28201463362318835,2,3,2_3
PIGA,1.0771083333333333,0.11078972217391306,2,2,2_2
PIGB,1.0066229166666667,0.03016544259057971,1,0,1_0
PIGC,1.0224708333333332,0.016798638059581313,1,0,1_0
PIGF,1.0111416666666668,0.010634757536231882,1,0,1_0
PIGG,1.0074447916666667,0.026973178156702905,1,0,1_0
PIGH,1.0310708333333334,0.052726139347826086,2,1,2_1
PIGK,1.0610375,0.07500539369565216,2,1,2_1
PIGL,1.0204383333333336,0.027707978272463775,1,0,1_0
PIGM,1.0009555555555556,0.013679027149758462,0,0,0_0
PIGN,1.0092625,0.01198121452898551,1,0,1_0
PIGO,1.5568569444444444,0.8103643168357486,4,4,4_4
PIGP,1.0240541666666667,0.031924540797101456,1,0,1_0
PIGQ,1.0393999999999999,0.06928775039855072,2,1,2_1
PIGR,1.1921541666666666,0.3541495816304348,3,3,3_3
PIGS,1.062375,0.03739807942028985,2,1,2_1
PIGT,1.0584625,0.21401198518115944,2,3,2_3
PIGU,1.0874249999999999,0.19808940927536234,3,3,3_3
PIGV,1.1544958333333335,0.1597701010064412,3,2,3_2
PIGW,1.1087666666666667,0.14615369579710147,3,2,3_2
PIGX,0.9931972222222223,0.014255468293075682,0,0,0_0
PIGZ,1.233275,0.2422373563768116,3,3,3_3
PIH1D1,0.9739791666666667,0.04694932050724638,0,1,0_1
PIH1D2,1.0590875,0.3126382797826087,2,3,2_3
PIH1D3,1.1115875,0.44030090427536234,3,3,3_3
PIK3AP1,1.0044229166666667,0.055531359365942036,1,1,1_1
PIK3C2A,1.085700462962963,0.1004503152290213,3,2,3_2
PIK3C2B,1.135225,0.0993920407246377,3,2,3_2
PIK3C2G,1.0800416666666666,0.3499667447826087,2,3,2_3
PIK3C3,1.1750476190476191,0.08530184018042002,3,2,3_2
PIK3CA,1.0057458333333333,0.039445765644122395,1,1,1_1
PIK3CB,0.9996604166666666,0.04740778882246376,0,1,0_1
PIK3CD,1.4628104166666667,0.7619580650905796,4,4,4_4
PIK3CD-AS1,1.850020833333333,3.465605695144927,4,4,4_4
PIK3CD-AS2,1.6265562500000001,1.297429142844203,4,4,4_4
PIK3CG,1.0935819444444446,0.10081142034621578,3,2,3_2
PIK3IP1,0.9563055555555556,0.05024746162640902,0,1,0_1
PIK3IP1-AS1,0.9787291666666667,0.08769604268115942,0,2,0_2
PIK3R1,1.0650819444444444,0.06292615055555553,2,1,2_1
PIK3R2,0.9815652777777778,0.04161686326086956,0,1,0_1
PIK3R3,1.04346875,0.03073068385869566,2,0,2_0
PIK3R4,1.1327125,0.37169521941223826,3,3,3_3
PIK3R5,1.1644347222222222,0.19996200678743964,3,3,3_3
PIK3R6,1.6304208333333332,0.4786361255797101,4,3,4_3
PIKFYVE,1.090513888888889,0.126769118373591,3,2,3_2
PILRA,1.1374083333333334,0.208751925615942,3,3,3_3
PIM1,1.0839958333333333,0.10903913557971015,3,2,3_2
PIM2,1.2535708333333333,0.2647878045652174,4,3,4_3
PIM3,1.1106916666666666,0.1860362879710145,3,2,3_2
PIN1,1.0370041666666667,0.053147934565217395,2,1,2_1
PIN4,1.0035562500000001,0.04895322019021739,1,1,1_1
PINK1,1.0418729166666667,0.027130034655797105,2,0,2_0
PINK1-AS,1.0167166666666667,0.1238610152173913,1,2,1_2
PINLYP,1.0312416666666666,0.10336393782608697,2,2,2_2
PINX1,0.9619916666666667,0.15219446623188404,0,2,0_2
PIP,0.9580875,0.0982427425362319,0,2,0_2
PIP4K2A,1.050836111111111,0.07045673714975845,2,1,2_1
PIP4K2B,1.0050968749999998,0.028130629923007248,1,0,1_0
PIP4K2C,1.0075416666666668,0.00519789695652174,1,0,1_0
PIP5K1A,1.0058472222222221,0.07083808821256037,1,1,1_1
PIP5K1B,0.9145875,0.041525563260869564,0,1,0_1
PIP5K1C,0.994425,0.039914221304347824,0,1,0_1
PIP5KL1,0.9705916666666665,0.26918983956521736,0,3,0_3
PIPOX,1.0426125,0.12509887485507246,2,2,2_2
PIR,1.1440083333333335,0.2539016679710145,3,3,3_3
PIRT,1.5556,2.383367574927536,4,4,4_4
PITHD1,0.9698444444444445,0.029988570450885665,0,0,0_0
PITPNA,1.027201388888889,0.04669537954106281,1,1,1_1
PITPNA-AS1,0.9734374999999998,0.03868090398550724,0,1,0_1
PITPNB,1.0174916666666667,0.006731550144927534,1,0,1_0
PITPNC1,1.0799858333333334,0.07309164500000002,2,1,2_1
PITPNM1,0.9984000000000001,0.19414101362318842,0,3,0_3
PITPNM2,1.0551513888888888,0.14034424438808377,2,2,2_2
PITPNM3,0.9497937499999999,0.13437518382246377,0,2,0_2
PITRM1,0.9671541666666666,0.05988638518115942,0,1,0_1
PITRM1-AS1,1.0139583333333333,0.26567383739130435,1,3,1_3
PITX1,1.0765395833333333,0.15048410338768117,2,2,2_2
PITX2,1.355175,2.498886354347826,4,4,4_4
PITX3,1.20815,0.7880934452173914,3,4,3_4
PIWIL1,1.2868083333333333,1.1903195450724637,4,4,4_4
PIWIL2,1.3876013888888885,1.0373940500563605,4,4,4_4
PIWIL4,1.0429583333333332,0.02673713405797101,2,0,2_0
PJA1,1.0876291666666666,0.06233453282608697,3,1,3_1
PJA2,1.0056375,0.01843365268115942,1,0,1_0
PKD1L1,2.136260416666667,2.4117217501630432,4,4,4_4
PKD2,0.9945208333333332,0.03932564615942029,0,1,0_1
PKD2L1,1.1279791666666668,0.6309248389130435,3,4,3_4
PKD2L2,1.00434375,0.11848891375000001,1,2,1_2
PKDCC,1.1339208333333335,0.5488737521014492,3,4,3_4
PKDREJ,1.1609125,0.6266967557246377,3,4,3_4
PKHD1,1.3879819444444443,0.5446714790740741,4,4,4_4
PKHD1L1,0.9840249999999999,0.1097527163768116,0,2,0_2
PKIA,1.0346895833333334,0.06578349074275361,2,1,2_1
PKIA-AS1,1.2287333333333332,1.32221275,3,4,3_4
PKIB,1.1554416666666667,0.24541556858695657,3,3,3_3
PKIG,1.0094,0.044092325942028984,1,1,1_1
PKLR,1.4988875000000002,0.5626179586714976,4,4,4_4
PKM,1.0246895833333334,0.03245447675724638,1,0,1_0
PKMYT1,1.027825,0.09190795898550726,1,2,1_2
PKN1,0.9922875000000001,0.0424866729710145,0,1,0_1
PKN2,1.0701486111111111,0.09128066765700484,2,2,2_2
PKN3,1.0257833333333333,0.049120262173913035,1,1,1_1
PKNOX1,1.0218891666666667,0.02634473649565217,1,0,1_0
PKNOX2,1.234784375,0.1922708912817029,3,3,3_3
PKP1,1.6364520833333334,1.4574717927717387,4,4,4_4
PKP2,1.0207895833333334,0.13072247005434784,1,2,1_2
PKP3,1.03376875,0.12924372994565217,2,2,2_2
PKP4,1.0424141666666666,0.02649639347536233,2,0,2_0
PLA1A,1.0365458333333333,0.24466818543478266,2,3,2_3
PLA2G12A,1.0199833333333332,0.014679102047101447,1,0,1_0
PLA2G12B,1.4108104166666664,0.7800572826992753,4,4,4_4
PLA2G15,1.0090875,0.05078438702898551,1,1,1_1
PLA2G16,1.0314333333333332,0.03930946771739129,2,1,2_1
PLA2G1B,0.9776083333333334,0.24217942101449283,0,3,0_3
PLA2G2A,1.4308958333333333,1.6865359436956524,4,4,4_4
PLA2G2D,1.5311375,2.28915572326087,4,4,4_4
PLA2G2E,0.9472166666666667,0.43087685376811596,0,3,0_3
PLA2G2F,1.4212416666666663,2.864293787971014,4,4,4_4
PLA2G3,1.1128041666666666,0.3065507010869566,3,3,3_3
PLA2G4A,0.9910708333333332,0.06006583659420291,0,1,0_1
PLA2G4B,1.0316583333333333,0.04052160221014493,2,1,2_1
PLA2G4C,1.3739729166666665,0.4755661428804348,4,3,4_3
PLA2G4D,0.9941166666666668,0.5106654952173912,0,3,0_3
PLA2G4E-AS1,1.485883333333333,0.7685396,4,4,4_4
PLA2G4F,1.5667708333333332,2.1589873002173916,4,4,4_4
PLA2G5,1.1436347222222223,0.33458565632045084,3,3,3_3
PLA2G6,0.9789249999999999,0.060660473703703706,0,1,0_1
PLA2G7,1.2490208333333335,0.4967289455797101,4,3,4_3
PLA2R1,1.0865031250000001,0.12215442169836957,3,2,3_2
PLAA,1.0181277777777777,0.03044460149758454,1,0,1_0
PLAC1,1.4583916666666665,1.210552947536232,4,4,4_4
PLAC4,1.1428972222222222,0.1836599954589372,3,2,3_2
PLAC8,1.042975,0.23023588855072466,2,3,2_3
PLAC8L1,1.0392208333333333,0.07672265442028985,2,1,2_1
PLAC9,1.6376208333333333,1.5801356105434783,4,4,4_4
PLAG1,1.0364375,0.07441660543478262,2,1,2_1
PLAGL1,1.0481305555555556,0.025900609677938797,2,0,2_0
PLAGL2,0.9976229166666667,0.025487557119565213,0,0,0_0
PLAT,0.9418458333333334,0.10349640456521739,0,2,0_2
PLAU,1.2528583333333332,0.6869446979347829,4,4,4_4
PLAUR,1.4313500000000001,0.6968374734460548,4,4,4_4
PLB1,1.0856416666666668,0.1268434410869565,3,2,3_2
PLBD1,0.9980916666666667,0.1107388963768116,0,2,0_2
PLBD2,1.033775,0.05721942974637683,2,1,2_1
PLCB1,1.0658291666666668,0.0800136028904992,2,1,2_1
PLCB2,1.09204375,0.17241517501811596,3,2,3_2
PLCB3,0.9992041666666666,0.027857426304347822,0,0,0_0
PLCB4,0.9888645833333333,0.035808689039855075,0,0,0_0
PLCD1,1.0078666666666667,0.05630016652173913,1,1,1_1
PLCD3,1.0489604166666666,0.14075074682971014,2,2,2_2
PLCD4,0.9189708333333334,0.07013093760869564,0,1,0_1
PLCE1,1.1546399999999999,0.09687276022608693,3,2,3_2
PLCE1-AS2,1.4294020833333334,0.9218012161413043,4,4,4_4
PLCG1,0.9935395833333334,0.018972376612318848,0,0,0_0
PLCG1-AS1,1.0994541666666666,0.04822745065217391,3,1,3_1
PLCG2,1.4854,0.27274108001811603,4,3,4_3
PLCH1,1.0388875,0.20549560442028983,2,3,2_3
PLCH1-AS1,1.2608916666666667,0.7885882294202899,4,4,4_4
PLCH2,0.9826041666666666,0.07882296471014492,0,1,0_1
PLCL1,1.0982270833333334,0.11977805972826087,3,2,3_2
PLCL2,1.0558333333333332,0.06501523814814815,2,1,2_1
PLCXD1,1.4788791666666665,0.8714011375000001,4,4,4_4
PLCXD2,1.13451875,0.24797033733695656,3,3,3_3
PLCXD3,1.1663666666666668,0.48892793692028996,3,3,3_3
PLCZ1,2.2463208333333333,4.7700557789130436,4,4,4_4
PLD1,1.0333738095238096,0.04973026284826974,2,1,2_1
PLD2,1.0431208333333333,0.07516587311594203,2,1,2_1
PLD3,0.9642541666666666,0.0998952561594203,0,2,0_2
PLD4,1.05465625,0.1580398913224638,2,2,2_2
PLD5,1.2727645833333334,1.1554796882065221,4,4,4_4
PLD6,1.07143125,0.26960366208333336,2,3,2_3
PLEC,1.0291583333333334,0.17977045039855077,1,2,1_2
PLEK,1.3287770833333334,0.6106880727717391,4,4,4_4
PLEK2,0.9915166666666666,0.044403243333333335,0,1,0_1
PLEKHA1,1.03555,0.056501832681159415,2,1,2_1
PLEKHA2,0.9778930555555556,0.07711500393719807,0,1,0_1
PLEKHA3,1.0417486111111112,0.05073361685185184,2,1,2_1
PLEKHA4,0.9757791666666668,0.16321281572463772,0,2,0_2
PLEKHA5,1.0726430555555557,0.056372167238325284,2,1,2_1
PLEKHA6,0.9753166666666666,0.10996075445652174,0,2,0_2
PLEKHA7,0.9841291666666666,0.03206646876811594,0,0,0_0
PLEKHA8,1.0763243055555556,0.04101817714371982,2,1,2_1
PLEKHB1,1.0407166666666667,0.1100863275201288,2,2,2_2
PLEKHB2,1.2005930555555555,0.19812765356682768,3,3,3_3
PLEKHF1,0.9998291666666667,0.06732802152173914,0,1,0_1
PLEKHF2,1.0234770833333333,0.06820668875000001,1,1,1_1
PLEKHG1,1.1534791666666668,0.2216138402173913,3,3,3_3
PLEKHG2,1.0067083333333333,0.13116797611916264,1,2,1_2
PLEKHG3,1.0361031250000001,0.0793679037817029,2,1,2_1
PLEKHG4,1.1049041666666666,0.13158712123188404,3,2,3_2
PLEKHG4B,0.99379375,0.02987887161231885,0,0,0_0
PLEKHG5,1.0886,0.17881357931159417,3,2,3_2
PLEKHG6,1.0957833333333333,0.17053744739130436,3,2,3_2
PLEKHH1,1.0461458333333333,0.055671718442028985,2,1,2_1
PLEKHH2,1.0201666666666667,0.06896278971014493,1,1,1_1
PLEKHH3,1.1810124999999998,0.5236505673550724,3,3,3_3
PLEKHM1,1.6714791666666666,1.1711336840217392,4,4,4_4
PLEKHM2,1.1141833333333333,0.09674397565217392,3,2,3_2
PLEKHM3,0.9806854166666666,0.023670742047101453,0,0,0_0
PLEKHN1,1.6051125,2.335633674420289,4,4,4_4
PLEKHO1,1.0174833333333335,0.07873777014492753,1,1,1_1
PLEKHO2,1.0677875,0.13125871833333333,2,2,2_2
PLEKHS1,1.06345,0.07024107648550723,2,1,2_1
PLG,1.3436052083333332,0.4420283651222827,4,3,4_3
PLGLB1,1.0779902777777777,0.091217270136876,2,2,2_2
PLGLB2,1.0914,0.3103741839130435,3,3,3_3
PLGRKT,1.1062708333333333,0.04588202514492754,3,1,3_1
PLIN1,1.0801791666666667,0.15920424036231887,2,2,2_2
PLIN2,1.1126729166666667,0.1755556150905797,3,2,3_2
PLIN3,1.0361583333333335,0.06928113521739131,2,1,2_1
PLIN4,0.9002875000000001,0.16307725644927534,0,2,0_2
PLIN5,1.215513888888889,0.17742302207729468,3,2,3_2
PLK1,1.2778833333333335,0.3134737153623189,4,3,4_3
PLK2,0.9192541666666667,0.07370014847826088,0,1,0_1
PLK3,1.0673430555555556,0.08898180103864733,2,2,2_2
PLK4,1.4165319444444444,0.8751638431803543,4,4,4_4
PLK5,1.6192666666666666,1.6922218343478261,4,4,4_4
PLLP,0.9912583333333332,0.060433690724637674,0,1,0_1
PLN,1.4710055555555555,1.2490393883091786,4,4,4_4
PLOD1,1.0235375,0.04253134905797102,1,1,1_1
PLOD2,1.08315625,0.05250721342391305,3,1,3_1
PLOD3,1.0532833333333331,0.0818480356521739,2,2,2_2
PLP1,1.1129875,0.30294400166666663,3,3,3_3
PLP2,1.0658125,0.03633100630434783,2,1,2_1
PLPP1,1.0506354166666665,0.04628171349637682,2,1,2_1
PLPP2,0.9903166666666667,0.09730318594202898,0,2,0_2
PLPP3,1.1106305555555556,0.05109367708534621,3,1,3_1
PLPP4,1.855675,2.0097411613043477,4,4,4_4
PLPP5,1.0439749999999999,0.049703379773550736,2,1,2_1
PLPP6,1.0181708333333332,0.025649171956521735,1,0,1_0
PLPP7,1.0290958333333333,0.24777577775362317,1,3,1_3
PLPPR1,1.5959541666666663,2.2876871049637684,4,4,4_4
PLPPR2,1.0260375,0.10592506844202897,1,2,1_2
PLPPR3,0.9491958333333333,0.38915386079710146,0,3,0_3
PLPPR4,1.1874791666666666,0.22683654601449277,3,3,3_3
PLPPR5,0.9812833333333332,0.6122082952173912,0,4,0_4
PLRG1,1.0073041666666667,0.013944646304347828,1,0,1_0
PLS1,1.0514041666666667,0.10343036123188405,2,2,2_2
PLS3,1.0481125,0.03574634297101448,2,0,2_0
PLSCR1,1.1153486111111113,0.12282290012077295,3,2,3_2
PLSCR2,1.00990625,0.2929303319021739,1,3,1_3
PLSCR4,0.994025,0.03709510753623189,0,1,0_1
PLTP,1.1127416666666667,0.11255958797101447,3,2,3_2
PLVAP,1.1585208333333334,0.2402210155797101,3,3,3_3
PLXDC1,1.3101111111111112,0.2776808645571659,4,3,4_3
PLXDC2,1.0786437500000001,0.07416058529186796,2,1,2_1
PLXNA1,1.131073611111111,0.18431190255233493,3,2,3_2
PLXNA2,1.0631708333333334,0.06301805839774557,2,1,2_1
PLXNA3,1.1104180555555556,0.11845210601449274,3,2,3_2
PLXNA4,1.0793354166666667,0.13025554776268117,2,2,2_2
PLXNB1,1.2234583333333333,0.4256523242391304,3,3,3_3
PLXNB2,1.0378812499999999,0.13799362371376814,2,2,2_2
PLXNB3,0.9730708333333333,0.10848700282608695,0,2,0_2
PLXNC1,1.1397927083333335,0.12841127249547105,3,2,3_2
PLXND1,1.0618194444444444,0.11470230797101448,2,2,2_2
PM20D1,1.0307208333333333,0.3920588836956522,2,3,2_3
PM20D2,0.9892819444444444,0.02576447572463769,0,0,0_0
PMAIP1,1.3406270833333334,0.9341052058152173,4,4,4_4
PMCH,2.2960791666666664,10.241242500652175,4,4,4_4
PMEL,1.935241666666667,3.6645076192753625,4,4,4_4
PMEPA1,1.0103027777777778,0.013630228711755232,1,0,1_0
PMF1,0.9923291666666666,0.01821096326086957,0,0,0_0
PMF1-BGLAP,1.4388458333333334,1.5662167468840578,4,4,4_4
PMFBP1,1.1213791666666666,0.47721546326086955,3,3,3_3
PML,1.1058391666666667,0.06579993862608695,3,1,3_1
PMM1,1.0250083333333333,0.05775197898550724,1,1,1_1
PMM2,0.9875875,0.056397270942028996,0,1,0_1
PMP2,1.0756104166666667,0.25084197027173916,2,3,2_3
PMP22,1.0636270833333334,0.10109018720108696,2,2,2_2
PMPCA,1.0151916666666667,0.02138492043478261,1,0,1_0
PMPCB,1.02495625,0.037114240054347825,1,1,1_1
PMS1,0.9942108333333334,0.037990933713043476,0,1,0_1
PMVK,1.0653958333333333,0.16012084050724634,2,2,2_2
PNCK,1.2480166666666666,0.43268818797101455,4,3,4_3
PNISR,0.998870138888889,0.020403411398953294,0,0,0_0
PNKD,1.0502333333333334,0.05900044880837361,2,1,2_1
PNKP,1.035425,0.04758183942028986,2,1,2_1
PNLDC1,1.1903708333333334,0.519071443405797,3,3,3_3
PNLIP,1.1319708333333334,0.752174502826087,3,4,3_4
PNLIPRP1,1.8037374999999998,1.8851499821376811,4,4,4_4
PNLIPRP3,1.1749541666666667,1.0156065232608695,3,4,3_4
PNMA1,1.0419041666666666,0.05511054760869564,2,1,2_1
PNMA2,1.3810854166666668,0.7048818104891305,4,4,4_4
PNMA3,1.05175,0.15690135097826088,2,2,2_2
PNMA6A,1.2236291666666668,0.47333486601449265,3,3,3_3
PNMT,1.1119458333333332,0.4940486621014493,3,3,3_3
PNN,0.9936349999999999,0.009409617547826085,0,0,0_0
PNO1,1.019202777777778,0.02449901690821256,1,0,1_0
PNOC,1.2113625,0.26973626789855076,3,3,3_3
PNP,1.088375,0.09318183681159421,3,2,3_2
PNPLA1,1.209875,0.8186252771014494,3,4,3_4
PNPLA2,1.0269041666666667,0.0189917531884058,1,0,1_0
PNPLA3,1.8899833333333333,2.997260264637681,4,4,4_4
PNPLA4,0.98536875,0.05405036175724638,0,1,0_1
PNPLA5,1.7719375,5.5101523734057976,4,4,4_4
PNPLA6,1.0051291666666666,0.04472077253623188,1,1,1_1
PNPLA7,1.4953833333333335,1.2081939368478258,4,4,4_4
PNPLA8,1.0266152777777777,0.03365793303542672,1,0,1_0
PNPO,1.0896541666666666,0.06610848192028984,3,1,3_1
PNPT1,1.033075,0.05253629376811595,2,1,2_1
PNRC1,1.0768583333333333,0.09039372999999999,2,2,2_2
PNRC2,1.003025,0.018630010760869568,1,0,1_0
POC1A,1.1295291666666667,0.14131678510869566,3,2,3_2
POC1B,1.0665958333333334,0.05997865543478261,2,1,2_1
POC1B-GALNT4,0.9928979166666666,0.15276479465579712,0,2,0_2
POC5,1.0492416666666666,0.10407365521739129,2,2,2_2
PODN,1.23585625,0.4498869624456522,3,3,3_3
PODNL1,0.9918125,0.03533693282608696,0,0,0_0
PODXL,1.0244416666666665,0.034643115797101456,1,0,1_0
PODXL2,1.1405458333333331,0.7526770616666667,3,4,3_4
POF1B,0.9784305555555557,0.069130511352657,0,1,0_1
POFUT1,0.9858000000000001,0.0603005761594203,0,1,0_1
POFUT2,1.6873552083333336,0.8951931739990941,4,4,4_4
POGK,1.0052916666666667,0.043700910483091784,1,1,1_1
POGLUT1,1.0068,0.019420089710144924,1,0,1_0
POGZ,1.0135645833333333,0.01943690639492754,1,0,1_0
POLA1,1.0218041666666666,0.029644354565217388,1,0,1_0
POLA2,1.187575,0.26615528291465373,3,3,3_3
POLB,1.0439333333333334,0.06889117752012884,2,1,2_1
POLD1,1.0576833333333333,0.27246560507246376,2,3,2_3
POLD2,0.9963458333333334,0.031485362101449275,0,0,0_0
POLD3,0.9886375,0.035922984311594214,0,0,0_0
POLD4,1.0449916666666665,0.20810145434782604,2,3,2_3
POLDIP2,0.9940291666666666,0.020389915108695655,0,0,0_0
POLDIP3,1.3649020833333332,0.20976725223731887,4,3,4_3
POLE,0.9884208333333334,0.028722447318840577,0,0,0_0
POLE2,0.9595458333333333,0.06373293311594203,0,1,0_1
POLE3,1.1137791666666665,0.17919822413043482,3,2,3_2
POLE4,0.9706,0.05780025275362319,0,1,0_1
POLG,1.0492333333333332,0.14915627080515295,2,2,2_2
POLG2,1.020875,0.046430254202898556,1,1,1_1
POLH,1.0661201388888888,0.07864161967592592,2,1,2_1
POLI,0.993775,0.01620148829710145,0,0,0_0
POLK,1.0863694444444445,0.12888805943639295,3,2,3_2
POLL,1.1074791666666668,0.10968828586956522,3,2,3_2
POLM,1.0034041666666667,0.06792770282608694,1,1,1_1
POLN,0.9771479166666667,0.09504927773550727,0,2,0_2
POLQ,1.2673666666666668,0.4980359739492754,4,3,4_3
POLR1A,1.0238937499999998,0.07351611559782607,1,1,1_1
POLR1B,1.0254989583333332,0.033962226082427535,1,0,1_0
POLR1C,1.0425250000000001,0.05844090637681158,2,1,2_1
POLR1D,1.0461944444444444,0.024153729903381643,2,0,2_0
POLR1E,1.0002986111111112,0.013480243743961354,0,0,0_0
POLR2A,1.1703694444444446,0.31118071061191627,3,3,3_3
POLR2B,1.0353833333333333,0.015582076908212568,2,0,2_0
POLR2C,1.0231375,0.013775549750402584,1,0,1_0
POLR2D,1.0162541666666667,0.020351289094202894,1,0,1_0
POLR2E,1.0114958333333333,0.05711394800724638,1,1,1_1
POLR2F,1.0281020833333334,0.06292319784420292,1,1,1_1
POLR2G,1.0208708333333334,0.03363162239130434,1,0,1_0
POLR2H,1.0454999999999999,0.05955497782608695,2,1,2_1
POLR2I,1.0250875,0.0372966277536232,1,1,1_1
POLR2J,1.0767,0.10919530362318841,2,2,2_2
POLR2J2,1.1380125,0.10835412268115943,3,2,3_2
POLR2K,1.0189979166666667,0.0174505689673913,1,0,1_0
POLR2L,0.9845395833333334,0.0444362894021739,0,1,0_1
POLR3A,1.0651222222222223,0.09322314001610303,2,2,2_2
POLR3B,1.0068861111111111,0.040086291030595814,1,1,1_1
POLR3C,0.9961645833333334,0.02139723219202899,0,0,0_0
POLR3D,1.0981500000000002,0.04808834086956522,3,1,3_1
POLR3E,1.5690666666666668,2.6248965482608697,4,4,4_4
POLR3F,1.0691583333333332,0.08434139231884057,2,2,2_2
POLR3G,1.0668583333333332,0.08042486024154591,2,1,2_1
POLR3GL,1.0002333333333333,0.018619477536231877,0,0,0_0
POLR3H,1.0369777777777778,0.030686500756843805,2,0,2_0
POLR3K,0.9817874999999999,0.0412475040942029,0,1,0_1
POLRMT,1.2042472222222222,0.31059679115942024,3,3,3_3
POM121,1.077175,0.09208528855072463,2,2,2_2
POM121C,1.0042208333333333,0.023420156702898553,1,0,1_0
POM121L12,0.9707374999999999,0.12512443192028985,0,2,0_2
POM121L2,0.8979958333333333,0.1787068906521739,0,2,0_2
POMC,1.0455791666666665,0.35032999630434786,2,3,2_3
POMGNT1,1.0913791666666668,0.1911262918276973,3,3,3_3
POMGNT2,0.9358083333333332,0.051575889420289844,0,1,0_1
POMK,1.3634083333333333,2.620149702173913,4,4,4_4
POMP,1.0087604166666668,0.010071996431159419,1,0,1_0
POMT1,1.0005833333333334,0.08029374246376811,0,1,0_1
POMT2,1.0231729166666668,0.046626899619565225,1,1,1_1
POMZP3,1.0804604166666667,0.19777097621376813,2,3,2_3
PON1,1.1435479166666667,0.23346006356884058,3,3,3_3
PON2,1.111715277777778,0.13678749469404186,3,2,3_2
PON3,1.08955,0.19753865507246376,3,3,3_3
POP1,1.0061041666666666,0.05455330934782609,1,1,1_1
POP4,1.01173125,0.017104115307971016,1,0,1_0
POP5,0.9676166666666667,0.015118373913043479,0,0,0_0
POP7,0.9508541666666667,0.055712899637681154,0,1,0_1
POPDC2,1.01581875,0.02365596400362318,1,0,1_0
POPDC3,0.9581499999999998,0.49795892246376816,0,3,0_3
POR,1.1681541666666666,0.2188958029710145,3,3,3_3
PORCN,1.0258291666666666,0.15023957789855072,1,2,1_2
POSTN,1.378671875,0.6844330361458334,4,4,4_4
POT1,1.026375,0.03185274623188406,1,0,1_0
POT1-AS1,1.0913,0.8989684813043479,3,4,3_4
POTEM,1.1280916666666665,0.16438149782608696,3,2,3_2
POU1F1,1.3117416666666666,1.611298502753623,4,4,4_4
POU2AF1,1.0216916666666667,0.08005163068840579,1,1,1_1
POU2F1,1.0205479166666667,0.053973858668478265,1,1,1_1
POU2F2,1.2443964285714284,0.17581503854776692,4,2,4_2
POU2F3,1.1903083333333335,0.4779577160507246,3,3,3_3
POU3F1,1.1523354166666666,0.2844446703442029,3,3,3_3
POU3F2,1.32035625,0.5978294153804348,4,4,4_4
POU3F3,1.2470277777777776,0.8895086442834139,4,4,4_4
POU3F4,2.4206291666666666,6.20478370326087,4,4,4_4
POU4F1,0.9355375,0.1245383647463768,0,2,0_2
POU4F2,0.9203374999999999,0.37961000992753624,0,3,0_3
POU4F3,1.4844541666666666,2.5040010607971017,4,4,4_4
POU5F1B,0.9194999999999999,0.1927415627536232,0,3,0_3
POU5F2,1.0629208333333333,0.40471301311594204,2,3,2_3
POU6F1,0.9835614583333333,0.10680284585597825,0,2,0_2
POU6F2,2.4178083333333333,5.541617679855072,4,4,4_4
POU6F2-AS2,1.0694125,0.48893287528985513,2,3,2_3
PP2D1,0.8676749999999999,0.17210943985507246,0,2,0_2
PPA1,0.9784708333333333,0.007275252536231884,0,0,0_0
PPA2,1.0247975,0.025745939846376804,1,0,1_0
PPAN-P2RY11,1.0603708333333333,0.03959599684782609,2,1,2_1
PPARA,1.0256828703703704,0.02046768353641081,1,0,1_0
PPARD,1.335025,0.3734507761775362,4,3,4_3
PPARG,0.9906333333333334,0.08303341724637682,0,2,0_2
PPARGC1A,1.1663875,0.2638957408695653,3,3,3_3
PPARGC1B,1.1992302083333335,0.14512868018568845,3,2,3_2
PPAT,1.008201388888889,0.022240932971014482,1,0,1_0
PPBP,1.4358666666666668,3.0009092613043484,4,4,4_4
PPCDC,0.9737833333333333,0.04105803927536232,0,1,0_1
PPCS,0.9812750000000001,0.007755326231884058,0,0,0_0
PPDPF,0.9748055555555556,0.036676625008051536,0,1,0_1
PPEF1,1.1868083333333332,0.35883501260869566,3,3,3_3
PPEF2,1.0262041666666668,0.5781384536956522,1,4,1_4
PPFIA1,1.0812875,0.10999539550724638,3,2,3_2
PPFIA2,1.0313125,0.1453208464331723,2,2,2_2
PPFIA3,0.9786729166666666,0.0870612953442029,0,2,0_2
PPFIA4,1.0701458333333334,0.13589967992753624,2,2,2_2
PPFIBP1,1.0742133333333335,0.04413393223768115,2,1,2_1
PPFIBP2,1.0388875,0.051760640507246373,2,1,2_1
PPHLN1,1.0381341666666666,0.024324583823188424,2,0,2_0
PPIA,1.18043125,0.2794780967934783,3,3,3_3
PPIAL4C,0.9595416666666666,0.27229123695652174,0,3,0_3
PPIB,1.0651541666666666,0.07956002952898553,2,1,2_1
PPIC,1.0092708333333331,0.028435991702898553,1,0,1_0
PPID,1.0236486111111112,0.015598035064412244,1,0,1_0
PPIE,1.0224125,0.031285661602254426,1,0,1_0
PPIF,1.0485333333333333,0.11198492249999999,2,2,2_2
PPIG,1.0025197916666666,0.004459995321557972,1,0,1_0
PPIH,1.1159083333333333,0.07142775231884059,3,1,3_1
PPIL1,1.0964291666666666,0.08524468471014492,3,2,3_2
PPIL2,1.0728076388888887,0.0691101580293881,2,1,2_1
PPIL3,0.9733708333333334,0.026226184130434788,0,0,0_0
PPIL4,1.0148208333333333,0.024850366304347827,1,0,1_0
PPIL6,1.3814388888888889,0.48464306152979075,4,3,4_3
PPIP5K1,1.0156958333333332,0.025692337499999995,1,0,1_0
PPIP5K2,1.0030541666666666,0.015861401521739128,1,0,1_0
PPL,0.9769958333333332,0.039476070797101456,0,1,0_1
PPM1A,1.0280465277777777,0.014932132010869563,1,0,1_0
PPM1B,0.9991145833333334,0.010266895670289853,0,0,0_0
PPM1D,1.0521083333333332,0.013838944528985505,2,0,2_0
PPM1E,1.03390625,0.35203845099637693,2,3,2_3
PPM1F,0.9986468749999999,0.053432293301630435,0,1,0_1
PPM1G,1.0321083333333334,0.0435391079710145,2,1,2_1
PPM1H,0.9885694444444445,0.053078016473429954,0,1,0_1
PPM1J,1.0088833333333334,0.12828065855072462,1,2,1_2
PPM1K,1.0191891666666668,0.05414219032753622,1,1,1_1
PPM1L,1.0120451388888887,0.03924053132246377,1,1,1_1
PPM1M,1.0448083333333333,0.09720468086956523,2,2,2_2
PPM1N,1.1502333333333334,0.4041184426449275,3,3,3_3
PPME1,1.4877930555555554,0.9522931865136876,4,4,4_4
PPOX,1.0998194444444445,0.18658707265700483,3,2,3_2
PPP1CA,0.9371666666666667,0.027214816231884056,0,0,0_0
PPP1CB,1.016590625,0.015576553673007244,1,0,1_0
PPP1CC,1.0149541666666666,0.0067518609420289845,1,0,1_0
PPP1R10,1.0240104166666668,0.05074031672101449,1,1,1_1
PPP1R11,1.0815375,0.13783539832427535,3,2,3_2
PPP1R12A,1.0492194444444445,0.031270339178743965,2,0,2_0
PPP1R12B,1.3037741666666667,0.4697570140202898,4,3,4_3
PPP1R12C,1.609538888888889,1.2289995144766508,4,4,4_4
PPP1R13B,0.9949958333333333,0.015173891231884057,0,0,0_0
PPP1R13L,1.0096625,0.053553947898550724,1,1,1_1
PPP1R14A,1.5479166666666666,2.334233363768116,4,4,4_4
PPP1R14B,1.020625,0.06468209202898549,1,1,1_1
PPP1R14C,1.0472875000000001,0.2595349721014493,2,3,2_3
PPP1R14D,1.2467041666666667,0.1653639670289855,4,2,4_2
PPP1R15A,1.2082583333333334,0.43723024427536233,3,3,3_3
PPP1R15B,1.0615833333333333,0.05006401,2,1,2_1
PPP1R16A,0.9841583333333332,0.05437248826086957,0,1,0_1
PPP1R16B,1.1774152777777778,0.2345421132930757,3,3,3_3
PPP1R17,1.2261125000000002,0.5587019556521738,3,4,3_4
PPP1R18,1.2744958333333332,0.2565051138405797,4,3,4_3
PPP1R1A,1.1204583333333333,0.1797805308333333,3,2,3_2
PPP1R1B,0.9196375,0.12198015456521738,0,2,0_2
PPP1R1C,1.0715208333333333,0.1766762476449275,2,2,2_2
PPP1R2,1.0181260416666669,0.022653016861413043,1,0,1_0
PPP1R21,1.0684541666666667,0.05878735568840581,2,1,2_1
PPP1R26,0.9960208333333332,0.02966525717391304,0,0,0_0
PPP1R26-AS1,1.0089958333333333,0.09172489358695653,1,2,1_2
PPP1R27,0.9448124999999999,0.12945458659420292,0,2,0_2
PPP1R32,1.0731583333333334,0.24746691362318837,2,3,2_3
PPP1R35,1.0169583333333334,0.06887646710144928,1,1,1_1
PPP1R36,1.0006833333333334,0.0915194811594203,0,2,0_2
PPP1R37,1.0066111111111111,0.11052095289855077,1,2,1_2
PPP1R3A,1.3563833333333333,1.959899394673913,4,4,4_4
PPP1R3B,0.9716597222222222,0.07045395169887278,0,1,0_1
PPP1R3C,0.9908020833333332,0.10843901346014492,0,2,0_2
PPP1R3D,1.0010041666666665,0.01536129402173913,0,0,0_0
PPP1R3E,1.0142125,0.028477276835748782,1,0,1_0
PPP1R3F,1.1176291666666667,0.10411421573369564,3,2,3_2
PPP1R7,1.0163208333333333,0.0351481013768116,1,0,1_0
PPP1R8,0.9881458333333333,0.016371603260869567,0,0,0_0
PPP1R9A,1.0876802083333332,0.15386271886322464,3,2,3_2
PPP1R9B,0.9943020833333334,0.09876335798913043,0,2,0_2
PPP2CA,1.0373277777777778,0.031087700853462158,2,0,2_0
PPP2CB,1.0167458333333332,0.12352136101449275,1,2,1_2
PPP2R1A,0.9812041666666667,0.051956214710144936,0,1,0_1
PPP2R1B,1.17116,0.1320828484811594,3,2,3_2
PPP2R2A,0.9930447916666667,0.03871297567481884,0,1,0_1
PPP2R2B,1.0947729166666667,0.24309547657608693,3,3,3_3
PPP2R2C,1.2401472222222223,0.19094728184782608,4,3,4_3
PPP2R2D,0.9785020833333333,0.020883837119565225,0,0,0_0
PPP2R3A,1.014808333333333,0.06912873254428341,1,1,1_1
PPP2R3B,1.5447625,1.135949570398551,4,4,4_4
PPP2R3C,1.0347513888888888,0.0326053137278583,2,0,2_0
PPP2R5A,1.4284687499999997,1.066382330597826,4,4,4_4
PPP2R5B,1.0394666666666665,0.03748081271739131,2,1,2_1
PPP2R5C,0.9991375000000001,0.016837613450080516,0,0,0_0
PPP2R5D,1.0536395833333334,0.022155529076086953,2,0,2_0
PPP2R5E,1.009255,0.009334160562318837,1,0,1_0
PPP3CA,0.9908805555555557,0.014304391256038648,0,0,0_0
PPP3CB,1.03221875,0.0071018927355072405,2,0,2_0
PPP3CC,1.1494291666666667,0.12974873897101452,3,2,3_2
PPP3R1,1.0124166666666667,0.06182865673913045,1,1,1_1
PPP3R2,1.094025,1.2265239237318841,3,4,3_4
PPP4C,1.0861333333333334,0.18031806159420288,3,2,3_2
PPP4R1,1.033025,0.04851069521739129,2,1,2_1
PPP4R2,1.046313888888889,0.03171957676328503,2,0,2_0
PPP4R3A,1.0189694444444444,0.0345353980837359,1,0,1_0
PPP4R3B,1.0270902777777777,0.026475427342995156,1,0,1_0
PPP4R4,1.091323611111111,0.4134571702173913,3,3,3_3
PPP5C,1.0181041666666666,0.11612408518115942,1,2,1_2
PPP5D1,1.0079645833333333,0.0401091955615942,1,1,1_1
PPP6C,1.002034375,0.0064145693342391305,1,0,1_0
PPP6R1,1.0094,0.04779623985507245,1,1,1_1
PPP6R2,1.3115416666666666,0.2806185062499999,4,3,4_3
PPP6R3,1.220775,0.32828752723027377,3,3,3_3
PPRC1,1.0222583333333333,0.05476521,1,1,1_1
PPT1,1.0076583333333333,0.009597674347826084,1,0,1_0
PPT2-EGFL8,0.9994041666666668,0.06271587344202899,0,1,0_1
PPTC7,1.0797125,0.131629595531401,2,2,2_2
PPWD1,0.9685312500000002,0.025649411721014502,0,0,0_0
PPY,1.6937583333333333,2.08844367057971,4,4,4_4
PQBP1,1.0032680555555558,0.05542803456521739,1,1,1_1
PQLC1,1.7721083333333336,1.8751966194565217,4,4,4_4
PQLC2,1.3460819444444443,0.42569248369565216,4,3,4_3
PQLC2L,1.0459229166666668,0.07702683777173913,2,1,2_1
PQLC3,1.569513888888889,0.6501299958615137,4,4,4_4
PRAC1,1.0765083333333332,0.498180894057971,2,3,2_3
PRADC1,0.9978583333333333,0.049142135652173916,0,1,0_1
PRAF2,1.0208125,0.05576871485507246,1,1,1_1
PRAM1,1.0531916666666667,0.3741992936231884,2,3,2_3
PRAME,0.9766333333333334,0.4867299537681159,0,3,0_3
PRAMEF10,1.0569791666666666,0.29051768079710144,2,3,2_3
PRAMEF11,2.2615083333333335,6.13053654884058,4,4,4_4
PRAMEF12,0.9851333333333333,0.5688814291304348,0,4,0_4
PRAMEF2,1.8005875,4.531999911811595,4,4,4_4
PRAP1,2.377591666666667,10.485732461304348,4,4,4_4
PRB1,1.288075,0.7684754392431562,4,4,4_4
PRB3,1.1263041666666667,0.5094819018115943,3,3,3_3
PRB4,1.3993541666666667,1.1867929719565218,4,4,4_4
PRC1,1.1118833333333333,0.18679361,3,2,3_2
PRCC,0.9850166666666667,0.022702518260869574,0,0,0_0
PRCD,0.9459395833333334,0.1777209814673913,0,2,0_2
PRCP,1.1619416666666667,0.0944466577173913,3,2,3_2
PRDM1,1.1014902777777777,0.24381888272946858,3,3,3_3
PRDM10,1.0066958333333333,0.04656882673913043,1,1,1_1
PRDM11,1.0580558333333334,0.0718855201304348,2,1,2_1
PRDM12,0.9969833333333332,0.03663538811594202,0,1,0_1
PRDM13,1.8295708333333334,3.499807411086956,4,4,4_4
PRDM14,1.0779208333333334,0.43292565499999996,2,3,2_3
PRDM15,0.9196183333333333,0.054953247831884065,0,1,0_1
PRDM16,1.6932854166666667,1.2761974393297102,4,4,4_4
PRDM2,1.0076216666666666,0.04773110533913044,1,1,1_1
PRDM4,1.1445555555555555,0.2785993267149759,3,3,3_3
PRDM5,1.3594180555555557,0.59960768578905,4,4,4_4
PRDM6,1.4408305555555556,0.606724839694042,4,4,4_4
PRDM7,1.1085083333333332,0.21062676347826087,3,3,3_3
PRDM8,1.1112854166666668,0.4319085125905797,3,3,3_3
PRDM9,1.1894458333333333,1.3316241836956522,3,4,3_4
PRDX1,1.0321333333333333,0.1039355331884058,2,2,2_2
PRDX2,0.9976760416666667,0.02779790630887681,0,0,0_0
PRDX3,1.0559541666666667,0.040789090217391306,2,1,2_1
PRDX4,0.9915625,0.05656619195652174,0,1,0_1
PRDX5,1.12764375,0.2360889396920291,3,3,3_3
PRDX6,1.0235270833333334,0.009849373967391306,1,0,1_0
PREB,1.05085,0.0931319836231884,2,2,2_2
PRELID1,1.0384437499999999,0.04889057480072465,2,1,2_1
PRELID2,1.01813125,0.03351380472826087,1,0,1_0
PRELID3A,1.1206791666666667,0.4755765899275362,3,3,3_3
PRELID3B,1.0246041666666665,0.024905322439613523,1,0,1_0
PRELP,1.1464722222222223,0.30636204814814816,3,3,3_3
PREP,1.0498930555555557,0.02941216657809985,2,0,2_0
PREPL,1.0295791666666667,0.02492274116847826,1,0,1_0
PREX1,1.11169375,0.14309487969202897,3,2,3_2
PREX2,1.0456635416666666,0.07486254132699276,2,1,2_1
PRF1,1.09188125,0.3453285229528985,3,3,3_3
PRG2,1.2361166666666668,0.4190465421739131,3,3,3_3
PRG3,1.677716666666667,3.670341319855072,4,4,4_4
PRG4,0.9672791666666667,0.1873391042753623,0,2,0_2
PRICKLE1,1.1456416666666667,0.1059907691485507,3,2,3_2
PRICKLE2,1.0348208333333333,0.02365309731884058,2,0,2_0
PRICKLE2-AS3,1.071025,0.27799855391304346,2,3,2_3
PRICKLE3,1.1132166666666667,0.07336094333333332,3,1,3_1
PRIM1,1.0126833333333334,0.019624605797101447,1,0,1_0
PRIM2,1.0175458333333334,0.03284298137681159,1,0,1_0
PRIMA1,1.1562249999999998,0.21765411434782606,3,3,3_3
PRIMPOL,0.9795541666666666,0.02744287572463768,0,0,0_0
PRKAA1,1.01993,0.04409348867826086,1,1,1_1
PRKAA2,1.0687291666666667,0.07867175044347822,2,1,2_1
PRKAB1,1.0473833333333333,0.0626709372826087,2,1,2_1
PRKAB2,0.9867305555555556,0.03734123682769725,0,1,0_1
PRKACA,0.9584583333333333,0.08558512894927536,0,2,0_2
PRKACB,1.040213888888889,0.047050630885668264,2,1,2_1
PRKACG,1.8650833333333334,2.234623603478261,4,4,4_4
PRKAG1,1.0356083333333332,0.07647285507246378,2,1,2_1
PRKAG2,1.0347408333333332,0.06755272413623192,2,1,2_1
PRKAG2-AS1,1.0365791666666666,0.14204883886473424,2,2,2_2
PRKAG3,1.0358958333333332,0.44803258920289857,2,3,2_3
PRKAR1A,1.0189375,0.02276785494565217,1,0,1_0
PRKAR1B,1.0504375,0.1125501163405797,2,2,2_2
PRKAR2A,1.0292975,0.02402908203768116,1,0,1_0
PRKAR2B,1.0429583333333332,0.029065410579710148,2,0,2_0
PRKCA,1.0663925,0.12103361425217392,2,2,2_2
PRKCA-AS1,1.5629979166666665,1.5136148902717388,4,4,4_4
PRKCB,1.4952284722222224,0.4444190629166667,4,3,4_3
PRKCD,1.0388166666666667,0.06817189434782608,2,1,2_1
PRKCE,1.1253354166666665,0.18987286801630432,3,2,3_2
PRKCG,1.696395833333333,1.6446796648913042,4,4,4_4
PRKCH,1.204573611111111,0.4104587133896942,3,3,3_3
PRKCI,0.9712125,0.035417136239935594,0,0,0_0
PRKCQ,1.0208479166666666,0.17818020686594202,1,2,1_2
PRKCSH,0.9840229166666669,0.048260200706521726,0,1,0_1
PRKCZ,1.022625,0.02831873869565217,1,0,1_0
PRKD1,1.0506395833333333,0.15185983505434783,2,2,2_2
PRKD2,0.9890222222222222,0.01882428405797101,0,0,0_0
PRKD3,1.0751558333333333,0.03879941933043479,2,1,2_1
PRKDC,0.9943486111111111,0.04787951163446056,0,1,0_1
PRKG1,1.3746875,0.39180322896135267,4,3,4_3
PRKG1-AS1,1.7472541666666668,2.7838239029710143,4,4,4_4
PRKG2,1.2501375,0.6826316460144927,4,4,4_4
PRKRA,1.0281270833333334,0.03013092440217393,1,0,1_0
PRKX,1.1035166666666667,0.09557008144927537,3,2,3_2
PRL,1.5016333333333334,2.0605924498550725,4,4,4_4
PRLH,0.9487208333333333,0.27156437862318844,0,3,0_3
PRLHR,2.0877874999999997,7.734688238478261,4,4,4_4
PRLR,1.2297630952380951,0.22558869626441885,3,3,3_3
PRM1,1.1319875,0.4042103463043478,3,3,3_3
PRM2,2.160720833333333,7.050011191956521,4,4,4_4
PRM3,1.6968958333333333,2.292307577753623,4,4,4_4
PRMT1,1.1195875,0.2799007558333333,3,3,3_3
PRMT2,0.9708815476190477,0.018752841986098785,0,0,0_0
PRMT3,0.9896125000000001,0.018228207318840582,0,0,0_0
PRMT5,0.9777624999999999,0.022937071843800325,0,0,0_0
PRMT5-AS1,1.1044291666666666,0.11858846978260867,3,2,3_2
PRMT6,0.9533416666666666,0.02963933608695652,0,0,0_0
PRMT7,1.0299583333333333,0.04476782304347826,1,1,1_1
PRMT8,0.9437500000000001,0.21354347144927535,0,3,0_3
PRMT9,1.026075,0.03559269260869565,1,0,1_0
PRND,1.9575125,2.455361595471014,4,4,4_4
PRNP,1.0821583333333333,0.04998084605072461,3,1,3_1
PRNT,1.472675,1.925075082753623,4,4,4_4
PROC,1.0552875000000002,0.2862034493478261,2,3,2_3
PROCA1,1.0196812499999999,0.13172551603260868,1,2,1_2
PROCR,1.1806791666666667,0.07212785036231883,3,1,3_1
PRODH2,1.248060416666667,0.387840105307971,4,3,4_3
PROK1,1.1838916666666666,0.8086380033333332,3,4,3_4
PROK2,2.7430125000000003,19.033008971811594,4,4,4_4
PROKR2,1.5092416666666668,3.9496491697101455,4,4,4_4
PROM1,0.9597541666666668,0.02330438268115942,0,0,0_0
PROM2,1.1422041666666667,0.09030621120869567,3,2,3_2
PROP1,1.2540333333333333,1.0463611244927535,4,4,4_4
PRORY,1.9662125,3.618703933260869,4,4,4_4
PROS1,1.1858166666666665,0.26382354884057974,3,3,3_3
PROSER1,1.0347104166666667,0.009211309076086959,2,0,2_0
PROSER2,1.0362416666666667,0.03167253221014493,2,0,2_0
PROSER2-AS1,1.0010229166666667,0.20199154059782606,0,3,0_3
PROSER3,1.0193625,0.18060073967391305,1,2,1_2
PROX1,1.0592822916666667,0.14198852512228263,2,2,2_2
PROX2,1.50945,1.3339264411594203,4,4,4_4
PROZ,1.0107125000000001,0.457447636884058,1,3,1_3
PRPF18,1.0167041666666667,0.04334348568840579,1,1,1_1
PRPF19,1.0223166666666665,0.032737701304347826,1,0,1_0
PRPF3,0.9860583333333333,0.03948707869565217,0,1,0_1
PRPF31,1.0126666666666668,0.09323502143317232,1,2,1_2
PRPF38A,1.0130611111111112,0.020202391561996772,1,0,1_0
PRPF38B,1.0073958333333335,0.027762579094202898,1,0,1_0
PRPF39,1.0068708333333334,0.02479602992753623,1,0,1_0
PRPF4,1.06295625,0.07153413871376813,2,1,2_1
PRPF40A,0.995923611111111,0.007657491650563607,0,0,0_0
PRPF40B,1.001075,0.045442440724637684,0,1,0_1
PRPF4B,1.2339416666666667,0.18638179171195657,3,2,3_2
PRPF6,1.0013166666666666,0.1169762972826087,1,2,1_2
PRPF8,1.0048000000000001,0.016162310869565214,1,0,1_0
PRPH,1.1271916666666666,0.2717688457971014,3,3,3_3
PRPH2,1.0600125,0.28046937905797104,2,3,2_3
PRPS1,1.0498625,0.06584258061594203,2,1,2_1
PRPS1L1,1.4113416666666667,1.4228543584057969,4,4,4_4
PRPS2,1.0101416666666667,0.016153189311594204,1,0,1_0
PRPSAP1,1.0512020833333333,0.05228796498188406,2,1,2_1
PRPSAP2,1.01265,0.042417695217391305,1,1,1_1
PRR11,1.0500486111111111,0.03185903957326891,2,0,2_0
PRR12,1.0347666666666666,0.01995983565217391,2,0,2_0
PRR13,1.0165958333333334,0.023685563405797107,1,0,1_0
PRR14,1.1221458333333334,0.15521703994363928,3,2,3_2
PRR14L,1.0374822916666666,0.03454525990489131,2,0,2_0
PRR15,1.0816083333333333,0.27287664043478266,3,3,3_3
PRR15L,1.0794416666666666,0.21237211826086955,2,3,2_3
PRR16,1.2856708333333333,0.4592274141666666,4,3,4_3
PRR18,1.0399208333333334,0.2820876844202898,2,3,2_3
PRR19,1.5112499999999998,1.7251502289855072,4,4,4_4
PRR20E,2.0217125,3.13067026442029,4,4,4_4
PRR22,1.5020624999999999,0.7241887201811593,4,4,4_4
PRR23D2,2.0297291666666664,5.722086094565217,4,4,4_4
PRR26,0.9411125,0.08677294394927537,0,2,0_2
PRR29,1.1055166666666667,0.19924729043478265,3,3,3_3
PRR3,0.9945604166666667,0.05082170744565219,0,1,0_1
PRR30,1.0490208333333333,0.2994943735507246,2,3,2_3
PRR32,1.2480208333333334,0.8189134534057972,4,4,4_4
PRR34,1.3533375,0.9474319919565216,4,4,4_4
PRR34-AS1,1.03075,0.021437722173913036,2,0,2_0
PRR35,1.5849916666666666,3.5767315818840584,4,4,4_4
PRR36,1.1663833333333333,0.44635410130434783,3,3,3_3
PRR5,1.0807624999999998,0.10082365880434783,2,2,2_2
PRR5-ARHGAP8,1.3820802083333332,0.49212406858242763,4,3,4_3
PRR5L,1.2581260416666666,0.23080785186141303,4,3,4_3
PRR7,2.1056291666666667,4.485017679782608,4,4,4_4
PRR7-AS1,1.2077333333333333,0.5041369265217391,3,3,3_3
PRR9,0.9496458333333333,0.3091833910869565,0,3,0_3
PRRC1,1.0412708333333334,0.030881079565217396,2,0,2_0
PRRC2A,1.015388888888889,0.06638100523349434,1,1,1_1
PRRC2B,1.0526930555555556,0.10436504772141707,2,2,2_2
PRRC2C,0.9912048611111112,0.009500851056763286,0,0,0_0
PRRG1,1.0331666666666666,0.04677813188405799,2,1,2_1
PRRG2,1.0406541666666667,0.3600568364492754,2,3,2_3
PRRG3,1.13995625,0.269605406865942,3,3,3_3
PRRG4,1.0785416666666667,0.08438897221014495,2,2,2_2
PRRT2,0.9642166666666667,0.24280955173913044,0,3,0_3
PRRT3,1.0415124999999998,0.15115977311594198,2,2,2_2
PRRT3-AS1,1.0341666666666667,0.09841828217391305,2,2,2_2
PRRX1,1.1096722222222224,0.10883480684380034,3,2,3_2
PRRX2,1.0449958333333333,0.17497230717391304,2,2,2_2
PRRX2-AS1,1.1254916666666668,0.44567133318840574,3,3,3_3
PRSS12,1.0557125,0.2108631450724638,2,3,2_3
PRSS16,0.9996791666666667,0.07051434369565217,0,1,0_1
PRSS2,1.2271208333333332,0.40245963377616745,3,3,3_3
PRSS21,1.4976749999999999,3.4294061568115946,4,4,4_4
PRSS22,1.0645541666666667,0.09823711253623191,2,2,2_2
PRSS23,0.9954166666666667,0.06671962055253623,0,1,0_1
PRSS27,0.8951291666666666,0.15835734326086956,0,2,0_2
PRSS3,1.1068708333333335,0.1526855043115942,3,2,3_2
PRSS33,1.6471541666666667,2.4007773932971013,4,4,4_4
PRSS35,1.8346291666666665,3.990725122101449,4,4,4_4
PRSS36,2.2766750000000004,3.839046123478261,4,4,4_4
PRSS37,1.1075291666666667,0.6465798276086957,3,4,3_4
PRSS50,1.1447416666666668,0.815428817536232,3,4,3_4
PRSS53,0.9090875,0.10360075413043479,0,2,0_2
PRSS54,1.0808458333333333,0.31777471471014496,3,3,3_3
PRSS55,1.352925,0.9328624955072465,4,4,4_4
PRSS58,1.8291374999999999,5.402843413405797,4,4,4_4
PRSS8,0.9936916666666665,0.10933012898550723,0,2,0_2
PRTFDC1,1.0119041666666666,0.029939501811594202,1,0,1_0
PRTG,1.0995680555555556,0.16630528016908214,3,2,3_2
PRTN3,1.1792125,2.411728179202899,3,4,3_4
PRUNE1,1.1965354166666666,0.15023183741847826,3,2,3_2
PRUNE2,1.1384027777777779,0.25698766948470203,3,3,3_3
PRX,0.7678041666666666,0.10464009771739134,0,2,0_2
PSAP,1.0090000000000001,0.020641004528985513,1,0,1_0
PSAPL1,1.272225,1.0960638743478264,4,4,4_4
PSAT1,1.0481645833333333,0.1223547846557971,2,2,2_2
PSCA,1.5064291666666667,1.853903585289855,4,4,4_4
PSD,1.0120916666666666,0.15355713391304346,1,2,1_2
PSD2,1.0369791666666668,0.17727469282608696,2,2,2_2
PSD3,1.0827736111111113,0.101546907705314,3,2,3_2
PSD4,1.049325,0.06377351080515296,2,1,2_1
PSEN1,1.034817261904762,0.03224474888938184,2,0,2_0
PSEN2,1.0539152777777778,0.0720016500241546,2,1,2_1
PSENEN,1.1604999999999999,0.3323134346376811,3,3,3_3
PSG1,2.256769444444444,3.6086447822383247,4,4,4_4
PSG11,1.1950208333333332,0.23958118867149755,3,3,3_3
PSG2,0.8633000000000001,0.7361046646376812,0,4,0_4
PSG3,0.8939833333333332,0.4490175885507246,0,3,0_3
PSG4,1.4612499999999997,0.9663915797101449,4,4,4_4
PSG5,1.5670895833333331,1.906929327155797,4,4,4_4
PSG6,1.2289364583333333,0.2671614625951087,3,3,3_3
PSG7,1.116925,0.4333218589855072,3,3,3_3
PSG9,1.5190527777777778,1.075645988953301,4,4,4_4
PSIP1,1.0640125,0.03409890240036232,2,0,2_0
PSKH1,0.9627416666666667,0.08031043753623188,0,1,0_1
PSKH2,1.6578083333333336,2.2564659507246376,4,4,4_4
PSMA1,1.0078277777777778,0.009248996247987121,1,0,1_0
PSMA2,0.9853208333333333,0.015492398514492755,0,0,0_0
PSMA3,1.050438888888889,0.029807967584541052,2,0,2_0
PSMA3-AS1,0.9909861111111112,0.026394511030595806,0,0,0_0
PSMA4,1.0269375,0.03467014152173913,1,0,1_0
PSMA5,0.98805,0.03296730010869565,0,0,0_0
PSMA7,0.9909395833333333,0.03722996512681159,0,1,0_1
PSMA8,1.0678333333333334,0.2608335465217391,2,3,2_3
PSMB1,1.0002527777777779,0.009573192399355872,0,0,0_0
PSMB10,1.0971083333333334,0.17502984623188403,3,2,3_2
PSMB2,0.9948052083333332,0.015773370901268114,0,0,0_0
PSMB3,1.06555,0.09498393289855071,2,2,2_2
PSMB4,1.0536208333333332,0.06827787717391305,2,1,2_1
PSMB5,1.0027375,0.037037606449275354,1,1,1_1
PSMB6,1.0457,0.06086093550724637,2,1,2_1
PSMB7,1.0685041666666668,0.07544299989130435,2,1,2_1
PSMB8,1.0824874999999998,0.17895120804347828,3,2,3_2
PSMB8-AS1,1.0273291666666668,0.2481669922101449,1,3,1_3
PSMB9,1.0911083333333333,0.2916707194202899,3,3,3_3
PSMC1,1.00355,0.013220449420289855,1,0,1_0
PSMC2,1.0026597222222222,0.009236851296296297,1,0,1_0
PSMC3,0.9682333333333334,0.035932149710144926,0,0,0_0
PSMC3IP,0.9844624999999999,0.011795626195652172,0,0,0_0
PSMC4,0.9919458333333333,0.020303913405797104,0,0,0_0
PSMC5,1.0149166666666665,0.034426803478260874,1,0,1_0
PSMC6,1.0060916666666666,0.0073398546376811594,1,0,1_0
PSMD1,0.9769354166666666,0.00859572726449275,0,0,0_0
PSMD10,0.974525,0.02119275246376812,0,0,0_0
PSMD11,0.9952270833333333,0.035501965271739135,0,0,0_0
PSMD12,1.02505,0.01453627438405797,1,0,1_0
PSMD13,1.0232374999999998,0.04935279847826088,1,1,1_1
PSMD14,0.9776208333333333,0.007214176159420293,0,0,0_0
PSMD2,0.9529833333333334,0.026425554347826084,0,0,0_0
PSMD3,0.9924041666666666,0.07961279557971014,0,1,0_1
PSMD4,1.0597083333333333,0.06967155580615941,2,1,2_1
PSMD5,1.0111854166666667,0.06904823480072464,1,1,1_1
PSMD6,1.0168354166666667,0.02027069309782609,1,0,1_0
PSMD6-AS2,1.0490520833333334,0.07030137875,2,1,2_1
PSMD7,0.9853083333333333,0.018802892753623186,0,0,0_0
PSMD8,1.0196833333333333,0.10672680681159419,1,2,1_2
PSMD9,1.0356666666666667,0.04037481862318841,2,1,2_1
PSME1,1.0213041666666667,0.033348659782608696,1,0,1_0
PSME3,1.0227645833333334,0.024577583378623192,1,0,1_0
PSME4,1.0092194444444444,0.015224251336553947,1,0,1_0
PSMF1,0.9963937500000001,0.01834056731884058,0,0,0_0
PSMG1,0.9737541666666667,0.01106442702898551,0,0,0_0
PSMG2,0.9911333333333333,0.007549130869565216,0,0,0_0
PSMG3,1.0783875,0.15958751166666668,2,2,2_2
PSMG3-AS1,1.0441041666666668,0.07273247036231885,2,1,2_1
PSMG4,1.0336999999999998,0.03369118661449277,2,0,2_0
PSORS1C1,1.1958416666666667,0.7515083750724638,3,4,3_4
PSORS1C2,2.1863333333333332,6.705099818695651,4,4,4_4
PSPC1,1.0204941666666667,0.05409733519130435,1,1,1_1
PSPH,6.6356472222222225,50.280183858083745,4,4,4_4
PSPN,0.9584166666666666,0.1597633186956522,0,2,0_2
PSRC1,1.059375,0.19867570681159416,2,3,2_3
PSTK,0.99668125,0.03069557110507247,0,0,0_0
PSTPIP1,1.0854458333333332,0.2511078874637681,3,3,3_3
PSTPIP2,1.0198166666666666,0.0564514815942029,1,1,1_1
PTAFR,1.0577833333333333,0.09137804916264092,2,2,2_2
PTAR1,1.0319763888888889,0.041557865466988725,2,1,2_1
PTBP1,1.0845093749999999,0.08252828123641302,3,2,3_2
PTBP2,1.0329333333333333,0.061762814818840585,2,1,2_1
PTBP3,1.0559375,0.0328929006115942,2,0,2_0
PTCD2,0.9272895833333333,0.08577514483695654,0,2,0_2
PTCD3,1.01253125,0.018172839320652168,1,0,1_0
PTCH1,1.1497916666666665,0.11387224693913042,3,2,3_2
PTCH2,1.5613416666666666,2.8749844811594207,4,4,4_4
PTCHD1,1.0662979166666666,0.18384444588768115,2,2,2_2
PTCHD4,1.6006041666666668,1.8288488632608695,4,4,4_4
PTCRA,1.2884569444444445,0.23571339351851853,4,3,4_3
PTDSS1,1.0205541666666667,0.01341621224637681,1,0,1_0
PTDSS2,0.9991249999999999,0.03288716507246377,0,0,0_0
PTEN,1.0024553571428572,0.009174055683229812,1,0,1_0
PTER,0.9841729166666667,0.02933492378623188,0,0,0_0
PTGDR,1.0455819444444445,0.10614050851046701,2,2,2_2
PTGDR2,1.0883145833333332,0.17406811606884057,3,2,3_2
PTGDS,1.303886111111111,0.7907409399516906,4,4,4_4
PTGER1,1.0446625,0.06916263527375201,2,1,2_1
PTGER2,1.0222166666666668,0.0964203647826087,1,2,1_2
PTGER3,1.0950258333333334,0.10155815968840583,3,2,3_2
PTGER4,1.14653125,0.3415812397282608,3,3,3_3
PTGES,1.0677979166666667,0.057756818749999994,2,1,2_1
PTGES2,0.9845583333333333,0.05175260333333334,0,1,0_1
PTGES3,0.98285,0.004898798115942027,0,0,0_0
PTGES3L,1.0012666666666667,0.14896492449275361,1,2,1_2
PTGES3L-AARSD1,1.0055166666666666,0.06352696014492755,1,1,1_1
PTGFR,1.0618020833333335,0.20680699465579713,2,3,2_3
PTGFRN,1.0170145833333333,0.023818522807971018,1,0,1_0
PTGIR,1.7509666666666668,1.2740048519202896,4,4,4_4
PTGIS,1.1875944444444446,0.27496707760064415,3,3,3_3
PTGR1,0.9928416666666666,0.03254959669887277,0,0,0_0
PTGR2,1.0499,0.009842402979066023,2,0,2_0
PTGS1,1.1860739583333333,0.15614217000452896,3,2,3_2
PTGS2,1.2766645833333334,1.1039813257065216,4,4,4_4
PTH,1.4341541666666668,1.4384034060144928,4,4,4_4
PTH1R,1.3034583333333334,1.4074045975362315,4,4,4_4
PTH2,1.86,4.169952712463767,4,4,4_4
PTH2R,1.1826166666666666,0.3463324175362319,3,3,3_3
PTHLH,1.3113694444444444,0.5482559796296296,4,4,4_4
PTK2,1.0345947916666667,0.037861338908514494,2,1,2_1
PTK2B,1.0995583333333332,0.1886068746014493,3,2,3_2
PTK6,1.0754895833333333,0.1642148371195652,2,2,2_2
PTK7,1.06528125,0.251925544692029,2,3,2_3
PTMA,1.038075,0.01610633235507246,2,0,2_0
PTMS,1.0560104166666668,0.19983144338768125,2,3,2_3
PTN,1.1893791666666667,0.318474840606884,3,3,3_3
PTOV1,1.0759729166666667,0.1274855288949275,2,2,2_2
PTOV1-AS1,1.0537916666666667,0.19992906148550726,2,3,2_3
PTOV1-AS2,1.0992555555555557,0.14719494690821255,3,2,3_2
PTP4A1,1.1608583333333333,0.22746203011594207,3,3,3_3
PTP4A2,1.0032864583333334,0.009610256671195652,1,0,1_0
PTP4A3,1.2205666666666668,0.3484499271336554,3,3,3_3
PTPA,1.0259361111111112,0.07757834017713366,1,1,1_1
PTPDC1,1.0299875,0.027199007282608698,1,0,1_0
PTPMT1,1.0006010416666666,0.015597527259963773,0,0,0_0
PTPN1,1.0849875,0.12504435488224636,3,2,3_2
PTPN11,1.0460944444444447,0.04321275440821255,2,1,2_1
PTPN12,1.070876388888889,0.1367613975764895,2,2,2_2
PTPN13,1.1356625000000002,0.18369201626811596,3,2,3_2
PTPN14,1.0205979166666668,0.055540069157608694,1,1,1_1
PTPN18,1.2131152777777778,0.287294473647343,3,3,3_3
PTPN2,1.026764880952381,0.02466610872670808,1,0,1_0
PTPN20,1.2227,0.7685876047826087,3,4,3_4
PTPN21,1.0479025,0.03348791744637681,2,0,2_0
PTPN22,1.2973083333333333,0.34171117038043475,4,3,4_3
PTPN23,1.1813854166666666,0.35442326092391313,3,3,3_3
PTPN3,1.0508916666666668,0.07488842942028986,2,1,2_1
PTPN4,1.0076177083333333,0.015854120339673913,1,0,1_0
PTPN5,1.3133444444444444,0.5124952383574879,4,3,4_3
PTPN6,1.1204958333333332,0.07601712253623188,3,1,3_1
PTPN7,0.9885229166666667,0.1252560828442029,0,2,0_2
PTPN9,1.0911416666666665,0.12567148632850236,3,2,3_2
PTPRA,0.9589374999999999,0.04582353525764895,0,1,0_1
PTPRB,1.0572197916666666,0.14957183332880433,2,2,2_2
PTPRC,1.1599475000000001,0.3369885694869565,3,3,3_3
PTPRCAP,1.0327708333333332,0.06956332471014494,2,1,2_1
PTPRD,1.0925114583333333,0.27105484533061597,3,3,3_3
PTPRD-AS1,1.0255291666666666,0.1821298297826087,1,2,1_2
PTPRE,1.0945763888888889,0.09284605227858292,3,2,3_2
PTPRF,1.0085374999999999,0.02068579857789855,1,0,1_0
PTPRG,1.052190625,0.08880434370018116,2,2,2_2
PTPRH,1.2240791666666668,0.591158284710145,3,4,3_4
PTPRJ,0.9871,0.05359758404186795,0,1,0_1
PTPRK,1.00586875,0.03203586885869565,1,0,1_0
PTPRM,0.9831270833333333,0.03906079769927537,0,1,0_1
PTPRN,1.0008541666666666,0.42761211108695646,0,3,0_3
PTPRN2,1.0445541666666667,0.03742982701288245,2,1,2_1
PTPRO,1.2185736111111112,0.2608886086231884,3,3,3_3
PTPRR,1.2277229166666668,0.588928059692029,3,4,3_4
PTPRS,1.1413770833333332,0.2260006355706522,3,3,3_3
PTPRT,1.1753166666666666,0.5354858685507246,3,4,3_4
PTPRU,1.0434083333333335,0.08287323405797102,2,2,2_2
PTPRZ1,1.0426291666666667,0.04629669760869565,2,1,2_1
PTRH1,1.09208125,0.13588140690217393,3,2,3_2
PTRH2,1.0356958333333333,0.04201693992753624,2,1,2_1
PTRHD1,1.1469375,0.270599248768116,3,3,3_3
PTS,0.9798166666666667,0.008825825797101448,0,0,0_0
PTTG1,1.2960541666666667,0.3892856413768115,4,3,4_3
PTTG1IP,0.982675,0.008037186376811594,0,0,0_0
PTTG2,1.8564166666666664,3.3085275308695654,4,4,4_4
PTX3,1.2145708333333334,0.31803965500000003,3,3,3_3
PUDP,1.0493249999999998,0.08683796797101449,2,2,2_2
PUF60,1.0344041666666666,0.02611716847826087,2,0,2_0
PUM1,1.0225388888888889,0.017329507246376802,1,0,1_0
PUM2,1.0316458333333334,0.095159307962963,2,2,2_2
PUM3,1.0635833333333333,0.09618451677536231,2,2,2_2
PURA,1.0181408333333335,0.013889354020289846,1,0,1_0
PURB,1.0511708333333334,0.4315327477536232,2,3,2_3
PURG,1.3570125,0.936326530905797,4,4,4_4
PUS1,1.0318250000000002,0.05219439173913045,2,1,2_1
PUS10,1.0048777777777778,0.03752674293075684,1,1,1_1
PUS3,0.97975,0.018701152898550722,0,0,0_0
PUS7,0.9323333333333333,0.021034959565217393,0,0,0_0
PUS7L,1.0750604166666666,0.06562976744565216,2,1,2_1
PUSL1,0.9793833333333333,0.05716726130434783,0,1,0_1
PVALB,1.8023999999999998,4.605443160144928,4,4,4_4
PVR,1.3317940476190477,0.2616468690446614,4,3,4_3
PVRIG,1.1352083333333332,0.2954432155072464,3,3,3_3
PVT1,1.0075458333333334,0.31407429659420294,1,3,1_3
PWAR6,1.0143416666666667,0.04321341286231884,1,1,1_1
PWP1,1.0095930555555557,0.01162740140901772,1,0,1_0
PWP2,1.4938500000000001,0.5351180450402577,4,4,4_4
PWRN2,1.6245979166666666,1.7482095313586958,4,4,4_4
PWWP2A,1.012490625,0.04765344557518116,1,1,1_1
PWWP2B,1.1400847222222223,0.1100418676247987,3,2,3_2
PXDC1,1.0218791666666667,0.07368257619565217,1,1,1_1
PXDN,1.1300666666666668,0.16331538764492756,3,2,3_2
PXDNL,1.3215208333333333,1.8988835554347827,4,4,4_4
PXK,1.201809375,0.2686050163903985,3,3,3_3
PXMP2,1.0864708333333333,0.08709618557971012,3,2,3_2
PXMP4,1.0494944444444445,0.046303225426731084,2,1,2_1
PXN,1.0941479166666666,0.21723521266304346,3,3,3_3
PXN-AS1,2.2340708333333335,3.9606885058695647,4,4,4_4
PXT1,1.2829333333333333,1.19679301,4,4,4_4
PXYLP1,1.1254375,0.13198096525362318,3,2,3_2
PYCARD,1.1926124999999999,0.2374180667391304,3,3,3_3
PYCARD-AS1,1.0940833333333333,0.1962455356521739,3,3,3_3
PYCR1,0.9671416666666666,0.18545753898550724,0,2,0_2
PYDC1,1.1348916666666666,0.8242793740579711,3,4,3_4
PYGB,1.0597166666666666,0.21619425590579708,2,3,2_3
PYGL,1.027025,0.030330337536231888,1,0,1_0
PYGM,1.1916708333333335,0.4177692932608696,3,3,3_3
PYGO1,1.0605708333333335,0.21138725485507245,2,3,2_3
PYGO2,1.7152541666666667,1.6715256544202906,4,4,4_4
PYHIN1,1.0870729166666668,0.289333570018116,3,3,3_3
PYM1,1.0771187500000001,0.18143229023550728,2,2,2_2
PYROXD1,1.0724736111111113,0.035893313615136875,2,0,2_0
PYROXD2,1.1296041666666667,0.2778129367391305,3,3,3_3
PYURF,1.0028208333333335,0.012842720398550724,1,0,1_0
PYY,1.4560812499999998,1.525823434981884,4,4,4_4
PZP,1.1175791666666666,0.2477734302173913,3,3,3_3
QDPR,0.9612833333333333,0.056520001195652154,0,1,0_1
QKI,1.08650875,0.08656758794275361,3,2,3_2
QPCT,1.0488625,0.08307179789855072,2,2,2_2
QPCTL,1.2326791666666668,0.6738060423913044,3,4,3_4
QPRT,1.0920416666666668,0.16100116666666667,3,2,3_2
QRFPR,2.010483333333333,5.529510719275362,4,4,4_4
QRICH1,0.9997541666666666,0.0060690189130434774,0,0,0_0
QRICH2,1.0626666666666666,0.13164505898550724,2,2,2_2
QRSL1,1.00453125,0.030902092653985514,1,0,1_0
QSER1,1.0470260416666666,0.048153855502717405,2,1,2_1
QSOX1,1.1146937499999998,0.08470349769927536,3,2,3_2
QSOX2,1.0390604166666666,0.13326453820652173,2,2,2_2
QTRT1,1.1032666666666666,0.10315474942028985,3,2,3_2
QTRT2,1.2609722222222224,0.36085901698872785,4,3,4_3
R3HCC1,0.9678999999999999,0.044255547717391305,0,1,0_1
R3HCC1L,1.1036416666666666,0.13452753010869564,3,2,3_2
R3HDM1,1.1756312500000001,0.3546363051268116,3,3,3_3
R3HDM2,1.0038458333333333,0.011108459202898557,1,0,1_0
R3HDM4,1.0170208333333333,0.16089186242753623,1,2,1_2
R3HDML,1.2912875,2.9543839552898556,4,4,4_4
RAB10,1.00951875,0.010457008496376813,1,0,1_0
RAB11A,0.9991388888888889,0.014307475507246377,0,0,0_0
RAB11B,1.2733083333333333,0.5342586510507246,4,3,4_3
RAB11B-AS1,1.0336979166666667,0.1021721709963768,2,2,2_2
RAB11FIP1,1.018086111111111,0.049835406006441214,1,1,1_1
RAB11FIP2,0.9917291666666666,0.02912205550724637,0,0,0_0
RAB11FIP3,1.0301930555555556,0.03917816490338164,1,1,1_1
RAB11FIP4,1.0930614583333333,0.056203310792572465,3,1,3_1
RAB11FIP5,0.9740583333333334,0.035537036086956526,0,0,0_0
RAB12,1.1456041666666668,0.14932614181159418,3,2,3_2
RAB13,1.0040916666666666,0.027564854347826094,1,0,1_0
RAB14,1.0146541666666666,0.03170539512882447,1,0,1_0
RAB15,1.0176208333333332,0.06676095467391303,1,1,1_1
RAB17,1.0384208333333333,0.07281738311594203,2,1,2_1
RAB18,1.0164951388888888,0.01665641126610306,1,0,1_0
RAB1A,1.0528114583333334,0.05112846033061594,2,1,2_1
RAB1B,0.9827958333333333,0.03239826702898551,0,0,0_0
RAB20,0.9986875,0.13346327148550727,0,2,0_2
RAB21,1.022784375,0.0489423418432971,1,1,1_1
RAB22A,1.0137125,0.013635884742351055,1,0,1_0
RAB23,1.0289694444444446,0.05018965088566826,1,1,1_1
RAB24,0.9968374999999999,0.024798574999999996,0,0,0_0
RAB25,0.9768208333333334,0.042826937318840574,0,1,0_1
RAB26,1.0260708333333335,0.08071786634057973,1,2,1_2
RAB27A,1.0079550000000002,0.028029213107246386,1,0,1_0
RAB27B,0.9982333333333333,0.13619217125603866,0,2,0_2
RAB28,1.0759441666666667,0.057881132315942024,2,1,2_1
RAB29,1.0754902777777777,0.24225988475845414,2,3,2_3
RAB2A,1.0459965277777779,0.012966699514895331,2,0,2_0
RAB2B,0.9474791666666667,0.015367899057971016,0,0,0_0
RAB30,1.0821716666666668,0.1391080111942029,3,2,3_2
RAB30-AS1,1.02030625,0.037194570344202905,1,1,1_1
RAB31,1.1033166666666665,0.13566678388083736,3,2,3_2
RAB32,1.0988666666666667,0.1284470361956522,3,2,3_2
RAB33A,1.1272916666666666,0.36119207347826093,3,3,3_3
RAB33B,1.0295124999999998,0.03556099528985506,1,0,1_0
RAB35,1.013698611111111,0.07075927487117553,1,1,1_1
RAB36,1.0992083333333333,0.3994752934782609,3,3,3_3
RAB37,0.9762041666666668,0.3256673529710145,0,3,0_3
RAB38,1.0939249999999998,0.18851286652173907,3,2,3_2
RAB39A,1.032875,0.12316627000000001,2,2,2_2
RAB39B,1.0077187499999998,0.18586381929347826,1,2,1_2
RAB3A,1.0969166666666668,0.07086127695652174,3,1,3_1
RAB3B,1.2931375,0.46502669756811593,4,3,4_3
RAB3C,1.1026510416666666,0.24155419523097826,3,3,3_3
RAB3D,1.0249958333333333,0.13262922380434786,1,2,1_2
RAB3GAP1,1.0124864583333333,0.03310812793025362,1,0,1_0
RAB3GAP2,0.9929775,0.009451071684057968,0,0,0_0
RAB3IL1,1.1410208333333334,0.15953912514492757,3,2,3_2
RAB3IP,1.0053452380952381,0.10363218684117126,1,2,1_2
RAB40A,1.1021416666666666,0.19603197608695655,3,3,3_3
RAB40AL,1.0957666666666668,0.3358761853623188,3,3,3_3
RAB40B,1.0098777777777779,0.02438709798711755,1,0,1_0
RAB40C,1.0352944444444445,0.11433703478260875,2,2,2_2
RAB42,1.0328875000000002,0.12855970644927536,2,2,2_2
RAB43,1.0335750000000001,0.539998557826087,2,4,2_4
RAB4B,1.4056499999999998,1.3082093446376812,4,4,4_4
RAB4B-EGLN2,1.5924020833333332,0.9756997880253624,4,4,4_4
RAB5A,1.0225083333333334,0.025051875990338163,1,0,1_0
RAB5B,0.9871708333333333,0.027441839927536238,0,0,0_0
RAB5C,1.1336562499999998,0.11555608958333331,3,2,3_2
RAB6A,0.9585374999999999,0.23071619297101445,0,3,0_3
RAB6B,0.9838555555555556,0.100618733784219,0,2,0_2
RAB7A,1.1127553571428572,0.09885722295031056,3,2,3_2
RAB7B,1.0145541666666669,0.07947971510869564,1,1,1_1
RAB8A,0.9836208333333333,0.04019467195652173,0,1,0_1
RAB8B,1.0322847222222222,0.07492701588566827,2,1,2_1
RAB9A,1.0216458333333334,0.011390372246376807,1,0,1_0
RAB9B,1.0241041666666666,0.10324202442028986,1,2,1_2
RABAC1,1.1709083333333332,0.15968000536231886,3,2,3_2
RABEP1,1.0712650000000001,0.030147913489855075,2,0,2_0
RABEP2,0.9619305555555555,0.023529782270531402,0,0,0_0
RABEPK,1.0519583333333333,0.0593534772826087,2,1,2_1
RABGAP1,0.9248888888888889,0.030032079903381633,0,0,0_0
RABGAP1L,1.2255991666666666,0.181348149457971,3,2,3_2
RABGEF1,1.4044291666666666,1.5705383993115944,4,4,4_4
RABGGTA,1.0381166666666666,0.036620505217391304,2,1,2_1
RABGGTB,1.0060833333333334,0.02347632405797102,1,0,1_0
RABIF,1.0316854166666667,0.03738071994565218,2,1,2_1
RABL2A,1.0504437500000001,0.12459941309782611,2,2,2_2
RABL3,1.0311875,0.028821618075684376,2,0,2_0
RABL6,0.9982958333333333,0.031349498269927535,0,0,0_0
RAC1,1.0419489583333332,0.013550107921195651,2,0,2_0
RAC2,1.1657625000000003,0.2501435067028986,3,3,3_3
RAC3,1.0870625,0.5021755752898549,3,3,3_3
RACGAP1,1.0331208333333333,0.09280616355072462,2,2,2_2
RAD1,1.0240266666666666,0.014682065588405796,1,0,1_0
RAD17,1.0054055555555557,0.012738982077294682,1,0,1_0
RAD18,1.0084229166666667,0.020010786385869565,1,0,1_0
RAD21,1.03269375,0.012687049003623177,2,0,2_0
RAD21L1,1.3459416666666666,0.46046208101449276,4,3,4_3
RAD23A,1.0145458333333333,0.035637408369565214,1,0,1_0
RAD23B,1.0563739583333334,0.04450267041213767,2,1,2_1
RAD50,0.981786111111111,0.015804413397745572,0,0,0_0
RAD51,1.1105770833333333,0.11251762940217393,3,2,3_2
RAD51AP1,1.2150874999999999,0.29442330731884064,3,3,3_3
RAD51B,1.172471875,0.13683617973278986,3,2,3_2
RAD51C,0.9653645833333333,0.011656390996376812,0,0,0_0
RAD51D,1.0401479166666667,0.026732007336956524,2,0,2_0
RAD52,1.0939729166666667,0.07208128569746376,3,1,3_1
RAD54B,0.9705875,0.03283989833333333,0,0,0_0
RAD54L,1.038375,0.29298966449275354,2,3,2_3
RAD54L2,1.0657583333333334,0.17651153312399356,2,2,2_2
RAD9A,1.0674958333333333,0.04227098775362319,2,1,2_1
RAD9B,1.0710270833333333,0.16454493820652175,2,2,2_2
RADIL,1.0467166666666665,0.29226119202898554,2,3,2_3
RAE1,1.3697569444444444,0.5102205034380032,4,3,4_3
RAET1E,1.1401541666666666,0.5103659460144928,3,3,3_3
RAF1,1.0136708333333333,0.015343968876811597,1,0,1_0
RAG1,1.2357020833333332,0.42413143422101446,3,3,3_3
RAG2,2.003129166666667,3.122451496739131,4,4,4_4
RAI1,1.1833569444444445,0.1684332965942029,3,2,3_2
RAI14,1.0079541666666667,0.026779887608695648,1,0,1_0
RAI2,1.0449291666666667,0.07804505615942028,2,1,2_1
RALA,0.9942500000000001,0.008368440253623191,0,0,0_0
RALB,0.9264854166666666,0.0491273739673913,0,1,0_1
RALBP1,0.9882777777777777,0.010453213204508857,0,0,0_0
RALGAPA1,1.237740625,0.08657726959465581,3,2,3_2
RALGAPA2,0.9829691666666666,0.023474772820289844,0,0,0_0
RALGAPB,1.0011611111111112,0.02024438660225443,0,0,0_0
RALGDS,1.0211395833333334,0.015225072264492755,1,0,1_0
RALGPS1,1.6792541666666665,0.6981602111333333,4,4,4_4
RALGPS2,1.0731275,0.08271494112173915,2,2,2_2
RALY,0.9993583333333333,0.030890005217391308,0,0,0_0
RALYL,1.1438208333333335,0.5862642903623189,3,4,3_4
RAMP1,0.9541291666666666,0.11566859804347826,0,2,0_2
RAMP2,1.0893666666666668,0.39946760478260873,3,3,3_3
RAMP2-AS1,0.9338708333333333,0.11762240228260869,0,2,0_2
RAMP3,1.0404958333333334,0.12095244471014492,2,2,2_2
RAN,1.0006625,0.006597529818840581,0,0,0_0
RANBP1,0.9078666666666666,0.024132768293075695,0,0,0_0
RANBP10,1.2768979166666667,0.4133821831702898,4,3,4_3
RANBP17,1.0476104166666669,0.0631702708152174,2,1,2_1
RANBP2,1.0073114583333334,0.01853062773097826,1,0,1_0
RANBP3,1.3785229166666666,0.4943562415126811,4,3,4_3
RANBP3L,1.1538375,0.8123330496376812,3,4,3_4
RANBP6,1.0078083333333334,0.011921578695652177,1,0,1_0
RANBP9,0.9914718750000001,0.016013351046195654,0,0,0_0
RANGAP1,1.0843763888888889,0.17998155548309178,3,2,3_2
RANGRF,1.0146645833333332,0.05989028052536231,1,1,1_1
RAP1A,1.3356302083333336,0.3171090591802536,4,3,4_3
RAP1B,0.9987958333333333,0.005588376014492753,0,0,0_0
RAP1GAP,1.3194604166666666,0.6497287599094204,4,4,4_4
RAP1GAP2,0.9802124999999999,0.14694443007246374,0,2,0_2
RAP1GDS1,1.0012739583333332,0.025673664977355074,1,0,1_0
RAP2A,0.9706091666666667,0.04197422404347825,0,1,0_1
RAP2B,1.4665133333333333,0.5745297572579711,4,4,4_4
RAP2C,1.0446229166666667,0.06262739385869566,2,1,2_1
RAP2C-AS1,0.9364250000000002,0.14357349695652175,0,2,0_2
RAPGEF1,1.033438888888889,0.06776681898550724,2,1,2_1
RAPGEF2,0.9911241666666667,0.05817892199130435,0,1,0_1
RAPGEF3,1.0131520833333332,0.12218849378623187,1,2,1_2
RAPGEF4,1.0412375,0.07614564268115942,2,1,2_1
RAPGEF4-AS1,1.0116875,0.23539789471014494,1,3,1_3
RAPGEF5,1.5400083333333334,0.7449946225090579,4,4,4_4
RAPGEF6,1.0115072916666668,0.04341462774003624,1,1,1_1
RAPGEFL1,1.139725,0.20193859840579706,3,3,3_3
RAPH1,1.0173177083333333,0.04090273020380435,1,1,1_1
RAPSN,0.9481041666666666,0.14854841152173914,0,2,0_2
RARA,1.1027866666666666,0.09031494007536232,3,2,3_2
RARA-AS1,0.9909791666666669,0.07705372702898551,0,1,0_1
RARB,1.48386,0.41288499297391296,4,3,4_3
RARG,1.548791666666667,0.9211405865861514,4,4,4_4
RARRES1,1.1195916666666668,0.19081641642512076,3,3,3_3
RARRES2,1.2321041666666666,0.5458364678985508,3,4,3_4
RARRES3,1.0569083333333333,0.1933102639130435,2,3,2_3
RARS,1.0399333333333334,0.0445154936231884,2,1,2_1
RARS2,1.2479097222222222,0.22818973202093396,4,3,4_3
RASA1,1.0124666666666668,0.01343936130434783,1,0,1_0
RASA2,0.9875527777777778,0.023333981368760068,0,0,0_0
RASA3,1.172986111111111,0.14562840101449276,3,2,3_2
RASA4B,1.1020645833333333,0.22974337624999996,3,3,3_3
RASAL1,1.2738583333333333,0.7457236096739132,4,4,4_4
RASAL2,1.0755005208333335,0.03580082681272644,2,0,2_0
RASAL3,1.0410541666666668,0.1886313884782609,2,2,2_2
RASD1,0.9837958333333333,0.20814854557971013,0,3,0_3
RASD2,0.9333166666666667,0.10671212782608695,0,2,0_2
RASEF,1.0196858333333332,0.06245202141159421,1,1,1_1
RASGEF1A,1.06269375,0.2607938544384058,2,3,2_3
RASGEF1B,1.1168854166666666,0.33061140668478256,3,3,3_3
RASGEF1C,1.1203500000000002,0.5441779786956522,3,4,3_4
RASGRF1,1.1388395833333333,0.11336723991847827,3,2,3_2
RASGRF2,1.1248979166666666,0.22587560882246382,3,3,3_3
RASGRP1,1.0538833333333333,0.1788334334782609,2,2,2_2
RASGRP2,1.1292864583333333,0.220138739995471,3,3,3_3
RASGRP3,1.0806395833333335,0.2177705334601449,2,3,2_3
RASGRP4,1.19670625,0.18760695914855072,3,2,3_2
RASIP1,1.5414208333333335,1.3475272329710144,4,4,4_4
RASL10A,1.1736333333333333,0.525693037536232,3,3,3_3
RASL10B,1.0535479166666668,0.3964760148731884,2,3,2_3
RASL11A,1.1701625,0.9035256426811596,3,4,3_4
RASL11B,1.1166145833333332,0.23470661266304352,3,3,3_3
RASL12,1.0788875,0.09447665615942027,2,2,2_2
RASSF1,1.0014916666666667,0.0843148868115942,1,2,1_2
RASSF1-AS1,1.07635,0.14076020101449277,2,2,2_2
RASSF10,0.9627958333333334,0.06200273456521739,0,1,0_1
RASSF2,1.250675,0.22725578028985507,4,3,4_3
RASSF3,1.025013888888889,0.03722475000000001,1,1,1_1
RASSF4,1.1962683333333333,0.2598138457101449,3,3,3_3
RASSF5,1.0297520833333333,0.08578906143115943,1,2,1_2
RASSF6,1.0868236111111111,0.13254309008856685,3,2,3_2
RASSF7,0.9839666666666668,0.038070128152173914,0,1,0_1
RASSF8,0.9985947916666666,0.059299378709239126,0,1,0_1
RASSF8-AS1,0.9754520833333332,0.1432147196195652,0,2,0_2
RASSF9,1.0811541666666666,0.1783328081521739,3,2,3_2
RAVER1,0.980425,0.04779546768115943,0,1,0_1
RAVER2,1.2704645833333335,0.4655414740398551,4,3,4_3
RAX,2.1701416666666664,3.425960166521739,4,4,4_4
RAX2,1.5027916666666667,0.8190595636231883,4,4,4_4
RB1,1.0347958333333331,0.12386131760869566,2,2,2_2
RB1CC1,1.0080458333333333,0.011532271847826089,1,0,1_0
RBAK,1.0225,0.037766393333333335,1,1,1_1
RBAKDN,2.2288416666666664,4.830469177391304,4,4,4_4
RBBP4,0.9947277777777778,0.03069892800724638,0,0,0_0
RBBP5,0.9549541666666667,0.07732654659420289,0,1,0_1
RBBP6,1.0567062500000002,0.023846591730072468,2,0,2_0
RBBP7,1.0209458333333334,0.005639467173913043,1,0,1_0
RBBP8,0.9996958333333333,0.025434896014492756,0,0,0_0
RBBP8NL,1.0176541666666667,0.1814051842753623,1,2,1_2
RBBP9,1.2198177083333335,0.2219626141802536,3,3,3_3
RBCK1,1.0302152777777778,0.02868479910628021,1,0,1_0
RBFA,1.0566104166666666,0.1332614773731884,2,2,2_2
RBFADN,1.0521270833333334,0.159372417807971,2,2,2_2
RBFOX1,1.9576194444444444,1.616820562914654,4,4,4_4
RBFOX2,1.0122458333333333,0.0781617851902174,1,1,1_1
RBFOX3,1.1374791666666668,0.23482698171497587,3,3,3_3
RBKS,1.0726166666666666,0.11748934387681158,2,2,2_2
RBL1,0.9781458333333332,0.07598850328804346,0,1,0_1
RBL2,1.04003125,0.025544281358695648,2,0,2_0
RBM10,1.006601388888889,0.014540663035426725,1,0,1_0
RBM11,1.03895,0.18839911811594204,2,2,2_2
RBM12,0.9993875000000001,0.020875993731884063,0,0,0_0
RBM12B,1.0126236111111109,0.027254265692431567,1,0,1_0
RBM14,1.0646513888888889,0.12090592852657005,2,2,2_2
RBM14-RBM4,1.3029322916666668,0.3567987858559782,4,3,4_3
RBM15,1.0645208333333334,0.05000467284087547,2,1,2_1
RBM15B,1.0111666666666668,0.024932555905797106,1,0,1_0
RBM17,1.3297291666666666,0.2722337064311594,4,3,4_3
RBM18,1.0394958333333333,0.026205457592592584,2,0,2_0
RBM19,1.0422375,0.0369088570652174,2,1,2_1
RBM20,0.9864875,0.17548027702898553,0,2,0_2
RBM22,1.1569927083333333,0.16099243447010866,3,2,3_2
RBM23,0.986425,0.013491639565217397,0,0,0_0
RBM24,1.0405416666666667,0.20581993,2,3,2_3
RBM25,1.0058047619047619,0.0066610703312629405,1,0,1_0
RBM26,1.1396833333333334,0.2580961566193434,3,3,3_3
RBM26-AS1,1.0866145833333334,0.14015104831521738,3,2,3_2
RBM27,0.9982333333333333,0.024643089818840586,0,0,0_0
RBM28,0.9818749999999999,0.03337252768115941,0,0,0_0
RBM3,1.0083125,0.019853647101449268,1,0,1_0
RBM33,1.1944589285714287,0.09212544964655427,3,2,3_2
RBM34,0.9513708333333333,0.18638674398550722,0,2,0_2
RBM38,1.1770833333333333,0.18856745420289853,3,2,3_2
RBM39,1.0168197916666666,0.009170020566123187,1,0,1_0
RBM4,1.013075,0.014722193333333331,1,0,1_0
RBM41,0.9663520833333333,0.03847145936594202,0,1,0_1
RBM42,0.9941875000000001,0.03211940297101449,0,0,0_0
RBM43,1.02241875,0.07979812085144929,1,1,1_1
RBM45,1.0048020833333335,0.04793993733695652,1,1,1_1
RBM46,1.25775,0.7666384262681162,4,4,4_4
RBM47,1.02442,0.05020073266666667,1,1,1_1
RBM48,1.05068125,0.06901732718297103,2,1,2_1
RBM4B,0.9844916666666667,0.02484448275362319,0,0,0_0
RBM5,1.023409375,0.036245836480978254,1,1,1_1
RBM6,1.0295958333333333,0.00914925809178744,1,0,1_0
RBM7,1.0112104166666667,0.027394613134057975,1,0,1_0
RBM8A,1.030338888888889,0.01836387104267311,2,0,2_0
RBMS1,1.0379069444444444,0.06371057417471819,2,1,2_1
RBMS2,1.0529243055555557,0.06600472580716586,2,1,2_1
RBMS3,1.0571910714285715,0.11908493513901212,2,2,2_2
RBMS3-AS3,1.0261291666666665,0.16869979673913044,1,2,1_2
RBMX2,0.98895,0.008636168152173914,0,0,0_0
RBMXL1,1.039375,0.10322704579710144,2,2,2_2
RBMXL2,1.3371375,1.1537146699637684,4,4,4_4
RBMY1J,1.5663833333333335,5.049670050289855,4,4,4_4
RBP1,1.1101229166666666,0.24597427280797104,3,3,3_3
RBP2,1.0429041666666667,0.3892671563043479,2,3,2_3
RBP3,1.1647,0.714061622463768,3,4,3_4
RBP4,1.3831208333333331,0.7748624056884057,4,4,4_4
RBP5,0.9917083333333333,0.25625404884057973,0,3,0_3
RBP7,1.0004625,0.09025942891304349,0,2,0_2
RBPJ,1.0405527777777779,0.02248274504025766,2,0,2_0
RBPJL,0.9265166666666668,0.28760291173913044,0,3,0_3
RBPMS,1.1447680555555555,0.22288536997584546,3,3,3_3
RBPMS-AS1,1.095125,0.48949381594202895,3,3,3_3
RBPMS2,1.1703041666666667,0.3716123961594202,3,3,3_3
RBSN,1.0033055555555557,0.03565583752012883,1,0,1_0
RBX1,1.0556916666666667,0.04909129144927537,2,1,2_1
RC3H1,1.0253277777777778,0.051250858212560396,1,1,1_1
RC3H2,1.0418220238095237,0.02183876400621118,2,0,2_0
RCAN1,1.1186222222222222,0.08410445711755232,3,2,3_2
RCAN2,1.1067416666666665,0.17681380666666668,3,2,3_2
RCAN3,1.0227805555555556,0.07932334552334942,1,1,1_1
RCBTB1,1.1487652777777777,0.2471140444202899,3,3,3_3
RCBTB2,1.2437687499999999,0.5094403315036231,4,3,4_3
RCC1,0.9584812500000001,0.08910938806159421,0,2,0_2
RCC1L,0.9890302083333333,0.07411871803894929,0,1,0_1
RCC2,1.0080291666666668,0.04519544485507247,1,1,1_1
RCCD1,1.6539979166666667,1.4789421304166666,4,4,4_4
RCE1,0.9362583333333333,0.05941797663043479,0,1,0_1
RCHY1,1.0286260416666666,0.037556889796195654,1,1,1_1
RCL1,1.4835208333333334,0.621845384178744,4,4,4_4
RCN1,0.9890041666666667,0.03503124543478262,0,0,0_0
RCN2,1.0156020833333335,0.014681027590579708,1,0,1_0
RCN3,1.0410083333333333,0.08005701670289855,2,1,2_1
RCOR1,0.9455062499999999,0.04703337233695652,0,1,0_1
RCOR2,0.9379375,0.29223611760869567,0,3,0_3
RCOR3,0.9913722222222221,0.03227632186795492,0,0,0_0
RCSD1,1.0738645833333333,0.11156039186594201,2,2,2_2
RCVRN,1.036975,0.42599667782608697,2,3,2_3
RD3,1.1497624999999998,1.3847264358695655,3,4,3_4
RDH10,1.0778354166666666,0.1010589316576087,2,2,2_2
RDH11,1.266803125,0.26231319968750005,4,3,4_3
RDH12,2.6202583333333336,12.454821130869563,4,4,4_4
RDH13,1.0369645833333332,0.1264001577173913,2,2,2_2
RDH16,1.0336916666666667,0.2677447784057971,2,3,2_3
RDH5,0.9929625,0.06566432717391303,0,1,0_1
RDH8,1.2253458333333336,1.4951059712318844,3,4,3_4
RDM1,0.9475875,0.13787884514492754,0,2,0_2
RDX,1.0137500000000002,0.03932550962862319,1,1,1_1
REC114,1.9753833333333333,3.523883087826087,4,4,4_4
REC8,1.1815312500000001,0.2729772551630435,3,3,3_3
RECK,1.0496158333333334,0.06148139071014492,2,1,2_1
RECQL,1.013025,0.012112524230072468,1,0,1_0
RECQL4,1.0056291666666668,0.03716038880434782,1,1,1_1
RECQL5,1.2405933333333332,0.25768957950724625,4,3,4_3
REEP1,1.2487041666666665,0.42896606463768117,4,3,4_3
REEP2,0.9876791666666667,0.14666064543478258,0,2,0_2
REEP3,1.0627979166666668,0.03851969596014493,2,1,2_1
REEP4,1.0423208333333334,0.0795674989130435,2,1,2_1
REEP5,1.0067979166666667,0.026626602192028986,1,0,1_0
REEP6,1.000875,0.13596535782608696,0,2,0_2
REG1A,1.3856416666666664,1.1354071575362321,4,4,4_4
REG1B,1.531879166666667,2.055015983115942,4,4,4_4
REG3A,1.6905145833333333,1.1850899244021738,4,4,4_4
REG3G,1.4361125,6.168429711666667,4,4,4_4
REG4,1.4011833333333332,0.6650716271014494,4,4,4_4
REL,1.0276691666666666,0.0449624994463768,1,1,1_1
RELA,1.02516875,0.03135647092391304,1,0,1_0
RELB,1.0774958333333333,0.18310367978260866,2,2,2_2
RELL1,1.0692791666666668,0.03167925880434783,2,0,2_0
RELL2,1.0671583333333332,0.059512635217391294,2,1,2_1
RELN,1.1489208333333334,0.2586283200724637,3,3,3_3
RELT,1.0664541666666667,0.18742185369565217,2,2,2_2
REM1,1.0345,0.16418459202898553,2,2,2_2
REM2,1.0496458333333332,0.056628334275362326,2,1,2_1
REN,0.8759916666666667,0.3461086953623189,0,3,0_3
RENBP,0.9771708333333334,0.3468008805072464,0,3,0_3
REPIN1,1.0093222222222222,0.11353220120772949,1,2,1_2
REPS1,1.1164805555555555,0.10935930001610307,3,2,3_2
REPS2,1.0439805555555555,0.07417922446054749,2,1,2_1
RER1,1.0118986111111112,0.025894987528180348,1,0,1_0
RERE,1.0060316666666667,0.02195993378550725,1,0,1_0
RERG,1.04994375,0.24421170056159416,2,3,2_3
RERGL,1.1781166666666667,0.33569161391304353,3,3,3_3
REST,1.0247111111111111,0.017422041143317232,1,0,1_0
RET,0.9941930555555557,0.07905846132850242,0,1,0_1
RETN,1.2183583333333334,0.627609366231884,3,4,3_4
RETNLB,2.189020833333333,3.0326518380797096,4,4,4_4
RETSAT,1.032275,0.03838193840579711,2,1,2_1
REV1,1.01688125,0.016170502164855077,1,0,1_0
REV3L,0.9845562500000001,0.04458544288043478,0,1,0_1
REXO1,1.6384416666666668,0.6599842767753623,4,4,4_4
REXO2,0.99535625,0.02668959730978261,0,0,0_0
REXO4,1.0917875,0.11588990702898554,3,2,3_2
RFC1,1.3627027777777778,0.45155579392914663,4,3,4_3
RFC2,1.0049875000000001,0.08130600844202898,1,2,1_2
RFC3,1.0230583333333334,0.025266604235104666,1,0,1_0
RFC4,0.9893208333333333,0.05221442282608696,0,1,0_1
RFC5,1.0130430555555554,0.021114689154589365,1,0,1_0
RFESD,1.0199541666666667,0.07292102467391304,1,1,1_1
RFFL,0.9445375,0.061148713760064394,0,1,0_1
RFK,1.01949375,0.044621158786231886,1,1,1_1
RFNG,0.9728458333333334,0.06481017992753624,0,1,0_1
RFPL1,1.6139708333333331,3.6286542577536234,4,4,4_4
RFPL1S,1.0562291666666666,0.15748117347826085,2,2,2_2
RFPL2,1.070475,0.13920345855072466,2,2,2_2
RFPL3,1.012875,0.10781083434782607,1,2,1_2
RFPL3S,1.0856666666666666,0.09629921072463768,3,2,3_2
RFT1,1.0318145833333334,0.04220741277173914,2,1,2_1
RFTN1,1.0842291666666666,0.3207683798913043,3,3,3_3
RFTN2,1.0143083333333334,0.10422619286231885,1,2,1_2
RFWD3,1.1584958333333333,0.0728933097826087,3,1,3_1
RFX1,1.06665,0.16271758315217394,2,2,2_2
RFX2,1.070873611111111,0.1317399482206119,2,2,2_2
RFX3,1.0352322916666665,0.18571891759510872,2,2,2_2
RFX4,1.6685027777777777,0.674595861046699,4,4,4_4
RFX5,1.0123708333333334,0.04473261365942029,1,1,1_1
RFX6,1.4426708333333333,4.748388263115942,4,4,4_4
RFX7,1.1300083333333333,0.2285243153260869,3,3,3_3
RFXANK,1.0360583333333333,0.04179616971014492,2,1,2_1
RFXAP,1.06891875,0.19257336262681157,2,3,2_3
RGCC,1.2072263888888888,0.3545935176086957,3,3,3_3
RGL1,1.1748416666666668,0.11788114913043478,3,2,3_2
RGL2,1.0323208333333334,0.02736096369565217,2,0,2_0
RGL3,1.14315,0.10470909227355073,3,2,3_2
RGL4,1.2944833333333334,1.1881971898550727,4,4,4_4
RGMA,1.5826833333333334,0.9523272840579711,4,4,4_4
RGMB,1.22395,0.2979774919112319,3,3,3_3
RGMB-AS1,1.1108166666666668,0.15446681289855074,3,2,3_2
RGN,0.8920374999999999,0.16545489152173917,0,2,0_2
RGP1,1.0243708333333332,0.02848899239130435,1,0,1_0
RGPD2,1.1900916666666668,0.42092422239130434,3,3,3_3
RGPD4-AS1,0.6857124999999998,0.6925692997826086,0,4,0_4
RGPD6,1.0493847222222221,0.03305465530595815,2,0,2_0
RGR,1.421975,0.8914264554428344,4,4,4_4
RGS1,1.070501388888889,0.3378031077214171,2,3,2_3
RGS10,0.9708208333333334,0.03473063136070854,0,0,0_0
RGS11,1.6828236111111112,0.919532735048309,4,4,4_4
RGS12,1.2574741666666664,0.19389283447536226,4,3,4_3
RGS13,1.2206694444444446,0.3013969512399356,3,3,3_3
RGS14,1.0265166666666667,0.05015096349436394,1,1,1_1
RGS16,1.249098611111111,0.6323191955152978,4,4,4_4
RGS17,0.9272333333333335,0.08591649159420289,0,2,0_2
RGS18,1.3757583333333334,0.5229098317391304,4,3,4_3
RGS19,1.1872791666666667,0.16362554862318837,3,2,3_2
RGS2,1.1223374999999998,0.44307464543478264,3,3,3_3
RGS20,1.3438833333333333,0.7224647447463768,4,4,4_4
RGS22,1.0170208333333333,0.28233782195652174,1,3,1_3
RGS3,1.0832805555555554,0.0926183266505636,3,2,3_2
RGS4,1.4081569444444444,0.4607398091867953,4,3,4_3
RGS5,1.2019034722222222,0.055907869027777786,3,1,3_1
RGS6,1.1700729166666666,0.2519930541304348,3,3,3_3
RGS7,1.6294097222222224,1.0795719209581323,4,4,4_4
RGS7BP,1.0362541666666667,0.14277711644927535,2,2,2_2
RGS8,1.06214375,0.34151588809782607,2,3,2_3
RGS9,0.9705208333333332,0.09898602398550724,0,2,0_2
RGS9BP,1.7369166666666667,1.9855550842028986,4,4,4_4
RGSL1,1.8276500000000002,5.854971856086956,4,4,4_4
RHAG,1.2873916666666667,0.4471416946215782,4,3,4_3
RHBDD1,1.0094333333333332,0.03272040030724637,1,0,1_0
RHBDD2,0.9875395833333332,0.08427035001811595,0,2,0_2
RHBDD3,1.0065916666666668,0.07098867554347826,1,1,1_1
RHBDF1,0.9749854166666667,0.07970280114130433,0,1,0_1
RHBDF2,1.0589791666666668,0.13444417195652175,2,2,2_2
RHBDL1,1.5261458333333333,1.4480586590579707,4,4,4_4
RHBDL2,1.0403499999999999,0.09931103112721415,2,2,2_2
RHBDL3,1.1514447916666668,0.2688466269791667,3,3,3_3
RHBG,1.4703791666666666,1.448153946884058,4,4,4_4
RHCG,1.8113333333333335,3.2440125960869564,4,4,4_4
RHD,1.2527608333333333,0.46761339690724646,4,3,4_3
RHEB,1.0158601851851852,0.022490867448559673,1,0,1_0
RHEBL1,0.9760208333333334,0.08651392605072465,0,2,0_2
RHNO1,1.0499895833333333,0.021900721902173906,2,0,2_0
RHO,1.3036916666666665,0.581598659384058,4,4,4_4
RHOA,0.9967222222222222,0.041425097729468605,0,1,0_1
RHOB,1.0889408333333332,0.22596915400289852,3,3,3_3
RHOBTB1,0.9683916666666667,0.0321882688405797,0,0,0_0
RHOBTB2,0.9794145833333333,0.12146709367753625,0,2,0_2
RHOBTB3,1.0399125,0.07883657176731076,2,1,2_1
RHOC,1.0237083333333334,0.04712298873188406,1,1,1_1
RHOD,1.0608625,0.0604126277173913,2,1,2_1
RHOF,1.0829572916666668,0.17624187245923914,3,2,3_2
RHOG,0.9748916666666666,0.054430595507246375,0,1,0_1
RHOH,0.9656833333333333,0.1005646963405797,0,2,0_2
RHOJ,1.0865035714285713,0.08592195089618457,3,2,3_2
RHOQ,1.0029409722222222,0.010150642228260873,1,0,1_0
RHOT1,0.9967222222222224,0.042013845780998385,0,1,0_1
RHOT2,0.9621416666666666,0.022316765845410622,0,0,0_0
RHOU,1.05776875,0.08419648791666665,2,2,2_2
RHOV,1.0746,0.3525876214492754,2,3,2_3
RHOXF1,0.9638458333333334,0.14650782586956518,0,2,0_2
RHOXF2B,1.4563458333333335,2.034262684275362,4,4,4_4
RHPN1,1.0323833333333334,0.058579117101449286,2,1,2_1
RHPN1-AS1,1.0330708333333334,0.14333353253623188,2,2,2_2
RHPN2,0.9578875,0.036300307898550724,0,1,0_1
RIBC1,1.1029854166666666,0.4058394267572464,3,3,3_3
RIBC2,1.2721791666666666,0.6028849178985508,4,4,4_4
RIC1,1.0129124999999999,0.052688340543478256,1,1,1_1
RIC3,1.0977291666666666,0.1822938463043478,3,2,3_2
RIC8B,1.0089645833333334,0.03950905961956521,1,1,1_1
RICTOR,0.9976833333333334,0.04815930345108697,0,1,0_1
RIDA,1.0115145833333334,0.021125720670289852,1,0,1_0
RIF1,1.1042847222222223,0.031385796248881735,3,0,3_0
RIIAD1,1.197675,0.5688048815942028,3,4,3_4
RILP,0.9955875000000001,0.03896611688405797,0,1,0_1
RILPL1,0.9686583333333333,0.03382894112318841,0,0,0_0
RILPL2,0.9518333333333334,0.014671308695652174,0,0,0_0
RIMBP2,1.2077489583333332,0.2317350633559783,3,3,3_3
RIMBP3B,1.0379333333333334,0.4031784060869565,2,3,2_3
RIMKLA,1.0603197916666665,0.0941365921875,2,2,2_2
RIMKLB,1.0856608333333335,0.06257315124347826,3,1,3_1
RIMS1,1.25915,0.33548561048309183,4,3,4_3
RIMS2,1.0146902777777778,0.10669238240740739,1,2,1_2
RIMS3,1.0023666666666666,0.15438189282608694,1,2,1_2
RIMS4,0.9975312500000001,0.22236062012681157,0,3,0_3
RIN1,1.0390249999999999,0.05364743173913045,2,1,2_1
RIN2,1.0335812500000001,0.024157199909420297,2,0,2_0
RIN3,1.2782631944444443,0.1697862526147343,4,2,4_2
RING1,1.0131020833333333,0.025198212264492762,1,0,1_0
RINT1,0.9905208333333334,0.009098096594202897,0,0,0_0
RIOK1,0.9814916666666668,0.015080611884057972,0,0,0_0
RIOK2,1.0005020833333333,0.010417023423913043,0,0,0_0
RIOK3,1.0296241666666666,0.041418642553623194,1,1,1_1
RIPK1,1.005225,0.04075162170289855,1,1,1_1
RIPK2,1.02995625,0.03537463269927536,1,0,1_0
RIPK3,1.0800750000000001,0.062490120579710144,2,1,2_1
RIPK4,1.1794499999999999,0.26754270148550724,3,3,3_3
RIPPLY1,0.9546625,0.4194229121014493,0,3,0_3
RIPPLY2,1.3044291666666668,1.5074296484782608,4,4,4_4
RIPPLY3,1.1608,0.5497748476811595,3,4,3_4
RIT1,1.0211033333333333,0.018241665936231888,1,0,1_0
RIT2,2.050479166666667,4.516034012246377,4,4,4_4
RITA1,0.9756145833333333,0.026666745416666665,0,0,0_0
RLBP1,2.2566166666666665,4.286663131739131,4,4,4_4
RLF,0.9766708333333334,0.05021441876811594,0,1,0_1
RLIM,1.0294486111111112,0.004915748349436395,1,0,1_0
RLN1,0.9212083333333334,0.18233601347826087,0,2,0_2
RLN2,0.9667,0.19327018898550727,0,3,0_3
RLN3,1.8816625,4.367466090942028,4,4,4_4
RMDN1,1.040351388888889,0.02450306013687601,2,0,2_0
RMDN2,1.037551388888889,0.07177432461352659,2,1,2_1
RMDN3,0.9727458333333333,0.008092263260869564,0,0,0_0
RMI1,0.9796041666666667,0.015270004275362318,0,0,0_0
RMI2,1.1156291666666667,0.25352188224637684,3,3,3_3
RMND1,1.03230625,0.04002096240942029,2,1,2_1
RMND5A,0.972276388888889,0.048996234710144915,0,1,0_1
RMND5B,1.0217791666666667,0.054598911920289865,1,1,1_1
RNASE1,0.8168520833333334,0.21408965932971014,0,3,0_3
RNASE11,1.4482249999999999,3.078569687681159,4,4,4_4
RNASE2,2.500429166666667,9.680277071086957,4,4,4_4
RNASE3,1.0713916666666667,0.274789448115942,2,3,2_3
RNASE4,0.9827770833333332,0.06984329980072465,0,1,0_1
RNASE6,1.1269666666666667,0.15445481840579708,3,2,3_2
RNASE7,1.2922111111111112,0.5315326368276974,4,3,4_3
RNASEH1,1.021288888888889,0.04790639273752012,1,1,1_1
RNASEH1-AS1,1.1566583333333333,0.19273482188405797,3,3,3_3
RNASEH2A,0.9640958333333334,0.05051834543478261,0,1,0_1
RNASEH2B,0.9937927083333333,0.05291123164402176,0,1,0_1
RNASEH2C,0.9952187499999999,0.070590725307971,0,1,0_1
RNASEK-C17orf49,1.0380770833333333,0.07717942440217393,2,1,2_1
RNASEL,0.9898375,0.05015002438405797,0,1,0_1
RNASET2,1.0344625,0.03940462332125604,2,1,2_1
RND1,1.0688958333333334,0.3551971878985507,2,3,2_3
RND2,0.9694916666666668,0.10850646134057973,0,2,0_2
RND3,1.0256041666666667,0.11599719775362319,1,2,1_2
RNF10,0.9944729166666667,0.014078937916666668,0,0,0_0
RNF103,1.1296833333333332,0.2448948727173913,3,3,3_3
RNF103-CHMP3,1.032238888888889,0.0227256079710145,2,0,2_0
RNF11,1.0082916666666668,0.021197584782608695,1,0,1_0
RNF111,1.0067166666666667,0.007701416086956524,1,0,1_0
RNF112,1.0913083333333333,0.4539765575362319,3,3,3_3
RNF113A,1.0361166666666668,0.03649705405797101,2,1,2_1
RNF114,0.9831944444444445,0.014204768244766505,0,0,0_0
RNF115,1.042775,0.04676683869565217,2,1,2_1
RNF121,1.0044625,0.04401395992753623,1,1,1_1
RNF122,1.0538291666666666,0.25339078789855074,2,3,2_3
RNF123,0.98195625,0.02076738161231884,0,0,0_0
RNF125,1.0288,0.07320797148550726,1,1,1_1
RNF126,1.0395777777777777,0.02440043990338164,2,0,2_0
RNF128,0.9162708333333333,0.09032458369565216,0,2,0_2
RNF13,1.0153375,0.020056591123188403,1,0,1_0
RNF130,1.0353354166666666,0.023889361370772935,2,0,2_0
RNF133,1.0016958333333335,1.4409970541304344,1,4,1_4
RNF135,1.0513145833333333,0.03930303900362319,2,1,2_1
RNF138,1.0355875,0.028489148840579712,2,0,2_0
RNF139,1.0380041666666666,0.041305419927536224,2,1,2_1
RNF139-AS1,1.0762041666666666,0.08967294427536233,2,2,2_2
RNF14,1.0229652777777778,0.016409825466988725,1,0,1_0
RNF141,1.0471635416666667,0.04653125480525362,2,1,2_1
RNF144A,1.4439479166666667,1.1913763142210145,4,4,4_4
RNF144B,1.0674645833333332,0.0782860460326087,2,1,2_1
RNF145,1.0256152777777776,0.07350419509661836,1,1,1_1
RNF146,0.975625,0.019485884094202897,0,0,0_0
RNF148,1.1892041666666666,1.272341840652174,3,4,3_4
RNF149,1.0037708333333333,0.011186546594202899,1,0,1_0
RNF150,1.0580968750000002,0.11639217299365942,2,2,2_2
RNF151,1.2439875,0.8228367496376812,4,4,4_4
RNF152,0.9937604166666666,0.14629547237318838,0,2,0_2
RNF157,0.9436208333333332,0.07062758003623189,0,1,0_1
RNF157-AS1,1.2328166666666667,0.5001167789855072,3,3,3_3
RNF165,1.0109041666666665,0.09799576936392912,1,2,1_2
RNF166,1.0376083333333335,0.17586703275362323,2,2,2_2
RNF167,0.9813791666666667,0.02970146586956522,0,0,0_0
RNF168,1.035,0.07139642481884056,2,1,2_1
RNF169,1.0170166666666667,0.01092140420289855,1,0,1_0
RNF17,1.17002,0.0747249628405797,3,1,3_1
RNF170,1.0420361111111112,0.029621296618357475,2,0,2_0
RNF175,0.9938833333333333,0.07563237318840581,0,1,0_1
RNF180,1.0213041666666667,0.049519118703703714,1,1,1_1
RNF181,0.9863583333333333,0.051745045217391296,0,1,0_1
RNF182,1.1164833333333333,0.17225175927536232,3,2,3_2
RNF183,1.0598083333333335,0.14315210913043477,2,2,2_2
RNF185,0.9972625,0.026515146449275356,0,0,0_0
RNF185-AS1,1.0061541666666667,0.23155903326086955,1,3,1_3
RNF186,1.1488583333333333,0.4711867334782609,3,3,3_3
RNF187,1.6459108333333334,0.4984066264956521,4,3,4_3
RNF19A,0.9888291666666666,0.05129753329710145,0,1,0_1
RNF19B,1.0643708333333335,0.10394479847826085,2,2,2_2
RNF2,1.0908208333333336,0.0970434525362319,3,2,3_2
RNF20,0.9788,0.009593702173913046,0,0,0_0
RNF207,1.221579861111111,0.15947748655595814,3,2,3_2
RNF208,0.9675874999999999,0.17848045311594202,0,2,0_2
RNF212,1.4335250000000002,0.9457235926811592,4,4,4_4
RNF212B,0.9939541666666667,0.14872119528985506,0,2,0_2
RNF213,1.1333411458333333,0.1201449182687953,3,2,3_2
RNF214,1.0112166666666667,0.017853351739130437,1,0,1_0
RNF215,1.1151541666666667,0.5719637897826086,3,4,3_4
RNF216,1.0255166666666666,0.04520642361413044,1,1,1_1
RNF217,1.0229513888888888,0.02683547298711756,1,0,1_0
RNF217-AS1,1.628175,5.676606161304347,4,4,4_4
RNF219,1.3975854166666668,0.5823739998369565,4,4,4_4
RNF220,0.9145458333333334,0.032866885144927534,0,0,0_0
RNF24,1.0258927083333333,0.025712715466485504,1,0,1_0
RNF25,1.0133999999999999,0.085079474057971,1,2,1_2
RNF26,0.97804375,0.11999113009057971,0,2,0_2
RNF31,1.2876083333333332,0.3098093835587762,4,3,4_3
RNF32,1.2495958333333332,0.26408106081320454,4,3,4_3
RNF34,1.0134430555555556,0.02156935586956522,1,0,1_0
RNF38,1.0561125,0.05723286061594202,2,1,2_1
RNF39,1.1809333333333334,0.35273823405797106,3,3,3_3
RNF4,0.9635208333333333,0.019562919347826085,0,0,0_0
RNF40,1.0136444444444443,0.036828101690821256,1,1,1_1
RNF41,1.0172458333333334,0.05307843989533012,1,1,1_1
RNF43,1.0102499999999999,0.05796613188405796,1,1,1_1
RNF44,0.9990958333333334,0.03555929384057971,0,0,0_0
RNF5,0.8794958333333334,0.21109066166666668,0,3,0_3
RNF6,1.0487805555555554,0.07022024359098229,2,1,2_1
RNF7,1.0214645833333333,0.03869836779891303,1,1,1_1
RNF8,1.0473166666666665,0.058212714528985514,2,1,2_1
RNFT1,0.97449375,0.0559206519384058,0,1,0_1
RNFT2,1.1106652777777777,0.1972313754347826,3,3,3_3
RNGTT,0.9891739583333333,0.032543493374094214,0,0,0_0
RNH1,1.00870625,0.16075994751811593,1,2,1_2
RNLS,1.0009770833333334,0.029700196358695658,0,0,0_0
RNMT,0.9793916666666668,0.014492212608695655,0,0,0_0
RNPC3,0.9977305555555555,0.03462098938808372,0,0,0_0
RNPEP,0.9611583333333332,0.027629496666666663,0,0,0_0
RNPEPL1,1.0308583333333334,0.020976526666666658,2,0,2_0
RNPS1,1.0059541666666667,0.017704417173913044,1,0,1_0
ROBO1,1.0505458333333333,0.020904773260869564,2,0,2_0
ROBO2,1.2516416666666668,0.35500350539452485,4,3,4_3
ROBO3,1.2298583333333333,0.1795332844927536,3,2,3_2
ROBO4,1.04006875,0.2014708695108696,2,3,2_3
ROCK1,1.1723183333333334,0.10968357612173912,3,2,3_2
ROCK2,1.0472750000000002,0.0777169586231884,2,1,2_1
ROGDI,1.0450708333333332,0.15575305557971014,2,2,2_2
ROM1,1.949025,2.8954390520289857,4,4,4_4
ROMO1,1.0570041666666665,0.14059002992753625,2,2,2_2
ROPN1,1.0349777777777778,0.15722041608695655,2,2,2_2
ROPN1B,0.9915458333333333,0.12772173601449274,0,2,0_2
ROPN1L,1.1127749999999998,0.38675359365942025,3,3,3_3
ROR1,1.1107305555555556,0.13405603734299515,3,2,3_2
ROR1-AS1,2.1494291666666663,4.202973941376812,4,4,4_4
ROR2,1.0198041666666668,0.18442822413043478,1,2,1_2
RORA,1.1220901041666667,0.026626861586277174,3,0,3_0
RORA-AS1,1.0205520833333332,0.16634802998188408,1,2,1_2
RORB,1.5607083333333334,0.9801358144766508,4,4,4_4
RORC,1.0838958333333333,0.12401962739130436,3,2,3_2
ROS1,1.3110604166666666,0.9013975980978262,4,4,4_4
RP1,1.0907458333333333,0.35162813760869566,3,3,3_3
RP1L1,0.9548625,0.39884865282608695,0,3,0_3
RP2,1.0021458333333333,0.10147168119565218,1,2,1_2
RP9,1.02951875,0.04667506041666667,1,1,1_1
RPA1,1.0625194444444443,0.06956693365539454,2,1,2_1
RPA2,1.1124291666666668,0.10174850601449276,3,2,3_2
RPA3,0.9966041666666667,0.043527809782608694,0,1,0_1
RPA4,1.0776583333333334,0.22797016999999997,2,3,2_3
RPAIN,1.0144041666666668,0.017184466783496003,1,0,1_0
RPAP1,0.9969541666666667,0.01758595065217391,0,0,0_0
RPAP2,1.0008020833333333,0.01971314740942029,0,0,0_0
RPAP3,0.9814395833333333,0.016772172518115948,0,0,0_0
RPE,1.0230645833333334,0.016895485126811594,1,0,1_0
RPE65,1.2003291666666667,1.0355974473188407,3,4,3_4
RPEL1,0.9747208333333334,0.02117018543478261,0,0,0_0
RPF1,1.0442138888888888,0.11995197971014493,2,2,2_2
RPF2,0.9928208333333334,0.040832674565217386,0,1,0_1
RPGR,0.9653666666666667,0.0783217447826087,0,1,0_1
RPGRIP1,1.0579833333333333,0.14437048217391305,2,2,2_2
RPGRIP1L,1.6025958333333332,1.47244247,4,4,4_4
RPH3A,1.1321125,0.5607968113768116,3,4,3_4
RPH3AL,1.6079291666666666,0.44235163437198066,4,3,4_3
RPIA,1.0526916666666668,0.0525967836231884,2,1,2_1
RPL10,1.0460541666666667,0.015580520072463773,2,0,2_0
RPL10A,1.0009666666666666,0.01333558119565217,0,0,0_0
RPL10L,0.9874333333333333,0.047638691739130434,0,1,0_1
RPL11,0.9908583333333333,0.010428459710144927,0,0,0_0
RPL12,1.0219791666666667,0.030465426086956522,1,0,1_0
RPL14,1.0268083333333333,0.015249313285024156,1,0,1_0
RPL15,1.0190541666666666,0.010070331376811592,1,0,1_0
RPL17-C18orf32,1.0219808333333333,0.007324003231884057,1,0,1_0
RPL18,1.0705291666666668,0.07125128044283413,2,1,2_1
RPL19,1.0148916666666665,0.02046268884057971,1,0,1_0
RPL22,1.0067000000000002,0.00884026427246377,1,0,1_0
RPL22L1,1.0166541666666669,0.020125670072463766,1,0,1_0
RPL23A,1.0429583333333332,0.07187814942028985,2,1,2_1
RPL24,1.04579375,0.03632522110507246,2,1,2_1
RPL26L1,1.0184833333333332,0.012456179855072467,1,0,1_0
RPL27,1.0166958333333334,0.02081955036231884,1,0,1_0
RPL27A,1.0217875,0.020074939347826087,1,0,1_0
RPL29,1.1046291666666666,0.3113268488043478,3,3,3_3
RPL3,0.9898750000000001,0.023630079999999998,0,0,0_0
RPL30,1.0223416666666667,0.017411814057971015,1,0,1_0
RPL31,1.0322958333333332,0.011119346481481485,2,0,2_0
RPL32,1.0587666666666669,0.036433848550724644,2,1,2_1
RPL34,1.0498708333333333,0.028204409347826084,2,0,2_0
RPL34-AS1,1.3612250000000001,1.4468800792753622,4,4,4_4
RPL35,1.0721541666666667,0.09240294297101449,2,2,2_2
RPL35A,1.0368258333333333,0.020831814733333325,2,0,2_0
RPL36,1.1099854166666667,0.1469114501630435,3,2,3_2
RPL36A,0.9741333333333334,0.13173044826086958,0,2,0_2
RPL36A-HNRNPH2,1.01566875,0.008795701032608695,1,0,1_0
RPL36AL,1.0149166666666665,0.055211901449275354,1,1,1_1
RPL37,1.04665,0.045766550869565215,2,1,2_1
RPL37A,1.0515027777777777,0.009344300531400968,2,0,2_0
RPL38,1.0211458333333334,0.029819517431562005,1,0,1_0
RPL39,1.0489499999999998,0.039813802173913046,2,1,2_1
RPL39L,0.9261750000000001,0.03943080652173913,0,1,0_1
RPL3L,0.6915749999999999,0.4582587171014492,0,3,0_3
RPL41,1.0170458333333334,0.05267442688405797,1,1,1_1
RPL5,0.9972513888888889,0.009344700716586152,0,0,0_0
RPL6,1.0033916666666667,0.015386494927536241,1,0,1_0
RPL7,1.0064069444444446,0.02133362364734299,1,0,1_0
RPL7L1,0.9888333333333333,0.00615619163043478,0,0,0_0
RPL8,1.0501958333333334,0.09771021905797102,2,2,2_2
RPL9,1.0543166666666666,0.03123936014492754,2,0,2_0
RPLP0,1.0027558333333333,0.014080101585507248,1,0,1_0
RPLP1,1.0839645833333333,0.14841574313405795,3,2,3_2
RPLP2,1.0736708333333331,0.06535077177536232,2,1,2_1
RPN1,1.0071666666666668,0.023358392028985507,1,0,1_0
RPN2,1.0136444444444443,0.01905755616747182,1,0,1_0
RPP14,1.0233958333333333,0.017851547624798705,1,0,1_0
RPP25,0.9972979166666667,0.05606200809782608,0,1,0_1
RPP25L,1.00505,0.03758397260869566,1,1,1_1
RPP30,1.0613072916666668,0.06159325739583333,2,1,2_1
RPP38,1.0104958333333334,0.06279552905797103,1,1,1_1
RPP40,0.9965291666666666,0.07439612210144929,0,1,0_1
RPRD1A,0.9951055555555556,0.020703603925120762,0,0,0_0
RPRD1B,0.9892124999999998,0.05297111822463768,0,1,0_1
RPRD2,1.0079694444444443,0.02152377711755234,1,0,1_0
RPRM,1.1127375,0.21732450615942028,3,3,3_3
RPRML,0.9449041666666668,0.31379205471014493,0,3,0_3
RPS10,0.9934802083333333,0.024090970738224637,0,0,0_0
RPS10-NUDT3,1.0365666666666666,0.026373249347826096,2,0,2_0
RPS11,1.0328333333333333,0.024541952463768116,2,0,2_0
RPS12,1.1650291666666666,0.36912783307971014,3,3,3_3
RPS14,1.2187625,0.3081983620380435,3,3,3_3
RPS15,1.0464666666666667,0.08223485297101449,2,2,2_2
RPS15A,0.9822458333333334,0.007317734742351046,0,0,0_0
RPS16,1.0089958333333333,0.009292051313405793,1,0,1_0
RPS17,0.9974777777777778,0.024366645169082112,0,0,0_0
RPS18,1.0288291666666667,0.02362142586956522,1,0,1_0
RPS19,1.0013138888888888,0.015361149645732685,1,0,1_0
RPS19BP1,1.0622833333333335,0.06997731391304347,2,1,2_1
RPS21,0.9866770833333334,0.03490900418478261,0,0,0_0
RPS23,1.0149708333333332,0.03537604253623189,1,0,1_0
RPS24,1.0117645833333333,0.017587344692028984,1,0,1_0
RPS25,1.018275,0.03358932231884058,1,0,1_0
RPS27,1.0678166666666666,0.10578069655797101,2,2,2_2
RPS27A,1.0822749999999999,0.10001174201288246,3,2,3_2
RPS27L,1.005598611111111,0.04413596313204509,1,1,1_1
RPS28,1.045411111111111,0.03227210133655395,2,0,2_0
RPS29,1.0201729166666667,0.020001867010869565,1,0,1_0
RPS3,1.0127166666666667,0.03834926057971015,1,1,1_1
RPS4X,1.0147125,0.027333586594202902,1,0,1_0
RPS4Y1,1.2239916666666668,1.4073192888405797,3,4,3_4
RPS5,0.9911166666666666,0.03383359231884059,0,0,0_0
RPS6,1.1315895833333334,0.1556867255525362,3,2,3_2
RPS6KA1,1.0391375,0.02831438630434783,2,0,2_0
RPS6KA2,1.2038805555555554,0.25831323011272145,3,3,3_3
RPS6KA2-AS1,1.1655833333333334,0.49372064188405795,3,3,3_3
RPS6KA3,1.0334729166666667,0.020633501431159416,2,0,2_0
RPS6KA4,1.5597916666666667,0.7895085043115941,4,4,4_4
RPS6KA5,1.114411111111111,0.1391013002415459,3,2,3_2
RPS6KA6,1.07315,0.12994709221920292,2,2,2_2
RPS6KB1,0.9964375,0.02836457404991948,0,0,0_0
RPS6KB2,1.0164250000000001,0.06868106971014493,1,1,1_1
RPS6KC1,0.9847208333333333,0.011960159347826089,0,0,0_0
RPS6KL1,1.0186083333333336,0.1151380614492754,1,2,1_2
RPS7,1.0334750000000001,0.009155564891304346,2,0,2_0
RPS8,1.6851166666666666,3.106865448260869,4,4,4_4
RPS9,1.2448069444444445,0.3514478661272141,4,3,4_3
RPTN,1.414625,3.1665762342028976,4,4,4_4
RPTOR,1.0311625,0.050926203260869565,2,1,2_1
RPUSD1,0.9797791666666668,0.10053939239130437,0,2,0_2
RPUSD2,0.9848125,0.10239173152173912,0,2,0_2
RPUSD3,1.0346983333333333,0.05589659738550727,2,1,2_1
RPUSD4,0.9692291666666667,0.030355895869565216,0,0,0_0
RRAD,1.1387875,0.3022338779146537,3,3,3_3
RRAGA,1.0348791666666666,0.020709045289855076,2,0,2_0
RRAGB,1.0453208333333333,0.08879514847826087,2,2,2_2
RRAGC,1.061161111111111,0.1177559173752013,2,2,2_2
RRAGD,0.9918687500000001,0.047982442735507246,0,1,0_1
RRAS,1.0945791666666667,0.26399493644927535,3,3,3_3
RRAS2,1.0265958333333334,0.02680808361513689,1,0,1_0
RRBP1,0.9801357142857143,0.03629919970422951,0,1,0_1
RREB1,1.1118541666666666,0.08010359022034905,3,1,3_1
RRH,1.0991333333333333,0.7524766172463768,3,4,3_4
RRM1,0.9900229166666668,0.019186113278985503,0,0,0_0
RRM2,1.6402791666666667,1.1411725942391302,4,4,4_4
RRM2B,0.971975,0.02603076550724637,0,0,0_0
RRN3,0.9933166666666665,0.015123724347826094,0,0,0_0
RRNAD1,0.9739625,0.022875398478260874,0,0,0_0
RRP1,0.9740104166666667,0.0484978500905797,0,1,0_1
RRP12,1.0840141666666667,0.07951520021739131,3,1,3_1
RRP15,1.0178874999999998,0.0172427956884058,1,0,1_0
RRP1B,1.0127895833333334,0.02862635374999999,1,0,1_0
RRP36,0.9891604166666665,0.03822556056159421,0,1,0_1
RRP7A,1.0518777777777777,0.1226540624637681,2,2,2_2
RRP8,1.0330263888888889,0.04929393825281803,2,1,2_1
RRP9,0.9569583333333332,0.10397970202898552,0,2,0_2
RRS1,1.0303375,0.047965666739130434,2,1,2_1
RRS1-AS1,1.4406708333333331,1.318289199057971,4,4,4_4
RS1,1.32695625,0.6007884223731884,4,4,4_4
RSAD1,0.9941750000000001,0.01569020594202899,0,0,0_0
RSAD2,1.4681229166666665,2.4736635079166662,4,4,4_4
RSBN1,1.01579,0.013107802857971012,1,0,1_0
RSBN1L,1.0309708333333334,0.021691508269927544,2,0,2_0
RSF1,0.9907680555555555,0.018317195841384866,0,0,0_0
RSL1D1,1.0003097222222221,0.06954546566022544,0,1,0_1
RSL24D1,1.0377958333333333,0.013526424239130433,2,0,2_0
RSPH1,0.9764291666666667,0.1852359719565217,0,2,0_2
RSPH10B2,1.0119083333333332,0.07990515452898551,1,1,1_1
RSPH14,1.1778812500000002,0.28877983639492755,3,3,3_3
RSPH3,1.0425677083333333,0.02607412405344203,2,0,2_0
RSPH4A,0.9313041666666667,0.22543647413043477,0,3,0_3
RSPH6A,1.3841458333333334,1.856523391231884,4,4,4_4
RSPH9,1.200075,0.5301022282608696,3,3,3_3
RSPO1,1.1691833333333335,0.3721353356521738,3,3,3_3
RSPO2,1.8630875,6.357616783804348,4,4,4_4
RSPO3,1.028375,0.10812003333333334,1,2,1_2
RSPO4,1.3213333333333332,1.0443712357971016,4,4,4_4
RSPRY1,1.0144944444444446,0.008062921223832526,1,0,1_0
RSRC1,1.0268111111111111,0.047228508808373586,1,1,1_1
RSRC2,0.99120625,0.022126494184782606,0,0,0_0
RSRP1,0.9930604166666667,0.018011777264492754,0,0,0_0
RSU1,1.0113783333333333,0.025007723866666668,1,0,1_0
RTBDN,1.0300416666666667,0.32748566391304346,1,3,1_3
RTCA,1.0002027777777778,0.04235905457326892,0,1,0_1
RTCB,1.0161875,0.020505800942028984,1,0,1_0
RTEL1,1.0936291666666669,0.12359693771739129,3,2,3_2
RTEL1-TNFRSF6B,1.1505666666666665,0.3323201269887278,3,3,3_3
RTF1,0.9955805555555554,0.010093690933977453,0,0,0_0
RTKN,1.1775166666666665,0.44763422036231876,3,3,3_3
RTKN2,1.5216479166666665,0.9092614904166665,4,4,4_4
RTN1,0.9561562499999999,0.12134166827898549,0,2,0_2
RTN2,1.0284583333333333,0.08093932097826088,1,2,1_2
RTN3,0.9809270833333333,0.021349269329710145,0,0,0_0
RTN4,1.0171343750000001,0.024845894270833342,1,0,1_0
RTN4IP1,1.0524250000000002,0.03782851423913043,2,1,2_1
RTN4R,1.0800583333333333,0.5062421375362319,2,3,2_3
RTN4RL1,1.00455,0.14068990507246376,1,2,1_2
RTN4RL2,1.0150750000000002,1.6987565704347825,1,4,1_4
RTP1,0.9044020833333334,0.3623804376630435,0,3,0_3
RTP3,1.4788458333333334,0.7705415991304347,4,4,4_4
RTP4,1.2988083333333333,0.8555868952173912,4,4,4_4
RTP5,1.7390375000000002,3.284961320652174,4,4,4_4
RTTN,0.9797486111111112,0.06167241783413848,0,1,0_1
RUBCN,1.0210424999999999,0.060520380582608696,1,1,1_1
RUFY1,0.9995229166666667,0.02771503319746377,0,0,0_0
RUFY2,1.0393197916666665,0.04340912527853261,2,1,2_1
RUFY3,1.0258690476190477,0.012944202585034007,1,0,1_0
RUNDC1,0.9595937499999999,0.109515460634058,0,2,0_2
RUNDC3A,0.98243125,0.15687510440217392,0,2,0_2
RUNDC3A-AS1,0.8957333333333334,0.19119337260869568,0,3,0_3
RUNDC3B,1.2002791666666666,0.3825214792391304,3,3,3_3
RUNX1T1,1.1663761904761905,0.11419082551611949,3,2,3_2
RUNX2,1.4918493055555555,0.6977627472322869,4,4,4_4
RUNX3,1.345298611111111,0.536642114726248,4,4,4_4
RUSC1,0.9953666666666666,0.014840476086956522,0,0,0_0
RUSC1-AS1,0.9935270833333333,0.044418730706521733,0,1,0_1
RUSC2,0.9021208333333334,0.10369757673913042,0,2,0_2
RUVBL1,1.0578874999999999,0.11742717601449273,2,2,2_2
RUVBL2,1.1240152777777777,0.13318041741545894,3,2,3_2
RWDD1,1.0409208333333335,0.030741803731884062,2,0,2_0
RWDD2A,1.0077708333333333,0.052541958623188424,1,1,1_1
RWDD2B,1.0014083333333332,0.05501109663043476,1,1,1_1
RWDD3,1.0116833333333333,0.015931229130434786,1,0,1_0
RWDD4,1.0259749999999999,0.02040810782608695,1,0,1_0
RXFP1,1.0673083333333333,0.1982011707568438,2,3,2_3
RXFP2,1.8778291666666667,2.7869530751449276,4,4,4_4
RXFP3,0.9774458333333333,0.37015909630434785,0,3,0_3
RXRA,0.9809854166666666,0.04777723498188404,0,1,0_1
RXRB,1.0524166666666668,0.1071798064573269,2,2,2_2
RXRG,1.8293458333333337,2.6025825461594203,4,4,4_4
RYBP,1.0338687500000001,0.05318180175724637,2,1,2_1
RYK,1.0066444444444445,0.03178900249597423,1,0,1_0
RYR1,1.0239541666666667,0.14555353992753622,1,2,1_2
RYR2,1.1283562500000002,0.24524525476449277,3,3,3_3
RYR3,1.2041291666666667,0.6952082123913044,3,4,3_4
S100A1,1.0125208333333333,0.49586237108695663,1,3,1_3
S100A10,1.4106541666666665,0.6332548772826087,4,4,4_4
S100A11,1.0139625,0.017770311521739135,1,0,1_0
S100A12,1.4392375,2.7696860077536227,4,4,4_4
S100A13,1.0921583333333333,0.18599003032608694,3,2,3_2
S100A14,1.2447375,0.43042599920289853,4,3,4_3
S100A16,1.0237291666666666,0.08029531195652174,1,1,1_1
S100A2,1.5701833333333333,2.1195635871014487,4,4,4_4
S100A3,1.1900583333333332,0.39382809420289855,3,3,3_3
S100A4,1.1778208333333333,0.16446376789855074,3,2,3_2
S100A5,2.5114625,5.130254236594204,4,4,4_4
S100A6,1.2335458333333333,0.2931658920289856,3,3,3_3
S100A7,2.3848125000000002,21.149475031666665,4,4,4_4
S100A7A,1.0650270833333335,0.13582986614130438,2,2,2_2
S100A8,2.985227083333333,11.66878714335145,4,4,4_4
S100A9,3.0046708333333334,14.308034209057968,4,4,4_4
S100B,1.3548791666666666,0.7278038432246379,4,4,4_4
S100G,1.3027583333333335,1.2512374436231881,4,4,4_4
S100P,1.0407458333333333,0.1614479634057971,2,2,2_2
S100PBP,1.0231541666666668,0.02771634822463767,1,0,1_0
S100Z,1.1058416666666666,0.5175930795652173,3,3,3_3
S1PR1,1.0732041666666667,0.11463030166666668,2,2,2_2
S1PR2,1.0267625,0.09954875804347824,1,2,1_2
S1PR3,1.4587708333333333,1.0927762447463767,4,4,4_4
S1PR4,0.8388,0.24502970536231888,0,3,0_3
S1PR5,1.1739666666666666,0.5619721412399356,3,4,3_4
SAA2,1.7268,6.855288975072464,4,4,4_4
SAA2-SAA4,1.9702166666666665,6.040535523079711,4,4,4_4
SAAL1,1.0263,0.023356566521739123,1,0,1_0
SAC3D1,1.0054833333333333,0.1465700931884058,1,2,1_2
SACM1L,1.0070208333333335,0.008618754420289854,1,0,1_0
SACS,1.0185541666666669,0.01631195152173913,1,0,1_0
SACS-AS1,1.2288645833333334,0.4086858794746377,3,3,3_3
SAE1,1.3411708333333332,0.537588676610306,4,4,4_4
SAFB,1.0036055555555556,0.042898840595813205,1,1,1_1
SAFB2,1.0411666666666666,0.060029668152173914,2,1,2_1
SAG,1.1488708333333335,0.3659479103623188,3,3,3_3
SAGE1,1.6020541666666668,3.4390282284782607,4,4,4_4
SALL1,2.5045645833333334,17.596254904112314,4,4,4_4
SALL2,1.0106041666666667,0.04607668442028985,1,1,1_1
SALL3,1.7743947916666665,0.7207942694157609,4,4,4_4
SALL4,0.9369083333333332,0.21203598797101453,0,3,0_3
SAMD1,0.9952229166666667,0.14901266230072469,0,2,0_2
SAMD10,1.2361354166666667,0.2503694055615942,3,3,3_3
SAMD11,0.9906708333333333,0.12394600413043481,0,2,0_2
SAMD12,0.9891020833333334,0.11621625085144925,0,2,0_2
SAMD13,0.9977958333333333,0.17429841717391306,0,2,0_2
SAMD14,1.5167425,0.47009900690724643,4,3,4_3
SAMD15,0.9987124999999999,0.2849546362560386,0,3,0_3
SAMD3,1.2059041666666666,0.3675193539855073,3,3,3_3
SAMD4A,1.109034375,0.15138735555706523,3,2,3_2
SAMD4B,1.2931,0.26089582756340574,4,3,4_3
SAMD5,1.3160486111111112,0.7594163557085346,4,4,4_4
SAMD8,1.0508125,0.09223026206521738,2,2,2_2
SAMD9,1.0833729166666666,0.37428813625000007,3,3,3_3
SAMD9L,1.1813083333333332,0.3795919245249597,3,3,3_3
SAMHD1,1.0302055555555556,0.08414856551529791,1,2,1_2
SAMM50,1.3113395833333332,0.3045634003623189,4,3,4_3
SAMMSON,1.7694374999999998,4.769662659347826,4,4,4_4
SAMSN1,1.1373541666666667,0.21499081462962966,3,3,3_3
SAP130,1.0039875,0.0317709934057971,1,0,1_0
SAP18,1.024248611111111,0.017486065998389703,1,0,1_0
SAP25,0.9478749999999999,0.048047679963768124,0,1,0_1
SAP30,1.2485145833333333,0.40006102658514503,4,3,4_3
SAP30BP,0.99984375,0.05198317447463769,0,1,0_1
SAP30L,1.122851388888889,0.13753305258051532,3,2,3_2
SAPCD2,0.9678625,0.0631398865942029,0,1,0_1
SAR1A,1.0320680555555557,0.022449966900161034,2,0,2_0
SAR1B,1.0647291666666667,0.02426236256521739,2,0,2_0
SARAF,0.9960166666666667,0.007963454492753626,0,0,0_0
SARDH,1.4775749999999999,0.21582276051932367,4,3,4_3
SARM1,1.0007777777777778,0.026130601723027388,0,0,0_0
SARNP,1.0094916666666667,0.019479465905797102,1,0,1_0
SARS,0.9992270833333334,0.036606709800724634,0,1,0_1
SARS2,0.9729375,0.03576944355072464,0,0,0_0
SART1,1.40526875,0.6154508534239129,4,4,4_4
SART3,0.9720385416666666,0.014584578392210144,0,0,0_0
SASH1,1.0239291666666668,0.04902145599838969,1,1,1_1
SASH3,1.1931083333333334,0.31665830275362317,3,3,3_3
SASS6,1.002125,0.05270916333333334,1,1,1_1
SAT1,1.0364777777777778,0.03380649225442833,2,0,2_0
SAT2,1.0259083333333334,0.0788441731884058,1,1,1_1
SATB1,1.2555069444444447,0.388373370958132,4,3,4_3
SATB2,1.18780625,0.558788244655797,3,4,3_4
SATB2-AS1,1.04504375,0.18523390987318838,2,2,2_2
SAV1,1.0255133333333333,0.041982358452173914,1,1,1_1
SAXO1,1.035725,0.5533318836231885,2,4,2_4
SAXO2,1.0846583333333333,0.27524488536231884,3,3,3_3
SAYSD1,1.036098611111111,0.028214283566827696,2,0,2_0
SBF1,1.1468516666666666,0.059126364771014496,3,1,3_1
SBF2,1.0308805555555558,0.060655932238325286,2,1,2_1
SBF2-AS1,0.8927437500000002,0.0850947701630435,0,2,0_2
SBK1,1.0194208333333334,0.08441935315217393,1,2,1_2
SBNO1,1.0270308333333333,0.04831718482608697,1,1,1_1
SBNO2,1.036325,0.06718267681159422,2,1,2_1
SBSN,2.2790958333333333,6.492709498188406,4,4,4_4
SBSPON,1.0683236111111112,0.1118032960305958,2,2,2_2
SC5D,1.0494458333333332,0.10705899923913044,2,2,2_2
SCAF1,0.9315000000000001,0.0640369036231884,0,1,0_1
SCAF11,1.001355357142857,0.0038106712407571753,1,0,1_0
SCAF4,1.0339208333333332,0.05707508392173913,2,1,2_1
SCAF8,1.0447333333333333,0.08794029289855074,2,2,2_2
SCAI,1.048075,0.03793380790660224,2,1,2_1
SCAMP1,1.0149375,0.012840470938003218,1,0,1_0
SCAMP1-AS1,0.9590624999999999,0.06329688355072463,0,1,0_1
SCAMP2,1.0266208333333335,0.025306114311594203,1,0,1_0
SCAMP3,0.9700583333333332,0.03695908913043478,0,1,0_1
SCAMP4,1.0319458333333333,0.12879369923913042,2,2,2_2
SCAMP5,1.249577777777778,0.35967790198067634,4,3,4_3
SCAND1,1.0128166666666667,0.08062667557165863,1,1,1_1
SCAP,0.9561958333333335,0.024431872536231886,0,0,0_0
SCAPER,1.1026,0.09437720069243158,3,2,3_2
SCARA3,1.011598611111111,0.05534935796296297,1,1,1_1
SCARA5,1.2750374999999998,0.5186905432125603,4,3,4_3
SCARB1,1.0300524999999998,0.05221940447246377,1,1,1_1
SCARB2,0.9838072916666666,0.02295777520380434,0,0,0_0
SCARF1,1.0683770833333333,0.09476573175724638,2,2,2_2
SCARF2,0.9680847222222223,0.07325093999194845,0,1,0_1
SCART1,1.0270333333333335,0.395441831884058,1,3,1_3
SCCPDH,0.9667625000000001,0.03935577974637683,0,1,0_1
SCD,1.2912427083333333,0.28325289638134066,4,3,4_3
SCD5,1.0642229166666668,0.03623723089673913,2,1,2_1
SCEL,1.8091614583333333,2.0861741669701086,4,4,4_4
SCFD1,1.0122916666666666,0.07536892677536232,1,1,1_1
SCFD2,0.9981604166666666,0.02405217744565217,0,0,0_0
SCG2,2.5911833333333334,4.305616889855072,4,4,4_4
SCG3,2.2905333333333333,11.655859199565215,4,4,4_4
SCG5,1.446275,0.7370388473913042,4,4,4_4
SCGB1A1,1.3074875,0.9195987863043478,4,4,4_4
SCGB1C2,3.4849041666666665,50.365269679782614,4,4,4_4
SCGB1D1,5.845016666666666,92.0363938157971,4,4,4_4
SCGB1D2,2.0522125,7.373373836594203,4,4,4_4
SCGB2A1,1.1947208333333332,0.32352964543478263,3,3,3_3
SCGB2A2,3.1762208333333333,17.89165145398551,4,4,4_4
SCGB2B2,1.1664041666666667,2.7473433493478265,3,4,3_4
SCGB3A1,0.9529208333333333,0.18203398123188408,0,2,0_2
SCGB3A2,1.4972125,1.47115203557971,4,4,4_4
SCGN,0.953275,0.1443556143478261,0,2,0_2
SCIMP,1.4339916666666666,1.5976640572463767,4,4,4_4
SCIN,1.1644104166666667,0.5327218863496376,3,3,3_3
SCLY,1.0180555555555555,0.039302224589371985,1,1,1_1
SCMH1,0.9931833333333332,0.03896585695652174,0,1,0_1
SCML1,1.0322645833333333,0.040319303786231886,2,1,2_1
SCML2,1.0272125,0.013698505869565218,1,0,1_0
SCML4,1.0081491666666667,0.14634357462318842,1,2,1_2
SCN10A,1.0949791666666666,0.4703195710869566,3,3,3_3
SCN11A,1.0495791666666665,0.08013783422705313,2,1,2_1
SCN1A,1.1866750000000001,0.3423754864855072,3,3,3_3
SCN1B,1.1691958333333332,0.38744158673913043,3,3,3_3
SCN2A,1.6567687500000001,2.671805605018116,4,4,4_4
SCN2B,1.2206583333333334,0.3842761134782609,3,3,3_3
SCN3A,1.2450583333333334,0.3369297692391305,4,3,4_3
SCN3B,0.9567458333333333,0.09097461623188406,0,2,0_2
SCN4A,1.0275875,0.48225893775362316,1,3,1_3
SCN4B,1.0934041666666667,0.18144611224637677,3,2,3_2
SCN5A,1.4262625,1.6409550270289854,4,4,4_4
SCN7A,1.2576041666666669,0.7641187295289855,4,4,4_4
SCN8A,1.055611111111111,0.05088028489130434,2,1,2_1
SCN9A,1.0225916666666668,0.11441320010869563,1,2,1_2
SCNN1A,1.2257875,0.21407592562801933,3,3,3_3
SCNN1B,1.0337958333333332,0.2951320715217392,2,3,2_3
SCNN1D,0.950325,0.3571316094202898,0,3,0_3
SCNN1G,1.6402416666666666,3.5942353785507257,4,4,4_4
SCO1,1.0373541666666666,0.0353283506521739,2,0,2_0
SCO2,1.2251375,0.6919634492028987,3,4,3_4
SCOC,1.0309416666666666,0.019891309818840585,2,0,2_0
SCOC-AS1,1.5489041666666665,0.8527728998188407,4,4,4_4
SCP2,1.0082,0.01302305996376812,1,0,1_0
SCP2D1,0.9272125000000001,0.5665153892028986,0,4,0_4
SCPEP1,1.0515395833333334,0.09771967570652175,2,2,2_2
SCRG1,1.2261604166666666,0.520523664402174,3,3,3_3
SCRIB,0.9581,0.0174782015942029,0,0,0_0
SCRN1,0.9837666666666666,0.017302596376811592,0,0,0_0
SCRN2,1.4662666666666666,0.9682782353260869,4,4,4_4
SCRN3,1.00173125,0.018119752844202905,1,0,1_0
SCRT1,1.6842583333333334,2.3886277081521747,4,4,4_4
SCT,1.7387833333333333,4.715458965652175,4,4,4_4
SCTR,1.376773611111111,0.6903148339371981,4,4,4_4
SCUBE1,1.3829791666666666,2.4355944405072467,4,4,4_4
SCUBE2,1.050225,0.1794593327536232,2,2,2_2
SCUBE3,1.1868916666666667,0.4014407541032608,3,3,3_3
SCYL1,1.0948791666666666,0.15860927503623187,3,2,3_2
SCYL2,1.0044125000000002,0.034160738156199674,1,0,1_0
SCYL3,1.0078013888888888,0.029206180780998393,1,0,1_0
SDAD1,1.0292805555555555,0.01318047550724638,1,0,1_0
SDC1,1.0896958333333333,0.06986743221014495,3,1,3_1
SDC2,1.0569291666666667,0.10252936126409015,2,2,2_2
SDC3,1.5968145833333331,1.7753999591485508,4,4,4_4
SDC4,1.2427833333333334,0.38829976478260875,4,3,4_3
SDCBP,1.0139458333333333,0.014549455579710146,1,0,1_0
SDCBP2-AS1,1.0534864583333332,0.054553914442934774,2,1,2_1
SDCCAG8,0.9881062500000001,0.02717420843297101,0,0,0_0
SDE2,0.9875583333333333,0.035206828043478265,0,0,0_0
SDF2,1.0487,0.03284184028985507,2,0,2_0
SDF2L1,1.1418166666666665,0.22835135550724636,3,3,3_3
SDF4,1.0077708333333335,0.011838887563405799,1,0,1_0
SDHA,0.9879208333333332,0.021107809347826082,0,0,0_0
SDHAF1,1.0135375,0.045306051304347825,1,1,1_1
SDHAF2,1.0431666666666668,0.06186994043478261,2,1,2_1
SDHAF3,1.065108333333333,0.07138603695652175,2,1,2_1
SDHAF4,1.050825,0.16990060623188408,2,2,2_2
SDHB,1.0668020833333334,0.060404282336956515,2,1,2_1
SDHC,1.0223220238095239,0.02655240129103815,1,0,1_0
SDHD,1.0139541666666667,0.12684061532608695,1,2,1_2
SDK1,1.2192208333333334,0.692624652572464,3,4,3_4
SDK2,1.2664433333333334,0.14245666332173912,4,2,4_2
SDR16C5,1.0776833333333333,0.12386689637681159,2,2,2_2
SDR39U1,0.9869791666666666,0.03289605311594203,0,0,0_0
SDR42E1,1.0503208333333334,0.043613502499999984,2,1,2_1
SDR9C7,1.5678416666666666,1.7855447384057976,4,4,4_4
SDS,1.3106625,0.5580965225000001,4,4,4_4
SDSL,0.9826874999999999,0.2419302267391304,0,3,0_3
SEBOX,1.3348333333333333,0.6700557351086956,4,4,4_4
SEC11A,1.0322958333333334,0.022975491775362324,2,0,2_0
SEC11C,0.9515458333333333,0.03268309452898552,0,0,0_0
SEC13,0.9955666666666666,0.01743710246376811,0,0,0_0
SEC14L1,1.1501260416666668,0.16774891747735507,3,2,3_2
SEC14L2,0.987605,0.17280086807536232,0,2,0_2
SEC14L3,1.5948541666666667,1.573914315756844,4,4,4_4
SEC14L4,1.0639458333333334,0.3045603298188406,2,3,2_3
SEC14L5,1.2365041666666665,0.37625730905797106,3,3,3_3
SEC16A,0.9910416666666667,0.011261692608695657,0,0,0_0
SEC16B,1.0831441666666668,0.07119052196811594,3,1,3_1
SEC22A,1.0042145833333331,0.020373371032608698,1,0,1_0
SEC22B,1.0291833333333333,0.025693887572463766,1,0,1_0
SEC22C,1.0179013888888888,0.02789639064009662,1,0,1_0
SEC23A,1.0049083333333333,0.042973959673913036,1,1,1_1
SEC23B,1.0472305555555554,0.05887242159420291,2,1,2_1
SEC23IP,1.0095354166666666,0.00767562166666666,1,0,1_0
SEC24A,1.0170736111111112,0.05340702329307568,1,1,1_1
SEC24B,0.9880125,0.009145197463768115,0,0,0_0
SEC24B-AS1,1.0627041666666666,0.08316967905797103,2,2,2_2
SEC24C,1.0172958333333333,0.022301740362318846,1,0,1_0
SEC24D,1.0125722222222222,0.07861027006441222,1,1,1_1
SEC31A,1.00400625,0.016026440054347828,1,0,1_0
SEC31B,1.0121375,0.04305970355072465,1,1,1_1
SEC61A1,1.0462520833333333,0.06231022708333333,2,1,2_1
SEC61A2,1.021075,0.0272338807568438,1,0,1_0
SEC61B,1.0711916666666668,0.0818348145652174,2,2,2_2
SEC61G,1.0055458333333334,0.03605883789855074,1,0,1_0
SEC62,1.0117941666666666,0.020751846878260875,1,0,1_0
SEC63,1.0155983333333334,0.031927884713043475,1,0,1_0
SECISBP2,1.0149479166666666,0.0204983192210145,1,0,1_0
SECISBP2L,1.0561208333333332,0.02034759329710144,2,0,2_0
SECTM1,1.0878333333333334,0.23850920014492746,3,3,3_3
SEH1L,1.01164375,0.019086843677536235,1,0,1_0
SEL1L,1.0236010416666668,0.052967797839673925,1,1,1_1
SEL1L2,1.0151937500000001,0.1553398726630435,1,2,1_2
SEL1L3,1.0240583333333333,0.03957862127717392,1,1,1_1
SELE,1.7850125,1.8174070818115944,4,4,4_4
SELENBP1,1.0185958333333334,0.03399015195652173,1,0,1_0
SELL,1.2742791666666669,0.31102780456521745,4,3,4_3
SELP,1.2765375,0.23405322384057972,4,3,4_3
SELPLG,1.2456583333333333,0.1949610854710145,4,3,4_3
SEMA3A,1.1305180555555554,0.2794607840660226,3,3,3_3
SEMA3B,1.141875,2.163357023768116,3,4,3_4
SEMA3C,0.989175,0.060425316557971,0,1,0_1
SEMA3D,1.3650000000000002,0.6564735230797101,4,4,4_4
SEMA3E,1.0901500000000002,0.22103288188405798,3,3,3_3
SEMA3F,1.1723694444444446,0.39667794181964583,3,3,3_3
SEMA3G,1.2213625,0.2969483254347826,3,3,3_3
SEMA4A,1.1589979166666666,0.5713900847282608,3,4,3_4
SEMA4B,1.0672375,0.12347631268115943,2,2,2_2
SEMA4C,1.0340770833333333,0.06896361820652172,2,1,2_1
SEMA4D,1.0194916666666667,0.04666519402173913,1,1,1_1
SEMA4F,0.9883972222222223,0.0857330242995169,0,2,0_2
SEMA4G,1.4168916666666667,0.6620267511231885,4,4,4_4
SEMA5A,1.2433208333333334,0.3540499184943639,4,3,4_3
SEMA5B,2.5823708333333335,7.887264625000001,4,4,4_4
SEMA6A,1.3424249999999998,0.2859836562376812,4,3,4_3
SEMA6B,1.161273611111111,0.3562805911030596,3,3,3_3
SEMA6C,1.064425,0.15399143028985507,2,2,2_2
SEMA6D,1.0850316666666668,0.07225219948405798,3,1,3_1
SEMA7A,1.08343125,1.187757708496377,3,4,3_4
SEMG1,1.6742458333333332,3.156274616594203,4,4,4_4
SEMG2,1.4583041666666665,1.3729941589130434,4,4,4_4
SENCR,1.358525,1.3441705839130433,4,4,4_4
SENP1,0.9966437499999999,0.051337318315217394,0,1,0_1
SENP2,1.004176388888889,0.019211273904991957,1,0,1_0
SENP3,1.03260625,0.12644331788043478,2,2,2_2
SENP3-EIF4A1,1.0860708333333333,0.2715322545652174,3,3,3_3
SENP5,0.9989902777777778,0.023051975692431573,0,0,0_0
SENP6,1.0267305555555557,0.024763251739130424,1,0,1_0
SENP7,1.1049625,0.09287321634057971,3,2,3_2
SENP8,1.004975,0.040019221050724633,1,1,1_1
SEPHS1,1.0027583333333334,0.01905291357487923,1,0,1_0
SEPHS2,1.013725,0.009779775652173913,1,0,1_0
SEPSECS,1.0081325,0.049862145330434794,1,1,1_1
SEPSECS-AS1,0.9761333333333334,0.03549718626811594,0,0,0_0
SEPT1,1.1788999999999998,0.18317270188405796,3,2,3_2
SEPT10,1.0003125,0.019196464239130434,0,0,0_0
SEPT11,1.4032312500000002,0.4714616244202898,4,3,4_3
SEPT12,1.17365,0.8551390666666666,3,4,3_4
SEPT2,1.0921916666666667,0.09535537024347827,3,2,3_2
SEPT3,1.029725,0.1100850415942029,1,2,1_2
SEPT4,1.5953611111111112,1.3524843314492758,4,4,4_4
SEPT6,1.0958608333333333,0.07992816461739131,3,1,3_1
SEPT7,1.0381177083333333,0.03557483461503623,2,0,2_0
SEPT7-AS1,1.114975,0.07633772942028985,3,1,3_1
SEPT8,1.0111111111111113,0.039416706811594204,1,1,1_1
SEPT9,0.9712958333333334,0.0365345663134058,0,1,0_1
SERAC1,1.0193208333333335,0.09888980782608696,1,2,1_2
SERBP1,1.009869642857143,0.004883550566400472,1,0,1_0
SERF1B,1.0624180555555556,0.0662172464331723,2,1,2_1
SERGEF,1.1059916666666665,0.20825297043478258,3,3,3_3
SERHL2,1.0210722222222222,0.07692301745571659,1,1,1_1
SERINC1,1.0337541666666665,0.022980343840579714,2,0,2_0
SERINC2,1.0892739583333333,0.09994621491394928,3,2,3_2
SERINC3,1.0392114583333332,0.03233263889945652,2,0,2_0
SERINC5,1.0225250000000001,0.02187102086956522,1,0,1_0
SERP1,1.0136645833333333,0.025097746177536236,1,0,1_0
SERP2,1.3172395833333332,0.2071369077958937,4,3,4_3
SERPINA1,1.2222520833333332,0.3042080707336956,3,3,3_3
SERPINA10,1.9581875,3.870077810652174,4,4,4_4
SERPINA12,1.3135958333333333,1.015565096594203,4,4,4_4
SERPINA3,1.4410208333333336,1.6075469206521737,4,4,4_4
SERPINA4,0.9498000000000001,0.1330646120289855,0,2,0_2
SERPINA5,1.2330500000000002,0.6702183850724639,3,4,3_4
SERPINA6,1.7873,4.39987885173913,4,4,4_4
SERPINA7,1.0699666666666667,0.5349448810144928,2,3,2_3
SERPINA9,1.3325916666666666,1.0868556866666668,4,4,4_4
SERPINB1,1.046946875,0.07494678237771739,2,1,2_1
SERPINB10,1.7314791666666667,2.5864421948550724,4,4,4_4
SERPINB11,1.4298333333333335,1.3835894760869565,4,4,4_4
SERPINB12,1.1612416666666665,1.9455110030434783,3,4,3_4
SERPINB13,1.3070409722222223,0.6705466281904188,4,4,4_4
SERPINB2,2.4254374999999997,6.746802528768115,4,4,4_4
SERPINB3,0.9841333333333334,0.08817182873188405,0,2,0_2
SERPINB4,1.5498458333333336,0.6069429498913044,4,4,4_4
SERPINB5,1.41845,0.623786193695652,4,4,4_4
SERPINB6,1.2833447916666667,0.2088703721693841,4,3,4_3
SERPINB7,1.3448541666666667,0.8794730389130436,4,4,4_4
SERPINB8,1.1329020833333334,0.19096461827898548,3,3,3_3
SERPINB9,1.1436847222222222,0.10792888057165859,3,2,3_2
SERPINB9P1,0.9611791666666667,0.20827860195652173,0,3,0_3
SERPINC1,1.6075333333333333,1.1290539677173912,4,4,4_4
SERPIND1,1.964675,3.2723948789855073,4,4,4_4
SERPINE1,1.783951388888889,1.7437788202012878,4,4,4_4
SERPINE2,1.0650958333333334,0.10842703742753625,2,2,2_2
SERPINF1,1.0803208333333332,0.18724974326086957,2,2,2_2
SERPINF2,0.8902291666666667,0.23932709775362318,0,3,0_3
SERPING1,1.0558625000000001,0.13521804847826085,2,2,2_2
SERPINH1,1.0202208333333334,0.08733654079710146,1,2,1_2
SERPINI1,1.0435458333333332,0.05630715210144927,2,1,2_1
SERPINI2,1.0531708333333334,0.23383554326086958,2,3,2_3
SERTAD1,1.0639875,0.11032007268115943,2,2,2_2
SERTAD2,1.02096875,0.031238788496376808,1,0,1_0
SERTAD3,1.0044083333333333,0.12110115173913044,1,2,1_2
SERTAD4,1.0381489583333334,0.08618032665307972,2,2,2_2
SERTAD4-AS1,1.0048833333333331,0.077780905942029,1,1,1_1
SERTM1,1.2040208333333333,0.43341520152173907,3,3,3_3
SESN1,1.0341208333333334,0.028305456304347828,2,0,2_0
SESN2,1.02095,0.09530404938405797,1,2,1_2
SESN3,1.0020333333333333,0.030290855217391312,1,0,1_0
SESTD1,1.0057944444444444,0.02341309209339774,1,0,1_0
SET,1.0187,0.010746240217391302,1,0,1_0
SETBP1,1.0404333333333333,0.05115248199275362,2,1,2_1
SETD1A,1.0428583333333332,0.08752581985507248,2,2,2_2
SETD1B,1.0070625,0.01274086963768116,1,0,1_0
SETD2,0.9981847222222222,0.009388517302737516,0,0,0_0
SETD3,1.04883125,0.06743530889492753,2,1,2_1
SETD4,1.0304805555555554,0.0401103277294686,2,1,2_1
SETD5,1.0352516666666667,0.025435743657971015,2,0,2_0
SETD6,0.99946875,0.01828460211956522,0,0,0_0
SETD7,0.9941,0.11455387032608692,0,2,0_2
SETD9,1.0498874999999999,0.22981799083333332,2,3,2_3
SETDB1,0.9649166666666668,0.05496070699275363,0,1,0_1
SETDB2,1.25785625,0.13809034549315619,4,2,4_2
SETMAR,0.9825625000000001,0.09723173218196457,0,2,0_2
SETSIP,0.9986541666666667,0.0049662824550724665,0,0,0_0
SETX,1.0053819444444445,0.02528203672302739,1,0,1_0
SEZ6,1.3626437500000002,0.7743710616847825,4,4,4_4
SEZ6L,1.4135034722222224,0.3100756111050725,4,3,4_3
SEZ6L2,0.9995708333333333,0.02783899986376811,0,0,0_0
SF1,1.1477402777777777,0.13319253966988728,3,2,3_2
SF3A1,1.0212395833333334,0.014809749728260869,1,0,1_0
SF3A2,1.0082812499999998,0.0215491417210145,1,0,1_0
SF3A3,0.9864416666666666,0.01894718884057971,0,0,0_0
SF3B1,1.0339216666666666,0.009522937026086954,2,0,2_0
SF3B2,0.9891145833333335,0.04349857157608696,0,1,0_1
SF3B3,1.0002375000000001,0.014433989891304354,0,0,0_0
SF3B4,1.00975,0.027277314637681162,1,0,1_0
SF3B5,1.0104833333333334,0.04633704826086957,1,1,1_1
SF3B6,1.0199479166666667,0.18359157624999997,1,2,1_2
SFI1,0.9927729166666667,0.02767933828804348,0,0,0_0
SFMBT1,0.9748583333333333,0.02339621677536232,0,0,0_0
SFMBT2,0.9457604166666668,0.26363117820652165,0,3,0_3
SFN,1.2573430555555556,0.3258032825040258,4,3,4_3
SFPQ,1.028245,0.010837958997101448,1,0,1_0
SFR1,1.03554375,0.06390388798913044,2,1,2_1
SFRP1,1.0463666666666667,0.08256800453804347,2,2,2_2
SFRP2,1.1995354166666667,0.18924782306159416,3,2,3_2
SFRP4,1.4144541666666666,1.5787592051811594,4,4,4_4
SFRP5,1.3893041666666666,0.9607000213768115,4,4,4_4
SFSWAP,1.0464375,0.08304317046195653,2,2,2_2
SFT2D1,1.0330433333333333,0.03188789140869565,2,0,2_0
SFT2D2,1.0121708333333335,0.024041080978260864,1,0,1_0
SFT2D3,1.0682755208333334,0.037322298295969204,2,1,2_1
SFTA1P,1.9654208333333336,4.181658208043478,4,4,4_4
SFTA2,1.2685791666666668,1.2404076502173915,4,4,4_4
SFTA3,1.4801291666666667,2.3274316683333334,4,4,4_4
SFTPA2,1.3145854166666666,0.38748598222826086,4,3,4_3
SFTPB,1.1174604166666666,0.08773730993659419,3,2,3_2
SFTPC,1.3188975,0.4365293774463769,4,3,4_3
SFTPD,1.1111083333333334,0.26370108173913037,3,3,3_3
SFXN1,1.0444902777777778,0.03622088656199679,2,0,2_0
SFXN2,1.0157541666666665,0.025191061992753623,1,0,1_0
SFXN3,1.0191458333333332,0.04225344952495975,1,1,1_1
SFXN4,1.0436385416666667,0.1879514025951087,2,2,2_2
SFXN5,1.388495833333333,0.3440019247554348,4,3,4_3
SGCA,1.9979333333333333,6.75370098652174,4,4,4_4
SGCB,1.0149510416666665,0.03628936400815217,1,1,1_1
SGCD,1.0518423611111112,0.07223944724033816,2,1,2_1
SGCE,1.1078083333333335,0.08161547260869566,3,2,3_2
SGCG,2.8171666666666666,13.111926901739128,4,4,4_4
SGCZ,1.4471125,5.105799612826088,4,4,4_4
SGF29,1.0246791666666668,0.05291746503623189,1,1,1_1
SGIP1,1.3656499999999998,0.5118769308695652,4,3,4_3
SGK1,1.1452125000000002,0.15466129876811596,3,2,3_2
SGK2,1.1053375,0.2328179420289855,3,3,3_3
SGK494,1.0083354166666667,0.05702705552536232,1,1,1_1
SGMS1,1.0234458333333334,0.02938182007246377,1,0,1_0
SGMS2,1.0336486111111112,0.06703186968599031,2,1,2_1
SGO1,1.3796854166666668,0.9504280067934782,4,4,4_4
SGO2,1.0587083333333334,0.08619625242753623,2,2,2_2
SGPL1,1.0306097222222221,0.04919702527375203,2,1,2_1
SGPP1,0.98906875,0.03337173494565218,0,0,0_0
SGPP2,1.0336527777777778,0.22893043819645736,2,3,2_3
SGSH,1.0125187500000001,0.04840961480072465,1,1,1_1
SGSM1,1.0870097222222221,0.1951671502979066,3,3,3_3
SGSM2,0.9941194444444444,0.037985278953301144,0,1,0_1
SGSM3,0.9852027777777778,0.02382937943639291,0,0,0_0
SGTA,1.0149583333333332,0.10797168304347825,1,2,1_2
SGTB,1.0239208333333334,0.11217258253623186,1,2,1_2
SH2B1,1.0082020833333332,0.028573385815217386,1,0,1_0
SH2B2,0.9680708333333333,0.2144485641304348,0,3,0_3
SH2B3,1.2213666666666667,0.2298979991304348,3,3,3_3
SH2D1A,1.373321875,0.8057842672146739,4,4,4_4
SH2D1B,1.32116875,0.834461262807971,4,4,4_4
SH2D2A,1.2982958333333332,0.6141117581884058,4,4,4_4
SH2D3A,0.9852854166666667,0.03196276925724638,0,0,0_0
SH2D3C,1.545851388888889,0.3176022089613526,4,3,4_3
SH2D4A,0.9436541666666667,0.04444985644927537,0,1,0_1
SH2D4B,1.1279000000000001,0.390392635942029,3,3,3_3
SH2D5,0.9919958333333335,0.18170347717391305,0,2,0_2
SH2D6,1.0177041666666666,0.4806941802173913,1,3,1_3
SH3BGR,1.147975,0.0880899552173913,3,2,3_2
SH3BGRL,1.0249895833333333,0.018836657916666673,1,0,1_0
SH3BGRL2,0.9917541666666666,0.11299087989130434,0,2,0_2
SH3BGRL3,1.1430208333333332,0.1269141886231884,3,2,3_2
SH3BP1,1.0406541666666667,0.2183753580434783,2,3,2_3
SH3BP2,1.0453299999999999,0.0706293131536232,2,1,2_1
SH3BP4,1.0141041666666668,0.1143084951811594,1,2,1_2
SH3BP5,1.0472374999999998,0.06312767514492754,2,1,2_1
SH3BP5-AS1,1.0436208333333334,0.046633292826086956,2,1,2_1
SH3BP5L,1.0392791666666668,0.06363385673913044,2,1,2_1
SH3D19,1.0551416666666666,0.09099380894927538,2,2,2_2
SH3D21,1.0187541666666666,0.21360823934782602,1,3,1_3
SH3GL1,0.9834583333333334,0.02415683347826087,0,0,0_0
SH3GL2,1.0915,0.5175658204347826,3,3,3_3
SH3GL3,1.091101388888889,0.18753669041062804,3,2,3_2
SH3GLB1,0.9997250000000001,0.008288510982286633,0,0,0_0
SH3GLB2,0.9889541666666667,0.04938493225543477,0,1,0_1
SH3KBP1,1.0329583333333334,0.006603380797101451,2,0,2_0
SH3PXD2A,1.0075805555555555,0.0849158674879227,1,2,1_2
SH3PXD2A-AS1,1.4002375,3.106632207753623,4,4,4_4
SH3PXD2B,1.0597,0.15771150985507243,2,2,2_2
SH3RF1,1.0700333333333334,0.153641930615942,2,2,2_2
SH3RF2,0.9890916666666666,0.06279739771739132,0,1,0_1
SH3RF3,0.9890249999999999,0.1433944731884058,0,2,0_2
SH3RF3-AS1,1.1648875,0.6219696787681159,3,4,3_4
SH3TC1,1.2863833333333334,0.29037908061594203,4,3,4_3
SH3TC2,1.0201138888888888,0.13154513283413846,1,2,1_2
SH3YL1,1.02485625,0.06131032121376812,1,1,1_1
SHANK1,1.2196208333333334,1.1108662263043478,3,4,3_4
SHANK2,1.2259013888888888,0.1044769368236715,3,2,3_2
SHANK2-AS2,1.7045124999999999,3.4439282465942034,4,4,4_4
SHANK2-AS3,0.9296666666666665,0.2317425343478261,0,3,0_3
SHANK3,1.0757062499999999,0.09824793128623188,2,2,2_2
SHARPIN,0.9944875,0.04768580036231885,0,1,0_1
SHB,1.0030395833333332,0.017149292128623195,1,0,1_0
SHBG,1.3946541666666665,1.6728738364492755,4,4,4_4
SHC1,1.0804729166666667,0.053191759728260866,2,1,2_1
SHC2,1.0637125,0.19399687050724634,2,3,2_3
SHC3,1.0373,0.16275054555555554,2,2,2_2
SHC4,1.1778583333333332,0.371316854384058,3,3,3_3
SHCBP1,1.1249208333333334,0.17447446094202898,3,2,3_2
SHCBP1L,1.9378874999999998,4.343551850362318,4,4,4_4
SHD,1.876079166666667,3.9129271851449277,4,4,4_4
SHE,1.2298374999999997,0.2765433274275363,3,3,3_3
SHF,1.1148333333333333,0.1361519213043478,3,2,3_2
SHH,1.5422666666666665,0.738967064384058,4,4,4_4
SHISA2,1.1391916666666666,0.3033159830434783,3,3,3_3
SHISA3,1.0272666666666666,0.2521539356521739,1,3,1_3
SHISA4,1.0128666666666668,0.6520481473913043,1,4,1_4
SHISA5,1.1033041666666665,0.05004302978260869,3,1,3_1
SHISA6,1.2045152777777777,0.30473333053945245,3,3,3_3
SHISA7,1.1701791666666668,0.4065580583333333,3,3,3_3
SHISA8,1.3280874999999999,0.6202658177536232,4,4,4_4
SHISA9,1.0380666666666667,0.24037378445652172,2,3,2_3
SHKBP1,1.0148125,0.06364830789855072,1,1,1_1
SHMT1,1.0862895833333335,0.16692302545289853,3,2,3_2
SHMT2,1.0551611111111112,0.04534622223832529,2,1,2_1
SHOC2,0.9859708333333334,0.01454367920289855,0,0,0_0
SHOX,2.4379416666666667,11.269244691014496,4,4,4_4
SHOX2,1.3145361111111111,0.3690259500966183,4,3,4_3
SHPK,1.006936111111111,0.02798058790660225,1,0,1_0
SHPRH,1.0026125,0.028054767463768115,1,0,1_0
SHQ1,0.9895604166666666,0.010275941721014491,0,0,0_0
SHROOM1,1.2531513888888888,0.2547876851449275,4,3,4_3
SHROOM2,0.9918916666666666,0.025711934782608695,0,0,0_0
SHROOM3,1.4365083333333333,0.7039492631723027,4,4,4_4
SHROOM4,1.1105458333333333,0.25233863380434784,3,3,3_3
SHTN1,0.9794916666666668,0.016968884637681158,0,0,0_0
SI,1.4296,2.4532974442028985,4,4,4_4
SIAE,1.025321875,0.09890165295742752,1,2,1_2
SIAH1,1.2070069444444442,0.2395512481723027,3,3,3_3
SIAH2,0.9813291666666667,0.01515540992753623,0,0,0_0
SIAH3,2.5174833333333333,5.382819691159421,4,4,4_4
SIDT1,0.9811791666666667,0.054444161521739136,0,1,0_1
SIDT2,0.9948687499999999,0.010946049728260866,0,0,0_0
SIGIRR,0.96496875,0.040743966648550727,0,1,0_1
SIGLEC1,2.00120625,2.6522604986050724,4,4,4_4
SIGLEC10,1.378970833333333,0.36866475300724644,4,3,4_3
SIGLEC11,1.4313833333333335,0.5949268195289855,4,4,4_4
SIGLEC15,1.0638625,0.07667184413043479,2,1,2_1
SIGLEC5,1.4283708333333334,1.3601162997826086,4,4,4_4
SIGLEC6,1.211075,0.2908299243639291,3,3,3_3
SIGLEC7,1.5669958333333334,0.9878106701851854,4,4,4_4
SIGLEC8,1.4524,0.46269060845410614,4,3,4_3
SIGLEC9,1.0509083333333333,0.9971262795652175,2,4,2_4
SIGLECL1,1.0927875,2.7413159496376807,3,4,3_4
SIGMAR1,0.9937583333333334,0.07986982778985506,0,1,0_1
SIK1,1.2127229166666667,0.3270289583876812,3,3,3_3
SIK2,1.1732968750000001,0.1604517317164855,3,2,3_2
SIK3,1.039404861111111,0.050325432381239925,2,1,2_1
SIKE1,1.0224758333333333,0.027390546518840576,1,0,1_0
SIL1,0.971475,0.018727961159420298,0,0,0_0
SIM1,1.301225,0.6897939215619967,4,4,4_4
SIM2,1.246013888888889,0.25089967415458936,4,3,4_3
SIMC1,1.0180916666666666,0.015834658115942032,1,0,1_0
SIN3A,1.0179895833333334,0.06423615981884058,1,1,1_1
SIN3B,1.0141694444444445,0.055606467471819666,1,1,1_1
SIPA1,1.2123166666666665,0.23962447057971017,3,3,3_3
SIPA1L1,1.0600180555555554,0.0471968855152979,2,1,2_1
SIPA1L2,1.0958277777777778,0.04312846413848632,3,1,3_1
SIPA1L3,1.3481427083333333,0.5486982776766305,4,4,4_4
SIRPA,1.0287958333333334,0.031276459975845404,1,0,1_0
SIRPB1,1.5971708333333332,0.6550462239694042,4,4,4_4
SIRPB2,1.2505,0.7036284085507247,4,4,4_4
SIRPD,1.3695958333333333,0.9264207747101448,4,4,4_4
SIRPG,1.1308375,0.12956291615942028,3,2,3_2
SIRT1,1.1001083333333332,0.1140251556521739,3,2,3_2
SIRT2,1.0059916666666666,0.13459115398550725,1,2,1_2
SIRT3,1.0241375,0.029846029847020943,1,0,1_0
SIRT4,0.9591541666666666,0.057894758804347836,0,1,0_1
SIRT5,1.0362256944444443,0.06369837366545894,2,1,2_1
SIRT6,1.0693812500000002,0.09231040251811595,2,2,2_2
SIRT7,0.9886416666666666,0.03091556739130435,0,0,0_0
SIT1,0.9848750000000001,0.20953808768115945,0,3,0_3
SIVA1,1.197836111111111,0.3484410387439613,3,3,3_3
SIX1,1.0378069444444444,0.1112486238888889,2,2,2_2
SIX2,1.0299645833333333,0.07565147331521739,1,1,1_1
SIX3,0.9808763888888888,0.02799381010466988,0,0,0_0
SIX3-AS1,0.9277666666666665,0.06616868536231883,0,1,0_1
SIX4,1.018825,0.09093405605072462,1,2,1_2
SIX5,1.0028430555555554,0.09119771722222221,1,2,1_2
SIX6,0.9069166666666667,0.23304316869565217,0,3,0_3
SKA1,1.4446208333333335,1.0114520221014494,4,4,4_4
SKA2,1.0315520833333334,0.042770204909420295,2,1,2_1
SKA3,1.0893499999999998,0.13611760782608698,3,2,3_2
SKAP1,1.0722375,0.1437341781884058,2,2,2_2
SKAP2,1.2257630952380953,0.093602503978113,3,2,3_2
SKI,1.018875,0.06347543937198066,1,1,1_1
SKIDA1,1.002775,0.13896519648550726,1,2,1_2
SKIL,1.0409033333333333,0.05434361578550724,2,1,2_1
SKIV2L,0.9586041666666666,0.04276318471014492,0,1,0_1
SKP1,0.9975947916666666,0.003983380339673914,0,0,0_0
SKP2,1.0707902777777778,0.03883225720611917,2,1,2_1
SLA,1.1083520833333333,0.430638729981884,3,3,3_3
SLA2,1.2566020833333333,0.21617381878623182,4,3,4_3
SLAIN1,0.9206875,0.07725417442028985,0,1,0_1
SLAIN2,0.9832952380952381,0.02688931874297545,0,0,0_0
SLAMF1,1.021197222222222,0.10450094864734298,1,2,1_2
SLAMF6,1.3142749999999999,0.5637216842028986,4,4,4_4
SLAMF7,1.007565277777778,0.1379125665942029,1,2,1_2
SLAMF8,1.5051499999999998,1.0115277701811594,4,4,4_4
SLAMF9,1.08901875,0.22738470494565216,3,3,3_3
SLBP,0.9722666666666667,0.018003725652173917,0,0,0_0
SLC10A1,0.9829958333333334,0.1233567818115942,0,2,0_2
SLC10A2,1.0628708333333334,0.625945730942029,2,4,2_4
SLC10A3,1.0153875,0.10711289355072465,1,2,1_2
SLC10A4,1.0958916666666667,0.28840945811594204,3,3,3_3
SLC10A7,1.2438708333333333,0.3343882486070854,4,3,4_3
SLC11A1,1.2710506944444446,0.5446986295873589,4,4,4_4
SLC11A2,1.0461416666666667,0.04009260067826088,2,1,2_1
SLC12A1,2.0721479166666668,2.7371757896195654,4,4,4_4
SLC12A2,0.98904375,0.08198758932971016,0,2,0_2
SLC12A3,1.4014777777777778,0.5450117620128825,4,4,4_4
SLC12A4,1.2188041666666667,0.18269348065217392,3,2,3_2
SLC12A5,0.9143624999999999,0.30438208963768115,0,3,0_3
SLC12A6,1.0565236111111111,0.03474280966988729,2,0,2_0
SLC12A7,0.9293875000000001,0.057871624420289855,0,1,0_1
SLC12A8,1.0057958333333332,0.0991891541304348,1,2,1_2
SLC12A9,1.272620833333333,0.23429945425925927,4,3,4_3
SLC13A1,1.2928666666666666,1.502797569710145,4,4,4_4
SLC13A2,0.9545604166666667,0.14102259233695652,0,2,0_2
SLC13A3,1.1440875000000001,0.1845869629871176,3,2,3_2
SLC13A4,1.2418541666666667,0.39194137949275365,4,3,4_3
SLC13A5,1.1569125,0.5658941876086957,3,4,3_4
SLC14A1,1.4243166666666667,1.1234068563405797,4,4,4_4
SLC14A2-AS1,0.9680333333333332,0.10074400130434781,0,2,0_2
SLC15A1,1.0413062499999999,0.09299016690217395,2,2,2_2
SLC15A2,1.3341083333333332,0.36554350906602256,4,3,4_3
SLC15A3,1.2382166666666665,0.34567569913043483,3,3,3_3
SLC15A4,0.9740486111111112,0.03893339844605475,0,1,0_1
SLC16A1,1.0910833333333334,0.10965217261449275,3,2,3_2
SLC16A1-AS1,1.1297847222222221,0.14557949747987117,3,2,3_2
SLC16A10,1.0917958333333333,0.2599961653220612,3,3,3_3
SLC16A11,0.9764375,0.06935415184782609,0,1,0_1
SLC16A12-AS1,1.1237000000000001,0.7976757398550725,3,4,3_4
SLC16A14,1.0969791666666666,0.2433824100724638,3,3,3_3
SLC16A2,1.0187625,0.06510512413043479,1,1,1_1
SLC16A4,1.0292458333333334,0.07888747195652174,1,1,1_1
SLC16A5,1.075375,0.17814924573268923,2,2,2_2
SLC16A6,1.0631854166666665,0.11725745251811592,2,2,2_2
SLC16A7,1.0430516666666667,0.03628437595942029,2,1,2_1
SLC16A8,0.9577708333333333,0.20493948905797102,0,3,0_3
SLC16A9,1.0258125,0.13138382659420286,1,2,1_2
SLC17A1,1.637776388888889,1.5548570844524956,4,4,4_4
SLC17A2,1.640208333333333,2.3160586720289857,4,4,4_4
SLC17A3,1.552345833333333,2.5173285748550724,4,4,4_4
SLC17A4,1.5457354166666668,1.1921910514311593,4,4,4_4
SLC17A5,1.0765875,0.08544117699275362,2,2,2_2
SLC17A6,1.0279875,0.2288826665942029,1,3,1_3
SLC17A7,1.0961583333333333,0.26024410467391307,3,3,3_3
SLC17A8,1.0608041666666665,0.4294079203623188,2,3,2_3
SLC17A9,1.0227541666666669,0.1488697830837359,1,2,1_2
SLC18A1,0.8895291666666667,0.3549042545652174,0,3,0_3
SLC18A2,1.1874895833333332,0.1278131205978261,3,2,3_2
SLC18A3,2.2287791666666665,4.115225047608696,4,4,4_4
SLC18B1,0.9774458333333333,0.06999856108695653,0,1,0_1
SLC19A1,1.2814261904761903,0.2252525921029282,4,3,4_3
SLC19A2,1.1346833333333333,0.18955203999999998,3,2,3_2
SLC19A3,1.3927645833333333,0.985268787155797,4,4,4_4
SLC1A1,1.0345875,0.07877850695652171,2,1,2_1
SLC1A2,1.3215680555555556,0.2738208239653784,4,3,4_3
SLC1A3,1.5147479166666666,1.1029350670471016,4,4,4_4
SLC1A4,1.0165133333333334,0.03472992101449274,1,0,1_0
SLC1A5,1.0743916666666666,0.0796647844927536,2,1,2_1
SLC1A6,1.1477180555555555,0.4336952740821255,3,3,3_3
SLC1A7,1.8290527777777779,0.8535082689049919,4,4,4_4
SLC20A1,1.0075062499999998,0.0496612978442029,1,1,1_1
SLC20A2,1.1123111111111113,0.04593439247987119,3,1,3_1
SLC22A1,0.9484375000000002,0.15197069804347824,0,2,0_2
SLC22A11,1.5405208333333336,2.8004830667391305,4,4,4_4
SLC22A12,1.2173416666666668,1.7917619734782608,3,4,3_4
SLC22A13,1.1099916666666665,1.5825207798550722,3,4,3_4
SLC22A14,0.9745791666666666,0.1993098029710145,0,3,0_3
SLC22A15,1.019925,0.10902547333333334,1,2,1_2
SLC22A16,2.438177083333333,10.52184040639493,4,4,4_4
SLC22A17,1.1763479166666666,0.28947699762681156,3,3,3_3
SLC22A18,1.13495,0.1508575975362319,3,2,3_2
SLC22A18AS,1.1159791666666665,0.27692125152173913,3,3,3_3
SLC22A2,1.5614416666666664,2.9789553168115943,4,4,4_4
SLC22A23,1.4254875,0.33258807221920295,4,3,4_3
SLC22A24,1.1608833333333333,1.342063859275362,3,4,3_4
SLC22A25,1.2153,0.44422917702898557,3,3,3_3
SLC22A3,1.1221604166666665,0.15546006175724641,3,2,3_2
SLC22A31,0.9358541666666667,0.12552295572463765,0,2,0_2
SLC22A4,1.1140333333333332,0.2544347172463768,3,3,3_3
SLC22A5,0.9614770833333334,0.13854507244565217,0,2,0_2
SLC22A6,1.8599854166666667,5.304070754764492,4,4,4_4
SLC22A7,1.3798483333333333,0.7644769594492754,4,4,4_4
SLC22A8,1.6666583333333334,2.6010152501086954,4,4,4_4
SLC22A9,1.4546666666666666,1.571644749710145,4,4,4_4
SLC23A1,1.2270291666666666,0.29106345485507246,3,3,3_3
SLC23A2,1.0550927083333335,0.10069563184329712,2,2,2_2
SLC23A3,1.0413708333333334,0.11433453833333335,2,2,2_2
SLC24A1,1.0713802083333335,0.08938599013134058,2,2,2_2
SLC24A2,1.4185375,0.6765487359782609,4,4,4_4
SLC24A3,1.0195625,0.03423494619565218,1,0,1_0
SLC24A4,1.201988888888889,0.3104500642028985,3,3,3_3
SLC25A1,1.0139875,0.0863757725362319,1,2,1_2
SLC25A10,0.9227833333333333,0.05244660246376811,0,1,0_1
SLC25A11,1.0100229166666668,0.01867722838768116,1,0,1_0
SLC25A12,0.9989916666666666,0.02162562322463768,0,0,0_0
SLC25A13,1.0433222222222223,0.04237783987117553,2,1,2_1
SLC25A14,1.0614833333333333,0.06361458989130435,2,1,2_1
SLC25A15,1.0525729166666666,0.06679525795289855,2,1,2_1
SLC25A16,1.0298916666666666,0.029991076312399355,1,0,1_0
SLC25A17,0.9877354166666666,0.010993385525362321,0,0,0_0
SLC25A18,1.2112666666666667,0.9574096531884059,3,4,3_4
SLC25A19,1.1617958333333334,0.17005188311594208,3,2,3_2
SLC25A2,1.0801458333333336,0.21093217152173913,2,3,2_3
SLC25A20,0.9390833333333334,0.031277897826086955,0,0,0_0
SLC25A21,1.113375,0.27537782884057976,3,3,3_3
SLC25A21-AS1,1.0482125,0.12297950282608695,2,2,2_2
SLC25A22,0.9637916666666667,0.05901423202898551,0,1,0_1
SLC25A23,0.9878208333333335,0.04778953938405797,0,1,0_1
SLC25A24,1.1448645833333333,0.2622993887137681,3,3,3_3
SLC25A25,1.2106458333333334,0.3656670223913044,3,3,3_3
SLC25A25-AS1,1.0109625,0.029649895579710147,1,0,1_0
SLC25A26,1.0146,0.07473853594202899,1,1,1_1
SLC25A27,1.0037316666666667,0.05060678012173913,1,1,1_1
SLC25A28,1.0167430555555554,0.08133073293880835,1,2,1_2
SLC25A29,1.1496510416666668,0.10042685840126808,3,2,3_2
SLC25A3,1.0121604166666667,0.00853154704710145,1,0,1_0
SLC25A30,1.023603125,0.03390372974184783,1,0,1_0
SLC25A31,1.0771541666666666,0.8928067425362319,2,4,2_4
SLC25A32,1.0029625,0.018520051521739137,1,0,1_0
SLC25A33,1.0275375,0.046725800507246375,1,1,1_1
SLC25A34,0.9784291666666668,0.10879608971014494,0,2,0_2
SLC25A35,1.0385791666666668,0.11279897518115942,2,2,2_2
SLC25A36,1.0301241666666667,0.04696250257101448,1,1,1_1
SLC25A37,1.0206250000000001,0.03386353825652175,1,0,1_0
SLC25A38,0.9768041666666667,0.034420498478260876,0,0,0_0
SLC25A39,0.9819958333333333,0.02962376557971014,0,0,0_0
SLC25A4,0.9833833333333333,0.028826638876811608,0,0,0_0
SLC25A40,1.0427729166666666,0.01894241219202899,2,0,2_0
SLC25A41,1.1176375,0.6592054789130435,3,4,3_4
SLC25A42,1.1684770833333333,0.153340636557971,3,2,3_2
SLC25A43,1.0257833333333333,0.022235246521739135,1,0,1_0
SLC25A44,1.0758854166666667,0.05948156545289855,2,1,2_1
SLC25A45,1.04194375,0.048198557880434804,2,1,2_1
SLC25A46,0.9897791666666667,0.014452986449275363,0,0,0_0
SLC25A47,2.7980208333333336,6.9025713744202895,4,4,4_4
SLC25A48,1.1332479166666667,0.2533578129528985,3,3,3_3
SLC25A5,1.0081583333333333,0.02520670391304348,1,0,1_0
SLC25A51,1.0553145833333335,0.04945332791666667,2,1,2_1
SLC25A53,1.0437562500000002,0.15371655773550724,2,2,2_2
SLC25A6,1.0165479166666667,0.02964379856884058,1,0,1_0
SLC26A1,1.0677305555555556,0.17135723634460548,2,2,2_2
SLC26A10,1.049425,0.15361047463768115,2,2,2_2
SLC26A11,0.9952375,0.025971919202898545,0,0,0_0
SLC26A2,1.1275708333333334,0.3461574922302737,3,3,3_3
SLC26A3,0.856325,0.4303927774275362,0,3,0_3
SLC26A4,1.7597874999999998,2.630458110072464,4,4,4_4
SLC26A4-AS1,1.3618833333333333,0.6891077089855072,4,4,4_4
SLC26A6,1.0616291666666668,0.22614168499999998,2,3,2_3
SLC26A7,1.087127777777778,0.1057350795652174,3,2,3_2
SLC26A8,0.9809,0.19562255,0,3,0_3
SLC26A9,1.1263416666666666,0.2908359557971015,3,3,3_3
SLC27A1,0.9486416666666667,0.05585428304347825,0,1,0_1
SLC27A2,1.0012666666666667,0.195156840615942,1,3,1_3
SLC27A3,1.1106833333333332,0.1861625201449275,3,2,3_2
SLC27A4,1.0215458333333334,0.25384703065217396,1,3,1_3
SLC27A5,0.98175625,0.1156884189311594,0,2,0_2
SLC27A6,0.9238,0.15784288999999999,0,2,0_2
SLC28A1,1.6644791666666665,1.0042946524275362,4,4,4_4
SLC28A2,1.8750520833333333,1.6395676861413042,4,4,4_4
SLC28A3,1.0783458333333333,0.14825925336956522,2,2,2_2
SLC29A1,0.9888979166666667,0.04124697458333333,0,1,0_1
SLC29A2,1.2194675000000001,0.22222776064057972,3,3,3_3
SLC29A3,0.9940208333333332,0.0616077202173913,0,1,0_1
SLC29A4,1.1003645833333333,0.10798389139492755,3,2,3_2
SLC2A1,1.2017270833333333,0.3062581982789855,3,3,3_3
SLC2A1-AS1,1.034425,0.32135197478260874,2,3,2_3
SLC2A10,0.9748541666666668,0.02042145963768116,0,0,0_0
SLC2A11,1.4370027777777779,0.7543636574718195,4,4,4_4
SLC2A12,1.0569874999999997,0.06591305510869566,2,1,2_1
SLC2A13,1.02346,0.05906233798840581,1,1,1_1
SLC2A14,1.5489020833333333,1.3739315301630435,4,4,4_4
SLC2A2,0.9750541666666667,0.891055072536232,0,4,0_4
SLC2A3,1.4083180555555554,0.9416531237117552,4,4,4_4
SLC2A4,1.2836583333333333,0.8705472301449275,4,4,4_4
SLC2A4RG,1.0360156249999999,0.031607119542572455,2,0,2_0
SLC2A5,1.2600875,0.23005817221920288,4,3,4_3
SLC2A6,0.9842458333333332,0.13375313485507248,0,2,0_2
SLC2A8,1.0534270833333335,0.06965596005434782,2,1,2_1
SLC2A9,1.0845020833333334,0.27116934918478264,3,3,3_3
SLC30A1,1.1561027777777777,0.1403351597101449,3,2,3_2
SLC30A10,1.8358708333333336,3.682029176884058,4,4,4_4
SLC30A2,1.5426854166666668,0.5726301574818841,4,4,4_4
SLC30A3,1.7921624999999999,3.503402689637681,4,4,4_4
SLC30A4,1.151276388888889,0.1699167281884058,3,2,3_2
SLC30A5,1.0407016666666666,0.019717127008695646,2,0,2_0
SLC30A6,1.4513406250000003,0.4766805916893116,4,3,4_3
SLC30A7,1.0286083333333333,0.0610509773268921,1,1,1_1
SLC30A8,1.2117395833333333,0.43740972237318837,3,3,3_3
SLC30A9,1.0268750000000002,0.025071164528985505,1,0,1_0
SLC31A1,1.0330083333333333,0.07302610626409017,2,1,2_1
SLC31A2,1.017275,0.13644417043478257,1,2,1_2
SLC32A1,0.9794458333333335,0.2646244107971015,0,3,0_3
SLC33A1,1.0535114583333334,0.060875542658514505,2,1,2_1
SLC34A1,1.245425,0.4733302121376811,4,3,4_3
SLC34A2,1.2724874999999998,0.6439153900724638,4,4,4_4
SLC34A3,1.0730854166666666,0.3582427744384059,2,3,2_3
SLC35A1,0.9576958333333335,0.01526677644927537,0,0,0_0
SLC35A2,1.0459708333333333,0.06838446968599034,2,1,2_1
SLC35A3,0.9804944444444444,0.027184979178743972,0,0,0_0
SLC35A4,0.9834833333333334,0.020489194347826086,0,0,0_0
SLC35A5,1.0108916666666667,0.019151110869565217,1,0,1_0
SLC35B1,1.0046666666666668,0.02976840536231884,1,0,1_0
SLC35B3,0.9972729166666667,0.017485292663043484,0,0,0_0
SLC35B4,1.0778916666666667,0.08357106877616748,2,2,2_2
SLC35C1,1.0611249999999999,0.08147779079710146,2,2,2_2
SLC35C2,1.009098611111111,0.03547332356682771,1,0,1_0
SLC35D1,0.9957013888888889,0.04975831825281805,0,1,0_1
SLC35D2,1.0755458333333332,0.09477206665760868,2,2,2_2
SLC35D3,1.1315208333333333,0.28126594804347826,3,3,3_3
SLC35E1,1.0316909722222223,0.03569623053743961,2,0,2_0
SLC35E2B,1.0567354166666665,0.08881800472826087,2,2,2_2
SLC35E3,1.012575,0.035590971702898544,1,0,1_0
SLC35E4,0.9784395833333334,0.22365601364130433,0,3,0_3
SLC35F1,1.2301333333333335,0.4072973943478261,3,3,3_3
SLC35F2,1.0053416666666666,0.021707092608695654,1,0,1_0
SLC35F3,1.0574354166666666,0.2345270757065218,2,3,2_3
SLC35F4,1.5482958333333332,2.120511324130435,4,4,4_4
SLC35F5,1.1144229166666666,0.08534667366847827,3,2,3_2
SLC35F6,1.1219458333333334,0.06194917405797101,3,1,3_1
SLC35G1,0.9909500000000001,0.026700907729468596,0,0,0_0
SLC35G2,1.0623979166666666,0.05385025096014493,2,1,2_1
SLC35G3,1.1405625,0.6089218900724638,3,4,3_4
SLC35G4,1.4883833333333332,1.43304363115942,4,4,4_4
SLC36A1,1.4461291666666665,0.6886372986956522,4,4,4_4
SLC36A4,0.97001875,0.052819887880434784,0,1,0_1
SLC37A1,1.0084979166666665,0.12190766625,1,2,1_2
SLC37A2,1.3040916666666666,0.8532407892753623,4,4,4_4
SLC37A3,1.0013458333333334,0.023008769057971012,1,0,1_0
SLC37A4,1.0153874999999999,0.05870345652173913,1,1,1_1
SLC38A1,1.1053020833333334,0.16432166095108697,3,2,3_2
SLC38A10,1.1488940476190475,0.14418384875776397,3,2,3_2
SLC38A11,1.3759249999999998,0.7095430155072463,4,4,4_4
SLC38A2,1.0483458333333333,0.016544208413848634,2,0,2_0
SLC38A3,1.0395166666666666,0.4008140395652174,2,3,2_3
SLC38A4,1.0160625,0.09901712978260871,1,2,1_2
SLC38A5,1.1926041666666667,0.9533242297826086,3,4,3_4
SLC38A6,1.0063000000000002,0.029684012608695652,1,0,1_0
SLC38A7,1.4610208333333334,0.3262165307699275,4,3,4_3
SLC38A9,1.0253875000000001,0.05520209746376812,1,1,1_1
SLC39A1,0.9971500000000001,0.046182593478260876,0,1,0_1
SLC39A10,1.0419041666666666,0.058284576014492745,2,1,2_1
SLC39A11,1.0131625,0.03109456268115942,1,0,1_0
SLC39A12,1.0828875,0.8038055225362319,3,4,3_4
SLC39A13,0.9882291666666667,0.03683043003623188,0,1,0_1
SLC39A14,1.0770444444444445,0.13373940062801928,2,2,2_2
SLC39A2,0.9626874999999999,0.14774218152173912,0,2,0_2
SLC39A3,1.067848611111111,0.059753618574879236,2,1,2_1
SLC39A4,1.0374666666666668,0.06015930188405797,2,1,2_1
SLC39A5,1.8145854166666666,1.236882818423913,4,4,4_4
SLC39A6,1.0062364583333334,0.012477683192934774,1,0,1_0
SLC39A7,1.0342458333333333,0.0716100554347826,2,1,2_1
SLC39A8,1.1398479166666666,0.24861266348832525,3,3,3_3
SLC39A9,1.0711104166666667,0.1302485505978261,2,2,2_2
SLC3A1,1.0686625,0.128611695,2,2,2_2
SLC3A2,1.0780874999999999,0.12744875050724638,2,2,2_2
SLC40A1,1.0130020833333333,0.043071366286231885,1,1,1_1
SLC41A1,0.9643583333333333,0.030427923623188403,0,0,0_0
SLC41A2,0.9824444444444443,0.026536543365539452,0,0,0_0
SLC41A3,0.9846604166666667,0.03603116382246377,0,0,0_0
SLC43A1,0.9873166666666667,0.09417876231884058,0,2,0_2
SLC43A2,1.0886125,0.15181003054347827,3,2,3_2
SLC43A3,1.0832729166666668,0.11482808222826088,3,2,3_2
SLC44A1,1.008707638888889,0.038299829587359106,1,1,1_1
SLC44A2,1.01565,0.06127806032608696,1,1,1_1
SLC44A3,0.9823000000000001,0.03881163695652174,0,1,0_1
SLC44A4,1.0491833333333334,0.2902067230797101,2,3,2_3
SLC44A5,1.0739645833333333,0.13673093839673914,2,2,2_2
SLC45A1,1.0930541666666669,0.29418101065217384,3,3,3_3
SLC45A2,1.0009875,0.22844473485507247,0,3,0_3
SLC45A3,0.9833520833333335,0.1390765440036232,0,2,0_2
SLC45A4,0.9918187500000001,0.031713625815217396,0,0,0_0
SLC46A1,1.048115625,0.0450806677219203,2,1,2_1
SLC46A2,1.0099958333333334,0.18205434905797108,1,2,1_2
SLC46A3,0.9739999999999999,0.03273988275362318,0,0,0_0
SLC47A1,1.0149541666666668,0.09995807282608694,1,2,1_2
SLC47A2,1.0675791666666667,0.19948231557971016,2,3,2_3
SLC48A1,0.9646486111111111,0.06181647384057971,0,1,0_1
SLC4A1,1.46315625,0.7086867928804349,4,4,4_4
SLC4A10,1.3531083333333334,1.1214511047826088,4,4,4_4
SLC4A11,1.0437041666666669,0.04574477713768116,2,1,2_1
SLC4A1AP,1.020875,0.008083926050724633,1,0,1_0
SLC4A2,0.9708249999999999,0.025485828550724638,0,0,0_0
SLC4A3,1.0781875,0.05757397876811594,2,1,2_1
SLC4A4,1.3048066666666667,0.8181798349043478,4,4,4_4
SLC4A5,1.3707375,0.4751907513768116,4,3,4_3
SLC4A7,1.0525375,0.044107129565217396,2,1,2_1
SLC4A8,1.0190645833333332,0.037202515317028985,1,1,1_1
SLC4A9,1.1211270833333333,0.9381010403079711,3,4,3_4
SLC50A1,1.0455375,0.03970742268115942,2,1,2_1
SLC51A,1.2103583333333334,0.5655530213043477,3,4,3_4
SLC51B,1.0869833333333332,0.4288875056521739,3,3,3_3
SLC52A1,1.1256125000000001,0.44451291543478255,3,3,3_3
SLC52A2,1.02696875,0.07657350494565218,1,1,1_1
SLC52A3,1.2160916666666668,0.5310714881159421,3,3,3_3
SLC5A1,0.9828958333333334,0.161822555326087,0,2,0_2
SLC5A10,1.6109875,1.8831692557246378,4,4,4_4
SLC5A11,1.0752375,0.35133435905797106,2,3,2_3
SLC5A12,1.3928652777777775,0.6919432927133655,4,4,4_4
SLC5A2,1.0396083333333335,0.0389507047826087,2,1,2_1
SLC5A3,1.1440489583333335,0.07827661303894926,3,1,3_1
SLC5A4,1.3322458333333334,0.8904316125362319,4,4,4_4
SLC5A5,1.0675875000000001,0.35490157818840584,2,3,2_3
SLC5A6,1.07275,0.07678611347826089,2,1,2_1
SLC5A7,1.2939916666666667,0.5167449135869565,4,3,4_3
SLC5A8,1.3236458333333332,2.1124252032608695,4,4,4_4
SLC5A9,1.0451520833333334,0.13874321777173912,2,2,2_2
SLC6A1,1.0744958333333334,0.15726024557971013,2,2,2_2
SLC6A11,1.3427739583333331,0.4747912452853262,4,3,4_3
SLC6A12,1.0540833333333333,0.48208029579710143,2,3,2_3
SLC6A13,1.1136208333333333,0.4552168429347826,3,3,3_3
SLC6A14,1.1115583333333332,0.07654012739130434,3,1,3_1
SLC6A15,1.1661741666666667,0.12692048534782607,3,2,3_2
SLC6A16,1.20328125,0.20914592103260873,3,3,3_3
SLC6A17,1.3276291666666664,0.5206831117028985,4,3,4_3
SLC6A18,1.8557208333333335,3.294991628188406,4,4,4_4
SLC6A19,1.4282805555555556,0.7325831792753624,4,4,4_4
SLC6A2,1.4270057291666667,0.3274661645550272,4,3,4_3
SLC6A20,1.0921416666666668,0.23317780623188403,3,3,3_3
SLC6A3,1.1712166666666668,0.8113399860869565,3,4,3_4
SLC6A4,0.9744541666666667,0.379403672294686,0,3,0_3
SLC6A5,1.0282145833333332,0.3334887717934783,1,3,1_3
SLC6A6,1.2489133333333335,0.2040847820811595,4,3,4_3
SLC6A7,1.0034208333333334,0.11989264456521742,1,2,1_2
SLC6A8,1.2484611111111112,0.2982749028502416,4,3,4_3
SLC6A9,1.2130166666666666,0.849560704057971,3,4,3_4
SLC7A1,1.1933308333333335,0.16529016800869567,3,2,3_2
SLC7A10,2.381066666666667,5.399669576666667,4,4,4_4
SLC7A11,1.1211888888888888,0.10056394536231883,3,2,3_2
SLC7A13,1.2647458333333335,0.9377078251449275,4,4,4_4
SLC7A14,1.2200104166666668,0.5824180785326086,3,4,3_4
SLC7A2,1.136576388888889,0.19921792082930753,3,3,3_3
SLC7A3,0.9586166666666668,0.1407891326086957,0,2,0_2
SLC7A4,1.1498333333333333,0.2847567065217391,3,3,3_3
SLC7A5,1.1513125,0.3668806015217392,3,3,3_3
SLC7A6,1.0002319444444445,0.04376615274557165,0,1,0_1
SLC7A6OS,1.0394666666666665,0.043048025760869565,2,1,2_1
SLC7A7,1.1346375,0.16713716239130436,3,2,3_2
SLC7A8,1.3500033333333334,0.3901340190260871,4,3,4_3
SLC7A9,1.1151583333333333,0.36052327913043486,3,3,3_3
SLC8A1,1.4103223484848486,0.3760636788543539,4,3,4_3
SLC8A1-AS1,1.2109895833333333,0.5449971632065217,3,4,3_4
SLC8A2,1.1472958333333334,0.8460956484782609,3,4,3_4
SLC8A3,1.740252083333333,1.6106807243659416,4,4,4_4
SLC8B1,0.9644291666666667,0.07623010192028987,0,1,0_1
SLC9A1,1.1589833333333335,0.2125741292592593,3,3,3_3
SLC9A2,1.1426354166666668,0.3176205804528986,3,3,3_3
SLC9A3,0.9585958333333333,0.5779634148550723,0,4,0_4
SLC9A3R1,0.9977916666666667,0.04126339550724638,0,1,0_1
SLC9A3R2,1.0365166666666665,0.17078231463768115,2,2,2_2
SLC9A5,1.0240361111111111,0.10656264507246373,1,2,1_2
SLC9A6,0.9987333333333334,0.007265546811594202,0,0,0_0
SLC9A7,1.0474916666666667,0.04857241028985506,2,1,2_1
SLC9A8,1.053775,0.13168035434782607,2,2,2_2
SLC9A9,1.6313708333333334,0.8930369172101449,4,4,4_4
SLC9B2,1.06969375,0.15144013501811598,2,2,2_2
SLC9C2,1.5764958333333332,0.8668722040942028,4,4,4_4
SLCO1A2,1.0851805555555556,0.34235164563607084,3,3,3_3
SLCO1B1,1.1833583333333333,0.30188441405797106,3,3,3_3
SLCO1B3,1.30115,0.8510864410144926,4,4,4_4
SLCO1C1,1.1345729166666667,0.2320444200905797,3,3,3_3
SLCO2A1,1.0157666666666667,0.07245429405797102,1,1,1_1
SLCO2B1,1.3156125,0.4478514782045088,4,3,4_3
SLCO3A1,1.078334375,0.09717117088315218,2,2,2_2
SLCO4A1,1.4762104166666665,0.751645817771739,4,4,4_4
SLCO4A1-AS1,1.0368291666666667,0.21174974485507245,2,3,2_3
SLCO4C1,1.0516958333333333,0.10673897688405794,2,2,2_2
SLCO5A1,1.0345854166666666,0.18960573451086962,2,2,2_2
SLCO6A1,1.1285,0.5955745592753623,3,4,3_4
SLF1,1.0159104166666666,0.03426800378623189,1,0,1_0
SLF2,1.03553125,0.060862964809782615,2,1,2_1
SLFN11,1.0369166666666667,0.04432271782608696,2,1,2_1
SLFN12,1.0387250000000001,0.0742567152173913,2,1,2_1
SLFN13,1.0148895833333333,0.04053294335144927,1,1,1_1
SLFN5,1.0588090277777777,0.09751005848429953,2,2,2_2
SLFNL1,1.037625,0.10766907742753622,2,2,2_2
SLFNL1-AS1,1.9892750000000001,3.8611261026086963,4,4,4_4
SLIRP,0.9822583333333333,0.03317913826086956,0,0,0_0
SLIT1,1.5951083333333334,0.7273631825724638,4,4,4_4
SLIT1-AS1,1.1787708333333333,0.9301343744202898,3,4,3_4
SLIT2,1.1149680555555554,0.14195411722222226,3,2,3_2
SLIT3,1.0164430555555555,0.12825070359903384,1,2,1_2
SLITRK1,0.96345,0.5844063028985507,0,4,0_4
SLITRK2,1.1676583333333332,0.7314871386956522,3,4,3_4
SLITRK3,1.3350416666666665,1.2762530615942027,4,4,4_4
SLITRK4,1.0538125,0.1740302272826087,2,2,2_2
SLITRK5,1.1059604166666668,0.27939961074275366,3,3,3_3
SLITRK6,1.0059500000000001,0.06754948690821255,1,1,1_1
SLK,0.9998270833333333,0.018180379909420293,0,0,0_0
SLMAP,1.00651875,0.0367808807518116,1,1,1_1
SLN,1.9849583333333334,10.346833494927537,4,4,4_4
SLPI,1.0172083333333333,0.06159499086956522,1,1,1_1
SLTM,1.0061833333333334,0.007090211159420289,1,0,1_0
SLU7,1.0297541666666665,0.010751466920289861,1,0,1_0
SLURP1,0.9496583333333333,0.15551584333333332,0,2,0_2
SLX1A,1.0169416666666666,0.03999165710144927,1,1,1_1
SLX4,1.0673583333333332,0.052390778442028975,2,1,2_1
SLX4IP,0.98926875,0.01986653675724638,0,0,0_0
SMAD1,1.0679944444444445,0.03871714048309177,2,1,2_1
SMAD1-AS2,1.0039083333333334,1.4365762247826088,1,4,1_4
SMAD2,1.0867409722222223,0.07013415631038646,3,1,3_1
SMAD3,0.9881072916666667,0.09979459332880433,0,2,0_2
SMAD4,1.0361383333333334,0.028463692794202897,2,0,2_0
SMAD5,1.00705,0.032384283808695666,1,0,1_0
SMAD5-AS1,0.972375,0.33057742999999995,0,3,0_3
SMAD6,1.408521875,0.1921206242164855,4,3,4_3
SMAD7,1.1742958333333335,0.14848859210144927,3,2,3_2
SMAD9,0.9734395833333332,0.04955220422101449,0,1,0_1
SMAGP,1.1657791666666666,0.2001792921014493,3,3,3_3
SMAP1,0.9474791666666667,0.013164498478260869,0,0,0_0
SMAP2,1.0917833333333333,0.06640538275362319,3,1,3_1
SMARCA1,1.1175427083333334,0.1480795944610507,3,2,3_2
SMARCA2,1.1208940476190477,0.04178162924578527,3,1,3_1
SMARCA4,1.0254726851851852,0.030626225839148327,1,0,1_0
SMARCA5,1.0288166666666665,0.00833659331723027,1,0,1_0
SMARCAD1,0.9983166666666666,0.01168940420289855,0,0,0_0
SMARCAL1,0.9726958333333333,0.024116363260869567,0,0,0_0
SMARCB1,1.086301388888889,0.08057854578904991,3,1,3_1
SMARCC1,0.9968,0.027063503650362315,0,0,0_0
SMARCC2,1.0068930555555555,0.02933505466183575,1,0,1_0
SMARCD1,0.9915229166666667,0.026290550489130437,0,0,0_0
SMARCD2,0.9869833333333333,0.010736264492753625,0,0,0_0
SMARCD3,1.6355479166666667,1.0091425482065217,4,4,4_4
SMARCE1,1.0256885416666666,0.011218121308876809,1,0,1_0
SMC1A,0.9928489583333334,0.03903371380887682,0,1,0_1
SMC1B,1.0423166666666666,0.14222546173913042,2,2,2_2
SMC2,1.0304916666666666,0.0796728277173913,2,1,2_1
SMC3,1.0381093750000001,0.050679682413949274,2,1,2_1
SMC4,0.9959041666666666,0.03935264184380033,0,1,0_1
SMC5,0.9690027777777779,0.030682390611916265,0,0,0_0
SMC5-AS1,0.9331791666666666,0.2516616792028985,0,3,0_3
SMC6,1.0040270833333333,0.04892327878623188,1,1,1_1
SMCHD1,1.0443222222222222,0.024146689851046694,2,0,2_0
SMCO1,1.7020875,1.3193562107971015,4,4,4_4
SMCO3,1.564545833333333,3.247441852826087,4,4,4_4
SMCO4,1.0102958333333334,0.06083643442028986,1,1,1_1
SMCP,1.3125416666666665,2.8008344197101454,4,4,4_4
SMCR5,1.0664958333333334,0.353825112826087,2,3,2_3
SMCR8,1.02913,0.025762630962318848,1,0,1_0
SMDT1,1.0057375000000002,0.03224760041062802,1,0,1_0
SMG5,0.9913645833333334,0.028837717807971015,0,0,0_0
SMG6,1.0583979166666666,0.16651942295289857,2,2,2_2
SMG7,1.26514,0.2295708614782609,4,3,4_3
SMG8,0.9960708333333335,0.019318436594202897,0,0,0_0
SMG9,1.0239347222222221,0.05221252524154589,1,1,1_1
SMIM1,1.1461333333333332,0.4713482482608696,3,3,3_3
SMIM10,1.1203708333333333,0.12111396891304346,3,2,3_2
SMIM10L1,1.0369583333333334,0.021495954315619962,2,0,2_0
SMIM10L2A,1.0640791666666667,0.10418716717391302,2,2,2_2
SMIM10L2B,1.1137416666666666,0.12518798144927534,3,2,3_2
SMIM11A,0.9748513888888889,0.07721397404991948,0,1,0_1
SMIM12,0.9690208333333333,0.029889605760869565,0,0,0_0
SMIM13,1.0019916666666668,0.027151250740740738,1,0,1_0
SMIM14,1.0831933333333332,0.0544033256057971,3,1,3_1
SMIM15,1.0126,0.01739151231884058,1,0,1_0
SMIM17,1.0671666666666668,0.13608184913043475,2,2,2_2
SMIM19,0.9746708333333333,0.023267723260869563,0,0,0_0
SMIM2,1.3300041666666667,0.6587958792391303,4,4,4_4
SMIM2-AS1,1.1156374999999998,0.19811192644927533,3,3,3_3
SMIM20,1.0239708333333333,0.02682188746376811,1,0,1_0
SMIM21,1.4410166666666664,1.2526191810507246,4,4,4_4
SMIM22,1.1141083333333333,0.2435249504347826,3,3,3_3
SMIM24,1.1270208333333331,0.2584963038405797,3,3,3_3
SMIM3,1.0545458333333333,0.08880594355072462,2,2,2_2
SMIM4,1.1004316666666667,0.08955490356521739,3,2,3_2
SMIM5,1.1506875,0.21437647108695657,3,3,3_3
SMIM6,3.0702625,6.467220733115942,4,4,4_4
SMIM7,1.0078743055555555,0.030186975038244773,1,0,1_0
SMIM8,1.008361111111111,0.020680266183574877,1,0,1_0
SMKR1,1.1879666666666668,0.2957761489855073,3,3,3_3
SMLR1,1.6424812500000001,1.131565433677536,4,4,4_4
SMN2,1.0586166666666668,0.07169703086956523,2,1,2_1
SMNDC1,0.9979333333333334,0.005976255507246378,0,0,0_0
SMO,1.0689791666666666,0.14051084195652172,2,2,2_2
SMOC1,1.2556,0.36680692355072464,4,3,4_3
SMOC2,1.1199520833333334,0.1477798685326087,3,2,3_2
SMOX,1.2512222222222222,0.3663016357165862,4,3,4_3
SMPD1,1.124528125,0.10902116275815218,3,2,3_2
SMPD2,1.0466708333333334,0.08140790833333333,2,2,2_2
SMPD3,1.0509666666666668,0.17730001760869565,2,2,2_2
SMPDL3A,1.0871875,0.44203610503623186,3,3,3_3
SMPDL3B,1.06945625,0.24638529940217394,2,3,2_3
SMPX,1.1442375,0.3155346554347826,3,3,3_3
SMR3A,1.4604604166666668,1.4450933035326088,4,4,4_4
SMR3B,2.5328416666666667,10.148236913768118,4,4,4_4
SMS,0.9826750000000001,0.010902539275362314,0,0,0_0
SMTN,1.1061625,0.1464809815539452,3,2,3_2
SMTNL1,0.9974166666666667,0.16089440913043476,0,2,0_2
SMTNL2,1.0674375,0.29656007355072467,2,3,2_3
SMU1,0.999123611111111,0.02309083751207729,0,0,0_0
SMUG1,1.0971180555555555,0.11424863376006444,3,2,3_2
SMURF1,1.0250625,0.04225149104637683,1,1,1_1
SMURF2,1.0204979166666668,0.01576682000905797,1,0,1_0
SMYD1,0.9986166666666666,0.15810412641304347,0,2,0_2
SMYD2,1.1553208333333334,0.14847284791465382,3,2,3_2
SMYD3,0.9512375,0.04937797152173913,0,1,0_1
SMYD4,1.0852000000000002,0.03643938289855071,3,1,3_1
SMYD5,0.9950000000000001,0.03414527550724637,0,0,0_0
SNAI1,1.2064958333333333,0.3886543063043478,3,3,3_3
SNAI2,0.9855125,0.050920635724637696,0,1,0_1
SNAI3,1.0902833333333335,0.4744329486956522,3,3,3_3
SNAI3-AS1,1.0739333333333334,0.09450541358695652,2,2,2_2
SNAP23,1.0028385416666667,0.020068139913949287,1,0,1_0
SNAP25,1.0307888888888888,0.11472573837359099,2,2,2_2
SNAP29,1.0142777777777778,0.02633982922705314,1,0,1_0
SNAP47,0.9956416666666668,0.03429834681159421,0,0,0_0
SNAP91,1.014425,0.30473957318840583,1,3,1_3
SNAPC1,1.0932666666666666,0.07051712797101449,3,1,3_1
SNAPC2,0.9056708333333333,0.11665225572463768,0,2,0_2
SNAPC3,1.0130645833333334,0.026951916123188407,1,0,1_0
SNAPC4,1.0304333333333333,0.05059061764492754,2,1,2_1
SNAPC5,1.0190722222222222,0.024676673285024164,1,0,1_0
SNAPIN,1.0327791666666666,0.05610948282608696,2,1,2_1
SNCA,1.0887658333333332,0.11074788331304347,3,2,3_2
SNCAIP,1.0274930555555555,0.11523252830112721,1,2,1_2
SNCB,0.8339583333333334,0.10608974826086957,0,2,0_2
SNCG,1.0294291666666666,0.14324156858695652,1,2,1_2
SND1,0.9795041666666666,0.012313279347826086,0,0,0_0
SND1-IT1,1.01635,0.19081026971014492,1,3,1_3
SNED1,1.2158208333333331,0.16371585051630433,3,2,3_2
SNF8,1.0237166666666666,0.023285134347826083,1,0,1_0
SNHG10,1.0322041666666666,0.20115443731884064,2,3,2_3
SNHG18,1.1020541666666668,0.2890011381884058,3,3,3_3
SNHG19,1.0452416666666666,0.1304979542028986,2,2,2_2
SNHG22,1.0497375,0.11987521557971015,2,2,2_2
SNHG4,1.1997166666666665,0.06218281117246378,3,1,3_1
SNHG8,1.0054666666666667,0.04416395014492753,1,1,1_1
SNHG9,1.080225,0.2009280511594203,2,3,2_3
SNIP1,1.0390875000000002,0.04289663692028986,2,1,2_1
SNN,1.00585625,0.12893314940217393,1,2,1_2
SNPH,1.0158375,0.1665160402173913,1,2,1_2
SNRK,1.0986277777777778,0.09178693241545893,3,2,3_2
SNRK-AS1,1.0365,0.054777721159420284,2,1,2_1
SNRNP200,0.9746708333333333,0.08330889673913043,0,2,0_2
SNRNP25,1.0629333333333333,0.05215885347826087,2,1,2_1
SNRNP27,1.0020666666666667,0.017908507826086953,1,0,1_0
SNRNP35,1.0589416666666667,0.07598745521739131,2,1,2_1
SNRNP40,1.0502583333333335,0.03600053956521739,2,0,2_0
SNRNP48,1.0417729166666667,0.012469795923913039,2,0,2_0
SNRNP70,1.0299104166666666,0.07164639472826087,1,1,1_1
SNRPA,1.00965,0.023066455507246373,1,0,1_0
SNRPA1,1.0068489583333333,0.034717071326992754,1,0,1_0
SNRPB,1.09549375,0.17607441998188406,3,2,3_2
SNRPB2,1.1263500000000002,0.30661180550724637,3,3,3_3
SNRPC,1.0717541666666668,0.08488842644927536,2,2,2_2
SNRPD1,1.0274770833333333,0.07407643639492754,1,1,1_1
SNRPD2,1.0417750000000001,0.06849752797101451,2,1,2_1
SNRPD3,1.0484833333333334,0.0478476152173913,2,1,2_1
SNRPE,1.0121972222222222,0.02384240457326892,1,0,1_0
SNRPF,1.0865083333333334,0.08494580057971014,3,2,3_2
SNRPG,1.0362458333333333,0.038520911521739115,2,1,2_1
SNRPN,0.960575,0.3987141642028986,0,3,0_3
SNTA1,1.0033583333333331,0.04494500333333333,1,1,1_1
SNTB1,1.1018010416666666,0.14246278795742756,3,2,3_2
SNTB2,1.295992261904762,0.1790467394602189,4,2,4_2
SNTG1,1.2091416666666668,0.6749936277133656,3,4,3_4
SNTG2,1.1336333333333333,0.23841772554347831,3,3,3_3
SNTN,1.0744333333333334,0.3801728647826087,2,3,2_3
SNU13,1.0306125,0.033580043872785834,2,0,2_0
SNUPN,0.9858708333333333,0.021542035724637677,0,0,0_0
SNURF,0.9957236111111113,0.028728432987117553,0,0,0_0
SNW1,1.00134375,0.006477403278985506,1,0,1_0
SNX1,0.9713052083333333,0.027160302839673914,0,0,0_0
SNX10,1.119425,0.2584613642028985,3,3,3_3
SNX11,1.01616875,0.008454751431159426,1,0,1_0
SNX12,1.0091,0.11521550793478261,1,2,1_2
SNX13,1.0412225,0.020620239840579712,2,0,2_0
SNX14,1.0117666666666667,0.006466887862318841,1,0,1_0
SNX15,0.9631041666666667,0.021490895,0,0,0_0
SNX16,1.0760979166666667,0.06394599679347826,2,1,2_1
SNX17,0.9981583333333334,0.022756470869565216,0,0,0_0
SNX18,1.1747583333333333,1.0648957683695652,3,4,3_4
SNX19,1.1774989583333333,0.11264727812047103,3,2,3_2
SNX2,1.0078458333333333,0.03989540675523348,1,1,1_1
SNX20,1.79605,0.9107704147987118,4,4,4_4
SNX21,0.9953416666666666,0.04670491590982286,0,1,0_1
SNX22,0.9528958333333333,0.07558062918679549,0,1,0_1
SNX24,1.3366341666666666,0.2503477304318841,4,3,4_3
SNX25,1.0337441666666667,0.03984333631594202,2,1,2_1
SNX27,0.9662937500000001,0.04879287871376812,0,1,0_1
SNX29,1.2663641666666667,0.1725980290637681,4,2,4_2
SNX3,1.0224291666666667,0.011465896440217392,1,0,1_0
SNX30,1.0792875,0.028001941086956514,2,0,2_0
SNX31,1.2615625000000001,1.0581635831159424,4,4,4_4
SNX32,1.0923979166666669,0.17763438440217388,3,2,3_2
SNX33,0.9854395833333335,0.03205571096014492,0,0,0_0
SNX4,1.0143270833333333,0.007169369945652168,1,0,1_0
SNX5,1.014627777777778,0.025109749021739135,1,0,1_0
SNX6,1.0119749999999998,0.01572163213768116,1,0,1_0
SNX7,1.0319625,0.03541372499999999,2,0,2_0
SNX8,1.1904458333333334,0.218431210942029,3,3,3_3
SNX9,1.0046770833333334,0.020418150815217393,1,0,1_0
SOAT1,1.0448861111111112,0.027797159758454093,2,0,2_0
SOAT2,1.0140833333333334,0.3393166552173913,1,3,1_3
SOBP,1.1684182291666667,0.08336279401154889,3,2,3_2
SOCS1,1.5319281249999996,0.6869213139447464,4,4,4_4
SOCS2,1.1352041666666668,0.2486445417310789,3,3,3_3
SOCS3,1.1884416666666666,0.251732917817029,3,3,3_3
SOCS4,0.9925458333333332,0.03498298597826087,0,0,0_0
SOCS5,0.9943055555555554,0.022511798792270526,0,0,0_0
SOCS6,1.0544055555555556,0.04862020207729471,2,1,2_1
SOCS7,1.3924277777777778,0.7254398331884058,4,4,4_4
SOD1,1.0175541666666665,0.02330964282608696,1,0,1_0
SOD2,1.0189916666666667,0.014200401014492757,1,0,1_0
SOD3,1.2593125,0.6033158880434782,4,4,4_4
SOGA1,1.0182020833333334,0.03231210089673913,1,0,1_0
SOGA3,1.0432833333333333,0.2698624359782609,2,3,2_3
SOHLH1,1.9685333333333332,8.769088721594205,4,4,4_4
SOHLH2,1.569075,4.490132837826087,4,4,4_4
SON,1.0172158333333334,0.004693128849275362,1,0,1_0
SORBS1,1.1889958333333333,0.2242085452782609,3,3,3_3
SORBS2,1.0922195833333335,0.05773822790217391,3,1,3_1
SORBS3,1.038875,0.07404243724637681,2,1,2_1
SORCS1,1.6454125,1.3018144161231882,4,4,4_4
SORCS2,1.0993208333333335,0.3176997106521739,3,3,3_3
SORCS3,0.9365708333333332,0.29444205007246377,0,3,0_3
SORCS3-AS1,1.4003166666666669,1.7301622849275362,4,4,4_4
SORD,1.09005,0.13923023199677936,3,2,3_2
SORL1,1.0478583333333333,0.04170991239935587,2,1,2_1
SORT1,1.0407319444444445,0.08102265377616749,2,2,2_2
SOS1,1.0041058333333333,0.013567371400000002,1,0,1_0
SOS2,1.0407423611111113,0.036012756084943635,2,0,2_0
SOST,1.5460916666666666,2.803207954057971,4,4,4_4
SOSTDC1,1.0215375,0.1980466270289855,1,3,1_3
SOWAHA,0.9500708333333333,0.13380287601449276,0,2,0_2
SOWAHC,1.0107333333333333,0.08901301148550726,1,2,1_2
SOX1,1.3972180555555553,1.5165748704106283,4,4,4_4
SOX10,0.9446520833333333,0.12912964001811594,0,2,0_2
SOX11,1.7922930555555556,3.4433985234057976,4,4,4_4
SOX12,1.0324166666666665,0.08639386804347825,2,2,2_2
SOX13,0.9951694444444444,0.08205377215781,0,2,0_2
SOX14,1.3307541666666667,2.781211475434783,4,4,4_4
SOX15,0.9883145833333332,0.11390741875000002,0,2,0_2
SOX17,1.2157166666666666,0.3732515680072464,3,3,3_3
SOX18,1.1127666666666667,0.7126220494202897,3,4,3_4
SOX2,1.0625104166666668,0.11804790078804349,2,2,2_2
SOX21,0.6637666666666667,0.5442597665217391,0,4,0_4
SOX21-AS1,1.001075,0.10630621231884056,0,2,0_2
SOX3,1.6418437500000003,1.8696951529528985,4,4,4_4
SOX30,1.1719541666666666,0.23818702829710148,3,3,3_3
SOX4,1.0654736111111112,0.08431969470611915,2,2,2_2
SOX5,1.06035,0.1953308478804348,2,3,2_3
SOX6,1.179653125,0.14918057805480076,3,2,3_2
SOX7,1.0710125,0.1836798908695652,2,2,2_2
SOX8,0.9295833333333334,0.16373454724637682,0,2,0_2
SOX9,1.0776291666666669,0.11891125076086957,2,2,2_2
SP1,1.0071520833333334,0.051022970987318846,1,1,1_1
SP100,1.1300736111111112,0.21083388259661845,3,3,3_3
SP110,1.1608824999999998,0.18930508090724638,3,2,3_2
SP140,1.0821958333333335,0.2189790186231884,3,3,3_3
SP140L,1.1162902777777777,0.14608294079710146,3,2,3_2
SP2,1.0220916666666666,0.051492952995169074,1,1,1_1
SP2-AS1,0.958675,0.07978299811594203,0,1,0_1
SP3,0.9992700000000001,0.020315725646376813,0,0,0_0
SP4,1.3270854166666668,0.6537668733514493,4,4,4_4
SP5,1.0003583333333332,0.19453641536231886,0,3,0_3
SP6,2.3337625,6.368611058188406,4,4,4_4
SP7,1.4389291666666668,1.8429208894927536,4,4,4_4
SP8,1.4606625,1.1468071105434783,4,4,4_4
SPA17,1.0500333333333334,0.30396241855072464,2,3,2_3
SPACA1,1.0825666666666667,0.6394700301449275,3,4,3_4
SPACA3,1.2669916666666667,1.1038562053623189,4,4,4_4
SPACA4,1.0347208333333333,0.4154106702173913,2,3,2_3
SPACA6,1.2185333333333332,0.4185234694565217,3,3,3_3
SPACA7,1.3042666666666667,2.0167579160869566,4,4,4_4
SPACA9,1.11181875,0.2206224474456522,3,3,3_3
SPAG1,1.0171041666666667,0.06352943760869564,1,1,1_1
SPAG11A,1.45456,0.8474739185333331,4,4,4_4
SPAG16,1.1736638888888888,0.2047096343961353,3,3,3_3
SPAG17,1.0096874999999998,0.2766090692028985,1,3,1_3
SPAG4,1.2332541666666665,0.5049179557246377,3,3,3_3
SPAG5,1.0686125,0.13093782789855074,2,2,2_2
SPAG6,0.9788645833333334,0.20050004827898552,0,3,0_3
SPAG7,0.9708,0.04225626507246377,0,1,0_1
SPAG8,1.09455,0.1685393279347826,3,2,3_2
SPAG9,1.0442841666666667,0.036699054959420295,2,1,2_1
SPAM1,1.0475472222222222,0.22990861070853458,2,3,2_3
SPANXA2,1.7822611111111109,0.7552253509017715,4,4,4_4
SPANXA2-OT1,0.7667,0.36005349608695647,0,3,0_3
SPANXB1,1.2204583333333334,0.7370173379710145,3,4,3_4
SPARC,1.0648583333333332,0.12087305539855074,2,2,2_2
SPARCL1,0.9864041666666665,0.08270560123188406,0,2,0_2
SPAST,1.0467916666666668,0.025436233514492743,2,0,2_0
SPATA1,1.09455,0.07777806710144927,3,1,3_1
SPATA12,2.283733333333333,4.553669977101449,4,4,4_4
SPATA13,1.8961375,1.5259911694746378,4,4,4_4
SPATA16,1.0327666666666666,0.24653379811594206,2,3,2_3
SPATA17,1.0716020833333333,0.2793867691847826,2,3,2_3
SPATA18,0.9886145833333333,0.08192517226449275,0,2,0_2
SPATA19,1.6084687500000001,0.9524266638949273,4,4,4_4
SPATA2,0.98389375,0.03191695885869565,0,0,0_0
SPATA20,1.013025,0.05238322376811594,1,1,1_1
SPATA21,1.16435,0.27843905336956515,3,3,3_3
SPATA22,1.5397319444444444,1.6146969441465375,4,4,4_4
SPATA24,1.1182145833333335,0.27000172190217403,3,3,3_3
SPATA25,1.0727708333333335,0.3583482493478261,2,3,2_3
SPATA2L,0.9861541666666667,0.03294100413043478,0,0,0_0
SPATA3,1.7267083333333335,2.489220781594203,4,4,4_4
SPATA3-AS1,0.9702166666666665,0.38099554913043476,0,3,0_3
SPATA31A5,1.0711583333333332,0.1709018052173913,2,2,2_2
SPATA31D1,1.7044958333333333,5.299041959202899,4,4,4_4
SPATA31E1,1.1386520833333333,0.8750043962499998,3,4,3_4
SPATA32,1.1176520833333334,0.08098745465579707,3,2,3_2
SPATA33,1.0476291666666666,0.1418754613405797,2,2,2_2
SPATA4,1.2589791666666665,0.645619826884058,4,4,4_4
SPATA41,1.0498166666666668,0.4616618323188406,2,3,2_3
SPATA42,1.8462125,4.09963145268116,4,4,4_4
SPATA45,1.042025,0.6224791430434782,2,4,2_4
SPATA5,1.0051055555555557,0.04120781872785829,1,1,1_1
SPATA5L1,0.971963888888889,0.1324795768599034,0,2,0_2
SPATA6,1.0477864583333334,0.07025795933423912,2,1,2_1
SPATA6L,1.1380441666666667,0.24189459021159418,3,3,3_3
SPATA7,0.9578375000000001,0.050187851847826086,0,1,0_1
SPATA8,1.0004041666666668,0.4741089932608696,0,3,0_3
SPATA9,1.055225,0.12293305394927535,2,2,2_2
SPATC1,1.8046916666666668,2.7019761949275365,4,4,4_4
SPATC1L,1.0782958333333335,0.171678685,2,2,2_2
SPATS1,1.3228041666666666,0.8627120547101449,4,4,4_4
SPATS2,0.9995385416666666,0.037176990457427526,0,1,0_1
SPATS2L,1.0500114583333333,0.03679139830163044,2,1,2_1
SPC24,1.3204895833333332,0.5617176825543478,4,4,4_4
SPC25,1.1555958333333332,0.41358153586956525,3,3,3_3
SPCS1,0.9967458333333333,0.011682554420289856,0,0,0_0
SPCS2,1.012975,0.032021499178743966,1,0,1_0
SPCS3,1.0529597222222222,0.05187715878421901,2,1,2_1
SPDEF,0.9771333333333333,0.09739901560579713,0,2,0_2
SPDL1,1.035825,0.08184511373188406,2,2,2_2
SPDYA,1.2563291666666667,0.8354285080434782,4,4,4_4
SPDYE2,0.9177249999999999,0.14380501492753625,0,2,0_2
SPDYE2B,1.0515,0.03611603985507246,2,0,2_0
SPECC1,1.014636111111111,0.05199294584541064,1,1,1_1
SPECC1L,1.0145541666666666,0.051104058043478263,1,1,1_1
SPECC1L-ADORA2A,1.0328541666666666,0.1838289965942029,2,2,2_2
SPEF1,1.0960583333333334,0.21086497637681162,3,3,3_3
SPEF2,1.0212472222222224,0.14219916512077296,1,2,1_2
SPEM1,1.2650249999999998,1.006180192463768,4,4,4_4
SPEN,1.0262510416666666,0.01965931183423913,1,0,1_0
SPERT,1.1113104166666667,0.6997799676268117,3,4,3_4
SPESP1,1.3220291666666666,0.9896166023913043,4,4,4_4
SPG11,1.2294191666666667,0.3437298373014493,3,3,3_3
SPG21,1.0004958333333334,0.03611591880434782,0,0,0_0
SPG7,1.0998083333333335,0.12626370304347825,3,2,3_2
SPHAR,1.0340458333333333,0.038150185805152975,2,1,2_1
SPHK1,1.1094041666666667,0.1415031238405797,3,2,3_2
SPHK2,1.0201145833333334,0.05919971842391305,1,1,1_1
SPHKAP,1.2444666666666666,0.7390739476811596,4,4,4_4
SPI1,1.29335,0.6275844717391305,4,4,4_4
SPIB,1.4293541666666665,1.3684500298913043,4,4,4_4
SPIC,1.0333041666666667,1.3301000151449276,2,4,2_4
SPICE1,1.0060875,0.0528780069927536,1,1,1_1
SPIDR,1.1213166666666667,0.13397832699275358,3,2,3_2
SPIN1,1.0370791666666668,0.026560218297101444,2,0,2_0
SPIN2A,1.3233374999999998,3.60573377384058,4,4,4_4
SPIN2B,0.9526958333333333,0.03341755065217391,0,0,0_0
SPIN3,1.032771875,0.020719922767210144,2,0,2_0
SPIN4,1.0189458333333334,0.032007668333333336,1,0,1_0
SPINK1,1.1082791666666667,0.6720631658695652,3,4,3_4
SPINK13,1.1418333333333333,0.6311309353623189,3,4,3_4
SPINK2,1.077625,0.5139366357971015,2,3,2_3
SPINK4,1.2776625000000001,2.227238288478261,4,4,4_4
SPINK5,1.12875,0.29899973463768115,3,3,3_3
SPINK6,1.5675541666666668,5.406610539927536,4,4,4_4
SPINK7,1.961483333333333,5.031294221304348,4,4,4_4
SPINT1,1.0186041666666668,0.06013654329710144,1,1,1_1
SPINT2,1.0163833333333334,0.060433905362318845,1,1,1_1
SPINT3,1.2239958333333332,1.0517027639855074,3,4,3_4
SPIRE1,0.9978177083333333,0.03175489456974637,0,0,0_0
SPIRE2,1.067090625,0.05631653539402174,2,1,2_1
SPN,1.0940133333333335,0.048771141118840566,3,1,3_1
SPNS1,0.9175166666666666,0.08419697333333334,0,2,0_2
SPNS2,1.0436458333333334,0.09373857557971016,2,2,2_2
SPNS3,1.1990874999999999,0.4284149577536231,3,3,3_3
SPO11,1.4916375000000002,1.2720399009420291,4,4,4_4
SPOCD1,1.0824624999999999,0.4095010023550724,3,3,3_3
SPOCK1,1.2067625,0.238855756884058,3,3,3_3
SPOCK2,1.2034020833333334,0.3545909543297101,3,3,3_3
SPOCK3,1.3402062499999998,0.5593699751268116,4,4,4_4
SPON1,1.1881408333333332,0.12799757068695647,3,2,3_2
SPOP,1.0002222222222221,0.028711370644122377,0,0,0_0
SPOPL,0.99689375,0.02223860929347825,0,0,0_0
SPOUT1,1.0043666666666666,0.05510975902173913,1,1,1_1
SPP1,1.2087416666666668,1.1156215617753624,3,4,3_4
SPP2,2.2709916666666667,5.630213347826087,4,4,4_4
SPPL2A,1.0266902777777778,0.03844956371175522,1,1,1_1
SPPL2B,1.0407791666666666,0.09100830032608694,2,2,2_2
SPPL2C,1.1311625,0.5604107761594203,3,4,3_4
SPPL3,1.0980601190476191,0.03177664765897662,3,0,3_0
SPR,1.0117708333333333,0.11221010456521742,1,2,1_2
SPRED1,1.0410875,0.026919608381642507,2,0,2_0
SPRED2,1.058822222222222,0.14362210621578098,2,2,2_2
SPRED3,1.0562708333333333,0.2538768152898551,2,3,2_3
SPRN,1.09415,0.24473485463768108,3,3,3_3
SPRR1A,7.554600000000001,189.65172188539862,4,4,4_4
SPRR1B,14.121450000000001,698.4468715627535,4,4,4_4
SPRR2B,4.720095833333334,77.1628602796377,4,4,4_4
SPRR2G,1.927975,3.1010142694202893,4,4,4_4
SPRR3,5.722589583333334,100.96401736150361,4,4,4_4
SPRR4,2.4147541666666665,5.402439376304348,4,4,4_4
SPRTN,0.9654958333333333,0.02671393601449275,0,0,0_0
SPRY1,1.0162562499999999,0.07917875440217391,1,1,1_1
SPRY2,1.0440916666666669,0.03993036043478261,2,1,2_1
SPRY3,1.051,0.10438688376811595,2,2,2_2
SPRY4,1.0671583333333334,0.10860255173913044,2,2,2_2
SPRYD3,1.0206208333333333,0.09001011905797104,1,2,1_2
SPRYD4,1.0709416666666667,0.07732200449275363,2,1,2_1
SPRYD7,1.2449854166666665,0.5954930410688405,4,4,4_4
SPSB1,1.0470229166666667,0.048632710778985504,2,1,2_1
SPSB2,1.0611791666666666,0.06765204355072463,2,1,2_1
SPSB3,0.9721895833333334,0.08885138951086959,0,2,0_2
SPSB4,1.0550583333333334,0.3888644143478261,2,3,2_3
SPTA1,1.1160541666666666,0.6523920834057971,3,4,3_4
SPTAN1,1.2942441666666669,0.277302888315942,4,3,4_3
SPTB,1.0398958333333332,0.11534912851449276,2,2,2_2
SPTBN1,1.024734090909091,0.044714474188525574,1,1,1_1
SPTBN2,1.0170375,0.11550979123188407,1,2,1_2
SPTBN4,1.3048716666666669,0.10535212301449275,4,2,4_2
SPTBN5,1.0497833333333333,0.12973239173913043,2,2,2_2
SPTLC1,1.0075930555555555,0.033422183180354274,1,0,1_0
SPTLC2,0.9997725000000001,0.036189057817391304,0,0,0_0
SPTLC3,0.9812763888888889,0.028774173969404196,0,0,0_0
SPTSSA,1.0651458333333335,0.08876050282608693,2,2,2_2
SPTSSB,1.0353541666666668,0.19073245036231887,2,3,2_3
SPTY2D1,1.0582166666666666,0.029160366557971017,2,0,2_0
SPX,1.0643041666666666,0.22345502851449278,2,3,2_3
SPZ1,1.2613916666666667,0.7480173584057972,4,4,4_4
SQLE,1.0789260416666668,0.051655956906702896,2,1,2_1
SQSTM1,1.0193808333333332,0.0365442433942029,1,1,1_1
SRA1,1.0490958333333333,0.029579738514492755,2,0,2_0
SRBD1,1.0093583333333334,0.05152666797101449,1,1,1_1
SRC,1.3099392857142858,0.14732272334812188,4,2,4_2
SRCAP,1.0392927083333332,0.10059673935235507,2,2,2_2
SRCIN1,1.1935833333333334,0.3343298764412239,3,3,3_3
SRD5A1,1.0596222222222222,0.05085969731078906,2,1,2_1
SRD5A2,1.2347291666666667,0.5063195642753623,3,3,3_3
SRD5A3,1.0364736111111112,0.09212840709339776,2,2,2_2
SREBF1,0.9875104166666665,0.11809755842391301,0,2,0_2
SREBF2,0.9840333333333332,0.013206705265700489,0,0,0_0
SREK1,1.0083692708333334,0.025312451649682967,1,0,1_0
SREK1IP1,1.01910625,0.014976658143115945,1,0,1_0
SRF,1.0116666666666667,0.18225542221014496,1,2,1_2
SRFBP1,1.0437833333333335,0.06901145608695652,2,1,2_1
SRGAP1,1.121225,0.11612487299919484,3,2,3_2
SRGAP2,1.1760833333333334,0.3604923182971014,3,3,3_3
SRGAP2C,1.0711700000000002,0.08516616573333337,2,2,2_2
SRGAP3,1.059365625,0.1259655006023551,2,2,2_2
SRGN,1.3464444444444446,0.6085007743961353,4,4,4_4
SRI,1.0486895833333334,0.05080962135869564,2,1,2_1
SRL,0.9936375000000001,0.1386648900724638,0,2,0_2
SRM,1.0511541666666666,0.17711311137681157,2,2,2_2
SRMS,1.3939541666666668,1.8037741181884057,4,4,4_4
SRP14,1.0222125,0.008839085579710148,1,0,1_0
SRP19,1.030775,0.02133031942028986,2,0,2_0
SRP54,0.9554874999999999,0.01831172862318841,0,0,0_0
SRP68,1.0116291666666666,0.01438103673913043,1,0,1_0
SRP72,1.1154493055555557,0.08182806309380034,3,2,3_2
SRP9,1.0163333333333333,0.010270921014492753,1,0,1_0
SRPK1,1.0237708333333333,0.045721996050724634,1,1,1_1
SRPK2,1.0162861111111112,0.014059938103864737,1,0,1_0
SRPK3,1.1524875,0.3768487905072464,3,3,3_3
SRPRA,1.09324375,0.15596702541666668,3,2,3_2
SRPRB,1.056888888888889,0.08011178204508855,2,1,2_1
SRPX,1.1527416666666668,0.4119666097101449,3,3,3_3
SRPX2,1.1613479166666665,0.29986872548913046,3,3,3_3
SRR,0.9910510416666667,0.020312101308876812,0,0,0_0
SRRD,0.9843145833333334,0.014420929438405797,0,0,0_0
SRRM1,0.9959749999999999,0.023681500108695654,0,0,0_0
SRRM2,1.058571875,0.0456847260371377,2,1,2_1
SRRM2-AS1,0.9501916666666667,0.1920678526086957,0,3,0_3
SRRM3,1.2721069444444444,0.39191259110305965,4,3,4_3
SRRM4,0.9933888888888888,0.30058127212560387,0,3,0_3
SRRM5,1.1358166666666667,0.8004940688405797,3,4,3_4
SRRT,0.9641875,0.023193616449275364,0,0,0_0
SRSF1,1.0247854166666668,0.01856522577445653,1,0,1_0
SRSF10,0.9920533333333333,0.005994552266666663,0,0,0_0
SRSF11,0.997190625,0.013799533953804349,0,0,0_0
SRSF12,1.06076875,0.16263818048913048,2,2,2_2
SRSF3,1.018876388888889,0.03189974211352656,1,0,1_0
SRSF4,1.0438641666666666,0.07090939035652173,2,1,2_1
SRSF5,1.0487069444444446,0.04545218606280193,2,1,2_1
SRSF6,1.0082395833333333,0.06991482215579711,1,1,1_1
SRSF7,0.9936520833333334,0.031373408759057975,0,0,0_0
SRSF8,1.023696875,0.03469623706974637,1,0,1_0
SRXN1,1.0321208333333334,0.04836031978260869,2,1,2_1
SRY,1.685575,2.1524495691304346,4,4,4_4
SS18,1.03565625,0.04809495827898552,2,1,2_1
SS18L1,0.9865041666666666,0.0069796721014492745,0,0,0_0
SS18L2,1.0385958333333332,0.026613425869565215,2,0,2_0
SSB,1.0073770833333333,0.029996664221014487,1,0,1_0
SSBP1,1.0737249999999998,0.1197562448148148,2,2,2_2
SSBP2,1.0390055555555555,0.06528463332930758,2,1,2_1
SSBP3,0.9924305555555556,0.013255145442834137,0,0,0_0
SSBP3-AS1,1.0677625,0.053138975434782604,2,1,2_1
SSBP4,0.9846902777777778,0.07285419285829307,0,1,0_1
SSC4D,1.1983,0.9418470602898551,3,4,3_4
SSC5D,1.2349250000000003,0.5173781111594203,3,3,3_3
SSFA2,1.036201388888889,0.03433323884863123,2,0,2_0
SSH1,1.2754697916666666,0.5004880836096015,4,3,4_3
SSH2,1.24835,0.14603394157101454,4,2,4_2
SSH3,0.9755180555555555,0.01691843775362319,0,0,0_0
SSMEM1,1.3968270833333332,0.9643908446557973,4,4,4_4
SSNA1,0.9768666666666667,0.052683865362318845,0,1,0_1
SSPN,1.03305,0.07392319604166665,2,1,2_1
SSPO,1.8898708333333332,3.2685357457246385,4,4,4_4
SSR1,1.0321027777777778,0.02997130647342995,2,0,2_0
SSR2,0.9951583333333334,0.03066032391304348,0,0,0_0
SSR3,1.0186114583333332,0.050177137975543476,1,1,1_1
SSR4,1.04435,0.04155455579710145,2,1,2_1
SSRP1,0.9795104166666667,0.012658460742753624,0,0,0_0
SSSCA1,0.9895791666666667,0.037982377898550725,0,1,0_1
SST,4.232795833333334,98.80129527050727,4,4,4_4
SSTR1,0.8596270833333333,0.14536101005434782,0,2,0_2
SSTR2,1.1129208333333334,0.24723768938003216,3,3,3_3
SSTR3,1.9200937500000002,2.273869500815217,4,4,4_4
SSTR4,1.2603583333333332,1.1908790582608695,4,4,4_4
SSTR5,0.9216291666666666,0.3121482345652174,0,3,0_3
SSU72,1.0490541666666666,0.028243927762681156,2,0,2_0
SSUH2,1.1485583333333333,0.43107630797101454,3,3,3_3
SSX1,0.9371791666666667,0.15444027539855074,0,2,0_2
SSX2B,1.1165116666666666,0.15856959780869567,3,2,3_2
SSX2IP,0.9950388888888888,0.05235697906199678,0,1,0_1
SSX3,1.0306138888888887,0.13603933086956524,2,2,2_2
SSX4B,1.0897083333333333,0.19290062149758452,3,3,3_3
SSX7,1.5763208333333332,2.662879888913043,4,4,4_4
ST13,0.9913263888888889,0.005606318043478261,0,0,0_0
ST14,1.1323194444444444,0.22317116220611913,3,3,3_3
ST18,1.3595947916666666,0.600629021906703,4,4,4_4
ST20,1.1091395833333333,0.2013106686413043,3,3,3_3
ST20-AS1,0.9340166666666668,0.06111208304347825,0,1,0_1
ST20-MTHFS,1.0921020833333333,0.18361038704710145,3,2,3_2
ST3GAL1,1.1329375,0.14110219063607085,3,2,3_2
ST3GAL2,1.3422025,0.17861506065217392,4,2,4_2
ST3GAL3,1.2679732142857143,0.29829674641082526,4,3,4_3
ST3GAL4,0.9059437499999999,0.16537286135869564,0,2,0_2
ST3GAL5,1.0663416666666667,0.07582099217391304,2,1,2_1
ST3GAL6,1.0118916666666666,0.08296294669384056,1,2,1_2
ST5,1.0056291666666668,0.026166727173913048,1,0,1_0
ST6GAL1,1.1987180555555554,0.2154933045491143,3,3,3_3
ST6GAL2,1.12795,0.4838059606521739,3,3,3_3
ST6GALNAC1,1.0745083333333334,0.07972757913043478,2,1,2_1
ST6GALNAC2,1.0868083333333332,0.13939920101449274,3,2,3_2
ST6GALNAC3,1.0761583333333333,0.13109083869565216,2,2,2_2
ST6GALNAC4,1.2239041666666666,0.19025724557065213,3,2,3_2
ST6GALNAC5,1.1222013888888889,0.16504413607890497,3,2,3_2
ST6GALNAC6,1.0269000000000001,0.048287529710144925,1,1,1_1
ST7-AS1,1.0888916666666668,0.12909066652173914,3,2,3_2
ST7-AS2,1.2683833333333334,0.37319216047101456,4,3,4_3
ST7L,1.0113541666666668,0.028819796663768108,1,0,1_0
ST8SIA1,1.0928979166666668,0.17784474407608694,3,2,3_2
ST8SIA2,0.6858270833333333,0.08711514364130435,0,2,0_2
ST8SIA3,1.6042263888888888,0.7771684834702094,4,4,4_4
ST8SIA4,1.0658041666666669,0.13600025204927535,2,2,2_2
ST8SIA5,1.029388888888889,0.10510841801932368,1,2,1_2
ST8SIA6-AS1,1.5612666666666666,1.869798383478261,4,4,4_4
STAB1,1.1815708333333335,0.19710210072463774,3,3,3_3
STAB2,1.7285312499999999,1.6247441996557972,4,4,4_4
STAC,1.3918958333333336,0.5684228863043479,4,4,4_4
STAC2,1.4277000000000004,1.290380852173913,4,4,4_4
STAC3,1.0122458333333333,0.16035158079710146,1,2,1_2
STAG1,0.9845597222222221,0.032816229009661836,0,0,0_0
STAG2,1.0418944444444447,0.023837292673107902,2,0,2_0
STAG3,1.1975125,0.47111138934782615,3,3,3_3
STAM,1.0051083333333333,0.016170793623188406,1,0,1_0
STAM-AS1,1.3338541666666668,0.7197860278985508,4,4,4_4
STAM2,1.0012633333333332,0.0204002288289855,1,0,1_0
STAMBP,0.9839722222222221,0.027146133156199674,0,0,0_0
STAMBPL1,1.0973760416666667,0.14007487460597828,3,2,3_2
STAP1,1.0079916666666666,0.14405897278985505,1,2,1_2
STAP2,1.0398166666666666,0.07174238927536233,2,1,2_1
STAR,0.9930499999999999,0.18458316115942033,0,2,0_2
STARD10,1.0887361111111111,0.21039553227053137,3,3,3_3
STARD13,1.0230770833333331,0.06325990385869565,1,1,1_1
STARD3,1.046675,0.0722400572463768,2,1,2_1
STARD3NL,0.9905833333333334,0.01970956695652174,0,0,0_0
STARD4,1.0410541666666668,0.05098051760869565,2,1,2_1
STARD5,1.1150166666666665,0.14942811231884057,3,2,3_2
STARD6,0.9681291666666666,0.31427092007246377,0,3,0_3
STARD7,0.9923208333333333,0.00797729615942029,0,0,0_0
STARD8,1.0517916666666667,0.16372834840579706,2,2,2_2
STARD9,1.1391083333333334,0.1857333424637681,3,2,3_2
STAT1,1.3124020833333334,1.010538978045491,4,4,4_4
STAT2,1.409538888888889,0.6568756723188406,4,4,4_4
STAT3,1.1223270833333332,0.1608620381431159,3,2,3_2
STAT4,1.1232833333333334,0.23436221753623188,3,3,3_3
STAT5A,1.0578916666666667,0.0964400291304348,2,2,2_2
STAT5B,1.0305166666666665,0.07420983580869564,2,1,2_1
STAT6,1.0097104166666666,0.03584373052536232,1,0,1_0
STATH,1.0519625,0.13157025094202898,2,2,2_2
STAU1,0.9898833333333332,0.00291253520833333,0,0,0_0
STAU2,0.9995333333333333,0.024812692125603872,0,0,0_0
STAU2-AS1,0.974275,0.2730620323188406,0,3,0_3
STBD1,1.1728916666666667,0.686908126231884,3,4,3_4
STC1,1.2519361111111111,0.3599664398872786,4,3,4_3
STC2,1.2462479166666667,0.19440367226449276,4,3,4_3
STEAP1,1.0018166666666666,0.08569201565217391,1,2,1_2
STEAP1B,1.05395,0.23592172768115938,2,3,2_3
STEAP2,0.999225,0.0258483236231884,0,0,0_0
STEAP3,1.0207708333333334,0.05833963228260869,1,1,1_1
STEAP4,1.0191666666666666,0.10545547072463768,1,2,1_2
STH,0.9291791666666667,0.281439066884058,0,3,0_3
STIL,1.0620833333333335,0.0979597236231884,2,2,2_2
STIM1,1.03581875,0.04429725653985508,2,1,2_1
STIM2,1.0675583333333334,0.08373807814814817,2,2,2_2
STIP1,0.99279375,0.01960424672101449,0,0,0_0
STK10,1.0932458333333335,0.07900182823671495,3,1,3_1
STK11,0.9749,0.04089626397745571,0,1,0_1
STK11IP,1.0318791666666667,0.06061868471014492,2,1,2_1
STK16,1.0311229166666667,0.04562945135869565,2,1,2_1
STK17A,1.0604097222222222,0.07039569374396136,2,1,2_1
STK17B,1.131125,0.13853956549818844,3,2,3_2
STK19,1.0035138888888888,0.040752357053140086,1,1,1_1
STK24,1.1391375000000001,0.12335040211304349,3,2,3_2
STK24-AS1,1.0514916666666667,0.12474025492753624,2,2,2_2
STK25,0.9297958333333334,0.049274267608695646,0,1,0_1
STK26,0.95613125,0.09201920016304346,0,2,0_2
STK3,1.0212333333333332,0.056025180942028976,1,1,1_1
STK31,1.0623375,0.12525636485507247,2,2,2_2
STK32A,1.0584218749999998,0.10243432070199275,2,2,2_2
STK32B,1.361220833333333,0.5211787360144927,4,3,4_3
STK32C,0.9681208333333333,0.169953353115942,0,2,0_2
STK33,1.01570625,0.22771010327898553,1,3,1_3
STK35,1.2793349999999999,0.4085703889101448,4,3,4_3
STK36,1.0467958333333334,0.07466668739935589,2,1,2_1
STK38,1.103695,0.09039626216231886,3,2,3_2
STK38L,1.0001833333333334,0.023798150543478246,0,0,0_0
STK39,0.9528375000000001,0.03714562500000001,0,1,0_1
STK4,1.0892267857142857,0.07525878116089917,3,1,3_1
STK4-AS1,1.8027416666666667,3.2017354420289856,4,4,4_4
STK40,0.9945229166666668,0.13428573186594203,0,2,0_2
STKLD1,1.3920479166666666,0.39951085045289864,4,3,4_3
STMN1,1.2790083333333333,0.2960650539492754,4,3,4_3
STMN2,0.9965791666666665,0.0842030406521739,0,2,0_2
STMN3,1.2909604166666666,0.26785149907608685,4,3,4_3
STMN4,1.918410416666667,2.0577703952717394,4,4,4_4
STOM,1.2035486111111109,0.2684080205716586,3,3,3_3
STOML1,1.0409833333333331,0.11197021405797102,2,2,2_2
STOML2,1.0104083333333334,0.03706608913043478,1,1,1_1
STOML3,0.9162374999999999,0.2545014392028985,0,3,0_3
STON1,1.117075,0.29782465967391303,3,3,3_3
STON1-GTF2A1L,1.0930791666666666,0.24838245355072464,3,3,3_3
STON2,1.134696875,0.17457734360054342,3,2,3_2
STOX1,0.98231875,0.07548739085144927,0,1,0_1
STOX2,1.091240625,0.08905668566576087,3,2,3_2
STPG1,0.9773645833333333,0.16423199722826087,0,2,0_2
STPG2,0.9438749999999999,0.42415735173913044,0,3,0_3
STPG3,1.1524333333333334,0.8751776775362319,3,4,3_4
STRA6,1.1552680555555555,0.2635126454347826,3,3,3_3
STRADA,1.0578847222222223,0.032270218977455724,2,0,2_0
STRADB,0.9935875,0.031158647318840577,0,0,0_0
STRAP,1.0111687500000002,0.055458583532608706,1,1,1_1
STRBP,1.0052916666666667,0.02825518016811594,1,0,1_0
STRIP1,1.0157874999999998,0.027925299927536232,1,0,1_0
STRIP2,1.1496333333333333,0.2300961517753623,3,3,3_3
STRN,1.0210383333333333,0.021480075562318842,1,0,1_0
STRN3,1.005775,0.05636215576086956,1,1,1_1
STRN4,1.0056666666666667,0.03974628043478261,1,1,1_1
STS,1.1155510416666667,0.210584620928442,3,3,3_3
STT3A,0.993275,0.03406838942028985,0,0,0_0
STT3B,1.0225833333333334,0.033626318115942036,1,0,1_0
STUB1,1.0160888888888888,0.016857637455716584,1,0,1_0
STUM,1.4249,1.2291782818478263,4,4,4_4
STX10,1.1857416666666667,0.25894022275362316,3,3,3_3
STX11,1.6558062500000001,0.8541669522644928,4,4,4_4
STX12,0.98711875,0.01996580472826087,0,0,0_0
STX16,1.0303760416666667,0.046435292377717395,2,1,2_1
STX17,0.9822583333333332,0.017270573791304342,0,0,0_0
STX17-AS1,1.0494145833333335,0.14182111900362318,2,2,2_2
STX18,1.0119083333333334,0.03438562826086956,1,0,1_0
STX18-AS1,1.0522416666666667,0.1382646868115942,2,2,2_2
STX19,0.9680124999999999,0.03388137920289854,0,0,0_0
STX1A,1.0470375,0.14788247326086956,2,2,2_2
STX1B,2.0054416666666666,4.70889659,4,4,4_4
STX2,1.03454375,0.05677447106884057,2,1,2_1
STX3,1.0282375,0.0345720917310789,1,0,1_0
STX4,1.0231916666666667,0.023773997028985503,1,0,1_0
STX5,1.00685,0.045823573188405804,1,1,1_1
STX6,1.0118675,0.014693269759420294,1,0,1_0
STX7,1.0489,0.024856075932971015,2,0,2_0
STX8,1.0967645833333333,0.2519175092934783,3,3,3_3
STXBP1,0.9503458333333333,0.03431770326086956,0,0,0_0
STXBP2,1.66191875,1.7945218336775364,4,4,4_4
STXBP3,1.0482895833333332,0.04160339635869566,2,1,2_1
STXBP4,1.0535927083333332,0.06833049863677537,2,1,2_1
STXBP5,1.0118527777777777,0.028869247359098224,1,0,1_0
STXBP5-AS1,1.7054694444444445,0.7512627135909824,4,4,4_4
STXBP5L,1.2988263888888887,0.3856606837922705,4,3,4_3
STXBP6,1.2046833333333333,0.14208352442934782,3,2,3_2
STYK1,0.9569666666666666,0.0469864306884058,0,1,0_1
STYX,1.0393645833333334,0.04282345767210145,2,1,2_1
STYXL1,0.9913341666666667,0.023135939133333335,0,0,0_0
SUB1,1.0844020833333332,0.041054426386875995,3,1,3_1
SUCLA2,1.0371124999999999,0.00888467920289855,2,0,2_0
SUCLA2-AS1,1.1053875,0.5984091526811594,3,4,3_4
SUCLG1,1.0407541666666666,0.07594552525362318,2,1,2_1
SUCLG2,1.068528125,0.08913966139039856,2,2,2_2
SUCLG2-AS1,1.1270597222222223,0.16978176466183573,3,2,3_2
SUCNR1,1.1321166666666667,0.8733464013043478,3,4,3_4
SUCO,0.987575,0.013495872898550724,0,0,0_0
SUDS3,0.9927250000000001,0.007271303333333334,0,0,0_0
SUFU,1.115653125,0.10502078946105071,3,2,3_2
SUGCT,0.9950958333333334,0.13870936876811593,0,2,0_2
SUGP1,0.9913124999999999,0.059666045615942034,0,1,0_1
SUGP2,1.0141558333333334,0.028707232130434777,1,0,1_0
SUGT1,1.0117883333333333,0.013833174208695653,1,0,1_0
SULF1,1.0505833333333332,0.08986895046698873,2,2,2_2
SULF2,1.0841791666666667,0.11288349329710144,3,2,3_2
SULT1A1,1.0202888888888888,0.033204310933977466,1,0,1_0
SULT1A2,1.03971875,0.0752105494021739,2,1,2_1
SULT1B1,1.1565125,0.5607290960144928,3,4,3_4
SULT1C2,1.300184375,0.8785991659374999,4,4,4_4
SULT1C4,1.0008375,0.4381921439855073,0,3,0_3
SULT1E1,1.2603416666666665,0.3543363639492754,4,3,4_3
SULT2A1,1.4867000000000001,2.8342225527898552,4,4,4_4
SULT2B1,1.312925,0.7827365833333333,4,4,4_4
SULT4A1,1.1851625,0.8422265115942029,3,4,3_4
SUMF1,0.9782125,0.022319549057971007,0,0,0_0
SUMF2,1.0500999999999998,0.036600635507246376,2,1,2_1
SUMO1,1.025536111111111,0.008804268051529797,1,0,1_0
SUMO3,1.0225437499999999,0.02438577918478262,1,0,1_0
SUMO4,1.0185833333333332,0.05125122985507247,1,1,1_1
SUN1,1.0247166666666667,0.04681793644021738,1,1,1_1
SUN2,0.9932208333333333,0.032150282391304345,0,0,0_0
SUN3,1.0398666666666665,0.15493025159420287,2,2,2_2
SUN5,1.8106177083333332,0.9388724525498189,4,4,4_4
SUOX,1.0389604166666666,0.04449859501811594,2,1,2_1
SUPT16H,1.005475,0.04011570713768116,1,1,1_1
SUPT20H,1.128425,0.11119549110708535,3,2,3_2
SUPT3H,1.00333125,0.0442311103442029,1,1,1_1
SUPT4H1,1.0072020833333333,0.04429870625000001,1,1,1_1
SUPT5H,1.0296,0.04304244449275363,1,1,1_1
SUPT6H,0.989284375,0.031180060982789852,0,0,0_0
SUPT7L,0.9948097222222222,0.0212383327294686,0,0,0_0
SUPV3L1,0.9688916666666666,0.014996384347826085,0,0,0_0
SURF1,1.02323125,0.06741996077898549,1,1,1_1
SURF2,1.0352583333333334,0.15842302565217392,2,2,2_2
SURF4,1.0395263888888888,0.04008269839774558,2,1,2_1
SURF6,1.0155708333333333,0.03253803688405798,1,0,1_0
SUSD1,1.0382749999999998,0.06305785637681159,2,1,2_1
SUSD2,1.1955645833333335,0.2989310143297101,3,3,3_3
SUSD3,1.42323125,0.7241746920471014,4,4,4_4
SUSD4,1.0522472222222221,0.07021870140096617,2,1,2_1
SUSD5,1.3452291666666667,0.9613402286231885,4,4,4_4
SUSD6,0.9485916666666666,0.01226147724637681,0,0,0_0
SUV39H1,0.9922583333333334,0.022171069999999998,0,0,0_0
SUV39H2,1.0526041666666666,0.06224134576086957,2,1,2_1
SUZ12,1.2865597222222223,0.41913402628824475,4,3,4_3
SV2A,1.0614,0.054821681739130435,2,1,2_1
SV2B,1.5532347222222223,0.695111205837359,4,4,4_4
SV2C,1.5044302083333332,0.6454425478668478,4,4,4_4
SVBP,1.0401583333333335,0.06003325376811595,2,1,2_1
SVEP1,1.339835119047619,0.2066492699068323,4,3,4_3
SVIL,1.0529958333333334,0.05774990903079709,2,1,2_1
SVIP,0.9962052083333334,0.0399584290262681,0,1,0_1
SVOP,1.4330687500000001,1.5358265092210142,4,4,4_4
SVOPL,1.1995208333333334,0.3898657341304348,3,3,3_3
SWAP70,1.024875,0.029061919307568435,1,0,1_0
SWI5,1.015975,0.05065492130434783,1,1,1_1
SWSAP1,1.0723958333333332,0.11499969514492756,2,2,2_2
SWT1,1.0461583333333333,0.06035977666666666,2,1,2_1
SYAP1,1.0501125,0.04794868746376812,2,1,2_1
SYBU,1.0120375,0.06030372282608695,1,1,1_1
SYCE1,1.6157354166666666,1.7181392848007246,4,4,4_4
SYCE1L,0.9796937499999999,0.1342219121195652,0,2,0_2
SYCE2,0.9696541666666666,0.04659842731884058,0,1,0_1
SYCE3,1.2215291666666666,0.9257449854347826,3,4,3_4
SYCN,1.0000708333333332,0.47124003384057966,0,3,0_3
SYCP1,1.0795729166666668,0.3100338114311594,2,3,2_3
SYCP2,0.9078375,0.10830507829710145,0,2,0_2
SYCP2L,1.2086875000000001,0.24279454963768118,3,3,3_3
SYCP3,1.069175,0.15148519833333332,2,2,2_2
SYDE1,1.0148208333333333,0.16639790587862316,1,2,1_2
SYDE2,0.9938166666666667,0.14032948869565215,0,2,0_2
SYF2,1.110875,0.17856308923913045,3,2,3_2
SYK,1.1290958333333332,0.15282870492753622,3,2,3_2
SYMPK,0.9993385416666666,0.04796847735054348,0,1,0_1
SYN1,1.00170625,0.1609938778804348,1,2,1_2
SYN2,1.0294100000000002,0.10926356206956518,1,2,1_2
SYN3,2.2588666666666666,5.171916269710145,4,4,4_4
SYNC,1.003125,0.04918595811594203,1,1,1_1
SYNCRIP,1.0378755952380951,0.011295016579414372,2,0,2_0
SYNDIG1,1.1671500000000001,0.5857180942028986,3,4,3_4
SYNDIG1L,1.2419958333333332,0.6515874677536232,4,4,4_4
SYNE1,1.0580358333333333,0.0877967937304348,2,2,2_2
SYNE2,1.0152016666666668,0.05141554329855071,1,1,1_1
SYNE3,1.0924020833333332,0.13933722748188404,3,2,3_2
SYNE4,1.0140833333333334,0.03330884623188405,1,0,1_0
SYNGAP1,1.1543645833333334,0.34420358820652175,3,3,3_3
SYNGR1,1.0168875,0.03791763623993558,1,1,1_1
SYNGR2,1.0330958333333333,0.06046819460144929,2,1,2_1
SYNGR3,0.9176458333333334,0.16030400615942028,0,2,0_2
SYNGR4,0.9790583333333333,0.33936232666666666,0,3,0_3
SYNJ1,1.061034722222222,0.12776867016908214,2,2,2_2
SYNJ2,1.161533333333333,0.11863259042295177,3,2,3_2
SYNJ2BP-COX16,1.05145625,0.024157944610507243,2,0,2_0
SYNM,1.0228791666666668,0.13986917514492753,1,2,1_2
SYNPO,1.0647902777777778,0.12071113865539454,2,2,2_2
SYNPO2,1.2789916666666665,0.2686477451286601,4,3,4_3
SYNPO2L,1.0654708333333334,0.2981913567753623,2,3,2_3
SYNPR,1.3080625,2.588641321811594,4,4,4_4
SYNPR-AS1,1.3874041666666665,0.8069391555797102,4,4,4_4
SYNRG,1.012727777777778,0.02433446840982286,1,0,1_0
SYP,0.978725,0.08044611434782607,0,1,0_1
SYPL1,1.0173854166666667,0.029972540815217386,1,0,1_0
SYPL2,1.0395874999999999,0.43890411282608693,2,3,2_3
SYS1,1.0069677083333333,0.034866993582427536,1,0,1_0
SYS1-DBNDD2,0.9594166666666668,0.03531051260869566,0,0,0_0
SYT1,1.1494125000000002,0.30649739286231886,3,3,3_3
SYT11,1.3215944444444443,0.38044400771336556,4,3,4_3
SYT12,1.2211486111111112,0.24733362422705318,3,3,3_3
SYT13,1.1110479166666667,0.46807944096014503,3,3,3_3
SYT14,1.3669916666666666,2.6633047373913037,4,4,4_4
SYT15,1.2618770833333333,0.3321121560688406,4,3,4_3
SYT16,1.0043479166666667,0.14795341585144928,1,2,1_2
SYT17,1.0562958333333332,0.16057521402173913,2,2,2_2
SYT2,2.2784291666666667,5.445998887608696,4,4,4_4
SYT3,1.0709833333333334,0.5228274473913044,2,3,2_3
SYT4,1.5376125,1.3370321516666668,4,4,4_4
SYT5,1.4054145833333334,0.9351104543297102,4,4,4_4
SYT6,1.0093333333333334,0.1825601152173913,1,2,1_2
SYT7,1.4358583333333332,0.2478945496695652,4,3,4_3
SYT8,1.0462749999999998,0.34199516913043476,2,3,2_3
SYT9,1.4397781250000001,0.5402475512635869,4,4,4_4
SYTL1,0.9804,0.02399998942028986,0,0,0_0
SYTL2,1.009825,0.10483671809983897,1,2,1_2
SYTL3,1.0157677083333334,0.06815005411684784,1,1,1_1
SYTL4,1.0370166666666667,0.04190324900161031,2,1,2_1
SYTL5,1.26733125,0.6956591289673912,4,4,4_4
SZRD1,1.0454333333333332,0.08339155086956523,2,2,2_2
SZT2,1.075315625,0.09005445416213768,2,2,2_2
TAAR1,1.3273291666666667,1.1301379112318841,4,4,4_4
TAAR2,1.749625,2.2839373068115947,4,4,4_4
TAAR5,1.0710624999999998,0.5098105413768116,2,3,2_3
TAAR8,1.3467666666666667,1.641388024347826,4,4,4_4
TAAR9,1.5076124999999998,1.7471429713768116,4,4,4_4
TAB1,0.9967125,0.05861809108695653,0,1,0_1
TAB2,1.039215277777778,0.0578983242109501,2,1,2_1
TAB3,1.0458510416666666,0.07369715441576088,2,1,2_1
TAC1,1.5439833333333333,1.499805745942029,4,4,4_4
TAC3,1.0664791666666666,0.28381670804347825,2,3,2_3
TACC1,1.127651388888889,0.13855723855475036,3,2,3_2
TACC2,1.5156510416666666,0.6441805411096013,4,4,4_4
TACC3,1.1668208333333334,0.23306241949275364,3,3,3_3
TACO1,1.0283375000000001,0.025881543369565215,1,0,1_0
TACR1,1.198821875,0.2154274705932971,3,3,3_3
TACR2,1.9191166666666664,4.668901664492754,4,4,4_4
TACR3,1.312025,1.2858895227536231,4,4,4_4
TACSTD2,1.0357750000000001,0.07195178303442028,2,1,2_1
TADA1,0.95525625,0.36041755124999997,0,3,0_3
TADA2A,1.0229611111111112,0.043363748502415464,1,1,1_1
TADA2B,1.0284375,0.030077352898550725,1,0,1_0
TADA3,1.4360479166666666,0.7043107217210146,4,4,4_4
TAF1,1.2141652777777778,0.19498179235909827,3,3,3_3
TAF10,1.0000930555555554,0.05319856147342996,0,1,0_1
TAF11,1.0330000000000001,0.06762954122383252,2,1,2_1
TAF12,1.0302375,0.04627447963768116,2,1,2_1
TAF13,0.95128125,0.07271146679347824,0,1,0_1
TAF15,0.992053125,0.03324216883605073,0,0,0_0
TAF1A,0.9933833333333334,0.03867031231884057,0,1,0_1
TAF1A-AS1,1.0223166666666665,0.07010883927536232,1,1,1_1
TAF1B,1.0205958333333334,0.03089812793478261,1,0,1_0
TAF1C,1.0717458333333334,0.07813648228260871,2,1,2_1
TAF1D,0.99815,0.02697586072463768,0,0,0_0
TAF1L,0.9341083333333334,0.21188087057971017,0,3,0_3
TAF2,1.00235625,0.022130260018115935,1,0,1_0
TAF3,1.0231604166666666,0.03470912244565217,1,0,1_0
TAF4,1.0004625,0.12132988518115939,0,2,0_2
TAF4B,1.0742791666666667,0.07297993576086956,2,1,2_1
TAF5,1.0003604166666666,0.013943532119565222,0,0,0_0
TAF5L,1.0032041666666667,0.018311466775362318,1,0,1_0
TAF6,1.0604708333333333,0.08719932297101449,2,2,2_2
TAF6L,1.110475,0.12490702258503399,3,2,3_2
TAF7,1.0022583333333335,0.009213866521739129,1,0,1_0
TAF7L,1.1548791666666665,0.4332803258333333,3,3,3_3
TAF8,1.07375,0.07427363188985507,2,1,2_1
TAF9B,1.0176191666666667,0.0267220633768116,1,0,1_0
TAGAP,1.294245,0.39761086196521733,4,3,4_3
TAGLN,1.298261111111111,0.6491907815942026,4,4,4_4
TAGLN2,1.1473708333333335,0.3638069835869565,3,3,3_3
TAGLN3,1.1132166666666665,0.4301753717391305,3,3,3_3
TAL1,1.0289916666666665,0.08942284362318839,1,2,1_2
TAL2,1.5507416666666665,1.2985899823188405,4,4,4_4
TALDO1,0.9949,0.024281392608695652,0,0,0_0
TAMM41,0.9675222222222223,0.03687316893719807,0,1,0_1
TANC1,1.0670222222222223,0.19215217827697265,2,3,2_3
TANC2,1.0994527777777778,0.3708513969243157,3,3,3_3
TANGO2,1.0013708333333333,0.06979278717391305,1,1,1_1
TANGO6,0.9703375,0.10202348920289855,0,2,0_2
TANK,1.0122125,0.03171297743659421,1,0,1_0
TAOK1,0.9914763888888888,0.038755058361513675,0,1,0_1
TAOK2,1.0404069444444444,0.06772647034621579,2,1,2_1
TAOK3,0.9933666666666667,0.01983784597826087,0,0,0_0
TAP1,1.2065208333333333,0.4026159207971014,3,3,3_3
TAP2,1.1268541666666667,0.18709911645833335,3,2,3_2
TAPBP,1.0562875,0.04914854401771335,2,1,2_1
TAPBPL,1.00949375,0.020254740670289862,1,0,1_0
TAPT1,1.099061111111111,0.07215822102657005,3,1,3_1
TAPT1-AS1,1.025125,0.042784303188405794,1,1,1_1
TARBP1,1.0798666666666665,0.05289993550724637,2,1,2_1
TARBP2,0.9923562499999999,0.03540811219202899,0,0,0_0
TARDBP,1.0124555555555557,0.016702328228663445,1,0,1_0
TARS,1.0426374999999999,0.10421779405797105,2,2,2_2
TARSL2,0.9798145833333333,0.0968047271195652,0,2,0_2
TAS1R1,1.3466875,0.644440310615942,4,4,4_4
TAS1R2,1.2147958333333333,1.0470036548550723,3,4,3_4
TAS2R1,1.1325125,0.6189180286231883,3,4,3_4
TAS2R10,1.0196416666666666,0.12982922579710146,1,2,1_2
TAS2R13,2.1097291666666664,4.008267479202899,4,4,4_4
TAS2R14,1.0342208333333334,0.08428357203703704,2,2,2_2
TAS2R16,1.5959958333333333,3.0586879664492748,4,4,4_4
TAS2R19,1.1152625,0.40447327427536234,3,3,3_3
TAS2R3,1.6016541666666668,3.055949151956522,4,4,4_4
TAS2R38,0.9836458333333332,0.5672320315217391,0,4,0_4
TAS2R39,1.4605499999999998,1.2665566233333332,4,4,4_4
TAS2R4,0.9363958333333334,0.3803872823913043,0,3,0_3
TAS2R40,1.2216416666666665,0.8542084407246375,3,4,3_4
TAS2R41,1.5704625000000003,4.855455922391305,4,4,4_4
TAS2R5,1.0169666666666668,0.5475825692753622,1,4,1_4
TAS2R50,1.9006625,2.8701198261594207,4,4,4_4
TAS2R7,1.9320541666666669,3.088923186884058,4,4,4_4
TAS2R8,0.5453083333333334,0.39257121492753627,0,3,0_3
TAS2R9,0.9804374999999999,0.3471849876086957,0,3,0_3
TASP1,1.0882770833333335,0.2560378364311594,3,3,3_3
TAT,1.398359722222222,0.6057862696376811,4,4,4_4
TATDN1,1.0081916666666666,0.021957665797101445,1,0,1_0
TATDN2,1.3683895833333335,0.48246937081521735,4,3,4_3
TATDN3,0.9670354166666667,0.025131216829710153,0,0,0_0
TAX1BP1,0.9998263888888888,0.008778697689210952,0,0,0_0
TAZ,0.9944333333333333,0.02254491942028986,0,0,0_0
TBATA,0.9072374999999999,0.42440930905797103,0,3,0_3
TBC1D1,1.03027,0.05836458656231884,2,1,2_1
TBC1D10A,1.0343354166666667,0.07829748469202899,2,1,2_1
TBC1D10B,0.9807166666666668,0.05500779927536232,0,1,0_1
TBC1D10C,1.1753875,0.27301209804347826,3,3,3_3
TBC1D12,1.0063583333333332,0.06745246496376812,1,1,1_1
TBC1D13,1.00960625,0.029030654692028982,1,0,1_0
TBC1D14,0.9775333333333333,0.018032120144927537,0,0,0_0
TBC1D15,1.0383125,0.00948009873188406,2,0,2_0
TBC1D16,1.2624058333333332,0.16778057157391305,4,2,4_2
TBC1D17,1.0203041666666666,0.06714678195652173,1,1,1_1
TBC1D19,0.9792791666666667,0.03542318036231884,0,0,0_0
TBC1D2,0.9774458333333333,0.0544271213768116,0,1,0_1
TBC1D20,1.0042354166666667,0.034161538858695654,1,0,1_0
TBC1D21,2.0080375,2.738168574855073,4,4,4_4
TBC1D22A,1.0355305555555556,0.03649874703703704,2,1,2_1
TBC1D22A-AS1,1.114,0.44132041695652174,3,3,3_3
TBC1D22B,1.1980597222222222,0.3360513903301127,3,3,3_3
TBC1D23,0.9881166666666666,0.006750874637681161,0,0,0_0
TBC1D24,0.9653125,0.09080698844202897,0,2,0_2
TBC1D25,1.01049375,0.03273774661231885,1,0,1_0
TBC1D28,1.3563749999999999,1.8003596865217393,4,4,4_4
TBC1D29,1.1166625000000001,0.4636964671739131,3,3,3_3
TBC1D2B,1.2873677083333335,0.24701668148097825,4,3,4_3
TBC1D30,0.9942805555555556,0.08346629112721418,0,2,0_2
TBC1D31,1.0441770833333333,0.07764884403985506,2,1,2_1
TBC1D32,0.9886020833333333,0.07101554697463769,0,1,0_1
TBC1D3I,1.0002375,0.04708975485507246,0,1,0_1
TBC1D4,1.0613374999999998,0.04205069891304348,2,1,2_1
TBC1D5,1.0119555555555555,0.0953058352173913,1,2,1_2
TBC1D7,0.9873875,0.0931118877173913,0,2,0_2
TBC1D8,0.9699152777777779,0.023544392729468597,0,0,0_0
TBC1D8B,1.0575194444444442,0.05557423685990336,2,1,2_1
TBC1D9,1.2991541666666668,0.28767535190821253,4,3,4_3
TBC1D9B,1.012790625,0.01683045859148551,1,0,1_0
TBCA,0.9909083333333334,0.010168927246376813,0,0,0_0
TBCB,1.018823611111111,0.03700248350241545,1,1,1_1
TBCC,1.0457,0.03850027289855072,2,1,2_1
TBCCD1,1.1110875,0.07591129760869567,3,1,3_1
TBCD,1.1790652777777777,0.2650429646779388,3,3,3_3
TBCEL,1.0305097222222221,0.028624768027375215,2,0,2_0
TBCK,0.9915124999999999,0.029942414420289852,0,0,0_0
TBK1,1.0014166666666666,0.017769911304347824,1,0,1_0
TBKBP1,0.9572750000000001,0.056075745942028986,0,1,0_1
TBL1X,0.9975527777777776,0.030463452516103075,0,0,0_0
TBL1XR1,1.1085506944444445,0.0352790089794686,3,0,3_0
TBL1Y,1.1073125000000001,0.5323682558695653,3,3,3_3
TBL2,1.0442333333333333,0.06832202594202898,2,1,2_1
TBL3,1.3808770833333333,0.5022521420108695,4,3,4_3
TBP,0.9779625,0.02432952311594203,0,0,0_0
TBPL1,0.9643291666666668,0.01969346601449275,0,0,0_0
TBR1,1.7441083333333331,2.6886165894202896,4,4,4_4
TBRG1,1.0579881944444445,0.07210308093196457,2,1,2_1
TBRG4,1.0386958333333334,0.09264851978260868,2,2,2_2
TBX1,1.078665,0.13567899208695652,2,2,2_2
TBX10,1.1076291666666667,0.3048433648913043,3,3,3_3
TBX15,1.2302375,0.31870704673913036,3,3,3_3
TBX18,1.2051677083333334,0.5000434250498188,3,3,3_3
TBX18-AS1,1.8142500000000001,5.388489235072463,4,4,4_4
TBX19,0.9515583333333334,0.033183114202898545,0,0,0_0
TBX2,1.0750822916666667,0.13662319465126813,2,2,2_2
TBX2-AS1,1.0991041666666668,0.35852238195652175,3,3,3_3
TBX20,2.1668583333333333,5.881307236666667,4,4,4_4
TBX21,1.0876958333333333,0.3304613203623188,3,3,3_3
TBX22,1.4038666666666668,1.2099575804347824,4,4,4_4
TBX3,1.0705297619047618,0.12382867247264126,2,2,2_2
TBX4,2.509908333333333,5.3078855701449275,4,4,4_4
TBX5,2.1355229166666665,8.503320831132246,4,4,4_4
TBX5-AS1,1.1211354166666667,0.44101191497282616,3,3,3_3
TBX6,1.0352750000000002,0.04351703782608696,2,1,2_1
TBXA2R,1.1833760416666665,0.10957878762228261,3,2,3_2
TBXAS1,1.4293187500000002,0.7097630950181161,4,4,4_4
TC2N,0.982484722222222,0.037571088091787434,0,1,0_1
TCAF1,1.0221958333333332,0.034825411231884054,1,0,1_0
TCAIM,1.0197566666666666,0.05350614778550724,1,1,1_1
TCAP,1.0633625,0.45654363572463763,2,3,2_3
TCEA1,1.1504236111111112,0.15283004071658615,3,2,3_2
TCEA2,1.1694819444444446,0.2273901752898551,3,3,3_3
TCEA3,1.1171979166666668,0.21317662856884056,3,3,3_3
TCEAL1,1.023025,0.059737409130434786,1,1,1_1
TCEAL2,1.1725291666666668,0.3993204668840579,3,3,3_3
TCEAL3,1.0437166666666666,0.04290085536231884,2,1,2_1
TCEAL4,1.0802708333333333,0.07802960717391304,2,1,2_1
TCEAL7,1.1147458333333333,0.2005030242753623,3,3,3_3
TCEAL8,1.0335374999999998,0.013330240942028981,2,0,2_0
TCEAL9,1.1126541666666665,0.08068003326086956,3,1,3_1
TCEANC,1.0202416666666667,0.045862180563607094,1,1,1_1
TCEANC2,1.2873854166666667,0.5862349179891304,4,4,4_4
TCERG1,1.0484166666666666,0.04676303826086955,2,1,2_1
TCERG1L,1.0657666666666668,0.18637312391304353,2,2,2_2
TCF12,1.0087625,0.021577885461956523,1,0,1_0
TCF15,0.9288541666666666,0.29730445442028985,0,3,0_3
TCF19,1.025875,0.05584505376811594,1,1,1_1
TCF20,1.0168291666666667,0.06265032934782609,1,1,1_1
TCF21,0.7824479166666666,0.2673189173007247,0,3,0_3
TCF24,1.0110833333333333,0.2690530056521739,1,3,1_3
TCF25,1.0351597222222224,0.04078880939613526,2,1,2_1
TCF3,1.0556065476190477,0.046552579110470296,2,1,2_1
TCF4,1.0571682291666666,0.021473867473958335,2,0,2_0
TCF4-AS1,0.9267958333333333,0.35622109862318835,0,3,0_3
TCF7,1.0176,0.043702688260869565,1,1,1_1
TCF7L1,1.0576541666666668,0.06715142166666667,2,1,2_1
TCF7L2,1.0152934523809523,0.024526501595681763,1,0,1_0
TCFL5,1.0371145833333333,0.020611475126811597,2,0,2_0
TCHH,1.0963458333333334,0.15925451717391303,3,2,3_2
TCHP,0.9773166666666667,0.01942069905797101,0,0,0_0
TCIRG1,0.9817499999999999,0.05020255782608695,0,1,0_1
TCL1A,3.1568354166666666,14.36478932259058,4,4,4_4
TCL1B,0.9191583333333334,0.336292684057971,0,3,0_3
TCN1,0.9043666666666667,0.05890112956521739,0,1,0_1
TCN2,1.0850708333333334,0.19953207601449277,3,3,3_3
TCOF1,1.28485,0.2823242635587761,4,3,4_3
TCP10,1.1030833333333334,0.5813994688405798,3,4,3_4
TCP10L,1.0960833333333333,0.0877430288768116,3,2,3_2
TCP11,1.6524333333333334,1.3046880418840576,4,4,4_4
TCP11L1,1.0198138888888888,0.053464454637681146,1,1,1_1
TCP11L2,1.2494386904761905,0.1513342362451937,4,2,4_2
TCTA,0.9902458333333334,0.047074043260869565,0,1,0_1
TCTE1,1.1104166666666666,0.40180367434782605,3,3,3_3
TCTE3,1.1925114583333334,0.44861214235054353,3,3,3_3
TCTEX1D1,1.0634666666666668,0.2232665931884058,2,3,2_3
TCTEX1D2,1.0938875,0.18120138804347827,3,2,3_2
TCTN1,1.0723666666666667,0.16227465242753622,2,2,2_2
TCTN2,0.9915291666666667,0.1307622072826087,0,2,0_2
TCTN3,1.0145895833333334,0.012910226902173905,1,0,1_0
TDG,1.0346958333333334,0.02724878949275363,2,0,2_0
TDO2,1.8320270833333332,2.9401823341847826,4,4,4_4
TDP1,1.2547569444444444,0.26300853437198063,4,3,4_3
TDP2,1.0545875,0.02834829007246377,2,0,2_0
TDRD1,0.9076999999999998,0.4399444389855072,0,3,0_3
TDRD10,1.1801375,0.2713546557246377,3,3,3_3
TDRD12,1.6566374999999998,5.148892735434783,4,4,4_4
TDRD3,1.035375,0.012314629066022549,2,0,2_0
TDRD5,1.7426708333333334,2.265647372536232,4,4,4_4
TDRD6,1.14015,0.0732500991304348,3,1,3_1
TDRD7,1.0095333333333334,0.045160544202898556,1,1,1_1
TDRD9,1.0859583333333334,0.29187408942028986,3,3,3_3
TDRG1,0.4639041666666666,0.1819929189130435,0,2,0_2
TDRKH,1.0583722222222223,0.07158308169082125,2,1,2_1
TDRP,1.0701055555555554,0.12484253154589375,2,2,2_2
TEAD1,1.0825375,0.09463407617552334,3,2,3_2
TEAD2,1.3690104166666668,0.3882618470018116,4,3,4_3
TEAD3,1.0096583333333333,0.03183542507246377,1,0,1_0
TEAD4,1.1254229166666667,0.18995973755434778,3,2,3_2
TEC,0.9939166666666667,0.08352663884057972,0,2,0_2
TECPR1,1.083802777777778,0.09218035251207728,3,2,3_2
TECPR2,0.9852250000000001,0.017481021304347824,0,0,0_0
TECR,1.1599708333333332,0.3806975650362319,3,3,3_3
TECRL,1.1138541666666668,2.545635006304348,3,4,3_4
TECTA,1.04879375,0.06684400523550725,2,1,2_1
TECTB,1.9945958333333333,3.8216073210869568,4,4,4_4
TEDDM1,1.4278958333333331,1.9425304019565217,4,4,4_4
TEF,1.2276177083333333,0.2966595405027174,3,3,3_3
TEFM,1.0528166666666667,0.03757156670289854,2,1,2_1
TEK,1.0373666666666668,0.4867215048913044,2,3,2_3
TEKT1,1.1120875000000001,0.3178654315217391,3,3,3_3
TEKT2,1.0385458333333333,0.22553575036231885,2,3,2_3
TEKT3,1.1507291666666666,0.3333333823913044,3,3,3_3
TEKT5,1.4073708333333332,1.0473140744565217,4,4,4_4
TELO2,1.0367187500000001,0.05071534436594203,2,1,2_1
TENM1,1.4902895833333334,0.6017320884963768,4,4,4_4
TENM2,1.1596291666666667,0.668246106304348,3,4,3_4
TENM3,1.428176388888889,1.0100653356119165,4,4,4_4
TENM4,1.1269041666666666,0.3590850534057971,3,3,3_3
TEP1,1.0854625,0.4635783425,3,3,3_3
TEPP,0.8758333333333335,0.1601625252173913,0,2,0_2
TEPSIN,1.3191708333333334,0.3070974322192029,4,3,4_3
TERB1,0.7442375000000001,0.7792715709420289,0,4,0_4
TERB2,1.028325,0.42664026072463773,1,3,1_3
TERF1,1.0194354166666668,0.009675874873188406,1,0,1_0
TERF2,1.0236183333333333,0.03984062256811594,1,1,1_1
TERF2IP,0.985675,0.012508002173913046,0,0,0_0
TERT,1.0087416666666666,0.13427574626811592,1,2,1_2
TES,1.0149194444444445,0.038701290032206126,1,1,1_1
TESC,1.0387041666666668,0.14445357126811595,2,2,2_2
TESK1,1.02325,0.052514356811594214,1,1,1_1
TESK2,0.9834166666666667,0.037561972608695655,0,1,0_1
TESMIN,1.0007041666666667,0.0423573431521739,0,1,0_1
TESPA1,1.1369229166666666,0.20845926052536234,3,3,3_3
TET1,1.0347791666666668,0.10245987923913046,2,2,2_2
TET2,1.0265069444444446,0.04994625105475041,1,1,1_1
TET3,1.2276930555555554,0.3863648918276973,3,3,3_3
TEX10,0.9845416666666665,0.011916590615942026,0,0,0_0
TEX101,1.4289166666666666,1.8488755140579711,4,4,4_4
TEX11,1.082126388888889,0.22018784917069242,3,3,3_3
TEX12,1.1957041666666668,0.6725689096376811,3,4,3_4
TEX13A,2.0500624999999997,2.394654062862319,4,4,4_4
TEX13B,1.5373958333333337,1.6260586699275363,4,4,4_4
TEX14,0.9934124999999999,0.05250215847826086,0,1,0_1
TEX15,1.5543104166666666,2.345307772735507,4,4,4_4
TEX19,1.0680875,0.39173743717391313,2,3,2_3
TEX2,1.0137416666666665,0.07035888521739131,1,1,1_1
TEX22,0.9442666666666666,0.21837784710144928,0,3,0_3
TEX26,0.9209125,0.23132603644927535,0,3,0_3
TEX26-AS1,1.171663888888889,0.23758458096618354,3,3,3_3
TEX261,0.9787020833333333,0.08027486331521741,0,1,0_1
TEX264,1.0618270833333334,0.08499884864130437,2,2,2_2
TEX28,1.3570958333333334,0.9767780232608696,4,4,4_4
TEX29,1.1373041666666668,0.6119640463043478,3,4,3_4
TEX30,0.9966666666666667,0.023486553913043485,0,0,0_0
TEX33,0.9752624999999999,1.0429871278985505,0,4,0_4
TEX35,2.8379708333333333,9.998581269782608,4,4,4_4
TEX36,1.4342916666666667,1.3401124433333336,4,4,4_4
TEX36-AS1,0.9518000000000001,0.3036563417391304,0,3,0_3
TEX37,1.5000916666666668,3.1384907560869566,4,4,4_4
TEX38,1.0476833333333333,0.36650945753623193,2,3,2_3
TEX41,1.3102958333333332,1.9202888707971013,4,4,4_4
TEX43,0.929875,0.32432206159420296,0,3,0_3
TEX9,1.0633947916666666,0.09766700038496376,2,2,2_2
TF,1.3898291666666667,0.6593487629076087,4,4,4_4
TFAM,1.0275666666666667,0.03065193982789855,1,0,1_0
TFAP2A,1.0484888888888888,0.08833782855072464,2,2,2_2
TFAP2A-AS1,1.0634750000000002,0.10637657583333333,2,2,2_2
TFAP2B,1.1962249999999999,0.34387264830917874,3,3,3_3
TFAP2C,1.0121145833333334,0.1169494042572464,1,2,1_2
TFAP2D,1.2635041666666667,0.8899829252898551,4,4,4_4
TFAP2E,1.0561791666666667,0.1453900894927536,2,2,2_2
TFAP4,1.0070958333333333,0.0868654770289855,1,2,1_2
TFB1M,1.27888125,0.3172956423641303,4,3,4_3
TFB2M,1.441721875,0.6022574162635871,4,4,4_4
TFCP2,1.0292805555555555,0.018272781980676334,1,0,1_0
TFCP2L1,1.1553361111111111,0.20640650772946864,3,3,3_3
TFDP1,0.961623611111111,0.01943552512882447,0,0,0_0
TFDP2,1.0245239583333332,0.027415893682065217,1,0,1_0
TFDP3,1.7756291666666666,2.655849336304348,4,4,4_4
TFE3,1.03708125,0.18901489705615945,2,2,2_2
TFEB,0.9712166666666667,0.061345878949275366,0,1,0_1
TFEC,1.1247652777777777,0.4500400328904991,3,3,3_3
TFF1,1.275475,0.6804011459420289,4,4,4_4
TFF2,1.6589000000000003,2.8669141439130432,4,4,4_4
TFF3,1.2615083333333335,0.6943177013043477,4,4,4_4
TFG,1.0327760416666667,0.047255321653079704,2,1,2_1
TFIP11,1.00255,0.020330708876811595,1,0,1_0
TFPI,1.1621558333333333,0.19024359695362322,3,2,3_2
TFPI2,1.0769104166666668,0.30992103708333335,2,3,2_3
TFPT,0.9587333333333333,0.07313039840579712,0,1,0_1
TFR2,1.1429222222222222,0.13938384280193236,3,2,3_2
TFRC,1.0715633333333334,0.057179329188405785,2,1,2_1
TG,1.1287541666666667,0.283860720652174,3,3,3_3
TGDS,1.0332708333333334,0.05091963938405796,2,1,2_1
TGFA,1.0472097222222223,0.11774516132850242,2,2,2_2
TGFB1,1.0436750000000001,0.14219255583333337,2,2,2_2
TGFB1I1,1.1611125,0.1876716896376812,3,2,3_2
TGFB2,1.1255825,0.08846339017101451,3,2,3_2
TGFB3,1.4116104166666668,0.8586680894746377,4,4,4_4
TGFBI,1.0789458333333333,0.07566101065217391,2,1,2_1
TGFBR1,1.0763,0.10558235871175524,2,2,2_2
TGFBR2,1.1362458333333334,0.1340557756884058,3,2,3_2
TGFBR3,1.0161270833333333,0.06764470860507248,1,1,1_1
TGFBRAP1,1.2118277777777777,0.23724184082125602,3,3,3_3
TGIF1,1.0665597222222223,0.07100411686795491,2,1,2_1
TGIF2,0.9820187499999999,0.040778776539855066,0,1,0_1
TGIF2LY,1.2012416666666665,0.9425737073913044,3,4,3_4
TGM1,1.2313875,0.35239445268115943,3,3,3_3
TGM2,1.032653125,0.13571198475996377,2,2,2_2
TGM3,1.08745,0.3356614872463768,3,3,3_3
TGM4,1.4334125,0.5280023659017713,4,3,4_3
TGM5,1.11995,0.391318695942029,3,3,3_3
TGM6,1.353691666666667,1.2032166802898552,4,4,4_4
TGM7,1.2110291666666668,0.6829298776086956,3,4,3_4
TGOLN2,1.0468166666666667,0.03667634496811595,2,1,2_1
TGS1,0.9957652777777778,0.030362428043478266,0,0,0_0
TH,1.0515833333333333,0.2179274905797102,2,3,2_3
TH2LCRR,0.9414125000000001,0.11132447402173913,0,2,0_2
THADA,1.20475,0.14602740689736762,3,2,3_2
THAP1,0.9767875,0.01679684586956522,0,0,0_0
THAP10,0.965075,0.06597163550724637,0,1,0_1
THAP11,0.9576208333333334,0.02404926166666667,0,0,0_0
THAP12,1.0021958333333334,0.011700729782608697,1,0,1_0
THAP2,1.551786111111111,0.6377939168276974,4,4,4_4
THAP3,1.23353125,0.31624697414855074,3,3,3_3
THAP4,1.0086583333333332,0.03300942945652174,1,0,1_0
THAP5,1.0148479166666666,0.05779610512681159,1,1,1_1
THAP6,1.0299385416666667,0.0419329690625,1,1,1_1
THAP7,1.0449458333333332,0.05983719471014493,2,1,2_1
THAP7-AS1,1.0088479166666666,0.1360058782789855,1,2,1_2
THAP8,0.9122708333333334,0.073078855,0,1,0_1
THAP9,0.9760895833333333,0.014561914764492756,0,0,0_0
THAP9-AS1,0.9983,0.01834272869565217,0,0,0_0
THBD,1.1462125,0.2710757749194847,3,3,3_3
THBS1,1.292327976190476,0.5043110566740608,4,3,4_3
THBS2,1.0691875,0.09581806210144926,2,2,2_2
THBS3,1.0456333333333334,0.06606947579710144,2,1,2_1
THBS4,1.0635833333333333,0.13788236971014492,2,2,2_2
THEG,1.6386208333333334,3.699397267173913,4,4,4_4
THEM4,1.0800611111111111,0.060528165684380034,2,1,2_1
THEM5,1.1994624999999999,0.6687077502173913,3,4,3_4
THEM6,1.8665500000000002,2.363035074637682,4,4,4_4
THEMIS,1.0236020833333332,0.18755916733695652,1,2,1_2
THEMIS2,1.2223354166666667,0.24526238125,3,3,3_3
THG1L,1.0760708333333333,0.1493949222463768,2,2,2_2
THNSL1,1.0010895833333333,0.03439434679347826,0,0,0_0
THNSL2,1.0351541666666666,0.1512161836594203,2,2,2_2
THOC1,0.9965416666666668,0.011598949420289857,0,0,0_0
THOC2,1.00895625,0.008188655208333335,1,0,1_0
THOC5,1.4054604166666664,0.7971933662500001,4,4,4_4
THOC6,0.9232833333333333,0.286576305942029,0,3,0_3
THOC7,1.0312124999999999,0.04414815818840579,2,1,2_1
THOP1,1.0330166666666667,0.17348132260869564,2,2,2_2
THPO,1.2314694444444445,0.37743546328502414,3,3,3_3
THRA,1.3448677083333334,0.31499550618206523,4,3,4_3
THRAP3,1.0244364583333334,0.05623750368206522,1,1,1_1
THRB,0.9978333333333333,0.07423872982286635,0,1,0_1
THRIL,1.0868375,0.04856362442028985,3,1,3_1
THRSP,1.3263166666666668,0.6073168211433172,4,4,4_4
THSD4,1.422423611111111,0.3486268012037037,4,3,4_3
THSD4-AS1,1.9271500000000001,5.942682311884057,4,4,4_4
THSD7A,1.2478072916666667,0.2829782003940218,4,3,4_3
THSD7B,1.2897999999999998,1.505637468550725,4,4,4_4
THTPA,1.0020208333333331,0.04577389644927537,1,1,1_1
THUMPD1,0.9963666666666667,0.009706062644927538,0,0,0_0
THUMPD2,0.9927708333333335,0.03393179326086957,0,0,0_0
THUMPD3,0.9967156249999999,0.01920041370018116,0,0,0_0
THUMPD3-AS1,0.990759375,0.019283394913949262,0,0,0_0
THY1,1.5285847222222222,0.8062004491062801,4,4,4_4
THYN1,1.0106833333333334,0.024495410688405796,1,0,1_0
TIA1,1.0071684523809525,0.018002181353149953,1,0,1_0
TIAF1,1.0356375,0.2049820097826087,2,3,2_3
TIAL1,1.1718572916666667,0.08745602023097829,3,2,3_2
TIAM1,1.1616145833333333,0.16947975650362315,3,2,3_2
TIAM2,0.9943972222222222,0.0262716046215781,0,0,0_0
TICAM1,0.9748291666666665,0.044000387753623194,0,1,0_1
TICRR,1.0966833333333332,0.18931720923913045,3,2,3_2
TIE1,1.1196479166666666,0.19238814364130433,3,3,3_3
TIFA,1.0189583333333332,0.06267459639291466,1,1,1_1
TIFAB,1.3634333333333333,0.6264087453260869,4,4,4_4
TIGAR,1.0171541666666666,0.0703412594927536,1,1,1_1
TIGD1,0.9918208333333333,0.06342852949275363,0,1,0_1
TIGD2,1.024275,0.04323546666666667,1,1,1_1
TIGD3,1.0821666666666667,0.3825175484057972,3,3,3_3
TIGD4,1.0351263888888889,0.13477277894524958,2,2,2_2
TIGD5,1.0067541666666668,0.11471526253623186,1,2,1_2
TIGD6,1.0670083333333333,0.11151888797101452,2,2,2_2
TIGD7,1.0078395833333333,0.030071132445652182,1,0,1_0
TIGIT,1.1535833333333334,0.4762211328985507,3,3,3_3
TIMD4,1.4666875000000001,1.0024374713768114,4,4,4_4
TIMELESS,1.0276812499999999,0.1565844141847826,1,2,1_2
TIMM10,1.1094125000000001,0.18180857496376812,3,2,3_2
TIMM10B,1.0069395833333334,0.023248010597826094,1,0,1_0
TIMM13,1.03795625,0.1993263866485507,2,3,2_3
TIMM17A,1.0249135416666666,0.030263546888586953,1,0,1_0
TIMM17B,0.9863166666666666,0.16373606981884056,0,2,0_2
TIMM21,0.9703666666666666,0.016416347934782614,0,0,0_0
TIMM22,1.033323611111111,0.0601585170772947,2,1,2_1
TIMM23,1.9610583333333331,5.04750695173913,4,4,4_4
TIMM23B,1.0225125000000002,0.028002798722826086,1,0,1_0
TIMM44,1.0221375000000001,0.08461649061594202,1,2,1_2
TIMM50,0.9557687499999998,0.08475688472826087,0,2,0_2
TIMM8A,1.03046875,0.037973678749999996,2,1,2_1
TIMM8B,0.9945854166666667,0.05252753954710144,0,1,0_1
TIMM9,1.0099625,0.009618742101449274,1,0,1_0
TIMMDC1,0.9888375000000001,0.014089050652173918,0,0,0_0
TIMP1,1.0891541666666666,0.10993516543478263,3,2,3_2
TIMP2,1.074623611111111,0.045284667431561974,2,1,2_1
TIMP3,1.172315625,0.2798525943161232,3,3,3_3
TIMP4,1.2699541666666667,0.5878660019565217,4,4,4_4
TINAG,1.2550527777777778,1.492775181336554,4,4,4_4
TINAGL1,1.0305166666666665,0.040697751739130435,2,1,2_1
TINCR,1.405704166666667,0.5250451827133655,4,3,4_3
TINF2,1.0168833333333334,0.02954309586151369,1,0,1_0
TIPARP,1.1086416666666665,0.17008557130434784,3,2,3_2
TIPARP-AS1,1.0719708333333333,0.17742737615942025,2,2,2_2
TIPIN,1.0228291666666667,0.08040950847826087,1,1,1_1
TIPRL,1.0082333333333333,0.013574411313405798,1,0,1_0
TIRAP,0.9917406249999999,0.03956338677083333,0,1,0_1
TJAP1,0.9906895833333333,0.014569088206521735,0,0,0_0
TJP1,1.0456979166666667,0.023425891757246374,2,0,2_0
TJP2,1.0197218749999999,0.0672769804664855,1,1,1_1
TJP3,1.0143895833333334,0.042703837807971004,1,1,1_1
TK1,1.0686145833333331,0.11059620414855073,2,2,2_2
TK2,0.9888645833333333,0.028520592454710142,0,0,0_0
TKFC,1.01501875,0.058233897264492754,1,1,1_1
TKT,1.0596180555555554,0.08316416873590984,2,2,2_2
TKTL1,1.1220833333333333,0.30485341286231893,3,3,3_3
TKTL2,1.3006166666666665,1.4296165989855072,4,4,4_4
TLCD1,1.1101166666666666,0.10573860333333333,3,2,3_2
TLCD2,1.0159375,0.07548922514492754,1,1,1_1
TLDC1,1.0274125,0.127777556826087,1,2,1_2
TLDC2,1.3258375000000002,1.1350009964492753,4,4,4_4
TLE1,1.0145691666666667,0.04183638877971014,1,1,1_1
TLE2,0.9968270833333334,0.03952628385869565,0,1,0_1
TLE3,1.0429010416666666,0.03283694641757247,2,0,2_0
TLE4,1.0362375000000001,0.03239811683188405,2,0,2_0
TLE6,0.9443583333333333,0.2040142005636071,0,3,0_3
TLK1,1.0565011904761905,0.05364751935817806,2,1,2_1
TLK2,1.0985114583333333,0.1333835006567029,3,2,3_2
TLL1,1.0111625,0.16604237586956525,1,2,1_2
TLL2,1.2972374999999998,0.7375570447423512,4,4,4_4
TLN1,1.0150555555555556,0.10775278768115944,1,2,1_2
TLN2,1.2239541666666665,0.3073246805716586,3,3,3_3
TLR1,0.9998666666666667,0.11364542536231885,0,2,0_2
TLR10,1.1702875000000001,0.2911053942028986,3,3,3_3
TLR2,1.0452666666666668,0.14986319579710145,2,2,2_2
TLR3,1.0127249999999999,0.07661166993558777,1,1,1_1
TLR4,1.0943125,0.14000691574275362,3,2,3_2
TLR5,0.9823791666666667,0.061551254855072464,0,1,0_1
TLR6,1.460075,0.4698152772463768,4,3,4_3
TLR7,1.0391958333333333,0.2828329722101449,2,3,2_3
TLR8,1.5709437499999999,1.3294665332427535,4,4,4_4
TLR8-AS1,1.0346958333333334,0.6096234051449274,2,4,2_4
TLR9,1.03995,0.15382143260869566,2,2,2_2
TLX1,0.8848125000000001,0.12525990978260867,0,2,0_2
TLX1NB,1.0052291666666666,0.7580987102173912,1,4,1_4
TLX2,0.9485770833333333,0.3645806304891304,0,3,0_3
TLX3,1.6184874999999999,5.59562672210145,4,4,4_4
TM2D1,1.0134516666666666,0.015064123368115948,1,0,1_0
TM2D2,1.0510791666666666,0.03337235166666667,2,0,2_0
TM2D3,1.00868125,0.005694552481884055,1,0,1_0
TM4SF1,1.0565533333333335,0.07941072426086956,2,1,2_1
TM4SF18,1.0422145833333334,0.11248064045289856,2,2,2_2
TM4SF20,1.1812583333333333,1.0445658739130435,3,4,3_4
TM4SF4,1.7438333333333331,2.7355102508695652,4,4,4_4
TM4SF5,0.698975,0.11729607072463767,0,2,0_2
TM6SF1,1.0614833333333333,0.07107998942028985,2,1,2_1
TM6SF2,1.0300958333333334,0.1755421973993559,1,2,1_2
TM7SF2,0.9715041666666666,0.05735014442028984,0,1,0_1
TM7SF3,0.9748374999999999,0.037560151521739124,0,1,0_1
TM9SF1,1.03143125,0.04878961835144927,2,1,2_1
TM9SF2,0.9935041666666665,0.007965468043478263,0,0,0_0
TM9SF3,0.9765275,0.06401208906956524,0,1,0_1
TM9SF4,1.0040166666666668,0.0427935302173913,1,1,1_1
TMA16,1.0309083333333333,0.052040459855072455,2,1,2_1
TMA7,1.0054333333333334,0.004683020289855069,1,0,1_0
TMBIM4,1.02095,0.012488255416666667,1,0,1_0
TMBIM6,1.0187541666666666,0.02003700076086957,1,0,1_0
TMC1,1.0047416666666666,0.3420681639130435,1,3,1_3
TMC2,1.7518208333333334,2.5279866735507244,4,4,4_4
TMC3-AS1,1.1129708333333335,0.18434655297101446,3,2,3_2
TMC4,1.0289708333333334,0.03647136181159421,1,1,1_1
TMC5,1.1727225000000001,0.2834459230927536,3,3,3_3
TMC6,1.27155625,0.299312502192029,4,3,4_3
TMC7,1.1180333333333332,0.14789237474637681,3,2,3_2
TMC8,1.0448638888888888,0.17838733130434783,2,2,2_2
TMCC1,1.3420863095238096,0.1711899233998817,4,2,4_2
TMCC1-AS1,1.0341624999999999,0.13570683749999998,2,2,2_2
TMCC2,1.1055729166666668,0.14169817889492756,3,2,3_2
TMCC3,1.0564979166666666,0.0976236285326087,2,2,2_2
TMCO1,0.9998302083333334,0.013285402549818841,0,0,0_0
TMCO2,1.1133166666666667,0.9542736752173913,3,4,3_4
TMCO3,1.1765729166666665,0.16734688689311597,3,2,3_2
TMCO4,0.9564583333333333,0.10071381641304347,0,2,0_2
TMCO5A,1.9591708333333333,2.8524838951932368,4,4,4_4
TMCO6,1.0250229166666667,0.033732850815217395,1,0,1_0
TMED1,0.999175,0.05584934507246377,0,1,0_1
TMED10,1.0281972222222222,0.02399003847020933,1,0,1_0
TMED2,1.0376930555555557,0.05251127326086958,2,1,2_1
TMED3,1.0009364583333333,0.08750034161684782,0,2,0_2
TMED4,1.0397475,0.02401739249565217,2,0,2_0
TMED5,1.1773131944444444,0.1430328914029791,3,2,3_2
TMED6,1.084975,0.2272095334782608,3,3,3_3
TMED7-TICAM2,1.0324604166666667,0.023576034320652167,2,0,2_0
TMED8,1.0041652777777779,0.0484705838405797,1,1,1_1
TMED9,1.0115,0.05031658235507247,1,1,1_1
TMEFF2,1.5426861111111112,0.8842376818035429,4,4,4_4
TMEM100,1.0505791666666668,0.17045518934782608,2,2,2_2
TMEM101,1.0226916666666666,0.022238230144927536,1,0,1_0
TMEM102,2.3089583333333334,5.525694699275363,4,4,4_4
TMEM104,1.0167625,0.02327038630434783,1,0,1_0
TMEM105,0.9607,0.18906678971014496,0,2,0_2
TMEM106A,1.2815177083333333,0.25184222827445646,4,3,4_3
TMEM106B,1.0408114583333334,0.024690970557065216,2,0,2_0
TMEM106C,1.0545604166666667,0.1052444230615942,2,2,2_2
TMEM107,1.0923275,0.08948841153333333,3,2,3_2
TMEM108,1.3437249999999998,0.30968385912137686,4,3,4_3
TMEM108-AS1,1.1717583333333332,0.7965207282608695,3,4,3_4
TMEM109,0.9865083333333334,0.08757319173913045,0,2,0_2
TMEM11,1.0776041666666667,0.0707668734057971,2,1,2_1
TMEM110-MUSTN1,1.1165395833333331,0.2682753326268115,3,3,3_3
TMEM114,1.3964291666666668,1.7767946551449278,4,4,4_4
TMEM115,1.0456083333333333,0.05860798420289855,2,1,2_1
TMEM116,1.0249499999999998,0.07789767605475041,1,1,1_1
TMEM117,1.044475,0.046725788260869566,2,1,2_1
TMEM119,1.2641458333333333,0.7244971929710146,4,4,4_4
TMEM120A,0.9915208333333334,0.04452705775362319,0,1,0_1
TMEM120B,1.0450229166666667,0.1963733110326087,2,3,2_3
TMEM121,1.5423666666666669,1.3737221277173912,4,4,4_4
TMEM123,1.025275,0.03874035028985508,1,1,1_1
TMEM125,1.00005,0.11602570579710143,0,2,0_2
TMEM126A,0.9733875,0.01841354137681159,0,0,0_0
TMEM126B,0.9735062500000001,0.05208609266304348,0,1,0_1
TMEM127,0.9980013888888889,0.0313129894605475,0,0,0_0
TMEM128,1.0055541666666665,0.03876512891304349,1,1,1_1
TMEM129,1.0290541666666668,0.040981578007246375,1,1,1_1
TMEM130,1.0092958333333333,0.6641430192028985,1,4,1_4
TMEM131,1.3017958333333335,0.44013741018115937,4,3,4_3
TMEM132A,1.3169354166666667,0.4130814964130435,4,3,4_3
TMEM132B,0.9554805555555556,0.11539084587761675,0,2,0_2
TMEM132C,1.2768,0.6974718607246377,4,4,4_4
TMEM132D,1.7704041666666666,2.4569125251449275,4,4,4_4
TMEM132E,1.1299708333333334,0.6309622216666667,3,4,3_4
TMEM134,1.00435,0.09874336156199677,1,2,1_2
TMEM135,0.9689125000000001,0.06403348812499998,0,1,0_1
TMEM136,0.9876805555555555,0.04819362400966183,0,1,0_1
TMEM138,1.0108416666666666,0.05601219695652174,1,1,1_1
TMEM139,0.9635979166666667,0.07132397893115944,0,1,0_1
TMEM140,1.1020375,0.1456324247101449,3,2,3_2
TMEM141,1.0491,0.07688545768115941,2,1,2_1
TMEM143,1.4159979166666667,0.9079402454166666,4,4,4_4
TMEM144,1.0290052083333334,0.02753098742300725,1,0,1_0
TMEM145,1.034275,0.21416710710144926,2,3,2_3
TMEM147,1.0174166666666666,0.04980481376811594,1,1,1_1
TMEM147-AS1,1.01459375,0.015115894655797097,1,0,1_0
TMEM14A,0.9669208333333333,0.012946531956521744,0,0,0_0
TMEM14B,1.0062333333333333,0.0061657921256038665,1,0,1_0
TMEM14C,0.9936791666666668,0.011779666884057974,0,0,0_0
TMEM150A,1.068425,0.15270754666666667,2,2,2_2
TMEM150B,2.023995833333333,4.150622508623188,4,4,4_4
TMEM150C,0.9936812499999998,0.028455510163043474,0,0,0_0
TMEM151A,1.7958333333333332,6.644683843043477,4,4,4_4
TMEM151B,1.1989124999999998,0.23603506765398552,3,3,3_3
TMEM154,1.0141,0.046673245942029,1,1,1_1
TMEM155,1.1087,0.30521714115942034,3,3,3_3
TMEM156,1.1349166666666666,0.259207835652174,3,3,3_3
TMEM158,1.2373875,0.7507154313768115,3,4,3_4
TMEM159,1.0250916666666667,0.13140716101449273,1,2,1_2
TMEM160,1.8705291666666668,3.1444144431159424,4,4,4_4
TMEM161A,0.9977479166666666,0.03616442570652174,0,0,0_0
TMEM161B,0.9970572916666666,0.02148889845561594,0,0,0_0
TMEM161B-AS1,0.9773552083333333,0.017373054633152172,0,0,0_0
TMEM163,1.5232666666666665,1.3160568819927536,4,4,4_4
TMEM165,1.0557354166666666,0.04371309050120771,2,1,2_1
TMEM167A,1.00133125,0.018291097989130433,1,0,1_0
TMEM167B,0.9883791666666667,0.017344134855072465,0,0,0_0
TMEM168,0.9917666666666666,0.008555231340579715,0,0,0_0
TMEM169,1.214675,0.16694923898550723,3,2,3_2
TMEM17,0.9980666666666668,0.1381069395652174,0,2,0_2
TMEM170A,1.03135,0.026165136811594204,2,0,2_0
TMEM170B,1.0106791666666668,0.025555994710144928,1,0,1_0
TMEM171,1.0416729166666665,0.08916085248188406,2,2,2_2
TMEM173,1.0673395833333332,0.12893776802536233,2,2,2_2
TMEM174,1.4976861111111113,0.6864451307407408,4,4,4_4
TMEM175,1.0217875,0.05256925789855072,1,1,1_1
TMEM176A,1.4871791666666667,0.7714721307971015,4,4,4_4
TMEM176B,1.2987083333333334,0.2906792718115942,4,3,4_3
TMEM177,1.0380979166666666,0.055962685742753634,2,1,2_1
TMEM178A,0.8951291666666666,0.07230943036231885,0,1,0_1
TMEM178B,1.1201541666666666,0.20261514108695647,3,3,3_3
TMEM179,1.9663000000000002,3.2290286750724637,4,4,4_4
TMEM18,1.0520604166666667,0.06705791233695653,2,1,2_1
TMEM181,0.9949916666666668,0.03833436909420288,0,1,0_1
TMEM182,1.0313802083333332,0.047158671426630425,2,1,2_1
TMEM184A,1.2648916666666665,0.6140885366304351,4,4,4_4
TMEM184B,1.0204916666666666,0.06069755318840578,1,1,1_1
TMEM184C,1.0324375000000001,0.038721247173913044,2,1,2_1
TMEM185A,1.0229791666666666,0.03153871376006441,1,0,1_0
TMEM185B,1.0506916666666666,0.028364948804347836,2,0,2_0
TMEM186,0.9678000000000001,0.03707102159420289,0,1,0_1
TMEM187,0.998075,0.014360424782608695,0,0,0_0
TMEM189-UBE2V1,0.9849677083333335,0.01789318289402174,0,0,0_0
TMEM19,1.0521562500000001,0.05622848733695651,2,1,2_1
TMEM190,1.2235875,0.38619100934782613,3,3,3_3
TMEM192,0.9509770833333334,0.09374630226449276,0,2,0_2
TMEM196,1.7276208333333336,2.0214442038043474,4,4,4_4
TMEM198,1.1248729166666667,0.28571719922101446,3,3,3_3
TMEM200A,1.1548166666666668,0.19267710840579708,3,3,3_3
TMEM200B,0.9649208333333333,0.031620222391304346,0,0,0_0
TMEM200C,1.3628229166666666,0.7220605836413043,4,4,4_4
TMEM201,1.0387333333333333,0.07642903373188407,2,1,2_1
TMEM203,0.9977625,0.008222118768115941,0,0,0_0
TMEM204,1.3504250000000002,0.2702736641867955,4,3,4_3
TMEM205,0.9969708333333335,0.05981443586956521,0,1,0_1
TMEM206,0.9652,0.09381669061594203,0,2,0_2
TMEM207,2.293883333333333,8.180282536811593,4,4,4_4
TMEM208,1.0259,0.09976416942028986,1,2,1_2
TMEM209,1.02736875,0.05157976682971014,1,1,1_1
TMEM212,1.1322833333333333,0.29300781768115947,3,3,3_3
TMEM213,1.2190958333333333,0.29186458409420285,3,3,3_3
TMEM214,0.9496958333333333,0.04452378123188406,0,1,0_1
TMEM216,1.0006416666666667,0.06973193405797103,0,1,0_1
TMEM217,1.2160875,0.3244488484782609,3,3,3_3
TMEM218,1.1109916666666668,0.14483444785829308,3,2,3_2
TMEM219,1.0550583333333332,0.08931543894927536,2,2,2_2
TMEM220,1.0318333333333334,0.02548512710144928,2,0,2_0
TMEM221,1.2002,0.3950465016304347,3,3,3_3
TMEM222,1.0496874999999999,0.0811280390942029,2,2,2_2
TMEM223,0.9572930555555555,0.03478877842995169,0,0,0_0
TMEM225,1.2105916666666667,0.8452047202898553,3,4,3_4
TMEM229B,1.2871625,0.4043676951610306,4,3,4_3
TMEM230,1.0017083333333332,0.01097179329710145,1,0,1_0
TMEM231,1.0621104166666668,0.27598708382246373,2,3,2_3
TMEM232,1.0223208333333333,0.11430291997584544,1,2,1_2
TMEM234,1.2077406249999998,0.16215288687047102,3,2,3_2
TMEM235,1.5346166666666665,2.9800990486956525,4,4,4_4
TMEM237,1.03295625,0.04422121067028983,2,1,2_1
TMEM238,2.1202666666666663,5.272153091449276,4,4,4_4
TMEM239,1.0005854166666668,0.11612115632246377,0,2,0_2
TMEM241,1.0350833333333334,0.025458169456521736,2,0,2_0
TMEM242,0.9977572916666665,0.10267937656249998,0,2,0_2
TMEM243,1.0538875,0.010235752681159416,2,0,2_0
TMEM245,1.0820133333333333,0.06410524037101448,3,1,3_1
TMEM246,0.9871104166666665,0.02638142509057971,0,0,0_0
TMEM248,1.0047416666666666,0.016660612572463766,1,0,1_0
TMEM25,1.0319270833333334,0.06810175932971015,2,1,2_1
TMEM251,1.0154833333333333,0.017922225362318845,1,0,1_0
TMEM252,0.9941458333333332,0.3533504578985508,0,3,0_3
TMEM253,1.9060083333333333,2.961819377826086,4,4,4_4
TMEM254,1.0021395833333333,0.03788682298913043,1,1,1_1
TMEM254-AS1,1.0758916666666665,0.4546158034782608,2,3,2_3
TMEM255A,1.1351624999999999,0.2114689513768116,3,3,3_3
TMEM255B,1.1277833333333334,0.23902033985507248,3,3,3_3
TMEM256,1.0164208333333333,0.08075399775362317,1,2,1_2
TMEM256-PLSCR3,1.0356791666666665,0.0649239056884058,2,1,2_1
TMEM258,0.9715041666666666,0.014302883405797105,0,0,0_0
TMEM259,1.08740625,0.13086746045692432,3,2,3_2
TMEM26,1.4762125,2.545575233115942,4,4,4_4
TMEM26-AS1,1.2337895833333334,1.0629846651630435,3,4,3_4
TMEM260,1.00301875,0.04551924657608694,1,1,1_1
TMEM262,0.9805708333333335,0.04360248934782608,0,1,0_1
TMEM263,0.998625,0.046251497246376824,0,1,0_1
TMEM265,1.03471875,0.14815490019927538,2,2,2_2
TMEM266,1.1230083333333334,0.09018256347826088,3,2,3_2
TMEM267,1.0204027777777778,0.034649179597423516,1,0,1_0
TMEM268,1.067925,0.03262386362318841,2,0,2_0
TMEM30A,1.0057361111111112,0.01169855784219002,1,0,1_0
TMEM30B,0.85811875,0.0421950905615942,0,1,0_1
TMEM31,1.0836666666666668,0.43251388695652176,3,3,3_3
TMEM33,1.0159525,0.015237387504347832,1,0,1_0
TMEM35A,1.1322541666666668,0.6842040854347828,3,4,3_4
TMEM35B,1.0232666666666665,0.02525451956521739,1,0,1_0
TMEM37,1.3942114583333334,0.35927403978713773,4,3,4_3
TMEM38A,0.9455708333333334,0.09797612876811594,0,2,0_2
TMEM38B,0.9863194444444444,0.04462507405797101,0,1,0_1
TMEM39A,1.0303677083333334,0.03141412845561594,2,0,2_0
TMEM39B,1.0170625,0.08209453108695654,1,2,1_2
TMEM40,1.0639270833333334,0.24984846527173912,2,3,2_3
TMEM41A,1.0194416666666666,0.06324036510869567,1,1,1_1
TMEM41B,0.9904104166666666,0.006657188858695651,0,0,0_0
TMEM42,0.9814374999999999,0.026334708333333335,0,0,0_0
TMEM43,1.0818020833333335,0.06349367105978261,3,1,3_1
TMEM44,0.9733583333333332,0.05552408467391305,0,1,0_1
TMEM44-AS1,1.3192541666666668,0.49541132369565216,4,3,4_3
TMEM45A,1.1642374999999998,0.4675901939855073,3,3,3_3
TMEM45B,1.1191562499999999,0.24089443161231885,3,3,3_3
TMEM47,1.0404520833333333,0.07040201085144927,2,1,2_1
TMEM50A,1.0047020833333333,0.00871410820652174,1,0,1_0
TMEM50B,1.0599675,0.0274222010115942,2,0,2_0
TMEM51,1.104125,0.12214411318840579,3,2,3_2
TMEM51-AS1,0.9995229166666668,0.32145010125000006,0,3,0_3
TMEM52,1.0355333333333334,0.08987003028985506,2,2,2_2
TMEM52B,1.1119083333333333,0.23287835,3,3,3_3
TMEM53,0.9694194444444445,0.050792621900161025,0,1,0_1
TMEM54,1.0236041666666666,0.05532324920289856,1,1,1_1
TMEM56,0.9350229166666666,0.05890261146739131,0,1,0_1
TMEM59,0.9682416666666667,0.03454707971014493,0,0,0_0
TMEM59L,1.0371041666666667,0.33968669239130433,2,3,2_3
TMEM60,1.0065083333333333,0.021288804202898547,1,0,1_0
TMEM61,1.0537124999999998,0.09370908456521738,2,2,2_2
TMEM62,1.0939791666666665,0.2233771440217391,3,3,3_3
TMEM63A,0.9894947916666667,0.05594201752264493,0,1,0_1
TMEM63B,0.9519916666666667,0.07757095898550725,0,1,0_1
TMEM63C,1.0621125,0.5064191599275362,2,3,2_3
TMEM64,1.0311944444444443,0.06993386761674719,2,1,2_1
TMEM65,1.0310541666666666,0.019016976992753624,2,0,2_0
TMEM67,1.075820238095238,0.14617977323868678,2,2,2_2
TMEM68,1.0449541666666666,0.07125532684782608,2,1,2_1
TMEM69,1.0058,0.011229649565217392,1,0,1_0
TMEM70,1.0099305555555556,0.012173919645732697,1,0,1_0
TMEM71,1.1055458333333334,0.07585691891304348,3,1,3_1
TMEM72,1.16085,0.3494965156884058,3,3,3_3
TMEM72-AS1,0.9150708333333334,0.13548260442028986,0,2,0_2
TMEM74,1.0563777777777779,0.10471664555555554,2,2,2_2
TMEM74B,1.1845041666666667,0.23046176050724637,3,3,3_3
TMEM79,1.0215750000000001,0.07168020246376812,1,1,1_1
TMEM80,1.0137763888888889,0.01959137862318841,1,0,1_0
TMEM86A,1.1064319444444444,0.13262948464573268,3,2,3_2
TMEM86B,1.0589875,0.1043186161594203,2,2,2_2
TMEM87A,1.06144375,0.05661655412137681,2,1,2_1
TMEM87B,1.0349979166666667,0.018644464293478262,2,0,2_0
TMEM88,1.0350958333333333,0.09701680804347824,2,2,2_2
TMEM8A,1.0537604166666668,0.03741271125,2,1,2_1
TMEM8B,1.0559583333333333,0.09082103307971014,2,2,2_2
TMEM9,1.0272083333333335,0.07058629054347826,1,1,1_1
TMEM91,1.0523458333333333,0.07203100586956522,2,1,2_1
TMEM92,1.0584104166666666,0.102222830307971,2,2,2_2
TMEM92-AS1,1.4669458333333332,0.4302316738405797,4,3,4_3
TMEM95,1.9146708333333333,3.395786171666667,4,4,4_4
TMEM97,0.9958197916666666,0.03161123134510869,0,0,0_0
TMEM98,1.0833041666666665,0.07499021818840579,3,1,3_1
TMEM99,1.0162208333333334,0.03663248065217391,1,1,1_1
TMEM9B,1.0233104166666667,0.052256936250000004,1,1,1_1
TMF1,0.9973472222222224,0.014499076662640904,0,0,0_0
TMIE,1.7095708333333333,1.7423050660507242,4,4,4_4
TMIGD2,1.0573416666666666,0.09344220391304346,2,2,2_2
TMLHE,1.0159013888888888,0.03671989723832527,1,1,1_1
TMOD1,1.0854583333333334,0.16660190677536232,3,2,3_2
TMOD2,1.0948208333333334,0.1798351522826087,3,2,3_2
TMOD3,1.0744010416666667,0.034344082794384063,2,0,2_0
TMOD4,0.8928208333333334,0.22343896471014493,0,3,0_3
TMPO,1.0206783333333334,0.017921651205797102,1,0,1_0
TMPO-AS1,1.1264333333333332,0.2502706717391305,3,3,3_3
TMPPE,1.0216958333333332,0.01535944050724638,1,0,1_0
TMPRSS11B,2.0455208333333332,8.366782088333332,4,4,4_4
TMPRSS11D,1.3878083333333333,1.3839382407246377,4,4,4_4
TMPRSS11E,1.2289791666666667,1.2220827674637682,3,4,3_4
TMPRSS12,1.8117333333333334,3.019313019275362,4,4,4_4
TMPRSS13,1.1487749999999999,0.3029600017753623,3,3,3_3
TMPRSS15,1.1658145833333335,0.32860540929347826,3,3,3_3
TMPRSS2,1.0604739583333334,0.10527667900815219,2,2,2_2
TMPRSS3,1.0334194444444444,0.03603312001610306,2,0,2_0
TMPRSS4,1.1583208333333332,0.4432210677536232,3,3,3_3
TMPRSS5,1.1288083333333334,0.3363829055072464,3,3,3_3
TMPRSS6,1.8552736111111112,1.0694353645491146,4,4,4_4
TMSB10,0.9729708333333335,0.02676893833333333,0,0,0_0
TMSB15B,1.109936111111111,0.12382511351046699,3,2,3_2
TMSB4X,1.0659291666666666,0.04294391775362318,2,1,2_1
TMSB4Y,1.0700166666666666,0.27640948304347823,2,3,2_3
TMTC1,1.1691187500000002,0.13644655322463767,3,2,3_2
TMTC2,1.02959375,0.07360905233695654,1,1,1_1
TMTC3,1.0282361111111111,0.03774403048309178,1,1,1_1
TMTC4,1.0129861111111111,0.02270805212560387,1,0,1_0
TMUB1,1.0132958333333333,0.09250276369565218,1,2,1_2
TMUB2,1.0033874999999999,0.015943401956521736,1,0,1_0
TMX1,0.9904791666666668,0.022694356557971015,0,0,0_0
TMX2,0.9851125,0.0072976697826086945,0,0,0_0
TMX2-CTNND1,0.9957260416666666,0.018176917794384056,0,0,0_0
TMX3,0.9797625,0.01652957126811594,0,0,0_0
TMX4,1.5789277777777777,0.9127518480354267,4,4,4_4
TNC,1.1357180555555557,0.16904174076489537,3,2,3_2
TNF,1.1565375,0.4008651335507247,3,3,3_3
TNFAIP1,0.99326875,0.03936203461956521,0,1,0_1
TNFAIP2,1.1203083333333332,0.24847172753623187,3,3,3_3
TNFAIP3,1.1256166666666667,0.37721951489130445,3,3,3_3
TNFAIP6,1.71528125,2.4715058385326087,4,4,4_4
TNFAIP8,1.0361791666666667,0.047747181940418666,2,1,2_1
TNFAIP8L1,1.0709,0.1814888907246377,2,2,2_2
TNFAIP8L2,1.2717166666666666,0.48599647695652165,4,3,4_3
TNFAIP8L3,1.26305,1.0429028866666668,4,4,4_4
TNFRSF10A,1.0206166666666665,0.04908544674718195,1,1,1_1
TNFRSF10B,1.0579760416666668,0.07867098934329712,2,1,2_1
TNFRSF10C,1.451102083333333,0.49144034383152163,4,3,4_3
TNFRSF10D,1.3972,0.9405805367753622,4,4,4_4
TNFRSF11A,1.0605166666666666,0.1441914491666667,2,2,2_2
TNFRSF11B,1.1830375,0.34089288474637675,3,3,3_3
TNFRSF12A,1.09645,0.6027351247826087,3,4,3_4
TNFRSF13B,0.9788208333333334,0.1588703277536232,0,2,0_2
TNFRSF13C,1.0398458333333334,0.1479739665942029,2,2,2_2
TNFRSF14,1.0452625,0.052696864130434784,2,1,2_1
TNFRSF17,0.9998833333333333,0.11659369,0,2,0_2
TNFRSF18,0.9693104166666666,0.22018690190217388,0,3,0_3
TNFRSF19,1.0244097222222222,0.1080488778663446,1,2,1_2
TNFRSF1A,1.0195958333333333,0.06389613166666665,1,1,1_1
TNFRSF1B,1.2509291666666666,0.28007079847826083,4,3,4_3
TNFRSF21,1.0691895833333334,0.09965675204710146,2,2,2_2
TNFRSF25,1.0381383333333334,0.08191427539130434,2,2,2_2
TNFRSF4,1.0140395833333333,0.06396156465579711,1,1,1_1
TNFRSF8,1.21155,0.37488648681159414,3,3,3_3
TNFRSF9,1.3510277777777777,0.590356816763285,4,4,4_4
TNFSF10,1.0450986111111111,0.07475285812399356,2,1,2_1
TNFSF11,1.1637145833333336,0.6374565404166667,3,4,3_4
TNFSF12-TNFSF13,1.1068675,0.23710689106376806,3,3,3_3
TNFSF13,0.9684708333333334,0.06748611036231886,0,1,0_1
TNFSF13B,1.069725,0.33837943148550725,2,3,2_3
TNFSF14,1.12643125,0.4366444071195651,3,3,3_3
TNFSF15,1.0486375,0.2132939375724637,2,3,2_3
TNFSF18,1.0997125,0.715554799057971,3,4,3_4
TNFSF4,1.0686041666666666,0.1017089573188406,2,2,2_2
TNFSF8,1.794677777777778,1.5810321207246376,4,4,4_4
TNFSF9,1.1671125,0.4188875335507246,3,3,3_3
TNIK,1.0396083333333335,0.11640437691123191,2,2,2_2
TNIP1,1.19343125,0.34631842001811597,3,3,3_3
TNIP2,1.0149888888888887,0.04057064507246377,1,1,1_1
TNIP3,1.362170833333333,2.938733377753623,4,4,4_4
TNK1,0.9967812500000001,0.07100855360507245,0,1,0_1
TNK2,1.1475135416666666,0.13492630554800725,3,2,3_2
TNK2-AS1,1.0509416666666667,0.131144634057971,2,2,2_2
TNKS,1.0768520833333335,0.12079261279891307,2,2,2_2
TNKS1BP1,0.9622583333333333,0.027870309130434777,0,0,0_0
TNKS2,1.0062052083333333,0.03033079140851449,1,0,1_0
TNMD,1.5298375,2.5348583410869563,4,4,4_4
TNN,1.4151583333333333,0.7589504172463767,4,4,4_4
TNNC1,1.08945,0.6431090795652173,3,4,3_4
TNNC2,1.1900083333333333,1.0405743175362319,3,4,3_4
TNNI1,1.2239083333333334,1.4123258134782608,3,4,3_4
TNNI2,0.9316958333333333,0.3501208603623189,0,3,0_3
TNNI3,1.0715625,0.29612195514492756,2,3,2_3
TNNI3K,0.9971,0.06606040536231884,0,1,0_1
TNNT1,1.8427958333333334,5.172064258333335,4,4,4_4
TNNT2,1.0727145833333334,0.6022399924818839,2,4,2_4
TNNT3,0.9757000000000001,0.047247358985507255,0,1,0_1
TNP1,1.252529166666667,0.5889572171739129,4,4,4_4
TNP2,1.1793541666666667,0.8148044444565218,3,4,3_4
TNPO1,1.1631816666666668,0.06906060431449272,3,1,3_1
TNPO2,1.1809216666666666,0.0981959683710145,3,2,3_2
TNPO3,1.037738888888889,0.02296021483091788,2,0,2_0
TNR,1.1683055555555555,0.26831310904991945,3,3,3_3
TNRC18,1.244903125,0.06978175196331524,4,1,4_1
TNRC6A,1.1001548611111112,0.07017803608494362,3,1,3_1
TNRC6B,1.0460541666666667,0.02704972663561077,2,0,2_0
TNRC6C,1.0685255952380952,0.034327989531203786,2,0,2_0
TNS1,1.2394200000000002,0.2926982314202899,4,3,4_3
TNS2,1.0603458333333335,0.12845914673913042,2,2,2_2
TNS3,1.2693395833333334,0.47714458266304344,4,3,4_3
TNS4,1.0451499999999998,0.08400367163043478,2,2,2_2
TNXB,1.3105717592592592,0.13490924428251921,4,2,4_2
TOB1,1.0801875,0.12524047068840577,2,2,2_2
TOB2,1.0678291666666666,0.07499248058776167,2,1,2_1
TOE1,0.9812708333333333,0.034215773550724644,0,0,0_0
TOLLIP,0.9705114583333332,0.033626983573369566,0,0,0_0
TOLLIP-AS1,0.980575,0.12857005884057973,0,2,0_2
TOM1,1.0226791666666666,0.04476260688405797,1,1,1_1
TOM1L1,1.0610937500000002,0.2324783428442029,2,3,2_3
TOM1L2,1.2060875,0.880812548494364,3,4,3_4
TOMM20,0.9928020833333333,0.009693566938405791,0,0,0_0
TOMM22,1.0006625,0.08272126693236714,0,2,0_2
TOMM34,0.9819374999999999,0.048395055434782605,0,1,0_1
TOMM40,1.048725,0.06956637289855072,2,1,2_1
TOMM40L,0.9918833333333333,0.04374151434782609,0,1,0_1
TOMM5,1.0315395833333334,0.032963936721014504,2,0,2_0
TOMM6,0.9813145833333333,0.010579342880434784,0,0,0_0
TOMM70,1.01893125,0.013229542264492756,1,0,1_0
TONSL,1.4961041666666668,0.9198930610225444,4,4,4_4
TONSL-AS1,1.0564166666666666,0.043125840434782604,2,1,2_1
TOP1,1.015075,0.02734139985507246,1,0,1_0
TOP1MT,1.0884895833333335,0.20376519135869564,3,3,3_3
TOP2A,1.589236111111111,1.2018234344927536,4,4,4_4
TOP2B,1.0205583333333335,0.0053007728985507265,1,0,1_0
TOP3A,1.0030013888888887,0.03809205433977455,1,1,1_1
TOP3B,1.0886666666666667,0.3379489057608696,3,3,3_3
TOPBP1,1.0232791666666667,0.01640590427536232,1,0,1_0
TOPORS,1.0104666666666666,0.015909188985507246,1,0,1_0
TOR1A,1.0111972222222223,0.030368007826086955,1,0,1_0
TOR1AIP1,1.0289491666666668,0.02211819867536232,1,0,1_0
TOR1AIP2,1.02855625,0.009265229386322462,1,0,1_0
TOR1B,0.9783333333333334,0.025564791739130437,0,0,0_0
TOR2A,1.1578166666666665,0.3365727543840579,3,3,3_3
TOR3A,0.9977937499999999,0.04052745222826087,0,1,0_1
TOR4A,1.2459722222222223,0.269307981078905,4,3,4_3
TOX,0.9854604166666667,0.06134072342391304,0,1,0_1
TOX2,1.31175,0.16786656014492757,4,2,4_2
TOX3,1.07043125,0.10766353078804347,2,2,2_2
TOX4,1.0448108333333332,0.05967698886086956,2,1,2_1
TP53,1.0477,0.0647363222463768,2,1,2_1
TP53AIP1,1.121675,0.20536300846920294,3,3,3_3
TP53BP1,1.1200645833333331,0.07837132210144926,3,1,3_1
TP53BP2,1.0215166666666666,0.014698159999999997,1,0,1_0
TP53I11,1.0782222222222222,0.11997904355877613,2,2,2_2
TP53I13,1.0713166666666667,0.1458446244927536,2,2,2_2
TP53I3,1.1802625000000002,0.1856948026811594,3,2,3_2
TP53INP1,1.4158111111111111,0.697316451078905,4,4,4_4
TP53INP2,1.0246291666666667,0.035748894420289855,1,0,1_0
TP53RK,1.05163125,0.031064413206521747,2,0,2_0
TP53TG1,1.0532569444444444,0.0882785312962963,2,2,2_2
TP53TG3B,1.3178791666666665,1.0190404216666666,4,4,4_4
TP53TG5,1.2303104166666665,0.5433511314673913,3,4,3_4
TP63,0.9896011904761904,0.08616967460810412,0,2,0_2
TP73,1.3416749999999997,0.3789707933816425,4,3,4_3
TPBG,1.0183437499999999,0.036078630851449286,1,0,1_0
TPBGL,1.1401083333333333,0.28921184217391305,3,3,3_3
TPCN1,1.0294680555555555,0.07761997603059582,1,1,1_1
TPCN2,1.01511,0.03502904989565218,1,0,1_0
TPD52,0.9729875,0.030484022652173915,0,0,0_0
TPD52L1,1.0090520833333334,0.06959999161231885,1,1,1_1
TPD52L2,1.0432958333333333,0.04064717659420291,2,1,2_1
TPD52L3,1.72651875,1.7021971819384059,4,4,4_4
TPGS1,1.4630187499999998,1.1168177998369564,4,4,4_4
TPGS2,1.0243714285714287,0.05474390556935818,1,1,1_1
TPH1,1.0063819444444444,0.18373660361513688,1,2,1_2
TPH2,1.3705499999999997,1.7321354360869565,4,4,4_4
TPI1,1.0066805555555556,0.023305356698872792,1,0,1_0
TPK1,1.0993708333333332,0.08525760297101448,3,2,3_2
TPM1,1.0771958333333334,0.11621758030998387,2,2,2_2
TPM2,1.2444270833333333,0.39316429252717383,4,3,4_3
TPM3,1.1622783333333333,0.20378772904927536,3,3,3_3
TPM4,1.1168516666666666,0.09273663967536233,3,2,3_2
TPMT,1.0115472222222222,0.11235302352657002,1,2,1_2
TPO,1.1323291666666668,0.7211503248550726,3,4,3_4
TPP1,1.0881947916666668,0.11295240816576087,3,2,3_2
TPP2,1.0225572916666668,0.016382068537137685,1,0,1_0
TPPP,1.0242197916666667,0.15515336935235505,1,2,1_2
TPPP2,1.1625895833333333,0.47758937088768105,3,3,3_3
TPPP3,1.186625,0.5075777479710145,3,3,3_3
TPR,1.0178383333333334,0.029388978371014493,1,0,1_0
TPRA1,1.0239541666666667,0.03976674963768116,1,1,1_1
TPRG1,0.9904833333333333,0.1330169813043478,0,2,0_2
TPRG1L,0.9665833333333333,0.029842363333333323,0,0,0_0
TPRKB,0.9964875000000001,0.03355069760869565,0,0,0_0
TPRN,1.0682958333333332,0.08086010789855075,2,2,2_2
TPSAB1,1.6166500000000001,1.4719403907710145,4,4,4_4
TPSB2,1.5277055555555556,1.131279787004831,4,4,4_4
TPSD1,1.0739583333333333,0.5714851931884057,2,4,2_4
TPSG1,1.8657208333333333,2.7464006102173912,4,4,4_4
TPST1,1.0734375,0.1418825477536232,2,2,2_2
TPST2,1.0116125,0.07562789050724639,1,1,1_1
TPTE,0.9440750000000001,0.4933236534782609,0,3,0_3
TPX2,1.4934291666666664,0.8403132676086957,4,4,4_4
TRA2A,1.0507466666666667,0.10840371460869565,2,2,2_2
TRA2B,0.9962395833333334,0.023813047943840586,0,0,0_0
TRABD,0.9643333333333333,0.054580010418679555,0,1,0_1
TRABD2A,1.113925,0.13952770264492753,3,2,3_2
TRABD2B,1.25225,0.2704701273913044,4,3,4_3
TRAC,1.101622222222222,0.3016135486151369,3,3,3_3
TRADD,1.0001319444444443,0.039228055305958145,0,1,0_1
TRAF1,1.1307208333333334,0.11168798485507246,3,2,3_2
TRAF2,1.0677375,0.272064739057971,2,3,2_3
TRAF3,1.0106979166666668,0.03915888711956522,1,1,1_1
TRAF3IP1,1.0401270833333334,0.11372620809782609,2,2,2_2
TRAF3IP2,1.0101958333333334,0.013805539239130435,1,0,1_0
TRAF3IP2-AS1,1.1732116666666668,0.2535260469623188,3,3,3_3
TRAF3IP3,1.120753125,0.09905318738677539,3,2,3_2
TRAF4,1.121534375,0.07599045525815216,3,1,3_1
TRAF5,1.1819,0.3712433373913044,3,3,3_3
TRAF6,1.0011020833333333,0.019078122880434784,0,0,0_0
TRAF7,1.2023625,0.272990984484702,3,3,3_3
TRAFD1,1.0001802083333333,0.07393901320199277,0,1,0_1
TRAIP,0.9925333333333333,0.2459759715942029,0,3,0_3
TRAK1,1.0095008333333333,0.04932292780579709,1,1,1_1
TRAK2,1.0304062500000002,0.039583512010869557,2,1,2_1
TRAM1,1.0217472222222221,0.017213313623188408,1,0,1_0
TRAM1L1,1.0163,0.06416867405797101,1,1,1_1
TRAM2,1.3127638888888888,0.28522569294685984,4,3,4_3
TRAM2-AS1,1.0180958333333334,0.024539730362318848,1,0,1_0
TRANK1,0.9927708333333335,0.07685819195652174,0,1,0_1
TRAP1,0.9677437499999999,0.050825983496376806,0,1,0_1
TRAPPC1,1.02735,0.08181461768115941,1,2,1_2
TRAPPC10,0.9977770833333333,0.17779938697463765,0,2,0_2
TRAPPC11,1.0059277777777778,0.013591143494363928,1,0,1_0
TRAPPC12,1.0078166666666666,0.04794209155797101,1,1,1_1
TRAPPC13,0.9963263888888889,0.019851386690821253,0,0,0_0
TRAPPC2,1.03574375,0.11904298302536231,2,2,2_2
TRAPPC2B,1.0084083333333334,0.04012664768115942,1,1,1_1
TRAPPC2L,1.5434388888888888,0.8642103832045089,4,4,4_4
TRAPPC3,1.0538645833333333,0.03702518755434783,2,1,2_1
TRAPPC3L,1.6975583333333333,1.4592604291304345,4,4,4_4
TRAPPC5,1.0752166666666667,0.2027152039130435,2,3,2_3
TRAPPC6A,1.0201541666666667,0.1694466323913044,1,2,1_2
TRAPPC6B,0.9588625000000001,0.01697706847826087,0,0,0_0
TRAPPC8,0.9902958333333333,0.009905378333333334,0,0,0_0
TRAPPC9,1.1041729166666665,0.07488538020833334,3,1,3_1
TRAT1,1.2750583333333332,0.5042692244927536,4,3,4_3
TRAV12-2,0.8386541666666667,0.4712829622463769,0,3,0_3
TRAV8-3,1.1215666666666666,0.720636033768116,3,4,3_4
TRBC1,1.1127305555555556,0.2924221832367149,3,3,3_3
TRBV16,1.7429750000000002,4.2981335894202894,4,4,4_4
TRBV27,1.2485625,0.9771330535507247,4,4,4_4
TRDMT1,1.0386444444444445,0.13934064504025767,2,2,2_2
TRDN,1.1267680555555557,0.31379564384057973,3,3,3_3
TRDV3,0.9956708333333335,0.13527311786231885,0,2,0_2
TREH,1.4217333333333333,1.3035762062318843,4,4,4_4
TREM1,1.60745,3.8633750882608697,4,4,4_4
TREM2,1.056975,0.4324995920289854,2,3,2_3
TREML1,0.9414833333333332,0.19047772434782612,0,2,0_2
TREML2,1.5997708333333334,1.6247593863043477,4,4,4_4
TREML4,1.5202986111111112,0.863805711425121,4,4,4_4
TRERF1,1.1022180555555554,0.07644791007246377,3,1,3_1
TRG-AS1,1.1093666666666666,0.30523736362318843,3,3,3_3
TRH,1.4194000000000002,1.4111628375362322,4,4,4_4
TRHDE,1.2594625,0.632905049347826,4,4,4_4
TRHR,0.9912125,0.34410045688405794,0,3,0_3
TRIAP1,1.0018833333333332,0.010203941304347826,1,0,1_0
TRIB1,1.0115486111111112,0.07367633210144926,1,1,1_1
TRIB2,1.0215270833333332,0.07081725041666666,1,1,1_1
TRIB3,1.3257645833333334,0.4605925149818841,4,3,4_3
TRIL,0.9915625,0.08543800510869567,0,2,0_2
TRIM10,1.3404260416666667,0.6325863823596013,4,4,4_4
TRIM11,0.9960187500000001,0.10836392099637682,0,2,0_2
TRIM13,1.0957479166666666,0.06269188425724638,3,1,3_1
TRIM14,1.1037566666666667,0.06410946791884058,3,1,3_1
TRIM15,1.7180388888888887,1.930756673574879,4,4,4_4
TRIM16,1.0848333333333333,0.16918872333333332,3,2,3_2
TRIM16L,0.9663833333333334,0.13312904971014494,0,2,0_2
TRIM17,1.6955416666666665,2.290547844057971,4,4,4_4
TRIM2,1.0253416666666666,0.027133398164251213,1,0,1_0
TRIM21,1.062025,0.1311432853623188,2,2,2_2
TRIM22,1.0297083333333334,0.07941735347826087,1,1,1_1
TRIM23,0.9801888888888889,0.08312405070853464,0,2,0_2
TRIM24,1.0772270833333333,0.06407713164855072,2,1,2_1
TRIM25,0.9853895833333334,0.028707116648550718,0,0,0_0
TRIM26,1.0101,0.027657795797101446,1,0,1_0
TRIM27,0.9954347222222223,0.029791023373590984,0,0,0_0
TRIM28,0.9926124999999999,0.01679456224637681,0,0,0_0
TRIM29,1.1917305555555557,0.19864411331723028,3,3,3_3
TRIM3,1.3206958333333334,0.2264547798641304,4,3,4_3
TRIM31,1.4328083333333332,1.6736746992109501,4,4,4_4
TRIM32,1.0078708333333333,0.040921992173913034,1,1,1_1
TRIM33,1.0278541666666667,0.024432986222826084,1,0,1_0
TRIM35,1.0349625,0.03307195528985507,2,0,2_0
TRIM36,1.4621916666666668,0.48650694570652175,4,3,4_3
TRIM37,0.9997166666666667,0.04748465836956522,0,1,0_1
TRIM38,1.0566531250000002,0.05623584872735507,2,1,2_1
TRIM39-RPP21,1.0557895833333333,0.08120760625000001,2,2,2_2
TRIM4,1.0063958333333334,0.0312387522192029,1,0,1_0
TRIM40,0.9459791666666667,0.6040825138405796,0,4,0_4
TRIM41,1.0557083333333332,0.048268081159420294,2,1,2_1
TRIM42,1.611386111111111,1.040671114331723,4,4,4_4
TRIM43B,1.2160520833333333,1.1461286561775366,3,4,3_4
TRIM44,1.0289305555555557,0.02408481193236715,1,0,1_0
TRIM45,1.0088479166666666,0.044156113496376825,1,1,1_1
TRIM46,1.17409375,0.39698023835144924,3,3,3_3
TRIM47,1.06275,0.07980982014492753,2,1,2_1
TRIM49C,1.5810833333333332,2.872608195217391,4,4,4_4
TRIM5,1.1105791666666667,0.14569868126811594,3,2,3_2
TRIM50,1.3483652777777777,0.7111420597987117,4,4,4_4
TRIM51,1.7947833333333332,2.983281876956522,4,4,4_4
TRIM52,0.9780458333333333,0.008843863731884054,0,0,0_0
TRIM54,1.19825,0.6690154781159421,3,4,3_4
TRIM55,0.98714375,0.14192767364130432,0,2,0_2
TRIM56,1.0167020833333333,0.035187536793478254,1,0,1_0
TRIM58,0.9112041666666667,0.2794505720652174,0,3,0_3
TRIM59,1.069925,0.11596403757246376,2,2,2_2
TRIM6,1.0335916666666667,0.0546456784057971,2,1,2_1
TRIM6-TRIM34,1.04019375,0.05904329987318842,2,1,2_1
TRIM61,1.0671,0.17238251760869566,2,2,2_2
TRIM62,1.0701111111111112,0.10750225367149759,2,2,2_2
TRIM63,1.2173541666666667,0.8138879400724638,3,4,3_4
TRIM65,1.0344104166666668,0.0672960783152174,2,1,2_1
TRIM66,1.1176041666666665,0.14134373004025766,3,2,3_2
TRIM67,1.0811333333333335,0.14026105869565217,3,2,3_2
TRIM68,1.0260333333333334,0.02549390869565217,1,0,1_0
TRIM69,1.0685791666666666,0.15169234450080515,2,2,2_2
TRIM7,1.4827041666666665,0.6008196526328502,4,4,4_4
TRIM71,0.996975,0.36496493405797104,0,3,0_3
TRIM72,1.0647041666666666,0.33799135688405796,2,3,2_3
TRIM74,0.995575,0.06923670496376812,0,1,0_1
TRIM8,1.0041783333333332,0.03182479071304348,1,0,1_0
TRIM9,1.0914,0.11038341460144928,3,2,3_2
TRIML1,1.9696875,4.135408675289855,4,4,4_4
TRIML2,1.1673124999999998,0.6727601118115941,3,4,3_4
TRIO,1.142423611111111,0.08104667232868133,3,2,3_2
TRIOBP,1.0549333333333333,0.04110929569275362,2,1,2_1
TRIP10,1.1420166666666667,0.1304438627536232,3,2,3_2
TRIP11,1.0312008333333333,0.022443093214492758,2,0,2_0
TRIP12,0.9997236111111111,0.015696482729468598,0,0,0_0
TRIP13,1.2078583333333333,0.3685758110144927,3,3,3_3
TRIP4,1.0209666666666666,0.010977467826086957,1,0,1_0
TRIP6,1.0026666666666666,0.03698330753623189,1,1,1_1
TRIQK,1.129965,0.09589292067826091,3,2,3_2
TRIT1,1.024875,0.00992159507246377,1,0,1_0
TRMO,0.9730055555555556,0.07494175457326893,0,1,0_1
TRMT1,1.2745694444444444,0.4030313899033816,4,3,4_3
TRMT10A,1.0300847222222222,0.03963353409822866,1,1,1_1
TRMT10B,1.0007666666666666,0.041657200326086954,0,1,0_1
TRMT10C,1.0218749999999999,0.021834112898550723,1,0,1_0
TRMT11,0.9859625,0.02921929804347826,0,0,0_0
TRMT112,1.0531041666666667,0.09189296934782608,2,2,2_2
TRMT12,0.9589,0.023171242173913042,0,0,0_0
TRMT13,1.0091541666666668,0.029867616775362305,1,0,1_0
TRMT1L,1.0325791666666666,0.07440547348631239,2,1,2_1
TRMT2A,1.0119708333333335,0.04971893920289855,1,1,1_1
TRMT2B,0.9409520833333334,0.09603975255434782,0,2,0_2
TRMT44,1.0228874999999997,0.041192743454106284,1,1,1_1
TRMT5,1.0378083333333332,0.006366200471014495,2,0,2_0
TRMT6,1.0272583333333334,0.029524972101449273,1,0,1_0
TRMT61A,1.0287527777777778,0.06466323172302739,1,1,1_1
TRMT61B,1.0052125,0.016505413405797094,1,0,1_0
TRMU,1.0556166666666666,0.0695588139130435,2,1,2_1
TRNAU1AP,1.0122437499999999,0.029145109157608692,1,0,1_0
TRNP1,1.19464375,0.1489312816847826,3,2,3_2
TRNT1,1.0264597222222223,0.02699336417874397,1,0,1_0
TRO,1.0255145833333332,0.10556477007246375,1,2,1_2
TROAP,0.9766041666666666,0.12215123141304347,0,2,0_2
TROVE2,1.0376100000000001,0.01998949815072464,2,0,2_0
TRPA1,2.3203916666666666,10.960774761847826,4,4,4_4
TRPC1,1.0068625000000002,0.07156586551529791,1,1,1_1
TRPC3,1.0983854166666667,0.2033760837862319,3,3,3_3
TRPC4,1.8124229166666668,0.39411295482789854,4,3,4_3
TRPC4AP,0.9873541666666666,0.03715572340579709,0,1,0_1
TRPC5,1.1189291666666668,0.7094517955797102,3,4,3_4
TRPC5OS,1.0120625,0.4620693406521739,1,3,1_3
TRPC6,1.1760041666666667,0.1815506196739131,3,2,3_2
TRPC7,1.3315645833333332,1.2410296717934783,4,4,4_4
TRPM1,1.4111125000000004,0.24263610394927534,4,3,4_3
TRPM2,1.4214874999999998,1.390392743985507,4,4,4_4
TRPM2-AS,0.923725,0.42902909289855073,0,3,0_3
TRPM3,1.2720687499999999,0.2327708489719203,4,3,4_3
TRPM4,0.99315,0.05455390478260871,0,1,0_1
TRPM5,1.0125416666666667,1.106726623478261,1,4,1_4
TRPM6,1.4740947916666667,0.47464526757699277,4,3,4_3
TRPM7,0.9961566666666667,0.019561942260869557,0,0,0_0
TRPM8,1.3060770833333335,0.5539209758152175,4,4,4_4
TRPS1,1.019815625,0.033370143654891306,1,0,1_0
TRPT1,0.9574875,0.026184582246376816,0,0,0_0
TRPV2,1.0922541666666667,0.1572150925362319,3,2,3_2
TRPV3,1.0120791666666666,0.2760791295289855,1,3,1_3
TRPV4,0.993375,0.17969400217391304,0,2,0_2
TRPV5,1.7041145833333333,0.8918856033876813,4,4,4_4
TRPV6,1.0497333333333332,0.24135995235507246,2,3,2_3
TRRAP,1.0968791666666666,0.06856603344202897,3,1,3_1
TRUB1,1.1517658333333334,0.1782824694115942,3,2,3_2
TRUB2,1.0058,0.0852161804347826,1,2,1_2
TSACC,0.9140625,0.11753905789855074,0,2,0_2
TSC1,0.995475,0.01623767173913044,0,0,0_0
TSC2,1.0439875,0.06012663083333335,2,1,2_1
TSC22D1,1.13844375,0.16624616440217393,3,2,3_2
TSC22D1-AS1,1.305175,1.1631278393115942,4,4,4_4
TSC22D2,1.1872118055555554,0.1717465816807568,3,2,3_2
TSC22D3,1.4916347222222222,1.1056341943075685,4,4,4_4
TSC22D4,1.0201979166666666,0.10395295226449275,1,2,1_2
TSEN15,1.0007652777777778,0.014735921714975848,0,0,0_0
TSEN2,1.0368472222222223,0.0512308770531401,2,1,2_1
TSEN34,0.9692625,0.012500977318840579,0,0,0_0
TSEN54,1.0395347222222222,0.07365338849436392,2,1,2_1
TSFM,1.042101388888889,0.014458136062801935,2,0,2_0
TSG101,0.9809416666666667,0.020299375217391304,0,0,0_0
TSGA10,0.9727031250000001,0.08080402700634057,0,2,0_2
TSGA10IP,1.0339291666666668,0.4767328681884059,2,3,2_3
TSGA13,1.5389208333333333,1.6146280393478263,4,4,4_4
TSHB,1.1066708333333333,0.6340048358695651,3,4,3_4
TSHR,1.0956097222222223,0.11883268493558777,3,2,3_2
TSHZ1,1.0371916666666667,0.028397528115942018,2,0,2_0
TSHZ2,1.0252229166666667,0.052764454603462164,1,1,1_1
TSHZ3,1.091375,0.0854526798188406,3,2,3_2
TSIX,1.5795166666666667,2.3343892492753624,4,4,4_4
TSKS,1.0300895833333332,0.26125502048913046,1,3,1_3
TSKU,1.1124875,0.18614662485507247,3,2,3_2
TSLP,1.2709333333333335,0.6937436094202899,4,4,4_4
TSN,0.9927458333333332,0.011351766191626405,0,0,0_0
TSNARE1,0.9704694444444444,0.03435902349436393,0,0,0_0
TSNAX,1.013825,0.006325637246376814,1,0,1_0
TSNAX-DISC1,1.0310249999999999,0.0614649468478261,2,1,2_1
TSNAXIP1,1.1220875,0.3972412418115942,3,3,3_3
TSPAN1,1.0123958333333334,0.1820277742753623,1,2,1_2
TSPAN10,1.0347229166666667,0.1293622804166667,2,2,2_2
TSPAN11,1.0668666666666666,0.12692862768115942,2,2,2_2
TSPAN12,1.057938888888889,0.12125883673107891,2,2,2_2
TSPAN13,1.0336375,0.05422319471014493,2,1,2_1
TSPAN14,1.0397708333333333,0.04783673282608696,2,1,2_1
TSPAN15,1.1337583333333334,0.2041475671014493,3,3,3_3
TSPAN16,1.3473583333333332,0.427840645394525,4,3,4_3
TSPAN17,1.0065708333333332,0.1532282495289855,1,2,1_2
TSPAN18,1.1045229166666666,0.15453524570652172,3,2,3_2
TSPAN2,1.1773138888888888,0.1988868364090177,3,3,3_3
TSPAN3,0.9934383333333333,0.03292180763478261,0,0,0_0
TSPAN31,1.0317770833333333,0.0382038909963768,2,1,2_1
TSPAN32,1.0575333333333334,0.33491648655797096,2,3,2_3
TSPAN33,1.0861041666666666,0.09258819021739133,3,2,3_2
TSPAN4,1.0184958333333334,0.11387604112318842,1,2,1_2
TSPAN5,1.0357416666666668,0.05035536647342995,2,1,2_1
TSPAN6,0.98445625,0.020694701394927545,0,0,0_0
TSPAN7,1.0896541666666666,0.14822519456521735,3,2,3_2
TSPAN8,0.8869750000000001,0.05888209898550723,0,1,0_1
TSPAN9,1.0643666666666667,0.1201014372101449,2,2,2_2
TSPEAR,1.1939097222222221,0.56756692578905,3,4,3_4
TSPEAR-AS2,1.2319708333333335,0.7851023331521738,3,4,3_4
TSPO,1.1349583333333333,0.22165053231884055,3,3,3_3
TSPO2,1.274425,0.8168032643478262,4,4,4_4
TSPOAP1,1.0929916666666666,0.10370987405797102,3,2,3_2
TSPOAP1-AS1,1.2553104166666669,0.2917024450543478,4,3,4_3
TSPY1,1.4744895833333331,1.5222078837499995,4,4,4_4
TSPY10,1.6302583333333336,1.8595973420289855,4,4,4_4
TSPYL1,1.0165513888888889,0.04088622435587761,1,1,1_1
TSPYL2,1.0657583333333334,0.08079692391304348,2,2,2_2
TSPYL4,1.0109666666666666,0.0324498552173913,1,0,1_0
TSPYL5,1.0274166666666666,0.03071843202898551,1,0,1_0
TSPYL6,1.1072375,0.4830339535507246,3,3,3_3
TSR1,0.9817614583333333,0.04874848688858695,0,1,0_1
TSR2,1.024375,0.037738392028985504,1,1,1_1
TSR3,1.0522520833333333,0.06551278745471015,2,1,2_1
TSSC4,0.9556958333333334,0.0778495497826087,0,1,0_1
TSSK1B,1.7174583333333333,3.101675412608696,4,4,4_4
TSSK2,1.2284815476190476,0.11669766219905353,3,2,3_2
TSSK3,2.4605041666666665,7.5088308409420295,4,4,4_4
TSSK4,1.0964708333333333,0.6779057541304347,3,4,3_4
TSSK6,1.2772527777777778,0.4276413587439614,4,3,4_3
TST,0.9741708333333333,0.02739929514492754,0,0,0_0
TSTA3,1.0169645833333334,0.04104046755434782,1,1,1_1
TSTD1,1.0079416666666667,0.06722537289855074,1,1,1_1
TSTD2,1.0392604166666666,0.18035288364130436,2,2,2_2
TTBK1,1.0514395833333332,0.3482391044021739,2,3,2_3
TTBK2,1.0365276041666667,0.05301187975203805,2,1,2_1
TTC1,0.9701916666666667,0.020939856666666666,0,0,0_0
TTC12,1.02418125,0.08566433345108697,1,2,1_2
TTC13,1.0293458333333332,0.02262711876811594,1,0,1_0
TTC14,1.0034930555555557,0.012457398413848636,1,0,1_0
TTC16,1.0946958333333334,0.3767023216666667,3,3,3_3
TTC17,1.0032104166666667,0.027988433927133644,1,0,1_0
TTC19,0.9795291666666667,0.011892687028985506,0,0,0_0
TTC21A,1.1332145833333334,0.1957637739311594,3,3,3_3
TTC22,1.2919583333333333,0.3421756116576086,4,3,4_3
TTC23,0.9819520833333334,0.06119337298007248,0,1,0_1
TTC23L,1.0023125000000002,0.10422718105072463,1,2,1_2
TTC25,0.9606791666666666,0.2431011502173913,0,3,0_3
TTC26,1.074678125,0.19534116475996377,2,3,2_3
TTC27,1.02065625,0.025253087626811593,1,0,1_0
TTC28,1.1719888888888887,0.16129394552334944,3,2,3_2
TTC29,0.9600874999999999,0.2460426223913044,0,3,0_3
TTC30A,1.0651374999999998,0.13912240528985506,2,2,2_2
TTC30B,1.0150041666666667,0.08670742380434783,1,2,1_2
TTC31,1.035425,0.04339212971014493,2,1,2_1
TTC32,1.0032249999999998,0.058088617246376796,1,1,1_1
TTC33,1.0136625,0.012200018586956513,1,0,1_0
TTC34,1.09715,0.23975323507246377,3,3,3_3
TTC36,1.1684291666666669,0.6618491699275362,3,4,3_4
TTC37,1.0463125,0.02979788223027376,2,0,2_0
TTC38,1.2828527777777776,0.3946401404508857,4,3,4_3
TTC39A,1.4180791666666668,0.6186708151127214,4,4,4_4
TTC39B,1.0757347222222222,0.10047112496779385,2,2,2_2
TTC39C,1.0287260416666666,0.026023192785326093,1,0,1_0
TTC4,0.9769833333333334,0.05007933782608696,0,1,0_1
TTC5,1.0300819444444445,0.03473753884863124,1,0,1_0
TTC6,1.1566166666666666,0.20809031199677944,3,3,3_3
TTC7A,1.0054572916666666,0.03764398519474639,1,1,1_1
TTC7B,0.9726500000000001,0.02014877637681159,0,0,0_0
TTC8,1.0489291666666667,0.03906640717391305,2,1,2_1
TTC9,1.0419083333333334,0.0999100409057971,2,2,2_2
TTC9B,1.38291875,0.7336703645471014,4,4,4_4
TTC9C,0.9867479166666667,0.04732309867753622,0,1,0_1
TTF1,1.0158500000000001,0.022218677065217393,1,0,1_0
TTF2,1.0604875,0.2598702355797102,2,3,2_3
TTI1,0.9899,0.014430849130434784,0,0,0_0
TTI2,1.0002583333333332,0.011359233478260867,0,0,0_0
TTK,1.1893958333333332,0.30450998007246377,3,3,3_3
TTL,1.1171708333333334,0.08304330073369565,3,2,3_2
TTLL1,0.9911249999999999,0.06221906275362318,0,1,0_1
TTLL10,1.48755,0.5900697347020933,4,4,4_4
TTLL11,1.0768569444444445,0.11855619041062802,2,2,2_2
TTLL12,1.05055,0.07675140710144927,2,1,2_1
TTLL13P,1.1579875,0.23380634181159424,3,3,3_3
TTLL2,1.0796541666666666,0.7295100428260871,2,4,2_4
TTLL3,1.0165625,0.0926350148389694,1,2,1_2
TTLL4,1.0084333333333333,0.05229119351046698,1,1,1_1
TTLL5,1.0495416666666666,0.06487231381543922,2,1,2_1
TTLL6,1.0939499999999998,0.3770446711594203,3,3,3_3
TTLL7,1.1078958333333333,0.13457636669082124,3,2,3_2
TTLL9,1.5192472222222222,1.6528914454589372,4,4,4_4
TTN,1.030361111111111,0.08380452962560385,2,2,2_2
TTN-AS1,1.4824229166666667,0.7992444840036231,4,4,4_4
TTPA,0.9826166666666666,0.4579125833333334,0,3,0_3
TTPAL,1.0443791666666666,0.0636280356521739,2,1,2_1
TTR,1.532325,4.026265920289855,4,4,4_4
TTTY10,1.6394583333333335,2.3773465175362323,4,4,4_4
TTTY11,2.096716666666667,4.995128397391305,4,4,4_4
TTTY12,1.4838250000000002,2.6227799233333333,4,4,4_4
TTTY13,1.4074666666666669,1.5844462039130438,4,4,4_4
TTTY14,1.4049166666666666,1.0412381396739132,4,4,4_4
TTTY15,1.4298375000000003,1.8198101661594206,4,4,4_4
TTTY1B,1.0571458333333332,0.23849565673913045,2,3,2_3
TTTY2B,3.6430291666666665,12.690413503695652,4,4,4_4
TTTY4C,1.3814250000000001,1.612222507101449,4,4,4_4
TTTY5,1.6945875000000001,2.212524649347826,4,4,4_4
TTTY6B,1.3550125,3.9253030910869553,4,4,4_4
TTTY7,1.4412833333333335,1.6516734617391302,4,4,4_4
TTTY7B,1.9944750000000002,3.191896605797102,4,4,4_4
TTTY8B,1.3962645833333334,1.1372615351268116,4,4,4_4
TTTY9B,1.4101541666666666,1.9586256629710146,4,4,4_4
TTYH1,1.0378625,0.3141978152898551,2,3,2_3
TTYH2,1.4350979166666666,0.6547645772644927,4,4,4_4
TTYH3,1.0307333333333333,0.04245504260869565,2,1,2_1
TUB,1.2307020833333333,0.19164441793478257,3,3,3_3
TUBA1A,1.0208125,0.09767689094202897,1,2,1_2
TUBA1B,1.1004805555555555,0.07558478190418677,3,1,3_1
TUBA1C,1.0467604166666666,0.04506138121376812,2,1,2_1
TUBA3D,0.9602895833333335,0.031623494184782615,0,0,0_0
TUBA4A,1.0477333333333332,0.038664939420289854,2,1,2_1
TUBA4B,1.1192791666666666,0.33404576427536237,3,3,3_3
TUBA8,1.0606208333333333,0.5131361574637682,2,3,2_3
TUBAL3,1.1160833333333333,0.14692472014492755,3,2,3_2
TUBB,1.0591625,0.05311822247181965,2,1,2_1
TUBB1,1.412775,0.7067204421376811,4,4,4_4
TUBB2A,1.1235541666666666,0.14510783485507248,3,2,3_2
TUBB2B,1.1102458333333332,0.15532482010869567,3,2,3_2
TUBB3,1.0437770833333333,0.08059232896739131,2,1,2_1
TUBB4A,1.6062958333333335,2.3964021384782606,4,4,4_4
TUBB4B,1.0108625,0.07769934931159421,1,1,1_1
TUBB6,1.1142375,0.08892764833333332,3,2,3_2
TUBD1,1.0008236111111113,0.020684779589371986,0,0,0_0
TUBE1,1.0008937500000001,0.030010713278985503,0,0,0_0
TUBG1,1.0030291666666666,0.032289205144927544,1,0,1_0
TUBG2,1.0071958333333333,0.04052832326086955,1,1,1_1
TUBGCP2,1.0053833333333333,0.04811400098228663,1,1,1_1
TUBGCP3,1.003048611111111,0.05690629933172302,1,1,1_1
TUBGCP4,1.0016416666666668,0.020195762137681154,1,0,1_0
TUBGCP5,0.9881500000000001,0.04828977768115942,0,1,0_1
TUBGCP6,1.0229229166666667,0.07492064092391304,1,1,1_1
TUFM,1.0156125,0.02281933713768116,1,0,1_0
TUFT1,0.9333958333333333,0.04448300326086957,0,1,0_1
TULP1,1.3770541666666667,1.0966781897826088,4,4,4_4
TULP2,2.8177625,15.796401753695653,4,4,4_4
TULP3,1.0122354166666667,0.03165798407608694,1,0,1_0
TULP4,1.1462375,0.2623822007608696,3,3,3_3
TUNAR,1.2712083333333333,0.961501177536232,4,4,4_4
TUSC1,1.0092375,0.025820013550724642,1,0,1_0
TUSC2,1.0564125,0.04166777797101449,2,1,2_1
TUSC3,0.9829308333333334,0.05112965509855072,0,1,0_1
TUSC7,1.2062479166666666,0.8349326791485506,3,4,3_4
TUSC8,0.8897458333333335,0.1418151481884058,0,2,0_2
TUT1,1.0192041666666667,0.07293884282608695,1,1,1_1
TVP23A,1.0949208333333333,0.33146862818840583,3,3,3_3
TVP23B,1.0327958333333334,0.01834889108695652,2,0,2_0
TVP23C,0.9995708333333333,0.07143214485507246,0,1,0_1
TVP23C-CDRT4,0.9924375,0.06575175000000001,0,1,0_1
TWF1,0.9613666666666667,0.047188129994202896,0,1,0_1
TWF2,0.9995166666666666,0.06717065,0,1,0_1
TWIST1,1.0460791666666667,0.04931385731884058,2,1,2_1
TWIST2,1.3518687500000002,1.3669940282065216,4,4,4_4
TWISTNB,0.9877354166666668,0.0821930414673913,0,2,0_2
TWSG1,1.0161479166666667,0.024418901576086945,1,0,1_0
TXK,1.146825,0.20232917898550726,3,3,3_3
TXLNA,1.5759020833333335,1.364427455307971,4,4,4_4
TXLNB,1.0101125,0.1781426329710145,1,2,1_2
TXLNG,1.0118041666666666,0.0544109949677939,1,1,1_1
TXN,1.0462645833333333,0.047476116177536234,2,1,2_1
TXN2,1.0046583333333332,0.05898102257246377,1,1,1_1
TXNDC11,0.9840833333333334,0.03564021304347827,0,0,0_0
TXNDC12,1.0096416666666668,0.007854455797101449,1,0,1_0
TXNDC15,1.0152208333333332,0.017570628514492755,1,0,1_0
TXNDC16,0.9908541666666667,0.017654999782608698,0,0,0_0
TXNDC17,1.0453979166666667,0.027251436467391314,2,0,2_0
TXNDC2,1.4782062500000002,0.8035790605615942,4,4,4_4
TXNDC8,0.9564333333333334,0.13384352000000002,0,2,0_2
TXNDC9,1.002575,0.012545416376811594,1,0,1_0
TXNIP,1.022098611111111,0.03340706274557166,1,0,1_0
TXNL1,1.0035819444444445,0.011616985305958139,1,0,1_0
TXNL4A,1.128076388888889,0.1388948255152979,3,2,3_2
TXNL4B,1.0254270833333334,0.05612665922101451,1,1,1_1
TXNRD1,0.8533208333333334,0.28687213619565216,0,3,0_3
TXNRD2,0.9726541666666667,0.04659890677536232,0,1,0_1
TXNRD3NB,0.9964895833333335,0.03205230490942029,0,0,0_0
TYK2,1.0334708333333333,0.02219108760869565,2,0,2_0
TYMP,1.5109624999999998,0.9980284008333333,4,4,4_4
TYMS,1.1418944444444445,0.0989833483574879,3,2,3_2
TYR,1.5133069444444445,1.1832006287842192,4,4,4_4
TYRO3,1.1972145833333332,0.8244598698007247,3,4,3_4
TYROBP,1.4756875,0.666701426594203,4,4,4_4
TYRP1,1.7250249999999998,3.675661768695651,4,4,4_4
TYSND1,0.9672229166666666,0.03432521440217391,0,0,0_0
TYW1,1.0192124999999999,0.04383808282608696,1,1,1_1
TYW3,0.9932958333333333,0.017541385869565215,0,0,0_0
TYW5,0.956375,0.029997537085346214,0,0,0_0
U2AF1,1.0243093749999999,0.025840697178442038,1,0,1_0
U2AF1L4,1.1946791666666667,0.21101554644927537,3,3,3_3
U2AF2,1.36319375,0.39051649444746384,4,3,4_3
U2SURP,1.0299825,0.006230780826086956,1,0,1_0
UACA,1.01153125,0.06503663450181162,1,1,1_1
UAP1,1.0093500000000002,0.02491774246376812,1,0,1_0
UAP1L1,1.0035416666666668,0.049039187971014496,1,1,1_1
UBA1,0.9784270833333334,0.04479585001811594,0,1,0_1
UBA2,0.9883458333333334,0.02109489347826087,0,0,0_0
UBA3,0.9924416666666668,0.011743931449275363,0,0,0_0
UBA5,0.9674416666666668,0.03467833885668277,0,0,0_0
UBA52,1.0428375,0.0237867013768116,2,0,2_0
UBA6,0.9794761904761905,0.03819345279798876,0,1,0_1
UBAC1,1.0004458333333333,0.05488570673913043,0,1,0_1
UBAC2,0.9832125,0.028846483550724646,0,0,0_0
UBAC2-AS1,1.0035854166666667,0.051567432554347835,1,1,1_1
UBALD1,1.4188097222222222,0.5503935743880838,4,4,4_4
UBALD2,1.0434208333333335,0.108555849384058,2,2,2_2
UBAP1,0.9999520833333332,0.01046485961956522,0,0,0_0
UBAP1L,1.0495166666666667,0.0717901468478261,2,1,2_1
UBAP2,1.0239166666666666,0.02419509068840579,1,0,1_0
UBAP2L,0.9810895833333334,0.01826503725543478,0,0,0_0
UBASH3A,1.0999875000000001,0.23157930123188408,3,3,3_3
UBASH3B,1.2734208333333334,0.2310110635913044,4,3,4_3
UBB,0.9996791666666667,0.01944862152173913,0,0,0_0
UBC,1.0185145833333333,0.020990772300724637,1,0,1_0
UBD,1.3534541666666666,1.4937440432608695,4,4,4_4
UBE2A,0.9938770833333334,0.01606695461956522,0,0,0_0
UBE2B,1.1047785714285716,0.06740529134279802,3,1,3_1
UBE2C,1.2962708333333333,0.42823107630434776,4,3,4_3
UBE2D1,1.124376388888889,0.09669777593397746,3,2,3_2
UBE2D2,0.9966666666666667,0.010851387101449278,0,0,0_0
UBE2D3,0.9999020833333333,0.014785724973832527,0,0,0_0
UBE2D4,1.0094025,0.016082725713043474,1,0,1_0
UBE2E1,0.9790749999999999,0.02845465351449275,0,0,0_0
UBE2E2,1.0564,0.0967531007246377,2,2,2_2
UBE2E2-AS1,2.6174125,6.392293116594203,4,4,4_4
UBE2E3,0.9853041666666668,0.010087899637681159,0,0,0_0
UBE2F,0.9934531249999999,0.01863445745923913,0,0,0_0
UBE2G1,0.9988902777777778,0.00980465269726248,0,0,0_0
UBE2G2,0.9706083333333333,0.05014711325181159,0,1,0_1
UBE2H,1.0752614583333333,0.045704917207880426,2,1,2_1
UBE2I,1.3972125000000002,0.43125266251304345,4,3,4_3
UBE2J1,1.031125,0.03542995203301127,2,0,2_0
UBE2J2,1.0229531250000001,0.04406964117300724,1,1,1_1
UBE2K,1.0060194444444444,0.00461641267310789,1,0,1_0
UBE2L3,1.023375,0.03669324586956523,1,1,1_1
UBE2L6,1.1305625,0.27938032804347834,3,3,3_3
UBE2M,1.1272208333333333,0.28647209108695654,3,3,3_3
UBE2N,1.0048194444444445,0.032948387648953296,1,0,1_0
UBE2O,1.10798125,0.327189348097826,3,3,3_3
UBE2Q1,1.0287180555555555,0.034410686674718194,1,0,1_0
UBE2Q2,1.0048208333333333,0.013388196594202898,1,0,1_0
UBE2Q2L,0.9998583333333334,0.09689211695652172,0,2,0_2
UBE2QL1,1.0111604166666668,0.09864695483695651,1,2,1_2
UBE2R2,1.0323354166666665,0.012618290815217393,2,0,2_0
UBE2S,1.0173458333333334,0.2649200816666667,1,3,1_3
UBE2T,1.0959541666666668,0.15480693065217394,3,2,3_2
UBE2U,1.0607791666666666,0.6058254473913043,2,4,2_4
UBE2V2,1.009838888888889,0.009262798615136873,1,0,1_0
UBE2W,1.061029861111111,0.08774782886272142,2,2,2_2
UBE2Z,0.9977583333333332,0.06748532246376811,0,1,0_1
UBE3A,1.2329255208333334,0.08183577618319746,3,2,3_2
UBE3B,1.398807638888889,0.3513859707910629,4,3,4_3
UBE3C,1.0546341666666665,0.09710005770144929,2,2,2_2
UBE3D,1.0225166666666665,0.07147061579710144,1,1,1_1
UBE4A,0.9924916666666667,0.00435478043478261,0,0,0_0
UBE4B,1.0060466666666665,0.013075677953623186,1,0,1_0
UBFD1,1.0175395833333334,0.025393104221014498,1,0,1_0
UBIAD1,1.262829166666667,0.2480105039371981,4,3,4_3
UBL3,1.007,0.014817936847826096,1,0,1_0
UBL4A,1.0083333333333333,0.04641240405797103,1,1,1_1
UBL4B,1.449279166666667,3.521745319347826,4,4,4_4
UBL5,1.03995,0.08644987999999999,2,2,2_2
UBL7,0.9814583333333333,0.060661621014492746,0,1,0_1
UBL7-AS1,0.9350166666666665,0.04108128315217391,0,1,0_1
UBLCP1,0.99279375,0.016030120960144927,0,0,0_0
UBN1,1.015575,0.019418371557971017,1,0,1_0
UBN2,1.0144075000000001,0.04984587117971014,1,1,1_1
UBOX5,0.9762541666666666,0.041470941557971014,0,1,0_1
UBP1,1.0288333333333333,0.0058626498550724635,1,0,1_0
UBQLN1,1.0239097222222222,0.008368596272141706,1,0,1_0
UBQLN2,0.9717937499999999,0.01221148385869565,0,0,0_0
UBQLN3,1.0375125,0.49832951340579706,2,3,2_3
UBQLN4,1.0364041666666666,0.033445485688405795,2,0,2_0
UBQLNL,1.0499333333333334,0.14407605652173916,2,2,2_2
UBR1,0.9931520833333334,0.0185226503442029,0,0,0_0
UBR2,1.0500999999999998,0.04825722349637682,2,1,2_1
UBR3,1.1572020833333332,0.15413778807065218,3,2,3_2
UBR4,1.0670358333333334,0.09246888933043476,2,2,2_2
UBR5,1.0066152777777777,0.01334709733494364,1,0,1_0
UBR5-AS1,1.0263291666666667,0.03758203326086956,1,1,1_1
UBR7,1.0353666666666665,0.017506853188405797,2,0,2_0
UBTD1,1.0179875,0.06688966804347826,1,1,1_1
UBTD2,0.9789854166666667,0.016836094293478255,0,0,0_0
UBTF,0.9882241666666666,0.03842604760869565,0,1,0_1
UBXN1,1.1000041666666667,0.11467837329710143,3,2,3_2
UBXN10,1.02575,0.2050216254911433,1,3,1_3
UBXN10-AS1,1.0453291666666666,0.25107127456521733,2,3,2_3
UBXN11,1.0506583333333335,0.14339842115942028,2,2,2_2
UBXN2A,1.0523145833333334,0.07208353389492751,2,1,2_1
UBXN2B,0.9906479166666667,0.018848570634057968,0,0,0_0
UBXN4,0.9767177083333333,0.024350723238224636,0,0,0_0
UBXN7,1.0357291666666668,0.05287816474637682,2,1,2_1
UBXN7-AS1,1.219125,0.40431085898550717,3,3,3_3
UBXN8,1.0276958333333335,0.05828609456521739,1,1,1_1
UCA1,1.6422875000000001,4.619150349492754,4,4,4_4
UCHL1,1.1467854166666667,0.24779154190217395,3,3,3_3
UCHL3,0.9838,0.013611339855072464,0,0,0_0
UCHL5,1.06558125,0.04737125202898551,2,1,2_1
UCK1,1.02289375,0.15738810882246373,1,2,1_2
UCKL1,1.0778125,0.1946741215056361,2,3,2_3
UCMA,0.97135,0.5597684415942029,0,4,0_4
UCN,0.9547291666666666,0.1086307254347826,0,2,0_2
UCN2,1.1126291666666666,0.14927742050724638,3,2,3_2
UCN3,0.9806208333333334,0.11753676108695651,0,2,0_2
UCP1,0.9601458333333333,0.47788771340579705,0,3,0_3
UCP2,1.06486875,0.14183868331521743,2,2,2_2
UCP3,0.8960166666666667,0.07923486481884058,0,1,0_1
UEVLD,1.047115625,0.06207687294836956,2,1,2_1
UFC1,1.0171833333333333,0.030188432608695658,1,0,1_0
UFL1,0.9781291666666666,0.03723654971819645,0,1,0_1
UFM1,1.0367166666666667,0.02301913555555555,2,0,2_0
UFSP1,1.0041,0.22708450840579708,1,3,1_3
UFSP2,1.0533166666666667,0.025575160434782612,2,0,2_0
UGCG,1.0247013888888887,0.04977187488727858,1,1,1_1
UGDH,0.9602124999999999,0.02633543224637682,0,0,0_0
UGGT1,1.2469849999999998,0.17155300477681157,4,2,4_2
UGGT2,1.0111315476190477,0.02404286511535049,1,0,1_0
UGP2,1.0113625,0.013007452717391302,1,0,1_0
UGT1A1,1.5258763888888887,0.5197358990901771,4,3,4_3
UGT1A3,1.322315,1.0471118656521738,4,4,4_4
UGT1A6,1.7709875000000002,3.5656529463043474,4,4,4_4
UGT2A2,1.2395041666666666,0.9636059510869568,4,4,4_4
UGT2A3,0.9992416666666667,0.819714758115942,0,4,0_4
UGT2B15,1.2889847222222224,0.5760261594766505,4,4,4_4
UGT2B17,1.063375,0.4054903992753623,2,3,2_3
UGT2B28,1.0978166666666667,0.12814346652173914,3,2,3_2
UGT2B4,1.085275,0.5657427930434783,3,4,3_4
UGT3A1,1.9557250000000002,1.7147151302576489,4,4,4_4
UGT8,1.0297479166666668,0.09594667222826088,1,2,1_2
UHMK1,1.1889479166666668,0.17932696437499995,3,2,3_2
UHRF1,1.244441666666667,0.4188663566666667,4,3,4_3
UHRF1BP1,1.0203958333333334,0.03833427962157811,1,1,1_1
UHRF1BP1L,1.0590183333333334,0.09610647677101451,2,2,2_2
UHRF2,1.01585,0.012450176666666668,1,0,1_0
UIMC1,1.0161749999999998,0.02626735463768116,1,0,1_0
ULBP1,2.7491083333333335,9.528039401304348,4,4,4_4
ULBP2,1.2537708333333333,0.5083756646014493,4,3,4_3
ULBP3,1.695775,3.30710718942029,4,4,4_4
ULK1,0.9394791666666666,0.045661094565217386,0,1,0_1
ULK2,1.0127052083333332,0.04906859528532608,1,1,1_1
ULK3,1.0654708333333334,0.04909383152173913,2,1,2_1
ULK4,1.1346354166666666,0.2709581986141305,3,3,3_3
UMAD1,1.0013416666666666,0.03090646724637681,1,0,1_0
UMOD,0.9675791666666668,0.4357817284782609,0,3,0_3
UMODL1,1.0410125,0.26762858920289856,2,3,2_3
UMPS,1.001284375,0.026056371100543485,1,0,1_0
UNC119,1.0250375,0.07850735355072462,1,1,1_1
UNC119B,1.0383166666666666,0.19274530492753622,2,3,2_3
UNC13A,1.1132708333333332,0.27322969402173913,3,3,3_3
UNC13B,0.9894374999999999,0.03663932442028984,0,1,0_1
UNC13C,1.2846677083333333,0.3916565724320652,4,3,4_3
UNC13D,1.2026736111111112,0.3269600920048309,3,3,3_3
UNC45A,0.9744854166666667,0.02949604864130435,0,0,0_0
UNC45B,1.1526958333333333,0.5185769626811593,3,3,3_3
UNC50,1.020175,0.027055869855072467,1,0,1_0
UNC5A,1.17875,0.2934258585869566,3,3,3_3
UNC5B,1.0874972222222221,0.13694045806763286,3,2,3_2
UNC5B-AS1,1.8397958333333333,5.066519883115942,4,4,4_4
UNC5C,1.2443666666666666,0.2646402595420291,4,3,4_3
UNC5CL,1.0534541666666668,0.03764708210144927,2,1,2_1
UNC5D,1.0623833333333332,0.1424098020289855,2,2,2_2
UNC79,1.9107208333333332,3.8339898621014497,4,4,4_4
UNC80,1.1923513888888888,0.22598168374396135,3,3,3_3
UNC93A,1.7600187500000002,1.182784438387681,4,4,4_4
UNC93B1,0.98995,0.09790155653784219,0,2,0_2
UNG,1.0473625,0.08893325804347826,2,2,2_2
UNK,1.0366569444444445,0.05779155100644122,2,1,2_1
UNKL,1.1145125,0.15307875557971015,3,2,3_2
UPB1,1.0694572916666667,0.15828089066576087,2,2,2_2
UPF1,1.00453125,0.03273926309782609,1,0,1_0
UPF2,0.9799000000000001,0.008764386811594204,0,0,0_0
UPF3A,1.0127770833333334,0.03161679192028985,1,0,1_0
UPF3B,1.0159562500000001,0.20027983317028983,1,3,1_3
UPK1A,1.0637958333333333,0.6134737493478262,2,4,2_4
UPK1B,1.6518520833333332,1.9400705815036232,4,4,4_4
UPK2,0.947275,0.3247778998550725,0,3,0_3
UPK3A,1.0482375,0.7012747377536231,2,4,2_4
UPK3B,1.0971166666666665,0.3574921344927537,3,3,3_3
UPP1,1.09195,0.18557883811594203,3,2,3_2
UPP2,1.0570312499999999,0.27547088182971013,2,3,2_3
UPRT,1.0088666666666668,0.05182030014492753,1,1,1_1
UQCC1,1.0159572916666668,0.020186207395833343,1,0,1_0
UQCC2,1.0441708333333333,0.1746886402173913,2,2,2_2
UQCC3,1.0065416666666667,0.057028625507246376,1,1,1_1
UQCR10,1.0125604166666669,0.09670025005434782,1,2,1_2
UQCR11,1.0564145833333332,0.02786910451086956,2,0,2_0
UQCRB,1.0073989583333334,0.017724799334239136,1,0,1_0
UQCRC1,0.9767125,0.028271036159420292,0,0,0_0
UQCRC2,1.0391083333333333,0.03233223829307569,2,0,2_0
UQCRFS1,1.0019458333333333,0.026188103550724637,1,0,1_0
UQCRHL,1.021375,0.028848668115942035,1,0,1_0
UQCRQ,1.0031083333333333,0.03948462434782609,1,1,1_1
URB1,1.1893166666666666,0.30501002956521733,3,3,3_3
URB1-AS1,0.9724708333333334,0.04120089717391305,0,1,0_1
URB2,1.025525,0.041999650144927535,1,1,1_1
URGCP,1.1004479166666667,0.19564698961956523,3,3,3_3
URGCP-MRPS24,1.0660416666666668,0.07777699492753623,2,1,2_1
URI1,1.0196697916666666,0.023227154551630432,1,0,1_0
URM1,0.99795625,0.06304207005434782,0,1,0_1
UROC1,1.1425625000000001,0.5087501236956523,3,3,3_3
UROD,1.0603430555555555,0.048653372455716576,2,1,2_1
UROS,1.0013222222222222,0.0402742222705314,1,1,1_1
USB1,1.0025208333333333,0.05313255446859902,1,1,1_1
USE1,0.9947666666666667,0.07337403438405798,0,1,0_1
USF1,2.1880291666666665,4.614343188188406,4,4,4_4
USF2,0.9885138888888889,0.011061049388083739,0,0,0_0
USF3,1.2392408333333333,0.2744803614347826,4,3,4_3
USH1C,1.103876388888889,0.21910004873590982,3,3,3_3
USH1G,1.5993875,1.9782989970289855,4,4,4_4
USH2A,1.6185333333333336,3.0571952088405796,4,4,4_4
USHBP1,1.0387541666666669,0.24911665137681163,2,3,2_3
USO1,0.9901291666666667,0.01577391981884058,0,0,0_0
USP1,1.0080270833333331,0.016151037336956515,1,0,1_0
USP10,0.9854291666666666,0.05078937032608695,0,1,0_1
USP11,1.02665,0.029177116811594205,1,0,1_0
USP12,1.0491,0.03983755528985507,2,1,2_1
USP13,0.9933916666666667,0.04588074268921096,0,1,0_1
USP14,1.0177652777777777,0.007594055595813202,1,0,1_0
USP16,1.0050486111111112,0.006585206739130439,1,0,1_0
USP18,1.1260416666666666,0.4089459992753623,3,3,3_3
USP19,1.0109770833333334,0.030619021757246373,1,0,1_0
USP2,1.3003447916666666,0.5087072101856883,4,3,4_3
USP2-AS1,2.0265291666666663,3.450270476449275,4,4,4_4
USP20,1.0562041666666666,0.028624997608695656,2,0,2_0
USP21,1.002802777777778,0.021384475668276972,1,0,1_0
USP22,1.0159135416666667,0.07558774023097825,1,1,1_1
USP24,1.022286111111111,0.019386872560386466,1,0,1_0
USP25,0.9966200000000001,0.12727137651594203,0,2,0_2
USP26,1.350125,2.325007281304348,4,4,4_4
USP27X,0.9662291666666668,0.08467489894927535,0,2,0_2
USP27X-AS1,1.0110291666666666,0.10525506499999997,1,2,1_2
USP28,1.0352541666666666,0.03864369192431561,2,1,2_1
USP29,0.8979833333333334,0.9306041749275363,0,4,0_4
USP3,1.0104229166666667,0.006746098967391302,1,0,1_0
USP3-AS1,1.0265416666666667,0.08485678942028983,1,2,1_2
USP30,1.00610625,0.03439109244565217,1,0,1_0
USP30-AS1,1.1044291666666666,0.48826853152173905,3,3,3_3
USP31,1.0239975000000001,0.07017248748695652,1,1,1_1
USP32,1.0525755952380953,0.03898821011091393,2,1,2_1
USP33,1.0327777777777778,0.02547262705314009,2,0,2_0
USP34,1.0193305555555554,0.019051878856682775,1,0,1_0
USP35,0.9926958333333333,0.07732520224637682,0,1,0_1
USP36,1.3575433333333333,0.40571991642318844,4,3,4_3
USP37,0.995975,0.019279193059581326,0,0,0_0
USP38,1.0054375,0.012573961264090175,1,0,1_0
USP39,1.0028166666666667,0.020466560144927537,1,0,1_0
USP4,0.9922020833333334,0.020014113894927542,0,0,0_0
USP40,1.0263604166666667,0.0330651973731884,1,0,1_0
USP42,1.0349633333333335,0.03470933663188405,2,0,2_0
USP43,1.0246041666666665,0.05922266572463769,1,1,1_1
USP44,1.0635708333333334,0.11524077152173914,2,2,2_2
USP45,1.0036583333333333,0.020432448421900156,1,0,1_0
USP46,0.9939291666666668,0.041448242925724646,0,1,0_1
USP46-AS1,1.0757375,0.13827010340579712,2,2,2_2
USP47,1.0113008333333333,0.009511821028985502,1,0,1_0
USP48,1.3856983333333333,0.4058686431362318,4,3,4_3
USP49,1.1412684523809524,0.07932701046288079,3,1,3_1
USP5,1.7490125,2.207848025869565,4,4,4_4
USP51,1.0998979166666667,0.23184294610507247,3,3,3_3
USP53,1.141175,0.1407855464764493,3,2,3_2
USP54,1.0204666666666666,0.024342762173913044,1,0,1_0
USP6NL,1.017311111111111,0.06993584687600644,1,1,1_1
USP7,1.0008697916666665,0.011025418011775362,0,0,0_0
USP8,0.9727874999999999,0.013857237789855073,0,0,0_0
USP9X,1.017753125,0.026324662531702896,1,0,1_0
USP9Y,1.4897645833333335,2.0367340731702894,4,4,4_4
USPL1,1.0591333333333335,0.07071337054347826,2,1,2_1
UST,1.0213166666666667,0.08334666800724637,1,2,1_2
UST-AS1,1.0536520833333334,0.4691437894021738,2,3,2_3
UTF1,1.0696291666666666,0.28103441079710145,2,3,2_3
UTP11,1.070375,0.1720339845652174,2,2,2_2
UTP14A,1.2415958333333335,0.4806119483695653,4,3,4_3
UTP15,0.9798708333333334,0.038492816340579716,0,1,0_1
UTP18,1.0478833333333333,0.06278568858695653,2,1,2_1
UTP20,1.0213333333333334,0.05793874710144927,1,1,1_1
UTP23,1.0126427083333334,0.011290842576992755,1,0,1_0
UTP3,1.0026458333333332,0.007621746014492754,1,0,1_0
UTP4,1.3163625,0.23150684855877618,4,3,4_3
UTP6,0.76806875,0.07859742820652174,0,1,0_1
UTRN,1.001125,0.04187999626409018,0,1,0_1
UTS2,1.7673895833333333,3.43644910972826,4,4,4_4
UTS2B,0.9997666666666666,0.627199343478261,0,4,0_4
UTS2R,2.2458333333333336,4.54581389231884,4,4,4_4
UTY,1.2477972222222222,1.1769826668760068,4,4,4_4
UVRAG,1.0040291666666665,0.04077651384057971,1,1,1_1
UVSSA,1.525371875,1.1876280505842391,4,4,4_4
UXS1,1.0475604166666665,0.030151657916666665,2,0,2_0
UXT,1.0053416666666666,0.053476689130434775,1,1,1_1
VAC14,0.9980777777777777,0.14607252594202896,0,2,0_2
VAC14-AS1,1.0832625,0.21736868326086956,3,3,3_3
VAMP1,1.3700388888888888,0.3344837287922705,4,3,4_3
VAMP2,0.9763958333333335,0.05551499459742352,0,1,0_1
VAMP3,1.0148430555555554,0.040892408671497564,1,1,1_1
VAMP4,1.0275833333333333,0.03625625611916264,1,1,1_1
VAMP5,1.07739375,0.16624347226449276,2,2,2_2
VAMP7,1.0193333333333334,0.027981056956521734,1,0,1_0
VAMP8,1.0806208333333334,0.0941134184782609,2,2,2_2
VANGL1,1.013303125,0.037517728183876824,1,1,1_1
VANGL2,1.0006666666666666,0.0569126752173913,0,1,0_1
VAPA,0.980355,0.016130863246376814,0,0,0_0
VAPB,1.0232875000000001,0.027483844710144933,1,0,1_0
VARS,0.965875,0.14845103061594203,0,2,0_2
VARS2,1.0331041666666667,0.07010193543478262,2,1,2_1
VASH1,1.1861575,0.16659424916811597,3,2,3_2
VASH2,1.217838888888889,0.7048102307407406,3,4,3_4
VASN,1.0633875,0.08298178702898552,2,2,2_2
VASP,1.2176375,0.45934727311594203,3,3,3_3
VAT1,0.967625,0.0560282015942029,0,1,0_1
VAT1L,2.5926666666666667,21.82400338594203,4,4,4_4
VAV1,1.0882625000000001,0.18287358282608696,3,2,3_2
VAV2,1.2031055555555554,0.7712344396940417,3,4,3_4
VAV3,1.3771680555555557,0.4283006706521739,4,3,4_3
VAX2,1.1428708333333333,0.5105829023913044,3,3,3_3
VBP1,0.9992166666666668,0.005270016376811596,0,0,0_0
VCAM1,1.2119166666666665,0.2603830920289855,3,3,3_3
VCAN,1.2511175,0.353735386489855,4,3,4_3
VCL,0.9658645833333335,0.08595839266304348,0,2,0_2
VCP,1.0114,0.01715410778985508,1,0,1_0
VCPIP1,1.0208885416666666,0.023396525973731874,1,0,1_0
VCPKMT,1.0268104166666667,0.08407412277173913,1,2,1_2
VCX2,1.1064145833333334,0.2669552278442029,3,3,3_3
VCY1B,1.3830958333333332,1.479587210942029,4,4,4_4
VDAC1,1.0160208333333334,0.06091895335748794,1,1,1_1
VDAC2,0.9764624999999999,0.008090943260869564,0,0,0_0
VDAC3,1.026573611111111,0.013760107753623185,1,0,1_0
VDR,1.2488260416666668,0.16995298975996376,4,2,4_2
VEGFA,1.0669718750000001,0.07299904954257246,2,1,2_1
VEGFB,1.0432249999999998,0.0448743856521739,2,1,2_1
VEGFC,1.00885,0.03471059710144927,1,0,1_0
VENTX,1.1825625000000002,0.4261505818115942,3,3,3_3
VENTXP1,1.8053979166666665,0.9905347158514494,4,4,4_4
VEPH1,1.0262624999999999,0.10671383191123188,1,2,1_2
VEZF1,1.0276541666666668,0.015990827592592592,1,0,1_0
VEZT,1.0254260416666667,0.023153747060688415,1,0,1_0
VGF,1.0718333333333334,0.45598936826086955,2,3,2_3
VGLL1,2.0701708333333335,2.717217640120773,4,4,4_4
VGLL2,1.1047875,0.6447723851449275,3,4,3_4
VGLL3,1.18329375,0.27852925440217396,3,3,3_3
VGLL4,1.0056500000000002,0.037053081557971004,1,1,1_1
VHL,1.03154375,0.12976146784420292,2,2,2_2
VIL1,1.2041947916666667,0.2708028035914855,3,3,3_3
VILL,1.0076416666666665,0.12614857666666665,1,2,1_2
VIM,1.1772083333333334,0.1333158840217391,3,2,3_2
VIP,1.0264833333333334,0.2849154239130435,1,3,1_3
VIPAS39,1.0021458333333333,0.06378108884057972,1,1,1_1
VIPR1,1.0316375000000002,0.06656929514492753,2,1,2_1
VIPR2,1.9267402777777776,1.6619261775281802,4,4,4_4
VIT,1.2068958333333333,0.47573831166666675,3,3,3_3
VKORC1,0.9873208333333334,0.10331988978260868,0,2,0_2
VKORC1L1,1.0088208333333333,0.07208570532608696,1,1,1_1
VLDLR,1.0063166666666667,0.038058310289855075,1,1,1_1
VMA21,1.1790694444444443,0.3066947542512078,3,3,3_3
VMO1,1.0308,0.27181028148550723,2,3,2_3
VMP1,1.3083958333333334,0.5595998251449276,4,4,4_4
VN1R1,1.0474541666666666,0.453356282536232,2,3,2_3
VN1R2,1.8325416666666667,2.2093874794202897,4,4,4_4
VN1R4,1.1187958333333332,0.6547432796376811,3,4,3_4
VNN1,1.278620833333333,0.8116746817753623,4,4,4_4
VNN2,1.2401875,0.5970388426811596,4,4,4_4
VNN3,1.1200833333333333,0.4169294195008051,3,3,3_3
VOPP1,1.0285166666666667,0.020925038115942027,1,0,1_0
VPREB1,2.2600374999999997,5.2159639031159415,4,4,4_4
VPREB3,1.3783166666666666,0.8304838049275363,4,4,4_4
VPS11,1.0000166666666666,0.01481672913043478,0,0,0_0
VPS13A,0.982445138888889,0.022837748363526575,0,0,0_0
VPS13A-AS1,0.9905833333333334,0.07828017521739129,0,1,0_1
VPS13B,1.062546875,0.13720191407155796,2,2,2_2
VPS13C,1.0338885416666665,0.04992959437047102,2,1,2_1
VPS13D,1.0346991666666667,0.03537727175362318,2,0,2_0
VPS16,1.0951666666666666,0.20019434141304346,3,3,3_3
VPS18,1.85003125,2.9864765657789856,4,4,4_4
VPS25,1.0555583333333334,0.06139600942028984,2,1,2_1
VPS26A,0.9985666666666666,0.03485964206521739,0,0,0_0
VPS26B,0.9719208333333332,0.03148568887681159,0,0,0_0
VPS28,0.9816916666666667,0.047710697536231896,0,1,0_1
VPS29,1.07839375,0.16789106016304345,2,2,2_2
VPS33A,1.0080986111111112,0.04515431612721417,1,1,1_1
VPS33B,1.0492770833333334,0.06944032802536233,2,1,2_1
VPS35,1.0047983333333332,0.013597819310144931,1,0,1_0
VPS36,0.9872562500000001,0.08501279244565216,0,2,0_2
VPS37A,1.0069875,0.01022373880434783,1,0,1_0
VPS37B,0.9976625,0.07159800833333334,0,1,0_1
VPS37C,1.4317527777777779,0.7909210530917875,4,4,4_4
VPS37D,1.0230249999999999,0.06680781927536232,1,1,1_1
VPS39,0.9881458333333333,0.02159928007246377,0,0,0_0
VPS41,1.01745,0.00985507080515298,1,0,1_0
VPS45,1.3541854166666667,1.029165136902174,4,4,4_4
VPS4A,1.0209624999999998,0.016481046739130433,1,0,1_0
VPS4B,1.013625,0.01891736202898551,1,0,1_0
VPS50,1.0016229166666666,0.029584949076086952,1,0,1_0
VPS51,1.0373458333333332,0.051551360507246374,2,1,2_1
VPS52,0.9843333333333333,0.01087508913043478,0,0,0_0
VPS53,0.9975342592592593,0.03128667031490428,0,0,0_0
VPS54,1.0007472222222222,0.012291577729468605,0,0,0_0
VPS72,0.9754708333333335,0.052311457898550726,0,1,0_1
VPS8,0.9852777777777778,0.05610073560386473,0,1,0_1
VPS9D1,0.9881166666666666,0.040431795362318834,0,1,0_1
VPS9D1-AS1,0.9755958333333333,0.26754344760869564,0,3,0_3
VRK1,1.0086041666666665,0.023672989637681167,1,0,1_0
VRK2,1.0226833333333334,0.0201836236231884,1,0,1_0
VRK3,1.2698534722222223,0.18441862248590982,4,2,4_2
VRTN,1.0189708333333334,0.23917824746376812,1,3,1_3
VSIG1,1.40065,0.8341922367391303,4,4,4_4
VSIG10,1.1796041666666666,0.22418375210144928,3,3,3_3
VSIG10L,1.058675,0.2856769172463768,2,3,2_3
VSIG2,1.0267354166666667,0.11240806900362316,1,2,1_2
VSIG4,1.2457125,0.36535327050724636,4,3,4_3
VSNL1,1.1413729166666666,0.1487250472644928,3,2,3_2
VSTM1,1.5704333333333331,1.3022183965217393,4,4,4_4
VSTM2A,1.279877777777778,1.4486859352657009,4,4,4_4
VSTM2L,1.16015,0.49401913463768116,3,3,3_3
VSTM4,1.40468125,0.22586495826288247,4,3,4_3
VSX1,1.4291822916666668,0.5488792383922102,4,4,4_4
VTA1,1.0012229166666666,0.01766665765398551,0,0,0_0
VTCN1,1.1195583333333332,0.19689451173913042,3,3,3_3
VTI1A,1.01904,0.021161343298550718,1,0,1_0
VTI1B,1.0016930555555554,0.015182269283413848,1,0,1_0
VWA1,1.2489733333333333,0.18473701274782614,4,2,4_2
VWA3A,1.0363020833333334,0.2977374640036231,2,3,2_3
VWA3B,1.0358541666666667,0.2180443934811594,2,3,2_3
VWA5A,1.054175,0.028129698659420298,2,0,2_0
VWA5B1,1.0523041666666666,0.2317430911594203,2,3,2_3
VWA5B2,1.0666166666666665,0.3636490835869566,2,3,2_3
VWA7,1.3191833333333334,1.0762380305797101,4,4,4_4
VWA8,1.0100437500000001,0.0314609810326087,1,0,1_0
VWA8-AS1,1.1263458333333334,0.3796448276449276,3,3,3_3
VWC2,1.1092958333333334,0.5191066270289856,3,3,3_3
VWCE,1.0477583333333333,0.17252617304347825,2,2,2_2
VWDE,1.1156458333333334,0.09194320148550725,3,2,3_2
VWF,1.1852416666666665,0.4234562203260869,3,3,3_3
WAC,0.9951645833333332,0.018669390110708537,0,0,0_0
WAC-AS1,0.9930583333333334,0.043737211739130435,0,1,0_1
WAPL,1.0164041666666666,0.016490963885869566,1,0,1_0
WARS,1.2120166666666667,0.6573259876449274,3,4,3_4
WARS2,1.0195597222222224,0.05537268376006442,1,1,1_1
WAS,1.2511791666666667,0.29518847583333335,4,3,4_3
WASF1,1.0389,0.05670291942028984,2,1,2_1
WASF2,1.0128180555555555,0.022923380008051525,1,0,1_0
WASF3,1.0152333333333334,0.02929005086956522,1,0,1_0
WASIR2,1.328825,0.7606546607246377,4,4,4_4
WASL,1.0360208333333334,0.05132738114130436,2,1,2_1
WBP11,1.0454958333333335,0.01457333015297907,2,0,2_0
WBP1L,0.9839166666666667,0.008403550724637682,0,0,0_0
WBP2,0.9696708333333334,0.04392654239130435,0,1,0_1
WBP2NL,0.8868375000000001,0.0862054989130435,0,2,0_2
WBP4,0.9926541666666667,0.009442192713365537,0,0,0_0
WDCP,1.008625,0.030349901014492753,1,0,1_0
WDFY1,1.0604166666666668,0.05668536518115941,2,1,2_1
WDFY2,1.0463770833333335,0.0724352100634058,2,1,2_1
WDFY3,1.0279802083333334,0.012772867133152177,1,0,1_0
WDFY4,1.4030375,0.8560741191304347,4,4,4_4
WDHD1,1.0543722222222223,0.08513554112721415,2,2,2_2
WDPCP,0.99346875,0.04716742610507247,0,1,0_1
WDR1,1.0127241666666666,0.027105934814492753,1,0,1_0
WDR11,1.0252229166666667,0.06078199172101449,1,1,1_1
WDR11-AS1,1.1297125,0.2822386053985507,3,3,3_3
WDR12,0.984876388888889,0.014434220475040258,0,0,0_0
WDR13,0.9984229166666667,0.04135265682971016,0,1,0_1
WDR17,1.0303645833333333,0.1381549891847826,2,2,2_2
WDR18,1.0006166666666667,0.1058797568115942,0,2,0_2
WDR19,1.0248291666666667,0.08913463897745574,1,2,1_2
WDR20,0.9976652777777778,0.02000435828502416,0,0,0_0
WDR24,0.9798291666666668,0.18027450847826088,0,2,0_2
WDR25,1.0112916666666667,0.05869086884057971,1,1,1_1
WDR26,1.1423291666666666,0.09103246754492753,3,2,3_2
WDR27,1.0520874999999998,0.03895619268695653,2,1,2_1
WDR3,1.026325,0.061509248586956534,1,1,1_1
WDR31,1.0526229166666667,0.10276513331521739,2,2,2_2
WDR34,0.9833333333333334,0.05139440739130435,0,1,0_1
WDR35,1.0278854166666667,0.04336379824275362,1,1,1_1
WDR36,0.9997000000000001,0.020769512826086956,0,0,0_0
WDR37,0.9817361111111111,0.021115137342995173,0,0,0_0
WDR38,1.3282375,0.42993592485507254,4,3,4_3
WDR4,1.0588027777777778,0.11255823544283419,2,2,2_2
WDR41,1.1162180555555554,0.15004812619162639,3,2,3_2
WDR43,1.0159708333333333,0.006329592826086956,1,0,1_0
WDR44,0.9908437499999999,0.08637495248188405,0,2,0_2
WDR45,0.9917958333333333,0.010640212681159418,0,0,0_0
WDR45B,1.0315791666666667,0.019073397173913046,2,0,2_0
WDR46,1.0394958333333333,0.07086723702898552,2,1,2_1
WDR47,0.9564083333333334,0.02820748130434783,0,0,0_0
WDR48,0.9751875,0.014846998451086956,0,0,0_0
WDR49,1.0126166666666665,0.26642292510869564,1,3,1_3
WDR5,1.00264375,0.043724872989130435,1,1,1_1
WDR53,1.0073541666666668,0.05532067949275361,1,1,1_1
WDR54,1.0752458333333332,0.1906646154347826,2,2,2_2
WDR55,1.0098236111111112,0.04359387239130435,1,1,1_1
WDR59,1.0329989583333334,0.07640147209692029,2,1,2_1
WDR5B,0.966275,0.03327299724637682,0,0,0_0
WDR6,1.74365,2.0029110533695653,4,4,4_4
WDR60,1.1338777777777778,0.1913579271014493,3,3,3_3
WDR61,0.9894708333333334,0.03503919079710144,0,0,0_0
WDR62,1.0039625,0.16814592983091786,1,2,1_2
WDR63,1.0282791666666666,0.2595304164492753,1,3,1_3
WDR64,1.0165625,0.21955382152173913,1,3,1_3
WDR66,1.0647916666666666,0.3434189492109501,2,3,2_3
WDR7,0.9345041666666667,0.07063601423913043,0,1,0_1
WDR70,1.0537541666666668,0.06434123123188407,2,1,2_1
WDR72,1.141884375,0.27262745111865944,3,3,3_3
WDR73,1.0413,0.030097681594202907,2,0,2_0
WDR74,1.4881722222222222,0.9741823018840579,4,4,4_4
WDR75,0.9878083333333333,0.02287797,0,0,0_0
WDR76,0.9706916666666666,0.0730223797463768,0,1,0_1
WDR77,1.0294958333333335,0.03268056760869565,1,0,1_0
WDR78,1.0215933333333334,0.16547176737391303,1,2,1_2
WDR81,1.015875,0.03546401260869565,1,0,1_0
WDR82,1.0604125000000002,0.03900124514492754,2,1,2_1
WDR83,1.0230333333333335,0.06207889797101449,1,1,1_1
WDR83OS,1.0363375,0.10119319181159422,2,2,2_2
WDR86,1.1015125,0.15429419626811597,3,2,3_2
WDR87,1.0459833333333333,0.5322184743478262,2,3,2_3
WDR88,1.7172395833333332,2.031546158315218,4,4,4_4
WDR89,1.0194888888888889,0.018178260821256044,1,0,1_0
WDR90,1.4781944444444444,0.5514889273913043,4,4,4_4
WDR91,1.0144527777777776,0.04544938117552334,1,1,1_1
WDR92,1.011125,0.030886693768115946,1,0,1_0
WDR93,1.1419125,0.4018755284782609,3,3,3_3
WDR97,1.223,0.436950534057971,3,3,3_3
WDSUB1,1.0215291666666666,0.01343723326086956,1,0,1_0
WDTC1,1.0265333333333333,0.0406134167310789,1,1,1_1
WDYHV1,0.9601541666666668,0.04729138760869566,0,1,0_1
WEE1,1.1321729166666668,0.24417719157608692,3,3,3_3
WEE2-AS1,1.0547125,0.19011701876811593,2,2,2_2
WFDC1,1.1249458333333333,0.13692236586956522,3,2,3_2
WFDC10A,1.2667458333333335,0.9563883945652176,4,4,4_4
WFDC10B,0.9872000000000001,0.3136901339130435,0,3,0_3
WFDC11,1.4133166666666668,2.632248110869565,4,4,4_4
WFDC12,2.1701625,4.693024689782609,4,4,4_4
WFDC13,1.1338208333333333,0.6552641016666666,3,4,3_4
WFDC2,1.0873902777777777,0.1134786608615137,3,2,3_2
WFDC3,1.1188458333333333,0.6237580976086957,3,4,3_4
WFDC5,1.1181875000000001,0.1658032122463768,3,2,3_2
WFDC6,1.0494041666666667,0.1919263606521739,2,3,2_3
WFDC8,1.1874513888888887,0.537593460136876,3,4,3_4
WFDC9,0.92595625,0.3135726853804347,0,3,0_3
WFIKKN1,1.0089791666666665,0.09584999239130435,1,2,1_2
WFIKKN2,1.4479229166666665,0.7024729574456521,4,4,4_4
WFS1,1.0276812499999999,0.06900294436594202,1,1,1_1
WHAMM,0.9821749999999999,0.026385335217391302,0,0,0_0
WHRN,1.0067416666666666,0.04135648829710145,1,1,1_1
WIF1,1.4970083333333335,0.5089828471014493,4,3,4_3
WIPF1,1.223115625,0.21519619644474638,3,3,3_3
WIPF2,1.0203333333333333,0.02142163741847826,1,0,1_0
WIPF3,1.0543520833333333,0.11081347307065215,2,2,2_2
WIPI1,1.0602875,0.07884089184782613,2,1,2_1
WIPI2,1.0236616666666667,0.03565462231304348,1,0,1_0
WISP1,1.4642635416666667,0.410569629352355,4,3,4_3
WISP2,1.1478583333333334,0.7692513328985505,3,4,3_4
WISP3,1.1102166666666669,0.19068430438405795,3,2,3_2
WIZ,0.9975270833333333,0.059522918215579715,0,1,0_1
WLS,1.076426388888889,0.06694557942834138,2,1,2_1
WNK1,1.0175142857142856,0.048846736172729964,1,1,1_1
WNK2,1.059117361111111,0.09802037043679547,2,2,2_2
WNK3,1.0548333333333335,0.053225437600644125,2,1,2_1
WNK4,1.5704333333333331,1.607405580326087,4,4,4_4
WNT1,1.9793666666666667,3.027171503043478,4,4,4_4
WNT10A,1.0146833333333334,0.24018730293478263,1,3,1_3
WNT10B,1.1023249999999998,0.15928693347826087,3,2,3_2
WNT11,1.6308999999999998,2.5950905939130435,4,4,4_4
WNT16,1.0616020833333335,0.22135074385869566,2,3,2_3
WNT2,1.4830083333333333,2.488335872753623,4,4,4_4
WNT2B,1.1120343750000001,0.1607613055298913,3,2,3_2
WNT4,1.4597194444444446,1.3063737150885668,4,4,4_4
WNT5A,1.046575,0.0757432627173913,2,1,2_1
WNT5B,1.010148611111111,0.07105326583735912,1,1,1_1
WNT6,1.0349239583333334,0.10200369816576085,2,2,2_2
WNT7A,1.2722541666666667,0.9524466941304347,4,4,4_4
WNT7B,1.6872791666666664,1.8895701723550724,4,4,4_4
WNT8A,1.0923791666666667,1.0965276513768114,3,4,3_4
WNT8B,1.1867625000000002,1.2184569680434783,3,4,3_4
WNT9A,1.2234958333333334,0.4819106592391304,3,3,3_3
WNT9B,1.6125708333333335,1.8621992016666664,4,4,4_4
WRAP53,1.1166208333333334,0.14992023757246375,3,2,3_2
WRAP73,1.0474541666666666,0.039198627737520135,2,1,2_1
WRB,1.0062791666666666,0.017456612826086956,1,0,1_0
WRN,1.0312166666666667,0.022522063913043476,2,0,2_0
WRNIP1,1.7510208333333335,1.5420183350815215,4,4,4_4
WSB1,1.0357141666666665,0.06286146665217393,2,1,2_1
WSB2,1.0020791666666666,0.012810639782608695,1,0,1_0
WSCD2,1.0604812499999998,0.27602276081521737,2,3,2_3
WT1,1.5976979166666665,1.5783646728804346,4,4,4_4
WTAP,1.0152327380952382,0.012377023775510209,1,0,1_0
WTIP,1.0897875000000001,0.5359534228260869,3,4,3_4
WWC1,1.236309375,0.19647811906929352,3,3,3_3
WWC2,1.2454625,0.33056046350543467,4,3,4_3
WWC2-AS2,1.0265875,0.5294852125362319,1,3,1_3
WWC3,0.9956708333333332,0.024681991920289848,0,0,0_0
WWOX,1.2027225,0.10966107623478265,3,2,3_2
WWP1,1.0101791666666664,0.011704350253623184,1,0,1_0
WWP2,1.4197937500000002,0.6552572738315218,4,4,4_4
WWTR1,1.0229555555555556,0.047185911835748794,1,1,1_1
WWTR1-AS1,1.1042270833333332,0.26831763280797105,3,3,3_3
XAB2,1.04165,0.049010074782608694,2,1,2_1
XAF1,1.1542180555555557,0.7580658473349436,3,4,3_4
XAGE1B,1.1910333333333334,0.5016427604347825,3,3,3_3
XAGE2,1.0113583333333334,0.5045037343478261,1,3,1_3
XAGE3,1.0006166666666665,0.19839418014492752,0,3,0_3
XBP1,1.0091416666666666,0.020102688623188404,1,0,1_0
XCL1,1.0282895833333334,0.132619929076087,1,2,1_2
XCL2,1.2241083333333334,0.35153399217391307,3,3,3_3
XCR1,1.19390625,0.1325441080253623,3,2,3_2
XDH,1.03130625,0.09292248360507246,2,2,2_2
XG,1.1375604166666669,0.18037988117753626,3,2,3_2
XIAP,1.0185720238095237,0.04045974998373262,1,1,1_1
XIRP1,1.217175,0.7130205723188405,3,4,3_4
XIRP2,1.5661875,1.9902713003623191,4,4,4_4
XIST,1.8417364583333333,2.9208755750430253,4,4,4_4
XK,0.951175,0.04341283014492754,0,1,0_1
XKR4,2.1020000000000003,2.8853653081159423,4,4,4_4
XKR6,1.0101552083333332,0.08989309695199275,1,2,1_2
XKR7,1.9796249999999997,3.1262224410144923,4,4,4_4
XKR8,0.9678125,0.023029809637681153,0,0,0_0
XKRX,1.0210291666666667,0.18664350876811592,1,2,1_2
XPA,0.9730250000000001,0.011903699999999998,0,0,0_0
XPC,0.9737125000000001,0.020429366594202896,0,0,0_0
XPNPEP1,1.017923611111111,0.025506589347826087,1,0,1_0
XPNPEP2,1.20978125,0.3749137455615941,3,3,3_3
XPNPEP3,1.0085354166666667,0.04708653298913044,1,1,1_1
XPO1,1.0407055555555556,0.03197649613526571,2,0,2_0
XPO4,0.9980333333333334,0.00780660177536232,0,0,0_0
XPO5,0.9880555555555556,0.019591314476650575,0,0,0_0
XPO6,0.9802979166666667,0.02646241483695652,0,0,0_0
XPO7,1.0043069444444443,0.04087530566022544,1,1,1_1
XPOT,1.0033416666666666,0.011011425144927535,1,0,1_0
XPR1,1.0370458333333332,0.04940782855877618,2,1,2_1
XRCC1,1.0098,0.04860817347826087,1,1,1_1
XRCC2,1.0652458333333332,0.057016981521739125,2,1,2_1
XRCC3,0.9784791666666667,0.09961028833333332,0,2,0_2
XRCC4,1.0247833333333334,0.04014299589673913,1,1,1_1
XRCC5,1.0233819444444443,0.025701425016103067,1,0,1_0
XRCC6,1.4659645833333332,0.9877539666123186,4,4,4_4
XRN1,1.022203125,0.0318367586548913,1,0,1_0
XRN2,1.0289541666666666,0.03826304706521739,1,1,1_1
XRRA1,1.8012166666666667,1.4514768590217393,4,4,4_4
XXYLT1,1.0408666666666668,0.0945727068115942,2,2,2_2
XYLB,1.1437229166666667,0.29549284049818836,3,3,3_3
XYLT1,1.3735083333333333,0.7619395188768116,4,4,4_4
XYLT2,1.1520097222222223,0.2755381453542673,3,3,3_3
YAE1D1,1.0522166666666666,0.01075453913043478,2,0,2_0
YAF2,1.0152333333333334,0.03695432235507246,1,1,1_1
YAP1,0.9968236111111111,0.011567919830917877,0,0,0_0
YARS,0.9875708333333333,0.0530059325,0,1,0_1
YARS2,1.0556625000000002,0.055977312246376816,2,1,2_1
YBEY,1.021461111111111,0.05635225706924314,1,1,1_1
YBX1,1.2864583333333333,0.7391287328663448,4,4,4_4
YBX2,1.1424083333333332,0.24447204826086957,3,3,3_3
YBX3,1.0190458333333334,0.04011233296195653,1,1,1_1
YDJC,0.9749541666666667,0.034570813260869554,0,0,0_0
YEATS2,1.0862916666666667,0.09942595445652176,3,2,3_2
YEATS4,1.0241416666666667,0.02170162391304348,1,0,1_0
YES1,0.9799569444444445,0.05700511921900161,0,1,0_1
YIF1A,0.9863,0.06174063956521741,0,1,0_1
YIF1B,1.010140625,0.0981465294067029,1,2,1_2
YIPF1,0.9765791666666667,0.00871333760869565,0,0,0_0
YIPF2,1.0184055555555556,0.06101670795491144,1,1,1_1
YIPF3,1.0087166666666667,0.0369079568115942,1,1,1_1
YIPF4,1.0313739583333335,0.015506823455615942,2,0,2_0
YIPF5,0.9999447916666666,0.016989785122282604,0,0,0_0
YIPF6,1.0189614583333333,0.016559660439311594,1,0,1_0
YJEFN3,0.9653875,0.12426503934782608,0,2,0_2
YKT6,1.0742145833333334,0.08489763259057968,2,2,2_2
YLPM1,0.9918291666666668,0.022438311576086955,0,0,0_0
YME1L1,1.2396304166666667,0.08510936129637683,4,2,4_2
YOD1,1.0316416666666666,0.06987980786231883,2,1,2_1
YPEL1,1.0004194444444445,0.05530058793880836,0,1,0_1
YPEL2,1.0639444444444444,0.035620610998389673,2,0,2_0
YPEL3,1.0000833333333334,0.05802438416666667,0,1,0_1
YPEL4,1.1594833333333332,0.3501857157971014,3,3,3_3
YPEL5,1.0119999999999998,0.009799824420289854,1,0,1_0
YRDC,1.0134270833333334,0.07618227208333332,1,1,1_1
YTHDC1,1.0372158333333334,0.1050327343391304,2,2,2_2
YTHDC2,1.0166125,0.031434498795289846,1,0,1_0
YTHDF1,1.0059791666666666,0.009119806594202902,1,0,1_0
YTHDF2,0.9880854166666667,0.0072958017934782625,0,0,0_0
YTHDF3,1.0306395833333333,0.023178558967391297,2,0,2_0
YTHDF3-AS1,1.0114708333333333,0.12053552195652174,1,2,1_2
YWHAB,1.0067291666666667,0.012176645305958132,1,0,1_0
YWHAE,1.0605854166666668,0.023353104112318834,2,0,2_0
YWHAG,1.0207666666666668,0.009863180144927536,1,0,1_0
YWHAH,0.9948444444444444,0.03697223194847021,0,1,0_1
YWHAQ,1.009911111111111,0.004878030805152979,1,0,1_0
YWHAZ,1.0288666666666666,0.010626928782608696,1,0,1_0
YY1,0.9820458333333333,0.005223922347020934,0,0,0_0
YY1AP1,1.0234291666666666,0.022344260797101452,1,0,1_0
YY2,1.0459166666666666,0.32059922072463776,2,3,2_3
ZACN,0.9687291666666665,0.03477888007246377,0,0,0_0
ZADH2,1.0221238095238094,0.01914296727891156,1,0,1_0
ZAN,1.48018,0.4107199694202899,4,3,4_3
ZAP70,1.1346083333333334,0.2763498602536232,3,3,3_3
ZAR1,1.7395125,1.2829318065942033,4,4,4_4
ZBBX,1.0297416666666666,0.24036885173913042,1,3,1_3
ZBED1,1.04400625,0.08941126846014492,2,2,2_2
ZBED2,1.1928250000000002,0.6783548850724638,3,4,3_4
ZBED3,1.0039395833333333,0.07447576059782608,1,1,1_1
ZBED3-AS1,1.0399489583333332,0.10321464870923912,2,2,2_2
ZBED4,1.02543125,0.050304353387681154,1,1,1_1
ZBED5,1.2436555555555557,0.3226008564412238,4,3,4_3
ZBED5-AS1,0.9651125,0.028041862971014495,0,0,0_0
ZBED6,0.9813104166666667,0.018568103532608692,0,0,0_0
ZBED6CL,0.9829791666666666,0.09229433123188406,0,2,0_2
ZBED8,1.0392875000000001,0.06222843775362318,2,1,2_1
ZBED9,0.9609,0.04734046507246377,0,1,0_1
ZBP1,1.2004291666666667,0.2936694735869565,3,3,3_3
ZBTB1,1.0170430555555556,0.053273745080515314,1,1,1_1
ZBTB10,0.9850470238095239,0.03817775972049689,0,1,0_1
ZBTB11,1.0186833333333334,0.05279240576086957,1,1,1_1
ZBTB11-AS1,1.0024583333333332,0.08798226586956522,1,2,1_2
ZBTB12,1.1055541666666666,0.3183764297826087,3,3,3_3
ZBTB14,1.00969375,0.041564532010869557,1,1,1_1
ZBTB16,1.8605124999999998,3.8123067357246376,4,4,4_4
ZBTB17,1.2345291666666667,0.3859872485869565,3,3,3_3
ZBTB18,1.0374125,0.13022147206521736,2,2,2_2
ZBTB2,0.9939958333333333,0.02586585282608696,0,0,0_0
ZBTB20,1.0330576388888888,0.016630221357689212,2,0,2_0
ZBTB20-AS1,0.9150083333333333,0.19124635521739128,0,3,0_3
ZBTB21,1.0323354166666665,0.029547642083333332,2,0,2_0
ZBTB22,1.0049083333333335,0.0699256388405797,1,1,1_1
ZBTB24,1.045348611111111,0.09214984491948469,2,2,2_2
ZBTB25,1.083595833333333,0.11454745065217391,3,2,3_2
ZBTB26,1.0284583333333333,0.04787114760869566,1,1,1_1
ZBTB3,1.0409020833333333,0.03707863610507247,2,1,2_1
ZBTB32,1.3013124999999999,0.8962415461594204,4,4,4_4
ZBTB33,1.0000625,0.07430369938405798,0,1,0_1
ZBTB34,0.9767166666666666,0.018029551014492756,0,0,0_0
ZBTB37,1.030313888888889,0.07097079685990337,2,1,2_1
ZBTB38,1.0152691666666667,0.022119808298550724,1,0,1_0
ZBTB39,0.9984666666666667,0.018571763913043472,0,0,0_0
ZBTB4,0.9934687499999999,0.015713270525362314,0,0,0_0
ZBTB40,1.0566555555555555,0.08722868341384862,2,2,2_2
ZBTB41,1.0467166666666667,0.03271204434782608,2,0,2_0
ZBTB42,0.9932083333333335,0.056733900434782616,0,1,0_1
ZBTB43,1.0459375,0.0817483637942029,2,2,2_2
ZBTB44,1.0371708333333334,0.04289417241449276,2,1,2_1
ZBTB45,0.7403749999999999,0.05614377713768117,0,1,0_1
ZBTB46,1.2084680555555556,0.34963260408212565,3,3,3_3
ZBTB46-AS1,1.1815333333333333,0.8475489239130435,3,4,3_4
ZBTB47,1.0063472222222223,0.08503954560386473,1,2,1_2
ZBTB48,0.9969583333333333,0.03259139173913044,0,0,0_0
ZBTB49,0.9624458333333332,0.07334483442028984,0,1,0_1
ZBTB5,0.9935749999999999,0.030071750869565216,0,0,0_0
ZBTB6,1.0273583333333332,0.07843768681159421,1,1,1_1
ZBTB7A,1.0683381944444443,0.06883760642310788,2,1,2_1
ZBTB7B,1.0349604166666666,0.08100688168478261,2,2,2_2
ZBTB7C,0.84985,0.07186501793478262,0,1,0_1
ZBTB8A,1.0695833333333333,0.08570947710144926,2,2,2_2
ZBTB8B,1.5103666666666664,1.625003196231884,4,4,4_4
ZBTB8OS,1.0304833333333334,0.025798826956521737,2,0,2_0
ZBTB9,0.9876541666666666,0.07336078166666665,0,1,0_1
ZC2HC1A,0.9797638888888889,0.10544079259259259,0,2,0_2
ZC2HC1B,0.9770083333333334,0.24864158014492757,0,3,0_3
ZC2HC1C,1.2048125,0.18829385123188402,3,2,3_2
ZC3H10,1.054925,0.05072606922705313,2,1,2_1
ZC3H12B,1.0827458333333333,0.26588360409420286,3,3,3_3
ZC3H12C,1.1028312500000002,0.1854649962137681,3,2,3_2
ZC3H12D,1.1430541666666667,0.3077563006521739,3,3,3_3
ZC3H13,1.0048569444444444,0.059825181553945256,1,1,1_1
ZC3H14,1.0346631944444444,0.02579920016706925,2,0,2_0
ZC3H15,0.9739583333333334,0.0534196385668277,0,1,0_1
ZC3H18,1.2583,0.40448848394927533,4,3,4_3
ZC3H3,1.3478729166666668,0.4788629791847825,4,3,4_3
ZC3H4,1.1655145833333334,0.18024783835144928,3,2,3_2
ZC3H6,1.0039749999999998,0.05232726278985508,1,1,1_1
ZC3H7A,1.0212583333333332,0.008712916413043477,1,0,1_0
ZC3H7B,1.2699483333333335,0.23920707204637676,4,3,4_3
ZC3H8,0.9980500000000001,0.023873960108695653,0,0,0_0
ZC3HAV1,1.0368027777777777,0.039296071127214165,2,1,2_1
ZC3HAV1L,1.0661250000000002,0.1438866857246377,2,2,2_2
ZC3HC1,0.9838083333333333,0.014460721014492752,0,0,0_0
ZC4H2,0.9447291666666667,0.07514944596618359,0,1,0_1
ZCCHC10,0.9886680555555555,0.011479325064412233,0,0,0_0
ZCCHC12,1.199225,0.8900305908695652,3,4,3_4
ZCCHC13,1.3658375000000003,1.1031933094927537,4,4,4_4
ZCCHC14,1.0198125,0.06592286968599036,1,1,1_1
ZCCHC17,0.9906583333333332,0.014163115253623192,0,0,0_0
ZCCHC18,1.0890250000000001,0.19107157463768115,3,3,3_3
ZCCHC2,0.9946864583333334,0.017416127332427544,0,0,0_0
ZCCHC24,1.05990625,0.04997735697463767,2,1,2_1
ZCCHC3,1.3874013888888888,0.6543683551610306,4,4,4_4
ZCCHC4,0.9503097222222223,0.05380486809178744,0,1,0_1
ZCCHC7,0.9960791666666666,0.015851126400966177,0,0,0_0
ZCCHC8,1.0017479166666667,0.011831850706521733,1,0,1_0
ZCCHC9,1.0056291666666668,0.014970793405797099,1,0,1_0
ZCRB1,1.0399791666666667,0.0217755425,2,0,2_0
ZCWPW1,1.01551875,0.060868014692028974,1,1,1_1
ZCWPW2,1.0471,0.07197345695652176,2,1,2_1
ZDBF2,1.1687708333333333,0.22097968760869566,3,3,3_3
ZDHHC1,1.1077333333333332,0.26317493257246377,3,3,3_3
ZDHHC11,1.0675333333333332,0.344135541884058,2,3,2_3
ZDHHC11B,1.2283083333333333,0.3852963631884059,3,3,3_3
ZDHHC12,1.03465,0.09086303855072463,2,2,2_2
ZDHHC13,1.0333041666666667,0.10227454068840582,2,2,2_2
ZDHHC14,1.232028125,0.2853383465534421,3,3,3_3
ZDHHC15,1.0771583333333334,0.11338106855072465,2,2,2_2
ZDHHC16,1.0133374999999998,0.01606705137681159,1,0,1_0
ZDHHC17,1.021938888888889,0.08618055041867956,1,2,1_2
ZDHHC18,1.2023041666666667,0.40928210334239135,3,3,3_3
ZDHHC19,1.3106166666666665,0.4923540114130434,4,3,4_3
ZDHHC2,0.9418291666666668,0.036203273632246374,0,0,0_0
ZDHHC20,1.0016708333333335,0.04944292307971014,1,1,1_1
ZDHHC21,1.0498333333333334,0.04232946724458758,2,1,2_1
ZDHHC22,1.2237104166666668,1.1695272156340581,3,4,3_4
ZDHHC23,1.0095166666666666,0.027759280289855068,1,0,1_0
ZDHHC24,1.123125,0.26443443483091794,3,3,3_3
ZDHHC3,1.0122499999999999,0.028800390788043476,1,0,1_0
ZDHHC4,1.0338979166666666,0.05510071277173912,2,1,2_1
ZDHHC5,0.99680625,0.040653708170289855,0,1,0_1
ZDHHC6,0.9859708333333334,0.01575476731884058,0,0,0_0
ZDHHC7,0.9730374999999999,0.01418968847826087,0,0,0_0
ZDHHC8,0.9763270833333332,0.09820644375,0,2,0_2
ZDHHC9,1.0899854166666667,0.08477984635869565,3,2,3_2
ZEB1,1.0734510416666667,0.06590611160778985,2,1,2_1
ZEB1-AS1,1.0229333333333333,0.06563272173913043,1,1,1_1
ZEB2,1.17147,0.13232735380289853,3,2,3_2
ZER1,1.3903364583333333,0.5388641568432971,4,4,4_4
ZFAND1,0.9883875,0.020214415869565218,0,0,0_0
ZFAND2A,1.0342041666666668,0.05491705891304348,2,1,2_1
ZFAND2B,1.0531625,0.06939162268115942,2,1,2_1
ZFAND3,0.9743166666666666,0.031749750144927535,0,0,0_0
ZFAND4,1.0259250000000002,0.033663456630434775,1,0,1_0
ZFAND5,1.0778758333333334,0.14378539008405797,2,2,2_2
ZFAND6,1.0210625,0.014273010326086955,1,0,1_0
ZFAS1,1.01420625,0.04994447361413044,1,1,1_1
ZFAT,0.9767666666666668,0.08990802652173914,0,2,0_2
ZFC3H1,1.0118833333333332,0.06536673170289854,1,1,1_1
ZFHX2,0.89663125,0.11247697016304349,0,2,0_2
ZFHX3,1.3580222222222222,0.2666197313164251,4,3,4_3
ZFHX4,1.3156625,0.5270630966747182,4,3,4_3
ZFHX4-AS1,1.1368583333333333,0.9055758331521738,3,4,3_4
ZFP1,1.5089652777777778,0.6758655936795492,4,4,4_4
ZFP14,0.9978083333333334,0.10579890014492753,0,2,0_2
ZFP2,1.0221875,0.06090186471014494,1,1,1_1
ZFP28,1.036475,0.050815238840579716,2,1,2_1
ZFP3,0.990475,0.013510792318840583,0,0,0_0
ZFP30,0.9729125,0.021526164420289852,0,0,0_0
ZFP36,1.1950625,0.5484710648550725,3,4,3_4
ZFP36L1,1.6606822916666666,0.9086936770244564,4,4,4_4
ZFP36L2,1.1261427083333333,0.3785445145878623,3,3,3_3
ZFP37,1.0279083333333332,0.09999409869565218,1,2,1_2
ZFP41,1.036334375,0.09090762507699275,2,2,2_2
ZFP42,1.0642375,0.1543004154347826,2,2,2_2
ZFP57,3.6165,20.00171809942029,4,4,4_4
ZFP62,1.0002166666666668,0.007835327826086955,0,0,0_0
ZFP64,1.4412260416666667,0.29967049271286234,4,3,4_3
ZFP69,1.0733458333333334,0.07852396065217392,2,1,2_1
ZFP69B,1.0082791666666666,0.10642418155797104,1,2,1_2
ZFP82,1.0260562500000001,0.11072528672101449,1,2,1_2
ZFP90,1.0159861111111113,0.049371801755233494,1,1,1_1
ZFP91,0.9826291666666668,0.01972311126811594,0,0,0_0
ZFP92,1.03115,0.1303347692753623,2,2,2_2
ZFPL1,0.9928944444444445,0.0954062852979066,0,2,0_2
ZFPM1,1.0194124999999998,0.16681260061594202,1,2,1_2
ZFPM2,1.1408041666666666,0.19383911036231882,3,3,3_3
ZFR,1.0055260416666665,0.024047254569746372,1,0,1_0
ZFR2,0.95036875,0.14050515233695654,0,2,0_2
ZFX,1.0371802083333332,0.05980522274003623,2,1,2_1
ZFY,1.1412375000000001,0.533731179589372,3,3,3_3
ZFYVE1,1.0022083333333331,0.06404373126811594,1,1,1_1
ZFYVE16,0.9921825000000001,0.04339581296521741,0,1,0_1
ZFYVE19,1.0112041666666667,0.027117211231884063,1,0,1_0
ZFYVE21,0.9831270833333333,0.0272443042210145,0,0,0_0
ZFYVE26,0.9888062500000001,0.026708539329710155,0,0,0_0
ZFYVE27,0.9964541666666668,0.03973502949275362,0,1,0_1
ZFYVE28,1.201275,0.42973706842190024,3,3,3_3
ZFYVE9,1.0115604166666667,0.04715042911231884,1,1,1_1
ZG16,1.1708,0.3337216960869565,3,3,3_3
ZG16B,0.9171791666666667,0.08742131934782607,0,2,0_2
ZGLP1,1.0434124999999999,0.08212353528985507,2,2,2_2
ZGPAT,0.9681645833333331,0.026510543025362324,0,0,0_0
ZGRF1,1.0253375,0.07755365455615942,1,1,1_1
ZHX1,1.0060166666666666,0.017864491268115946,1,0,1_0
ZHX1-C8orf76,0.9709208333333335,0.06252014123188405,0,1,0_1
ZHX2,1.0438770833333333,0.01950544494565218,2,0,2_0
ZHX3,1.067222916666667,0.17631960001811595,2,2,2_2
ZIC1,1.1860680555555556,0.22723018148953303,3,3,3_3
ZIC2,2.5701541666666663,11.370470852681162,4,4,4_4
ZIC3,1.3161166666666666,3.6650912414492756,4,4,4_4
ZIC4,1.1819416666666667,0.7791327524637681,3,4,3_4
ZIC5,1.5923541666666665,4.383798554565218,4,4,4_4
ZIK1,1.01598125,0.05947900436594204,1,1,1_1
ZIM2,1.3697458333333337,0.9111168745652174,4,4,4_4
ZIM3,1.1465583333333333,1.5788712098550726,3,4,3_4
ZKSCAN1,0.9904572916666666,0.05270316126358696,0,1,0_1
ZKSCAN2,1.004825,0.09027166144927536,1,2,1_2
ZKSCAN3,1.0080708333333332,0.03215113259963768,1,0,1_0
ZKSCAN4,1.05645,0.05072376565217391,2,1,2_1
ZKSCAN5,0.996325,0.019102119384057977,0,0,0_0
ZKSCAN7,1.2088520833333334,0.3811488086775362,3,3,3_3
ZKSCAN8,0.9629319444444445,0.09836298765700485,0,2,0_2
ZMAT1,0.9970395833333333,0.09611481701086957,0,2,0_2
ZMAT2,1.0061416666666665,0.030675124347826082,1,0,1_0
ZMAT3,0.9866033333333334,0.038587163988405795,0,1,0_1
ZMAT4,1.0808333333333333,0.658488546521739,2,4,2_4
ZMAT5,1.019825,0.07064664376811594,1,1,1_1
ZMIZ1,1.3000930555555557,0.35928518656199676,4,3,4_3
ZMIZ1-AS1,1.02855,0.09607813666666666,1,2,1_2
ZMIZ2,1.0262989583333333,0.020422322477355075,1,0,1_0
ZMPSTE24,1.0059250000000002,0.006577418260869568,1,0,1_0
ZMYM1,0.9382083333333333,0.07583765101449276,0,1,0_1
ZMYM2,1.039997619047619,0.05546389244897959,2,1,2_1
ZMYM3,1.0288694444444444,0.04534540903381644,1,1,1_1
ZMYM4,1.0065486111111113,0.013881120475040252,1,0,1_0
ZMYM5,1.0280270833333331,0.05270207839673912,1,1,1_1
ZMYM6,0.9978934523809525,0.0229398018086365,0,0,0_0
ZMYND10,1.0262916666666666,0.24846463677536235,1,3,1_3
ZMYND11,1.0123083333333334,0.01905767367753623,1,0,1_0
ZMYND12,0.9971375,0.1759843352898551,0,2,0_2
ZMYND15,1.0228791666666668,0.25169017036231883,1,3,1_3
ZMYND19,0.9618708333333332,0.0169030281884058,0,0,0_0
ZMYND8,1.022835,0.030079781211594204,1,0,1_0
ZNF10,0.9736958333333335,0.025444744565217392,0,0,0_0
ZNF100,0.9903666666666666,0.11119254826086955,0,2,0_2
ZNF101,1.059423611111111,0.052458183647343004,2,1,2_1
ZNF106,1.0100520833333333,0.015264268097826082,1,0,1_0
ZNF107,1.0619861111111113,0.07084002801932365,2,1,2_1
ZNF112,1.009225,0.045131661304347835,1,1,1_1
ZNF114,0.9943354166666668,0.20212303498188405,0,3,0_3
ZNF117,1.0453958333333333,0.08707241535326089,2,2,2_2
ZNF12,1.0310989583333334,0.039348920674818835,2,1,2_1
ZNF121,1.02935,0.025180448115942024,1,0,1_0
ZNF124,1.0788583333333335,0.06878008264492752,2,1,2_1
ZNF132,1.0455416666666666,0.13392530913043477,2,2,2_2
ZNF133,0.9983270833333333,0.014567927989130439,0,0,0_0
ZNF134,1.0050375,0.042885331086956524,1,1,1_1
ZNF135,1.0498708333333333,0.06483446130434785,2,1,2_1
ZNF136,0.9689125000000001,0.041424335144927535,0,1,0_1
ZNF138,0.9937333333333335,0.09455162836956521,0,2,0_2
ZNF14,1.0086916666666665,0.022417572608695653,1,0,1_0
ZNF140,0.9835833333333334,0.014653609565217387,0,0,0_0
ZNF141,0.9993500000000001,0.015965548007246377,0,0,0_0
ZNF142,1.0240041666666666,0.017991561739130434,1,0,1_0
ZNF143,0.93110625,0.06482825211956521,0,1,0_1
ZNF146,1.0333375,0.01862603373188406,2,0,2_0
ZNF148,1.0285136904761905,0.017192689436557235,1,0,1_0
ZNF154,1.0688479166666667,0.24570964164855072,2,3,2_3
ZNF155,1.0232833333333333,0.07113983260869565,1,1,1_1
ZNF157,1.8495791666666666,3.8995256793478257,4,4,4_4
ZNF16,0.9759625,0.01881601891304348,0,0,0_0
ZNF160,1.0765366666666667,0.05426171605217392,2,1,2_1
ZNF165,1.0736458333333332,0.08195940760869565,2,2,2_2
ZNF169,0.9606152777777778,0.07793139949275363,0,1,0_1
ZNF17,0.9923000000000001,0.04365602083333333,0,1,0_1
ZNF174,0.9874930555555554,0.021692805869565224,0,0,0_0
ZNF175,1.0754291666666667,0.045089559057971004,2,1,2_1
ZNF18,0.9979083333333335,0.03315248463768116,0,0,0_0
ZNF180,1.0177500000000002,0.049331208804347826,1,1,1_1
ZNF182,0.97529375,0.043144889764492746,0,1,0_1
ZNF184,1.0073041666666667,0.01775575369565217,1,0,1_0
ZNF185,0.9979333333333334,0.07068141753623189,0,1,0_1
ZNF189,1.0101625,0.02171299239130435,1,0,1_0
ZNF19,1.0293319444444444,0.02637837169887279,1,0,1_0
ZNF195,0.9859874999999999,0.02036670586956521,0,0,0_0
ZNF197,1.0414208333333332,0.027218409311594197,2,0,2_0
ZNF2,0.972875,0.02860375376811594,0,0,0_0
ZNF200,1.0212875,0.05968825648550725,1,1,1_1
ZNF202,0.9955125000000001,0.011969736847826089,0,0,0_0
ZNF205,1.0098,0.0375489968115942,1,1,1_1
ZNF207,1.0441657407407405,0.017587741753444262,2,0,2_0
ZNF208,1.3143208333333334,0.7301819724999999,4,4,4_4
ZNF211,1.0128583333333332,0.03790834826086957,1,1,1_1
ZNF212,1.0532458333333332,0.04490737282608695,2,1,2_1
ZNF213,1.0059666666666667,0.02379545289855072,1,0,1_0
ZNF213-AS1,1.0282458333333333,0.029644753550724635,1,0,1_0
ZNF214,1.2388625,0.3381950146779388,4,3,4_3
ZNF215,1.2016937499999998,0.19471927215579707,3,3,3_3
ZNF217,1.0265208333333333,0.01422895528985507,1,0,1_0
ZNF219,1.60595,1.002839204021739,4,4,4_4
ZNF22,1.00515,0.028431699963768126,1,0,1_0
ZNF221,0.9902458333333334,0.11425877079710144,0,2,0_2
ZNF222,1.0112416666666666,0.058359447101449274,1,1,1_1
ZNF223,1.0101333333333333,0.11579798594202897,1,2,1_2
ZNF224,1.1559416666666669,0.11973443426328503,3,2,3_2
ZNF225,0.9838416666666667,0.051632249021739136,0,1,0_1
ZNF226,1.3143885416666667,0.21173920460597825,4,3,4_3
ZNF227,1.0086000000000002,0.03509268456521741,1,0,1_0
ZNF229,1.1383416666666666,0.27143165503623184,3,3,3_3
ZNF23,1.007375,0.038196434637681166,1,1,1_1
ZNF230,1.0106805555555554,0.03542924355877617,1,0,1_0
ZNF232,1.1195916666666668,0.20582041869565212,3,3,3_3
ZNF233,0.95133125,0.15935664567028987,0,2,0_2
ZNF234,1.17874375,0.37366757788043475,3,3,3_3
ZNF235,1.0078229166666668,0.05229940197463768,1,1,1_1
ZNF236,0.9852708333333334,0.027715235,0,0,0_0
ZNF239,1.1298375,0.08966971992753626,3,2,3_2
ZNF24,1.0217666666666667,0.02226549418550725,1,0,1_0
ZNF248,0.9574666666666666,0.023113039239130436,0,0,0_0
ZNF25,0.9879416666666666,0.027543148369565226,0,0,0_0
ZNF250,0.9774625,0.047515553224637685,0,1,0_1
ZNF251,1.0662791666666667,0.04917897456521738,2,1,2_1
ZNF252P-AS1,1.095375,0.20843162101449278,3,3,3_3
ZNF253,0.9770479166666667,0.03962785458333333,0,1,0_1
ZNF254,1.0338666666666667,0.035629275842391304,2,0,2_0
ZNF256,0.96165,0.06453322710144928,0,1,0_1
ZNF257,1.0576125,0.5763610280434782,2,4,2_4
ZNF26,1.0285125,0.035981154673913045,1,0,1_0
ZNF260,0.984525,0.017514442862318843,0,0,0_0
ZNF264,1.0850569444444444,0.06138577322866344,3,1,3_1
ZNF266,1.0879583333333336,0.10813354362318842,3,2,3_2
ZNF267,1.048125,0.0528100268115942,2,1,2_1
ZNF268,1.0308416666666667,0.04023961998389693,2,1,2_1
ZNF273,1.0472000000000001,0.1198021215942029,2,2,2_2
ZNF274,0.9471729166666666,0.03891715690217391,0,1,0_1
ZNF275,0.9966541666666666,0.027405750326086963,0,0,0_0
ZNF276,0.9430125,0.08790684221014494,0,2,0_2
ZNF277,0.9815437499999998,0.010720952699275364,0,0,0_0
ZNF28,1.2447916666666667,0.6778415256521737,4,4,4_4
ZNF280A,1.1179583333333334,0.5570575375362319,3,4,3_4
ZNF280B,1.1614458333333333,0.4093380047101449,3,3,3_3
ZNF280C,1.0242458333333333,0.10177666224637683,1,2,1_2
ZNF281,0.9959833333333333,0.014989167439613526,0,0,0_0
ZNF282,1.0676625,0.07268160717391303,2,1,2_1
ZNF283,0.9647541666666667,0.05187518731884058,0,1,0_1
ZNF284,1.0039624999999999,0.02702534963768115,1,0,1_0
ZNF286A,1.0123958333333334,0.05064190688405798,1,1,1_1
ZNF286B,0.9961041666666666,0.022798290072463766,0,0,0_0
ZNF287,1.0907930555555556,0.10795772078099838,3,2,3_2
ZNF292,1.0256444444444444,0.05757050407407407,1,1,1_1
ZNF295-AS1,1.4490958333333335,1.3047949226811595,4,4,4_4
ZNF296,1.0687583333333335,0.14893264,2,2,2_2
ZNF3,1.0137572916666666,0.037741720230978264,1,1,1_1
ZNF30,0.9934541666666666,0.045463383260869565,0,1,0_1
ZNF300,0.9873875,0.0824175502173913,0,2,0_2
ZNF302,0.9991458333333333,0.02265379730273752,0,0,0_0
ZNF304,1.0103291666666665,0.034786083260869564,1,0,1_0
ZNF311,1.0488458333333333,0.0855088973188406,2,2,2_2
ZNF316,1.4535152777777778,0.8152582667552335,4,4,4_4
ZNF317,1.0439333333333334,0.10352348721014491,2,2,2_2
ZNF318,1.0030458333333332,0.019315230471014487,1,0,1_0
ZNF319,0.9977458333333334,0.040110213695652173,0,1,0_1
ZNF32,0.9729541666666668,0.04878814268115943,0,1,0_1
ZNF32-AS3,1.3350583333333332,0.6696692544927536,4,4,4_4
ZNF320,0.9817979166666667,0.015585401431159418,0,0,0_0
ZNF322,0.9950749999999999,0.01629557242753623,0,0,0_0
ZNF324,1.0431708333333332,0.03432727181159421,2,0,2_0
ZNF324B,1.04589375,0.1646051855253623,2,2,2_2
ZNF326,1.0008291666666667,0.07161481196557971,0,1,0_1
ZNF329,1.0151208333333333,0.03463920833333334,1,0,1_0
ZNF330,0.99850625,0.029425391358695648,0,0,0_0
ZNF331,1.1287437500000002,0.1337868508152174,3,2,3_2
ZNF333,0.9927444444444445,0.04189526916666667,0,1,0_1
ZNF334,0.9925104166666667,0.07654253403985507,0,1,0_1
ZNF335,1.399125,0.6989833338003217,4,4,4_4
ZNF337,1.0151270833333335,0.027783048097826103,1,0,1_0
ZNF33A,1.0677166666666666,0.04117922225442833,2,1,2_1
ZNF33B,0.9912722222222223,0.025769575797101447,0,0,0_0
ZNF34,1.0575666666666665,0.10876241826086956,2,2,2_2
ZNF341,1.3032972222222223,0.37580238636070856,4,3,4_3
ZNF343,1.3452791666666666,0.4854294630797102,4,3,4_3
ZNF345,1.1192458333333333,0.20232445358695655,3,3,3_3
ZNF346,1.0226902777777778,0.04112508586956521,1,1,1_1
ZNF347,1.0312916666666665,0.02749766713768115,2,0,2_0
ZNF35,1.0548208333333333,0.04098931282608697,2,1,2_1
ZNF350,1.0896145833333335,0.22914240744565215,3,3,3_3
ZNF354A,0.99385,0.048916747246376804,0,1,0_1
ZNF354B,0.9733583333333332,0.06904935144927535,0,1,0_1
ZNF354C,1.0359958333333334,0.16865899351449273,2,2,2_2
ZNF358,0.9696208333333333,0.07115942804347826,0,1,0_1
ZNF362,1.0784152777777778,0.03989742549919484,2,1,2_1
ZNF365,1.639916666666667,0.8365272199275363,4,4,4_4
ZNF366,1.3018583333333333,0.2726858427173913,4,3,4_3
ZNF367,1.1928124999999998,0.17245918007246375,3,2,3_2
ZNF382,0.9662416666666666,0.13498321423913048,0,2,0_2
ZNF383,1.0202916666666666,0.06646011434782607,1,1,1_1
ZNF384,1.0010375,0.07250124068840579,0,1,0_1
ZNF385A,1.2645041666666668,0.25218004499999996,4,3,4_3
ZNF385B,1.3566430555555555,0.548011572326892,4,4,4_4
ZNF385C,1.0194708333333333,0.10754957601449275,1,2,1_2
ZNF385D,1.3260145833333332,0.41218298244565216,4,3,4_3
ZNF391,0.9654333333333334,0.07728630826992754,0,1,0_1
ZNF394,0.98473125,0.01646670291666667,0,0,0_0
ZNF395,1.1970458333333334,0.2279772910386473,3,3,3_3
ZNF396,1.0386,0.07177247070724636,2,1,2_1
ZNF397,1.0445766666666667,0.11287228506086953,2,2,2_2
ZNF398,1.0390194444444445,0.01942123711755234,2,0,2_0
ZNF404,1.1896333333333333,0.2929072065217392,3,3,3_3
ZNF407,1.4671343749999999,0.6666192304483696,4,4,4_4
ZNF408,0.9974625,0.03470660615942029,0,0,0_0
ZNF41,0.9988416666666667,0.06183874420289857,0,1,0_1
ZNF414,1.10444375,0.16207070222826087,3,2,3_2
ZNF415,1.0779249999999998,0.057451764782608696,2,1,2_1
ZNF416,0.972425,0.0442344327173913,0,1,0_1
ZNF417,1.1386222222222224,0.21858356792270528,3,3,3_3
ZNF418,1.0246041666666665,0.04341725514492754,1,1,1_1
ZNF419,1.0054,0.023132850398550727,1,0,1_0
ZNF420,1.004925,0.026390426304347823,1,0,1_0
ZNF423,1.1991083333333334,0.3934458726086957,3,3,3_3
ZNF425,1.86536875,2.0311170850181166,4,4,4_4
ZNF426,1.0113125,0.093877629057971,1,2,1_2
ZNF428,1.11515,0.20296247257246375,3,3,3_3
ZNF429,1.9183916666666665,4.238089736376812,4,4,4_4
ZNF43,1.0399291666666668,0.05739657746376812,2,1,2_1
ZNF430,1.0100416666666667,0.04399964199275362,1,1,1_1
ZNF431,1.0302375,0.04637533155394525,2,1,2_1
ZNF432,1.0950416666666667,0.03143080826086957,3,0,3_0
ZNF436,1.08306875,0.19233449548913042,3,3,3_3
ZNF436-AS1,1.0035916666666667,0.06479355144927536,1,1,1_1
ZNF438,1.0393541666666666,0.07722275123188406,2,1,2_1
ZNF439,1.0229125000000001,0.031185709347826086,1,0,1_0
ZNF44,1.0297020833333332,0.12873994483695653,1,2,1_2
ZNF440,1.0701055555555554,0.1508862798711755,2,2,2_2
ZNF441,0.9929791666666666,0.0813251686231884,0,2,0_2
ZNF442,0.9784083333333333,0.07742465956521738,0,1,0_1
ZNF443,1.040373611111111,0.08518675876811596,2,2,2_2
ZNF444,1.0088708333333334,0.043297193043478274,1,1,1_1
ZNF445,1.0541104166666668,0.022861214221014493,2,0,2_0
ZNF446,0.9908333333333332,0.06547558518115941,0,1,0_1
ZNF449,1.1097604166666668,0.18768764751811592,3,2,3_2
ZNF45,1.01219375,0.026546380742753627,1,0,1_0
ZNF451,1.1347575,0.0925520217246377,3,2,3_2
ZNF460,1.2622236111111111,0.297050596900161,4,3,4_3
ZNF461,1.0854458333333334,0.5990682045652174,3,4,3_4
ZNF462,1.0438055555555554,0.11814777814814814,2,2,2_2
ZNF467,1.0039020833333332,0.09590210726449276,1,2,1_2
ZNF468,1.0560124999999998,0.05799073050724638,2,1,2_1
ZNF469,1.0989791666666666,0.1610160986231884,3,2,3_2
ZNF470,1.0283,0.10409447115942029,1,2,1_2
ZNF471,1.1178833333333333,0.16995566336553944,3,2,3_2
ZNF473,1.0073416666666668,0.03247620076086956,1,0,1_0
ZNF474,1.0554416666666666,0.3945613713043478,2,3,2_3
ZNF48,0.9943874999999999,0.030145453985507248,0,0,0_0
ZNF480,1.0040208333333334,0.11831144326086954,1,2,1_2
ZNF483,0.9706374999999999,0.1418476014573269,0,2,0_2
ZNF484,1.0182250000000002,0.12219142449275362,1,2,1_2
ZNF485,0.9928875,0.09834705949275362,0,2,0_2
ZNF486,0.9700125,0.08928555644927537,0,2,0_2
ZNF488,1.2764833333333334,1.3044378469565217,4,4,4_4
ZNF490,0.9995083333333333,0.018290897536231893,0,0,0_0
ZNF491,1.5934916666666663,2.342818958695652,4,4,4_4
ZNF492,0.9845750000000001,0.06020966913043479,0,1,0_1
ZNF493,1.055753125,0.051275113763586955,2,1,2_1
ZNF496,1.0633949999999999,0.08670075293913043,2,2,2_2
ZNF497,0.9427,0.11730512565217391,0,2,0_2
ZNF500,1.0984180555555556,0.12276093256843797,3,2,3_2
ZNF501,1.0902791666666667,0.2505588421014493,3,3,3_3
ZNF502,1.0147208333333333,0.035319464021739126,1,0,1_0
ZNF503,1.361925,0.41635019033514487,4,3,4_3
ZNF503-AS1,1.1610916666666666,0.3188056502898551,3,3,3_3
ZNF503-AS2,1.1641927083333332,0.16586587605525363,3,2,3_2
ZNF506,1.058834375,0.0235512516893116,2,0,2_0
ZNF507,1.0423291666666668,0.06171392330917877,2,1,2_1
ZNF510,1.09384375,0.02370264295289856,3,0,3_0
ZNF511,0.9907708333333334,0.0661081097826087,0,1,0_1
ZNF512,0.9809604166666667,0.023123867916666666,0,0,0_0
ZNF512B,0.9873375000000001,0.024809510362318845,0,0,0_0
ZNF513,1.0182083333333332,0.11638323840579712,1,2,1_2
ZNF514,0.9990416666666665,0.057396883768115935,0,1,0_1
ZNF516,0.9936041666666666,0.08151752152173915,0,2,0_2
ZNF517,0.8938708333333333,0.29418560499999996,0,3,0_3
ZNF518A,1.234048611111111,0.32021705279388085,3,3,3_3
ZNF518B,1.3306722222222223,0.3731668849758454,4,3,4_3
ZNF519,1.024923611111111,0.08967768577294688,1,2,1_2
ZNF521,1.0556666666666665,0.17165317018115941,2,2,2_2
ZNF524,1.0043416666666667,0.14932518710144924,1,2,1_2
ZNF526,1.0585166666666668,0.10065437666666667,2,2,2_2
ZNF527,1.0061395833333333,0.08457109161231884,1,2,1_2
ZNF528,0.9870375,0.02631186978260869,0,0,0_0
ZNF529,0.9862194444444445,0.05083358636070855,0,1,0_1
ZNF529-AS1,1.0063166666666667,0.09085973855072464,1,2,1_2
ZNF530,1.53928125,0.7312659530253623,4,4,4_4
ZNF532,1.05353125,0.06229367121376813,2,1,2_1
ZNF536,1.1515291666666665,0.4512087672705314,3,3,3_3
ZNF540,1.0296270833333334,0.040517627735507246,1,1,1_1
ZNF541,1.0085333333333333,0.30784295275362317,1,3,1_3
ZNF543,0.9900958333333335,0.07582306673913042,0,1,0_1
ZNF544,1.0955194444444445,0.07618237098228665,3,1,3_1
ZNF546,1.0038354166666668,0.05458149223731884,1,1,1_1
ZNF547,0.9958395833333333,0.11463689295289851,0,2,0_2
ZNF548,1.0333138888888889,0.03767150650563607,2,1,2_1
ZNF549,1.0733125,0.35008153673913056,2,3,2_3
ZNF550,1.0620625,0.15592837039855073,2,2,2_2
ZNF551,1.1337208333333333,0.15052699239130438,3,2,3_2
ZNF552,1.29774375,1.2159511085326085,4,4,4_4
ZNF554,1.002475,0.042368501376811606,1,1,1_1
ZNF555,1.0394218750000002,0.037099472966485504,2,1,2_1
ZNF556,1.6155416666666664,1.3273867927536231,4,4,4_4
ZNF557,0.9650145833333333,0.05028624038043479,0,1,0_1
ZNF558,1.0265666666666666,0.029035067101449267,1,0,1_0
ZNF559,1.0443041666666666,0.03429548847826087,2,0,2_0
ZNF559-ZNF177,1.0119291666666665,0.06084769195652175,1,1,1_1
ZNF560,1.0471125,1.7865092545652175,2,4,2_4
ZNF561,0.9914979166666668,0.0517179758152174,0,1,0_1
ZNF562,1.0366229166666667,0.09328538186594203,2,2,2_2
ZNF563,1.0684625,0.5208011302173913,2,3,2_3
ZNF564,0.9804041666666666,0.022832958043478263,0,0,0_0
ZNF565,0.99925,0.030935692753623192,0,0,0_0
ZNF566,1.0722416666666668,0.273412614057971,2,3,2_3
ZNF567,1.0000906250000001,0.029444999524456523,0,0,0_0
ZNF568,1.0183983333333335,0.05241529308405797,1,1,1_1
ZNF569,1.0199541666666667,0.057580588079710136,1,1,1_1
ZNF57,0.9613833333333334,0.0281722979710145,0,0,0_0
ZNF570,1.0245979166666668,0.04583007048913044,1,1,1_1
ZNF571,1.0207499999999998,0.061576118695652174,1,1,1_1
ZNF571-AS1,1.0364916666666666,0.14829503681159423,2,2,2_2
ZNF572,1.0305416666666665,0.11550750768115942,2,2,2_2
ZNF573,1.0184333333333333,0.15654422612318838,1,2,1_2
ZNF574,1.0025333333333333,0.02104022507246377,1,0,1_0
ZNF575,1.0339291666666666,0.20274534934782604,2,3,2_3
ZNF576,1.1002895833333335,0.16447519983695652,3,2,3_2
ZNF577,0.9657354166666666,0.09556760288043478,0,2,0_2
ZNF578,1.4707020833333335,1.412621895597826,4,4,4_4
ZNF579,1.0310208333333333,0.0728649502173913,2,1,2_1
ZNF580,1.00405,0.040052656086956524,1,1,1_1
ZNF581,1.021425,0.045656366956521734,1,1,1_1
ZNF582,0.9426083333333333,0.044163521014492745,0,1,0_1
ZNF582-AS1,1.0371479166666668,0.11003155730072464,2,2,2_2
ZNF583,0.9013,0.05179255956521738,0,1,0_1
ZNF584,0.9859458333333334,0.08368422355072463,0,2,0_2
ZNF585A,1.0386135416666666,0.03026470434329711,2,0,2_0
ZNF585B,1.4490458333333331,0.882632267826087,4,4,4_4
ZNF586,1.013625,0.03152298398550725,1,0,1_0
ZNF587,1.0101895833333332,0.02511970335144927,1,0,1_0
ZNF587B,0.9958041666666667,0.027591020942028983,0,0,0_0
ZNF589,1.0730125,0.07987398240036232,2,1,2_1
ZNF592,1.021873611111111,0.022652205724637685,1,0,1_0
ZNF593,1.0887,0.1789175795652174,3,2,3_2
ZNF594,1.1811354166666665,0.32949313273550723,3,3,3_3
ZNF595,2.0206354166666665,5.880603388858696,4,4,4_4
ZNF596,1.0088791666666665,0.10212408369565218,1,2,1_2
ZNF597,0.998025,0.028087870760869566,0,0,0_0
ZNF598,1.0106249999999999,0.0935188140942029,1,2,1_2
ZNF599,0.978159375,0.050052062187499996,0,1,0_1
ZNF600,0.9967375,0.030770952246376812,0,0,0_0
ZNF605,1.1304458333333334,0.2769760322101449,3,3,3_3
ZNF606,1.0485416666666667,0.06000569942028985,2,1,2_1
ZNF607,0.9481083333333332,0.04837734550724638,0,1,0_1
ZNF608,1.0255645833333336,0.1271838060688406,1,2,1_2
ZNF609,1.0446569444444445,0.06585207598228662,2,1,2_1
ZNF610,1.0116041666666666,0.08247745644927536,1,2,1_2
ZNF611,1.0292375,0.05406963007246376,1,1,1_1
ZNF613,0.8863208333333334,0.25159726442028985,0,3,0_3
ZNF614,1.069602777777778,0.034039593768115946,2,0,2_0
ZNF615,0.9925916666666668,0.014049669420289856,0,0,0_0
ZNF616,0.9932124999999999,0.021162603949275355,0,0,0_0
ZNF618,1.0947013888888888,0.0929283989130435,3,2,3_2
ZNF619,1.0215666666666665,0.08941740101449276,1,2,1_2
ZNF620,1.0407875,0.4573577844202899,2,3,2_3
ZNF621,1.0010347222222222,0.018603011618357493,0,0,0_0
ZNF622,0.98935,0.02223696681159421,0,0,0_0
ZNF623,0.9763958333333335,0.0300060670289855,0,0,0_0
ZNF624,0.9986125,0.08073425268115943,0,2,0_2
ZNF625,1.1454333333333333,0.3793196957971015,3,3,3_3
ZNF625-ZNF20,1.0447875,0.025092903659420292,2,0,2_0
ZNF626,0.9720138888888888,0.052667621674718196,0,1,0_1
ZNF627,0.9630395833333333,0.1242649503442029,0,2,0_2
ZNF628,1.1994999999999998,0.36092326894927534,3,3,3_3
ZNF629,1.0415041666666667,0.02559221282608696,2,0,2_0
ZNF630,0.9397875,0.09457910862318843,0,2,0_2
ZNF638,1.1035145833333333,0.05179876603260871,3,1,3_1
ZNF639,1.0422305555555555,0.016426907922705316,2,0,2_0
ZNF641,1.0901270833333332,0.12355301411231882,3,2,3_2
ZNF644,0.9782291666666666,0.012666237962962967,0,0,0_0
ZNF646,1.2728666666666666,0.7725029613043478,4,4,4_4
ZNF649,1.2562499999999999,0.4059647250724638,4,3,4_3
ZNF649-AS1,1.579975,1.4488095997101447,4,4,4_4
ZNF652,1.0870489583333334,0.10295280422554347,3,2,3_2
ZNF653,1.42765625,0.8064098954891306,4,4,4_4
ZNF654,1.0260638888888889,0.011002088707729474,1,0,1_0
ZNF655,1.0188486111111112,0.020688967592592596,1,0,1_0
ZNF658,0.9851625,0.016140477753623195,0,0,0_0
ZNF660,1.0544375,0.14617792789855075,2,2,2_2
ZNF662,0.9631,0.021537556086956525,0,0,0_0
ZNF664,1.005575,0.031234061005434785,1,0,1_0
ZNF665,1.0261083333333334,0.021668085797101444,1,0,1_0
ZNF667,1.051075,0.17008380072463772,2,2,2_2
ZNF667-AS1,0.9408124999999999,0.11818480195652173,0,2,0_2
ZNF668,1.0240500000000001,0.12560956807971016,1,2,1_2
ZNF669,1.0165041666666668,0.09293969398550726,1,2,1_2
ZNF670,1.0241333333333333,0.1606443795652174,1,2,1_2
ZNF670-ZNF695,1.128325,0.5059823708695653,3,3,3_3
ZNF671,1.1623166666666667,0.12047146275362319,3,2,3_2
ZNF672,1.2576222222222222,0.3090588523349436,4,3,4_3
ZNF674,1.1465145833333332,0.46555796175724634,3,3,3_3
ZNF674-AS1,1.0437291666666668,0.031656836304347825,2,0,2_0
ZNF675,1.0482833333333335,0.03916841304347826,2,1,2_1
ZNF677,1.0299885416666668,0.05725965254076084,1,1,1_1
ZNF678,1.0297145833333332,0.050401162527173915,1,1,1_1
ZNF680,1.0229708333333332,0.026494306449275366,1,0,1_0
ZNF681,1.28129375,0.46125237382246376,4,3,4_3
ZNF682,1.0630520833333332,0.08717285179347828,2,2,2_2
ZNF683,1.0800875,0.368133965,2,3,2_3
ZNF684,0.9862895833333333,0.03169389976449275,0,0,0_0
ZNF687,1.1021625000000002,0.10453225384057972,3,2,3_2
ZNF688,1.0438633333333334,0.05671846700869566,2,1,2_1
ZNF689,1.0445854166666668,0.07070042041666666,2,1,2_1
ZNF691,1.0630625,0.11067258934782606,2,2,2_2
ZNF692,1.0106916666666665,0.03653288753623189,1,1,1_1
ZNF696,1.0107166666666667,0.03235188373188406,1,0,1_0
ZNF697,1.0150979166666667,0.08097213951086957,1,2,1_2
ZNF7,1.0584510416666666,0.06664785826539855,2,1,2_1
ZNF70,1.0165791666666666,0.04862622119565217,1,1,1_1
ZNF700,0.9722666666666666,0.027954887391304348,0,0,0_0
ZNF701,1.0257812499999999,0.048149238387681155,1,1,1_1
ZNF703,1.1964270833333333,0.27558421309782605,3,3,3_3
ZNF704,1.0864895833333332,0.12048475902375205,3,2,3_2
ZNF705G,2.2003708333333334,4.883768886014493,4,4,4_4
ZNF706,1.0106354166666665,0.011891615706521742,1,0,1_0
ZNF708,1.0674583333333334,0.0834598279710145,2,2,2_2
ZNF709,1.1001349999999999,0.05563133898550726,3,1,3_1
ZNF71,1.4305729166666667,0.29214036595108694,4,3,4_3
ZNF710,1.2527658333333334,0.246036261405797,4,3,4_3
ZNF711,0.9908166666666668,0.08609074199275364,0,2,0_2
ZNF713,1.1897875,0.6895248650000001,3,4,3_4
ZNF717,1.5519125000000003,1.4887062462681158,4,4,4_4
ZNF718,1.1613416666666667,0.08071430529891306,3,1,3_1
ZNF720,1.003025,0.10227959141304348,1,2,1_2
ZNF721,1.0553541666666668,0.024961451123188406,2,0,2_0
ZNF729,1.0180958333333334,0.030591815,1,0,1_0
ZNF732,1.029475,0.2389579049637681,1,3,1_3
ZNF736,0.9625138888888888,0.016941463623188404,0,0,0_0
ZNF738,1.0274041666666667,0.051605229456521726,1,1,1_1
ZNF74,1.0758479166666668,0.0996145594746377,2,2,2_2
ZNF740,1.0038930555555556,0.03431526055555555,1,0,1_0
ZNF746,1.0387291666666665,0.08673640916666667,2,2,2_2
ZNF747,0.9852333333333334,0.02210230515297906,0,0,0_0
ZNF749,1.0405791666666666,0.17681648152173915,2,2,2_2
ZNF750,1.035425,0.15988282550724636,2,2,2_2
ZNF75A,1.025711111111111,0.007995942946859904,1,0,1_0
ZNF75D,0.9866736111111111,0.0260384110547504,0,0,0_0
ZNF76,0.9675583333333333,0.02124075608695652,0,0,0_0
ZNF763,0.9830020833333334,0.047898896394927525,0,1,0_1
ZNF764,1.0062,0.027638136847826098,1,0,1_0
ZNF765,1.0371500000000002,0.017875599983896935,2,0,2_0
ZNF766,1.0200375,0.01563643137681159,1,0,1_0
ZNF768,1.0006916666666665,0.042547621884057966,0,1,0_1
ZNF77,1.02551875,0.1514072848007246,1,2,1_2
ZNF770,1.0650597222222222,0.02364972997584541,2,0,2_0
ZNF771,1.8349425000000001,0.5291831051565217,4,3,4_3
ZNF775,1.3108802083333333,0.2822859337817029,4,3,4_3
ZNF776,1.049575,0.19707952315217395,2,3,2_3
ZNF777,1.526957291666667,0.5251649058016304,4,3,4_3
ZNF778,1.0082333333333333,0.07911050391304347,1,1,1_1
ZNF780A,1.0110972222222223,0.03823325518518519,1,1,1_1
ZNF780B,1.0042416666666665,0.09000553890398551,1,2,1_2
ZNF781,1.1006583333333333,0.13479358923913037,3,2,3_2
ZNF782,1.2905958333333334,1.0499626397987114,4,4,4_4
ZNF783,1.0080010416666665,0.0812967837182971,1,2,1_2
ZNF784,0.9641333333333333,0.06350866057971015,0,1,0_1
ZNF785,0.9836944444444445,0.06619729789049922,0,1,0_1
ZNF786,0.9400625000000001,0.04478171384057972,0,1,0_1
ZNF787,1.6662395833333334,0.9996403646195648,4,4,4_4
ZNF789,1.0139291666666665,0.027999513487318838,1,0,1_0
ZNF79,1.0680069444444444,0.12743663398550722,2,2,2_2
ZNF791,1.012786111111111,0.02093701676328502,1,0,1_0
ZNF792,0.9586291666666668,0.07460227355072464,0,1,0_1
ZNF793,0.9891708333333332,0.06706179891304348,0,1,0_1
ZNF793-AS1,1.1129041666666666,0.18708056717391305,3,2,3_2
ZNF8,0.9709791666666666,0.037925787608695645,0,1,0_1
ZNF80,0.9059083333333332,0.2413820969565217,0,3,0_3
ZNF800,1.6675822916666665,0.6435239408650362,4,4,4_4
ZNF804A,0.9557083333333333,0.16493824289855072,0,2,0_2
ZNF804B,1.1365375,0.8107853068840581,3,4,3_4
ZNF805,0.9803777777777777,0.028076371288244757,0,0,0_0
ZNF808,0.9806875,0.09098853398550726,0,2,0_2
ZNF81,1.1915104166666666,0.31261905264694045,3,3,3_3
ZNF813,0.9707916666666666,0.0249445184057971,0,0,0_0
ZNF814,0.9921574999999999,0.04032067365507247,0,1,0_1
ZNF816-ZNF321P,1.0322305555555555,0.0846283281320451,2,2,2_2
ZNF821,1.0633305555555557,0.0741169367793881,2,1,2_1
ZNF823,0.9969416666666667,0.019806871014492754,0,0,0_0
ZNF827,1.0005416666666667,0.02597253104347826,0,0,0_0
ZNF829,1.0344375,0.1548992222101449,2,2,2_2
ZNF83,1.0013458333333334,0.044164047391304334,1,1,1_1
ZNF830,0.9945666666666666,0.019203005000000002,0,0,0_0
ZNF831,1.0774895833333333,0.22980908530797103,2,3,2_3
ZNF835,0.9471916666666668,0.07321267043478259,0,1,0_1
ZNF836,1.0458437500000002,0.10835006182971016,2,2,2_2
ZNF837,1.3594041666666667,0.4833057226449275,4,3,4_3
ZNF839,0.9800437500000001,0.028161273278985516,0,0,0_0
ZNF84,1.0082958333333334,0.02233810036231884,1,0,1_0
ZNF843,1.175975,0.3584217321376812,3,3,3_3
ZNF844,0.9534520833333334,0.14545021291666665,0,2,0_2
ZNF85,1.2224458333333332,0.44649264166666675,3,3,3_3
ZNF850,1.1226833333333335,0.19836951130434785,3,3,3_3
ZNF852,0.9956916666666668,0.15543972289855074,0,2,0_2
ZNF853,1.3025541666666667,0.4589549613405797,4,3,4_3
ZNF862,0.9885666666666667,0.025194168659420292,0,0,0_0
ZNF865,1.1508666666666667,0.818761155036232,3,4,3_4
ZNF879,1.0210458333333332,0.024858809782608696,1,0,1_0
ZNF880,1.0915895833333333,0.04763302643115942,3,1,3_1
ZNF891,1.0197708333333333,0.0750241445652174,1,1,1_1
ZNF90,1.0376416666666666,0.19137900999999996,2,3,2_3
ZNF91,1.2845083333333334,0.09262202032534751,4,2,4_2
ZNF92,1.0594125,0.039391176723027374,2,1,2_1
ZNF93,1.0379156250000001,0.027734594153079713,2,0,2_0
ZNF99,1.2647979166666665,0.7581419770108696,4,4,4_4
ZNFX1,1.0745791666666666,0.0689737961594203,2,1,2_1
ZNHIT1,1.0282708333333332,0.10570140297101449,1,2,1_2
ZNHIT2,0.8540930555555555,0.040109043904991946,0,1,0_1
ZNHIT3,0.9988416666666667,0.03833226536231884,0,1,0_1
ZNHIT6,0.9969791666666667,0.023306455471014495,0,0,0_0
ZNRD1,1.0270993055555555,0.08336347732890499,1,2,1_2
ZNRF1,1.0044020833333331,0.027325915573671502,1,0,1_0
ZNRF2,1.0075833333333335,0.02393806967391304,1,0,1_0
ZNRF3,0.9598708333333333,0.029214787753623184,0,0,0_0
ZNRF4,1.0340125,0.23974437485507247,2,3,2_3
ZP1,1.2515500000000002,0.4524100476811594,4,3,4_3
ZP2,1.1832874999999998,0.8804198776086956,3,4,3_4
ZP4,1.2736291666666666,1.7224377018115944,4,4,4_4
ZPBP,0.9545083333333334,0.18781080420289856,0,2,0_2
ZPBP2,0.9284625000000001,0.21352447963768115,0,3,0_3
ZPLD1,1.7365895833333334,1.8408553811413044,4,4,4_4
ZPR1,1.0751083333333333,0.08500787869565217,2,2,2_2
ZRANB1,1.0016458333333333,0.015326738929146533,1,0,1_0
ZRANB2,1.0225,0.01962037242753623,1,0,1_0
ZRANB2-AS1,1.3815833333333334,0.9957504989855073,4,4,4_4
ZRANB3,0.9975013888888888,0.06451342387278583,0,1,0_1
ZRSR2,1.0087624999999998,0.07868905137681159,1,1,1_1
ZSCAN1,1.8919125,3.867066235434783,4,4,4_4
ZSCAN10,1.6702333333333332,1.624475423949276,4,4,4_4
ZSCAN12,1.0919416666666666,0.10621316188405797,3,2,3_2
ZSCAN16,1.0001916666666666,0.035182309855072466,0,0,0_0
ZSCAN16-AS1,1.0078347222222221,0.04439645306763285,1,1,1_1
ZSCAN18,1.1753680555555555,0.2339363074798712,3,3,3_3
ZSCAN2,1.2518145833333334,0.34080462269927536,4,3,4_3
ZSCAN20,0.9884750000000001,0.06511436003220611,0,1,0_1
ZSCAN21,1.0189708333333334,0.046502278913043475,1,1,1_1
ZSCAN22,1.046475,0.0725739511594203,2,1,2_1
ZSCAN23,1.3809145833333332,0.872931086612319,4,4,4_4
ZSCAN25,1.0135166666666666,0.07523128605072463,1,1,1_1
ZSCAN26,0.9774958333333333,0.047365523550724646,0,1,0_1
ZSCAN29,0.9847416666666667,0.022877332028985512,0,0,0_0
ZSCAN30,1.0042175,0.028171493857971023,1,0,1_0
ZSCAN31,1.0348666666666666,0.04435393666666667,2,1,2_1
ZSCAN32,1.3210416666666667,0.5517253844565218,4,4,4_4
ZSCAN4,1.1898145833333331,0.7686019717572464,3,4,3_4
ZSCAN5A,1.2031,0.26576496844202896,3,3,3_3
ZSCAN9,1.0802604166666667,0.08671054864130434,2,2,2_2
ZSWIM1,1.0352375,0.1076953522463768,2,2,2_2
ZSWIM2,1.1905958333333333,2.0397159218115943,3,4,3_4
ZSWIM3,1.0705291666666665,0.10118776326086955,2,2,2_2
ZSWIM4,1.0125333333333335,0.6352055862318842,1,4,1_4
ZSWIM5,0.9746833333333332,0.06595613550724637,0,1,0_1
ZSWIM6,1.0042291666666665,0.023510313695652176,1,0,1_0
ZSWIM7,0.9660895833333333,0.034248060706521734,0,0,0_0
ZSWIM8,1.135525,0.21054495019323677,3,3,3_3
ZSWIM8-AS1,0.9127124999999999,0.03497241282608697,0,0,0_0
ZW10,1.0194916666666667,0.05952552884057973,1,1,1_1
ZWILCH,1.0054145833333334,0.05914773110507245,1,1,1_1
ZWINT,1.1822458333333332,0.2667294752898551,3,3,3_3
ZXDA,0.9422833333333333,0.031049563188405793,0,0,0_0
ZXDB,0.9801625,0.02442407490036232,0,0,0_0
ZXDC,0.9921958333333333,0.017295726002415454,0,0,0_0
ZYG11A,1.1286458333333333,0.33519521833333327,3,3,3_3
ZYG11B,1.0802888888888889,0.06715879222222221,2,1,2_1
ZYX,1.2505604166666666,0.17189066019927535,4,2,4_2
ZZEF1,0.9883027777777778,0.04666256159420289,0,1,0_1
