source,target,cor_discovery,cor_validation,consensus_weight
DMBT1,LTF,0.9344805252123896,0.9335199739596269,0.9340001261038718
AZGP1,ZG16B,0.8903020572650661,0.9680753163382888,0.9283746257430284
DMBT1,AZGP1,0.8820246031628378,0.957448888672598,0.918963261550835
STATH,PIP,0.8984597619133285,0.9323754234613109,0.9152605098969846
LPO,MPO,0.901145661646042,0.9171151838054006,0.9090953575483428
AZGP1,LTF,0.8747104877572035,0.9376681974100193,0.9056424274021926
PPP1R1B,KCNN4,0.8743186941833639,0.9278589775494934,0.9006910955690548
ODAM,TCN1,0.8865733922281955,0.8920052954285853,0.8892851964660351
AZGP1,PIP,0.8683088463050778,0.9034409434039086,0.8857007187937802
STATH,ZG16B,0.877598101372367,0.8844304655978803,0.8810076602417134
AZGP1,TCN1,0.9178886375435293,0.8426631136912992,0.8794719423235142
ZG16B,C6orf58,0.8640361459884257,0.8940183036309728,0.8788993853180328
ZG16B,PIP,0.8831090330812557,0.8730517563517287,0.8780659954591494
STATH,AZGP1,0.8749256404889643,0.8784499059496288,0.8766860022838562
AZGP1,BPIFB2,0.8769230014200985,0.8718327435918943,0.8743741683323697
C6orf58,PIP,0.8682374141693883,0.8742124526475589,0.8712198111391839
AZGP1,C6orf58,0.8244649612712053,0.9140551296575096,0.8681050783590804
DMBT1,ZG16B,0.7921923431317828,0.9492241372971568,0.8671609386282801
STATH,C6orf58,0.9293650484456057,0.8071121779827202,0.8660842039847795
KCNN4,CHRM1,0.8696135232103196,0.856228498559907,0.8628950581071622
PHLDA1,TCN1,0.9036149679520474,0.8240092438482958,0.8628945975448964
DMBT1,ODAM,0.8912584324243333,0.8319312693522299,0.8610840603609233
STATH,DMBT1,0.815622874466682,0.9051709547441186,0.85923113071638
CHRM3,CHRM1,0.8239307558534185,0.8941335458710603,0.8583147023577308
AZGP1,ODAM,0.8402461290407448,0.8741618520876452,0.8570362374904179
KCNN4,PHLDA1,0.8506259649719541,0.8632959443845393,0.8569375390006398
KIAA1324,PART1,0.8528379633975419,0.8599067302659066,0.8563650533223639
KCNN4,SLC13A2,0.8693655417618574,0.8378989206040854,0.8534872284062874
KCNN4,CCL28,0.8648742707222312,0.8395858958145901,0.8521362797999594
DMBT1,TCN1,0.8668196399264122,0.8343742501595034,0.850442230305581
ODAM,PPP1R1B,0.894862496576028,0.8026749175553857,0.8475161831272426
KIAA1324,ELF5,0.8325866795355383,0.8597608572621773,0.8460646768081883
AZGP1,LYZ,0.8914632206551952,0.8020780047589157,0.8455903507840401
PPP1R1B,CHRM1,0.8584197947080378,0.8325424989499597,0.8453821390556706
PPP1R1B,SLC13A2,0.8837173540979647,0.8048894757727271,0.8433829485300093
LTF,ZG16B,0.7470081160211994,0.9506589115173327,0.8427039352413912
STATH,LTF,0.7466677014752596,0.9503249502114708,0.8423639036835502
TCN1,CCL28,0.8177000177332168,0.867350251005214,0.842159317248152
P4HB,ALDH18A1,0.812502280555269,0.8661331747340228,0.8388892535585187
SLC22A3,CA2,0.791800910162986,0.8876703656732333,0.8383663897513883
PPP1R1B,CCL28,0.8367325763151848,0.8380603868301526,0.8373962183937147
PPP1R1B,KIAA1324,0.7965707230752199,0.8801667791804857,0.8373261537289916
AZGP1,KCNN4,0.9257678138185674,0.7522033344212382,0.8344852523886725
AZGP1,PHLDA1,0.8141221073034937,0.8547111580365134,0.8341697963343528
P4HB,PRSS8,0.8207502637993572,0.8433066133128934,0.831951997016835
SRPRA,P4HB,0.8569169662613371,0.8056710627088355,0.8308990328920854
AACS,PRSS8,0.7974841777196157,0.8633243446676804,0.8297514718954291
SLC12A2,OGFRL1,0.7854273743855266,0.8765628387217789,0.8297448095054109
GALNT6,PYCR1,0.7770642344928614,0.8841535467035055,0.8288812333159123
CCL28,KIAA1324,0.8104325093466264,0.8473831932735634,0.8287019293466447
KCNN4,TCN1,0.8836027777271527,0.776650247609718,0.828402267084312
AZGP1,CCL28,0.8901569175548562,0.7674931470777007,0.8265526807452517
PPP1R1B,TCN1,0.8885297692212872,0.7680062166392245,0.8260728699279284
PPP1R1B,PHLDA1,0.8153922899078968,0.8338794555431818,0.8245840640968665
PPP1R1B,CCDC129,0.84132987497996,0.8069158714126629,0.8239432196547049
PYCR1,SSR3,0.7633830933739059,0.8834400625173366,0.8212205597371033
ODAM,LTF,0.8717866140242723,0.7733968690721753,0.8211193809583386
GALNT6,ALDH18A1,0.7744196644034131,0.8698446810039715,0.820746505290269
TCN1,MANSC1,0.8645041796536117,0.7775225786875805,0.8198606705108298
SRPRA,PIGR,0.7944550650328953,0.8440766240886612,0.8188900715499633
MANSC1,CCL28,0.8019300650090402,0.8338761208977074,0.8177471075100081
FAHD2A,SAP30BP,0.770860727888154,0.8647704683969466,0.8164665288452737
TMEM63A,CD46,0.8008865752070908,0.8310515288546879,0.8158296469024938
AZGP1,MANSC1,0.8201992048630706,0.8096565834101914,0.8149108453844441
ATP2A3,SRPRA,0.767539562939256,0.865179429648216,0.8148984239132055
AZGP1,RNF128,0.7459491057659563,0.888241305083461,0.813991896293442
SLC13A2,CCDC129,0.8382754163043517,0.7877925721925259,0.8126420776800606
C6orf58,CRISP3,0.8117312959347451,0.8122741781173822,0.8120026916565933
DMBT1,PHLDA1,0.7828756431093589,0.8419732996048589,0.811886930803214
CCL28,FOLR1,0.7920942050788444,0.8313874020372296,0.8115030149846919
LPO,PART1,0.7683626191963433,0.8542788984293067,0.8101826781172929
CCL28,SLC5A1,0.8378307862244132,0.7832780922730553,0.8100953646833763
GALNT6,SRPRA,0.8737941271953904,0.7509459570238753,0.810044546360621
PHLDA1,MANSC1,0.8600995307129164,0.7613356472287829,0.809212229823852
ODAM,ZG16B,0.7740662416112537,0.8449024134923584,0.8087091168895694
MCFD2,ALDH18A1,0.8483144567408207,0.7706773988236769,0.8085646411422752
TCN1,C6orf58,0.7961417267120898,0.8175880428856647,0.8067936267733845
ZG16B,BPIFB2,0.8071737026293658,0.805642898219778,0.8064079371838496
SLC13A2,CCL28,0.8968102593094258,0.7248278925777943,0.806246296299956
CCL28,BPIFB2,0.7919634102718845,0.8206746026865076,0.8061912037892317
NDRG2,OXR1,0.7934486739007413,0.8183430571593355,0.8057997353554749
LYZ,ZG16B,0.8553333812061733,0.7586905705607112,0.8055640080135991
TCN1,BPIFB2,0.8075889820699852,0.8015264734033346,0.8045520174345124
F5,GRIA2,0.771106023164422,0.8378427000070149,0.8037820304284932
CHRM1,SLC13A2,0.8202898571623981,0.7863996493407653,0.8031660202164285
EGF,SLC12A2,0.7757287930246828,0.8313644505435228,0.8030649673493145
FAHD2A,NRG3,0.7365803261857544,0.8751190130258661,0.8028670176722593
KCNN4,BPIFB2,0.8274581687111862,0.7757106959441691,0.8011667441398462
CHRM1,SLITRK5,0.7146679913180666,0.8962265293516136,0.8003151963430908
PYCR1,P4HB,0.7419047375980612,0.8632357405986316,0.8002741315412462
DMBT1,PIP,0.7098347425524931,0.9011715740114242,0.7998017830900506
CCL28,ALDH18A1,0.7611499754231725,0.8403375913497729,0.7997643009056153
CA2,SLC12A2,0.7626306253893255,0.8386842962124981,0.7997539179802395
LYZ,BPIFB2,0.8018893526385972,0.7975411103044248,0.7997122761622978
TCN1,ZG16B,0.8207318161400746,0.7791007933907476,0.7996454271211468
LYZ,C6orf58,0.8000852257868044,0.7987603888415762,0.7994225328672367
PYCR1,ALDH18A1,0.6775598060070435,0.9411673651019831,0.7985594388138305
SLC13A2,ROPN1,0.7389686068766869,0.8621469473005028,0.7981851467984361
MCFD2,SSR3,0.7829113398362535,0.8136620210381433,0.7981385989067604
KCNN4,FOLH1,0.7893889311443003,0.8069194338596175,0.7981060514831393
MANSC1,LYZ,0.8098225178424311,0.7851406537736364,0.7973860928680777
SLC22A3,NRG3,0.7079591756085566,0.8973859961110023,0.7970650224476098
GALNT6,P4HB,0.7291553461211607,0.8708327788228528,0.7968515396585675
CCDC129,NDRG2,0.8086404041727596,0.7851589075456136,0.796813162753683
BPIFB2,PIP,0.8250178016310982,0.7693554803386865,0.796700675951678
MANSC1,BPIFB2,0.8009628513325918,0.7915452672493244,0.7962401360235726
CHRM1,AACS,0.7018597682461866,0.9022949240988654,0.795791748083467
DMBT1,LYZ,0.8483173119839271,0.7465182202135258,0.79579163725096
ODAM,KCNN4,0.7842960990648473,0.8065198114445072,0.7953303351026184
KCNN4,F5,0.8106013183622292,0.7802958095430956,0.7953042260218137
KIAA1324,ALDH18A1,0.724460705448592,0.8725458277979798,0.7950629949524441
LTF,LYZ,0.8321437786443661,0.7592063362847022,0.7948388701156338
PPP1R1B,RTN1,0.7500768270811625,0.841890610921632,0.7946588187326176
ODAM,KIAA1324,0.7271236274696603,0.8658015611605319,0.7934385746987229
PPP1R1B,ADGRG2,0.7352418104463896,0.8560212227850916,0.7933363685228624
PPP1R1B,SLITRK5,0.7510267496317378,0.8371374199612777,0.7929139899816482
RNF128,MANSC1,0.7300462264420007,0.8606719992298497,0.7926729118886581
SLC5A1,ALDH18A1,0.7261596014365029,0.8637886980777901,0.7919901872634053
NDRG2,PIGR,0.7675006954607101,0.8172352966325681,0.7919776881456546
AZGP1,CRISP3,0.80819179412584,0.7753045991980752,0.7915774219998367
KIAA1324,MGLL,0.7078917272654214,0.88361237618319,0.7908867752146458
MCFD2,P4HB,0.8272584673252612,0.7554791328087282,0.7905545582080759
NDRG2,SRPRA,0.7879554850307556,0.7926903987629118,0.7903193959637163
SLC13A2,FAHD2A,0.8038111474975425,0.7767979325515123,0.7901891150464866
PHLDA1,ZG16B,0.7366161136760949,0.8476222649859683,0.7901722715327925
ANO1,KIAA1324,0.8005566249896002,0.7797324703601685,0.7900759424677731
ATP2A3,P4HB,0.7093352930307774,0.8789277234609182,0.7895913210478092
ACSL1,MCFD2,0.7688924897378516,0.8089960843423348,0.7886894277712557
PPP1R1B,FAHD2A,0.8026864658950627,0.7746180333029724,0.7885273689419707
ATP2A3,NRG3,0.763321092262187,0.8145063546392338,0.7884984973211504
DMBT1,C6orf58,0.7433193797196879,0.8357052337763954,0.7881598162804083
RNF128,BPIFB2,0.7134725407789991,0.8701066743879893,0.7879068598028348
CHRM1,KIAA1324,0.7751424936729052,0.800482150631755,0.7877104356179044
KCNN4,ADGRG2,0.741662883067397,0.8365483507360915,0.7876781459658543
MGAM2,CCDC129,0.8309125829582019,0.7461457142021846,0.7873892700887722
PPP1R1B,GALNT13,0.816438188033854,0.7593162398733357,0.7873593684124585
PYCR1,BHLHA15,0.6769942733879711,0.9143635871653013,0.7867775494416398
TCN1,EGF,0.7972327128216663,0.7764100751658135,0.7867525090436733
ALDH18A1,CD46,0.8478262130647836,0.730029970915514,0.7867264744910357
PYCR1,TNFSF13,0.7159184832755761,0.8644942552459788,0.7867066899525832
LYZ,PIP,0.8072590211217375,0.7664313763174866,0.7865803472011237
FAHD2A,MGLL,0.822249739626112,0.751738901163825,0.7862042455677626
NDRG2,FAHD2A,0.8201372825953165,0.7524568952384347,0.7855685541892309
DMBT1,BPIFB2,0.7604817072549893,0.8109900877045179,0.7853299475153136
PHLDA1,CCL28,0.7393660404473748,0.8338507128874204,0.7851884486617163
TCN1,LTF,0.8496835338337058,0.7253230123003902,0.7850445976263413
NRG3,AACS,0.7337056223263685,0.8395973981869322,0.7848677159498554
PPP1R1B,F5,0.7901979992464164,0.7795533597166784,0.7848576336852061
SLC13A2,TMEM63A,0.7511196789006536,0.8190149753997061,0.7843330066604707
AZGP1,PPP1R1B,0.8835022956013758,0.6962062779518894,0.7842830131926765
TCN1,CRISP3,0.8083160179501848,0.760850233843502,0.7842240950626591
KCNN4,EGF,0.8258013872409616,0.7445223456719785,0.7841094221394197
RNF128,CCL28,0.7297425033797361,0.8414445962019556,0.7836056955432152
SLC13A2,OXGR1,0.7289061779414434,0.8422695418604144,0.7835403451986153
CCL28,EGF,0.7630302107136032,0.8044518224994908,0.7834673213547126
ODAM,PHLDA1,0.7690814462803033,0.7976202064389993,0.7832208513251544
F5,RTN1,0.7308409109206224,0.83919368259317,0.7831456284914218
LTF,PIP,0.6711352354137236,0.9131357476923404,0.7828394311684774
CCDC129,NRG3,0.7244531006433534,0.8455483776431346,0.7826622157275296
TCN1,KIAA1324,0.7296974981224073,0.8388382505032808,0.7823670319751601
SLC22A3,CCDC129,0.6959564417452974,0.8791896028219264,0.7822260974931795
PPP1R1B,SLC22A3,0.7746488344841843,0.789705067413753,0.7821407226697239
SLC5A1,PYCR1,0.7505407483746361,0.8149449693201766,0.7820801794942193
CHRM1,EGF,0.7863037578497764,0.7774775078813272,0.7818781785487856
KCNN4,KIAA1324,0.724351345166982,0.8433478259030168,0.7815882113597287
MANSC1,MCFD2,0.7630053316887419,0.7983873072334404,0.7804958501950748
GALNT6,BPIFB2,0.7857245661784525,0.7743861553123205,0.7800347594417654
PHLDA1,EGF,0.7906517214611086,0.7676133434199203,0.7790473742921397
CHRM1,CCL28,0.7985069958446342,0.7596693930895765,0.778846149705495
CCDC129,ROPN1,0.7178440973996537,0.8450169985170152,0.7788391776148728
PPP1R1B,FDCSP,0.805236889130813,0.7526839451221388,0.7785171022327375
GALNT6,SLC5A1,0.804869973705174,0.7523760634484978,0.7781805075971736
CCL28,SLC12A2,0.8107428117233638,0.7467912886036143,0.7781103193590279
ACSL1,SSR3,0.7184641488336119,0.8418157251810533,0.7776981538276628
ALDH18A1,SERP1,0.7559322664633955,0.7996028070680533,0.7774609715075392
CHRM1,SLC12A2,0.7886823957938157,0.7663047752937139,0.7774130730100233
TCN1,PIP,0.8051234966592125,0.7502580438435595,0.7772067805005483
TCN1,RNF128,0.7547674801368298,0.7997781777948242,0.7769469479460132
CHRM1,NRG3,0.7507671040559544,0.8039034568575409,0.7768811171894364
PYCR1,ATP6V0E2,0.7407019752468494,0.8144702327160257,0.7767108278841756
MANSC1,EGF,0.7701016050300789,0.7825219034148359,0.7762869146075808
KCNN4,SLC12A2,0.7957054906510526,0.7565755971335433,0.7758939081677076
SLC13A2,KANK4,0.7009946552549625,0.8574114547914445,0.7752682420705652
SLC22A3,ATP2A3,0.7353777386010697,0.8171622949891497,0.7751922087838481
CHRM1,ADGRG2,0.6980058370377801,0.8607582248322256,0.7751220969700008
TCN1,FDCSP,0.7581454988957098,0.7924277847282604,0.7750971282307973
PHLDA1,ANO1,0.7590135343528649,0.7914909421647707,0.7750821488208599
PPP1R1B,ATP2A3,0.7536033915388142,0.79629689721186,0.7746560800837312
ODAM,FDCSP,0.8572144051754899,0.6995253657676923,0.7743663347032329
STATH,LYZ,0.838903442263434,0.7147580365325619,0.7743468068201866
PPP1R1B,EGF,0.7621081495440332,0.7864677311762601,0.7741921384790946
TCN1,GALNT13,0.8503875376782019,0.7040296309437167,0.7737557911322671
FAHD2A,ST3GAL6,0.6965745629599195,0.8586104927625882,0.773360348575553
PHLDA1,LYZ,0.7981038187845069,0.7491243871756535,0.7732263796259752
PHLDA1,BPIFB2,0.7470829426969208,0.799863319280928,0.773022795474831
F5,KANK4,0.7607328346784026,0.785487612823401,0.7730111372470111
PHLDA1,LTF,0.7699374724416188,0.7757066164616423,0.7728166610747449
PPP1R1B,LPO,0.8249696688418177,0.7234298981908812,0.7725333154892423
KCNN4,SLITRK5,0.7095940934653071,0.840804200566407,0.7724180827005164
AZGP1,EGF,0.8263343072620297,0.7218519086056758,0.7723282960266606
ADGRG2,SLC12A2,0.6431952094816611,0.9272442940022371,0.7722687925336902
LTF,CADPS2,0.7151607681883804,0.8336335854012384,0.7721282505666941
SLC5A1,BPIFB2,0.7639013781646043,0.7793221043436533,0.771573217227151
GRIA2,SLC13A2,0.8047306199971218,0.7397608491802364,0.7715621859645592
AZGP1,KIAA1324,0.739001587812348,0.8050545931757863,0.7713213484874706
PYCR1,PRSS8,0.7098950633463256,0.8376836500697346,0.7711468652795234
CCDC129,SOX9,0.6317001915511807,0.9412514670292071,0.7710957995088419
BPIFB2,KIAA1324,0.6871324780347451,0.8652773287980868,0.7710772692307265
DMBT1,CCL28,0.8544613744671201,0.6955599562238008,0.7709274390104939
CA2,BPIFB2,0.741076129058538,0.8015297917116269,0.7707104484608657
KCNN4,RNF128,0.7597409979958266,0.7817014642131808,0.7706430110992514
KCNN4,RTN1,0.725374065419097,0.8185822780772961,0.7705701492589458
KCNN4,GALNT13,0.8059825783968179,0.7349643937853986,0.7696547908855046
EGF,ADGRG2,0.672751718981427,0.8791177055469098,0.7690435277626954
ODAM,BPIFB2,0.7025770305754577,0.8416479460679109,0.7689749766659029
ODAM,C6orf58,0.7311184530681648,0.8083104029979213,0.7687461553977003
CCL28,FOLH1,0.826551248041305,0.7148331969485698,0.7686652529412243
CCL28,ATP6V0E2,0.784629110020904,0.7526441235219602,0.7684702263598109
PPP1R1B,LYZ,0.8565153438963367,0.6893942119855501,0.7684248307797891
RTN1,MGLL,0.6911048207779782,0.8543269400468241,0.7683940829983394
SSR3,ALDH18A1,0.713018398710475,0.8277116278988761,0.7682275831539096
CA2,MANSC1,0.8119218304058136,0.7268708480990284,0.7682202219788211
ATP2A3,PIGR,0.7171376118569428,0.8227405808601703,0.7681264318690358
CCL28,MCFD2,0.7457340330415562,0.7906765541073055,0.7678765626881974
CHRM1,FAHD2A,0.7997161961506408,0.7363768028733374,0.7673932862147256
MPO,NRG3,0.7300881439693003,0.80649322948675,0.7673403058876734
SEC63,OXR1,0.7964196513541401,0.7392613254545791,0.7673084432470005
KCNN4,CCDC129,0.8035094104807188,0.7325203217938135,0.7671942204746419
KIAA1324,ATP6V0E2,0.7322820353156811,0.8026862189506963,0.766676397271407
NRG3,ST3GAL6,0.658655508246994,0.8922895785780324,0.7666234055139525
CHRM1,FOLH1,0.7661136134974192,0.7670679207328941,0.7665906186163703
TCN1,SLC12A2,0.7999606238929435,0.7344122101366266,0.766486040196096
BPIFB2,CRISP3,0.7726282256443292,0.7603845375553338,0.7664819345938698
NDRG2,ATP2A3,0.7521540330001065,0.7808207145466142,0.7663533450675745
ATP2A3,TNFSF13,0.7154890628561272,0.8202669424214977,0.7660887846229171
KCNN4,ATP2A3,0.8348773369894534,0.7022701823691326,0.7657084691339383
OXR1,P4HB,0.6994349931557726,0.8381589933145305,0.765661628758029
PPP1R1B,CA2,0.7932575295799258,0.7389944519786785,0.7656454227316177
PPP1R1B,MANSC1,0.7932470010700993,0.7389300721624953,0.7656069903961245
EGF,SLC5A1,0.7733787851796868,0.7564677644054585,0.7648765394908429
BPIFB2,SLC12A2,0.7632797746740588,0.7663612630613288,0.7648189669381756
PPP1R1B,NRG3,0.7373782104629439,0.7928268165752221,0.7646000387217293
PHLDA1,C6orf58,0.7601725645731482,0.7687002426859031,0.7644245122119936
P4HB,AACS,0.8048048431169065,0.7259855292727749,0.7643799251625594
PHLDA1,FOLH1,0.746940621578691,0.7819213927156872,0.7642308886067948
SMAD9,LIMCH1,0.7848239203284585,0.7439643718762935,0.7641210865567393
SLITRK5,ST3GAL6,0.7452142641504255,0.7834077126903941,0.7640723801724153
LYZ,SLC12A2,0.7451600380918776,0.7834007316270285,0.7640411762597624
PPP1R1B,SAP30BP,0.720946405874855,0.8095852063148051,0.7639813772220575
LPO,GPAT2,0.7059322643907269,0.82677568327644,0.7639683437411053
CHRM1,PRSS8,0.6941501220734404,0.8405011753290041,0.7638285105031747
KCNN4,ROPN1,0.7501931767381125,0.7776089544693994,0.7637780645013321
RNF128,EGF,0.7044546387998445,0.8280776168461794,0.763769021677111
ADGRG2,ST3GAL6,0.7390651156666481,0.7883778387611582,0.7633233643699355
CA2,NRG3,0.7553771505527623,0.7713194434820091,0.7633066771510534
CCL28,ADGRG2,0.7436868914556267,0.7829640825271201,0.763072817400804
FOLH1,SLC12A2,0.7893611402454553,0.7375336327349441,0.763007463466137
PPP1R1B,EPHA7,0.7083999877858951,0.8216050885377851,0.7629056525449239
CA2,OGFRL1,0.7021499783132417,0.828860875941873,0.7628791818284731
ADGRG2,OGFRL1,0.6473604823384728,0.8990043404202197,0.7628760603393018
PHLDA1,CHRM1,0.825647508547194,0.7048572124637048,0.7628653887496654
NDRG2,P4HB,0.7505194333359255,0.7749870429376442,0.7626551227837163
CCL28,SLITRK5,0.82291761495713,0.7061110047999738,0.7622802529024197
SEC63,ALDH18A1,0.7624908970102525,0.7615070271835888,0.7619988033040638
PPP1R1B,ELF5,0.7265706556064092,0.7984118796129904,0.76164469591428
KCNN4,MANSC1,0.8332237126343244,0.69563985617038,0.7613301672826918
DMBT1,KCNN4,0.8497934393906137,0.681554888932711,0.7610393374850055
CA2,LYZ,0.7949891561470318,0.7285346882245904,0.7610369091019884
CCL28,PART1,0.7138276267817368,0.8105253319809042,0.7606414228625786
FOLH1,SLITRK5,0.6907111224092546,0.836838453239339,0.7602720745313275
CHRM1,BPIFB2,0.7675868053128261,0.7527663098180504,0.7601404389324136
RTN1,ADGRG2,0.7226582733072064,0.7990836064274072,0.7599107705835767
LPO,PYCR1,0.7166777422423218,0.8046630083073849,0.7593971741188212
SLC22A3,GALNT13,0.7499944050605583,0.7687262091628901,0.7593025456928089
CHRM1,ST3GAL6,0.7071678014426748,0.8149332135358713,0.7591406516178514
NRG3,KIAA1324,0.7279489022351195,0.7916206015720687,0.7591174796440221
ATP6V0E2,TNFSF13,0.6893536121840458,0.835763750903209,0.7590367320608498
SLC12A2,KIAA1324,0.7433039444834526,0.7748076250296679,0.7588923269479064
ACSL1,P4HB,0.7349928561109397,0.7834744594984209,0.758846579142793
F5,TTYH1,0.6806478261508891,0.8459734048582573,0.7588214276087879
ATP6V0E2,PART1,0.7188751089995501,0.8009241862795273,0.7587914481015657
ODAM,RTN1,0.7017837971287129,0.8202222279159668,0.7586953733852868
ODAM,SLCO1A2,0.7722157598379391,0.7452301941922765,0.7586029927850033
CCDC129,FAHD2A,0.7414866625640523,0.7759941005592098,0.7585441818332285
PPP1R1B,MGLL,0.6923813822949448,0.8309628976707427,0.7585138362120243
NRG3,SLC12A2,0.7488190052872323,0.768330419289378,0.7585119776932954
ACSL1,PYCR1,0.7027736681403589,0.8185263915626558,0.7584449846021657
SLC22A3,CHRM1,0.8103090510883085,0.7095794577334102,0.7582734711617678
AZGP1,FOLH1,0.8035164842419933,0.7155291367509375,0.7582476220436315
PYCR1,PART1,0.6645376379879683,0.8650837226030399,0.7582088720665717
TNFSF13,ALDH18A1,0.6486113356853603,0.8858585225815117,0.7580091553271994
PHLDA1,MUC7,0.7359682618832005,0.780382208504187,0.7578499439845594
LYZ,EGF,0.8008826332212673,0.7166000529576342,0.757570153437429
NDRG2,TNFRSF11A,0.7326142881107799,0.783235348389533,0.757502083946702
PPP1R1B,KANK4,0.7296799908199056,0.7863292687743647,0.7574752363085552
TUSC8,LINC01554,0.662140053417657,0.8660904194258063,0.7572801044416289
CCL28,CD46,0.8051649952957379,0.7121580279507701,0.7572349141612554
DMBT1,MANSC1,0.7886430062332117,0.7269516639775784,0.7571692978888624
PHLDA1,SLC12A2,0.773023260567637,0.7415452002266515,0.7571206565254229
ODAM,CCL28,0.7792188757042042,0.735624614134435,0.7571080403523486
GRIA2,SLITRK5,0.7570498653621991,0.7568151225369346,0.7569324848496479
DMBT1,KIAA1324,0.7901637664489283,0.7248307494281946,0.7567925706600069
BPIFB2,PART1,0.7056003253961263,0.8115527824560289,0.7567244593490458
ATP6V0E2,ALDH18A1,0.6988579290340524,0.818413553797115,0.7562769342641958
PPP1R1B,ROPN1,0.7607090009045412,0.7514771163328533,0.7560789683413965
STATH,TCN1,0.8811585255440354,0.6487043623327037,0.7560498524747352
LTF,C6orf58,0.6666235144580017,0.857049784395359,0.7558634396100309
CHRM3,SLC13A2,0.8021084090411632,0.7120307062760469,0.7557286662549833
LRP6,OGFRL1,0.7895212625069956,0.7231468831864546,0.7556056115404177
CHRM1,PART1,0.7764001712644383,0.7353374651727567,0.7555899244281161
RTN1,SLITRK5,0.672414613379509,0.8486120374021393,0.7553933644393211
ST3GAL6,OXR1,0.8042493498047644,0.7094083453993588,0.7553417772991958
PHLDA1,RNF128,0.7552472509163751,0.7551549448921595,0.7552010964939804
CHRM1,LPO,0.8517808017667025,0.6690538031960587,0.7549087262122491
FAHD2A,MPO,0.7469631959857345,0.7624018158044232,0.7546430261776751
ADGRG2,MGLL,0.6470009678881099,0.8796522073722848,0.7544109155989066
C6orf58,SLC31A2,0.7078004832995293,0.8039246500366268,0.754332987368529
AZGP1,SLC12A2,0.8014615412201018,0.7096282680478413,0.7541483709476369
SEC63,P4HB,0.765594411692577,0.7427867799951651,0.7541043746348526
CCL28,CRISP3,0.7234452022526505,0.7858204420942748,0.7539880825750231
FAHD2A,KANK4,0.658042050232792,0.862213426772431,0.7532414560362246
PPP1R1B,BPIFB2,0.7452084575442494,0.7613126482778513,0.7532175146211519
CA2,CHRM1,0.8430666780658519,0.6727464134235608,0.7531069538556378
CA2,GALNT13,0.7738266395009111,0.7327151417239331,0.7529903690165399
MANSC1,SLC12A2,0.7492495805843724,0.7564404584991746,0.7528364339400405
ZG16B,CRISP3,0.7766050483796706,0.7293218982771591,0.752592232285111
TCN1,PART1,0.7494446641086207,0.755438875602635,0.7524358008365969
AZGP1,FOLR1,0.8129478480109349,0.695722291851897,0.752054479392441
PLCB1,CADPS2,0.7317049873363958,0.7728307026739621,0.7519867548788538
CCL28,SLAIN1,0.7150237414170627,0.790823373311937,0.7519690732906266
CHRM1,CBS,0.6735408123064257,0.8393912267097879,0.7519070744985697
CCL28,PYCR1,0.717613523539788,0.7876381555409836,0.7518110082142618
SLC12A2,PLA2R1,0.6702255723585909,0.8427407311305133,0.7515493256412686
ALDH18A1,PRSS8,0.6542579412101988,0.8625265159471968,0.7512089074038051
SLC22A3,TNFRSF11A,0.6682140045301004,0.8442261535738387,0.7510817124711653
NRG3,MGLL,0.673199473157025,0.8376386929682258,0.7509313728977827
SLC22A3,LYZ,0.8103990791091957,0.6955626373024438,0.7507884660359827
CCL28,GALNT6,0.7983631879627151,0.7059916249295537,0.7507580997589942
SLITRK5,ADGRG2,0.6983408663092862,0.8068224505178602,0.7506244660630398
BPIFB2,FOLR1,0.7494417825747854,0.7513188423122712,0.750379725515377
ACSL1,ALDH18A1,0.7099627279771332,0.7928539616927085,0.7502644610607867
SLC22A3,NDRG2,0.7542581906671408,0.7457120938621532,0.7499729692962759
ATP2A3,ATP6V0E2,0.7456255226754018,0.7541724475334156,0.7498868083780978
EGF,LPO,0.7829000897005273,0.7181727422733245,0.7498383188036335
DMBT1,RNF128,0.7339555089799762,0.7660332389660337,0.7498228562806651
MANSC1,C6orf58,0.6896215470950634,0.8151566909644533,0.7497663758450354
KCNMA1,MGLL,0.7106760179870487,0.790764029312889,0.749651273272765
CCL28,TNFSF13,0.7018779429692688,0.8004761187778684,0.7495575572588368
OGFRL1,ITGA6,0.7292040491159505,0.7704717470328554,0.7495539458009666
PPP1R1B,PART1,0.7804033079894362,0.7194867120238123,0.749326237441227
KCNN4,LYZ,0.87210906241376,0.6433998622888347,0.7490759979186744
SLCO1A2,FAHD2A,0.7456249229386062,0.7524662137698775,0.7490377578307182
SLC13A2,KIAA1324,0.8513362631977349,0.6583276654867766,0.7486375723240191
GALNT13,NRG3,0.7067908527577387,0.7929450479537725,0.7486296191263561
F5,SLITRK5,0.7176458101266749,0.7801496137734145,0.7482453485297684
SLC13A2,ELF5,0.7958136408736829,0.7035156983016445,0.7482428678425362
DMBT1,FOLH1,0.8190659232363598,0.6835291281253895,0.7482348671286084
CA2,KCNN4,0.8223721100931809,0.6806295781111446,0.7481515771172934
SLC5A1,PRSS8,0.6838720109411992,0.817890535290403,0.7478853154721128
CA2,ATP2A3,0.7819028014739574,0.7151183828743961,0.7477653822924785
ATP2A3,FAHD2A,0.6892129475724643,0.8111093772828736,0.7476811384011204
SLITRK5,KANK4,0.7127894734275919,0.7830023286162721,0.7470714942406589
FAHD2A,OXR1,0.6994048423357347,0.7973049073624839,0.7467522434029681
SLC22A3,MGAM2,0.7473589448493674,0.7457580028537887,0.7465580447130544
EGF,SLITRK5,0.6724460560776928,0.8287722476476393,0.7465283848034848
HP,LPO,0.6864610799813295,0.8113744840957897,0.7463089203685629
GALNT13,SLITRK5,0.7814041367159101,0.7120665420835134,0.7459301184434445
KCNMA1,CCL28,0.773929582883968,0.7187869788979281,0.74584884980866
PPP1R1B,DYNC1I1,0.722925505979146,0.7694028100832204,0.7458021961493468
MANSC1,ADGRG2,0.7354384943981295,0.7562189242908152,0.7457563322666527
KCNN4,SLCO1A2,0.7778303418662269,0.7148511995611182,0.7456761716308943
KCNMA1,FAHD2A,0.764691906781704,0.7269523991718035,0.7455834066435632
FAHD2A,KIAA1324,0.7785565678948119,0.7139455465804699,0.745551469993505
PPP1R1B,FOLH1,0.7903089621826038,0.7031074896291108,0.7454342026172387
KIAA1324,AACS,0.7239949332686153,0.7673712925224595,0.7453676460123884
SLC22A3,KCNN4,0.7953940287716267,0.6982778413004951,0.7452556778676398
PHLDA1,KIAA1324,0.6734476222061736,0.8241173639639549,0.7449831401987196
CHRM1,GALNT13,0.7679135034207308,0.7224932758018222,0.7448572632517573
MANSC1,FOLH1,0.7695923261258492,0.7203637579422212,0.7445712995620447
HP,MPO,0.6998609772249489,0.791956648583798,0.7444861006074273
MANSC1,SLC5A1,0.7832298677998584,0.707475937018413,0.7443898740730643
PPP1R1B,SLCO1A2,0.8143589344188703,0.6803647870638186,0.7443528350247703
CA2,KIAA1324,0.7171803959399087,0.7725029068512504,0.7443278448374145
BPIFB2,PYCR1,0.7255724388085671,0.7633788117035832,0.7442355985456184
CA2,TCN1,0.8366618486076833,0.6619746799903558,0.7442102925196686
KCNN4,AACS,0.6693978005931275,0.8271833719578722,0.7441201044695719
SSR3,BHLHA15,0.649776210209858,0.8521268415944571,0.7441046631686582
CA2,ITGA6,0.6865489496055903,0.8064115744042379,0.7440705741776246
GALNT13,SLC12A2,0.7066046088429894,0.7832427273362564,0.7439374442643357
CHRM3,SLITRK5,0.7737432089335008,0.714923801273134,0.7437522679898269
LPO,KIAA1324,0.7172520537503174,0.77099141004042,0.7436364516854619
GALNT6,ATP6V0E2,0.6802857759446787,0.8120441961230037,0.7432510451125585
EGF,FOLH1,0.7092689028190932,0.7786937601461719,0.7431710899187006
SRPRA,ACSL1,0.8106714547068534,0.6812606977742716,0.743154493291452
PHLDA1,CRISP3,0.7617279708938407,0.7249946734137098,0.7431343899243715
AZGP1,SLC5A1,0.8321660779405072,0.6636223584259946,0.7431312234356658
KCNMA1,MPO,0.6843023551194133,0.8068980021261453,0.7430761759039719
ST3GAL6,OGFRL1,0.7323976132782187,0.7536068810666146,0.7429265650407387
ADGRG2,KIAA1324,0.6521618716435549,0.8463072474019255,0.7429194562340825
CA2,SLAIN1,0.646365783507666,0.8537709858524537,0.7428649622957283
NRG3,OXR1,0.6870485317112988,0.8025071328753174,0.7425371016520528
PHLDA1,SLITRK5,0.7053251716067608,0.7816385710783004,0.7425020937884724
RNF128,CHRM1,0.7277246560768321,0.7574900571037261,0.7424582084450471
EGF,SLC31A2,0.7068981959075621,0.7794007652143724,0.7422647740658406
PPP1R1B,SLAIN1,0.7331692999751717,0.7511966380699834,0.7421282323678787
ACSL1,PIGR,0.7526583008842067,0.73156086614198,0.742034607349146
GALNT6,TNFSF13,0.6842235746691182,0.8039628426384056,0.7416807467443088
RTN1,CCL28,0.7350367165480584,0.7482980414284182,0.7416377386371916
ATP2A3,FBP1,0.746851398272732,0.7361973103365693,0.7415052195564716
CCDC129,KIAA1324,0.8227029918443577,0.6682977369254901,0.7414921089340157
DMBT1,PPP1R1B,0.9010113910443821,0.6099940410757189,0.7413579293960627
SLC31A2,PLA2R1,0.6457814140471818,0.8509957752860674,0.7413212900709208
ADGRG6,LIMCH1,0.7385299440499082,0.7441173765866729,0.7413183961680163
KCNN4,NRG3,0.7836408207390287,0.7012712227159719,0.7413128600866212
CCL28,MGLL,0.6762381122152105,0.8125810033188392,0.741281487497343
CA2,SLC31A2,0.7664682854314881,0.7167677535271275,0.7412015590232639
F5,PTH2R,0.6851598597502838,0.8017881458880898,0.7411835491874625
GALNT13,LRP6,0.6828451029835493,0.8043690891323492,0.7411204311752326
LYZ,CCL28,0.8044374929786987,0.6827631986474577,0.741107492755321
AZGP1,CADPS2,0.6811263327566018,0.8062670903870063,0.7410598805073968
ANO1,EGF,0.6742507462610713,0.8143339097816612,0.7409893699480317
TCN1,RTN1,0.6945735364125929,0.7897884588692585,0.7406525250714214
PPP1R1B,RNF128,0.7144657737145317,0.7676676519531808,0.740589132318553
CHRM3,KCNN4,0.8547194133228647,0.6415105430966107,0.7404805973393006
ODAM,LYZ,0.7920041292118541,0.6921674932824983,0.7404049653979617
LRP6,ST3GAL6,0.7800216832789428,0.7021863228757276,0.7400814533177927
KCNN4,SOX8,0.6400097437368868,0.8554731169356544,0.7399399504985414
F5,EGF,0.7400123019599021,0.73946886639521,0.7397405342745513
LPO,ATP6V0E2,0.6552809135435507,0.8348274792311646,0.739625927913467
RNF128,FOLH1,0.7271639477807524,0.752169713444927,0.7395611524611947
SRPRA,ALDH18A1,0.8867739141827784,0.6166963938410132,0.7395067782169407
LTF,MANSC1,0.8034747298727212,0.6804898211040145,0.739429763529089
MCFD2,TNFSF13,0.6933873497580278,0.7885208553403867,0.7394257137220777
TCN1,SLC31A2,0.6969313594982829,0.7844754887001287,0.7394089320753845
SLC13A2,CD46,0.7180049687539258,0.7612168268787175,0.7392952481911513
STATH,PHLDA1,0.8369015129263628,0.652567739693952,0.7390094239160996
KCNN4,FBP1,0.7572292951278107,0.7209629080109421,0.7388736256264817
KCNMA1,NRG3,0.7045530461068126,0.7748132879242118,0.738848470371996
CHRM1,ATP2A3,0.7978656234071292,0.6840546600007091,0.7387717494233369
CA2,PHLDA1,0.8532062055493518,0.6395676685372145,0.7387036643097706
SLC22A3,ADGRG2,0.6807057661183878,0.8015488747637313,0.7386602337187087
F5,DYNC1I1,0.6638705610634784,0.8217260604268104,0.7385930819984902
RTN1,ST3GAL6,0.6370601759971828,0.855957089780028,0.7384417202875939
TCN1,FOLR1,0.7032924832456782,0.7753182604218731,0.7384277247488874
LTF,BPIFB2,0.7657656907083322,0.7120094510878374,0.7383985435407754
CCL28,FDCSP,0.7100141552122267,0.7676285333670999,0.7382595239043259
CHRM1,CCDC129,0.7894415833208596,0.6903807501280976,0.7382514967647327
MANSC1,SLC31A2,0.6801993166665493,0.8011779139626961,0.7382145146268511
KIAA1324,OXR1,0.7832362264248984,0.6950973773875496,0.7378519139115028
SLC25A48,PYCR1,0.7675567715231789,0.7092756912501442,0.7378410124788617
PART1,PRSS8,0.6743325147299669,0.8069043986360328,0.7376461701106485
PHLDA1,F5,0.7086753011165606,0.7676351235490221,0.7375663036831004
TCN1,LYZ,0.8561928628533003,0.6353713724081118,0.7375638510102916
LYZ,ADGRG2,0.6744710471965064,0.8063017041316657,0.7374463741466306
CA2,P4HB,0.772885698590852,0.7036216640442785,0.7374409273687758
TCN1,ANO1,0.7489022087248488,0.7259260875485607,0.7373246573498713
BPIFB2,C6orf58,0.6978664012752608,0.7787524812463466,0.737200916692029
ATP2A3,LPO,0.7194597436027439,0.7551259789590044,0.7370771623172273
RTN1,CHRM1,0.7061673843740448,0.7686946865602221,0.7367680206078832
KCNN4,ZG16B,0.8103190957219838,0.6693677386193102,0.7364790972345845
SLC13A2,SLITRK5,0.7758709248824255,0.6989957071820242,0.7364308832607186
EGF,MGLL,0.6418735779166787,0.8447424838619964,0.7363544530555388
ATP2A3,KIAA1324,0.6917445803577099,0.7836277507958928,0.736254201774741
ATP2A3,OXR1,0.6567014581327258,0.8253973815381108,0.7362334303704303
CA2,ADGRG2,0.6649873328077586,0.8149986216179045,0.7361818794507848
CHRM3,MGAM2,0.770432584442019,0.703447207685184,0.7361784092429077
CCL28,CRISP2,0.7360550602058512,0.7362188115050087,0.736136931302186
PIP,SLC12A2,0.7578574343677956,0.7148934669374446,0.7360620413385751
KCNN4,KANK4,0.6336466074949767,0.8549962772223679,0.7360472066945082
OGFRL1,PLA2R1,0.7069037905501969,0.7661667433796153,0.7359389751117615
CA2,CCDC129,0.7221290593337459,0.7493738685086202,0.7356253440137991
STATH,ODAM,0.8046853143365285,0.6722307061440873,0.7354822751638692
ODAM,PART1,0.7532654152983503,0.7173921770922609,0.7351100027949488
SRPRA,ST3GAL1,0.6992686049015971,0.7725304443687241,0.73498726933038
RNF128,SLC5A1,0.6572471851970074,0.8218657518214822,0.7349618711161086
TCN1,CHRM1,0.8561609584904142,0.6307844468311498,0.7348829951766491
KIAA1324,CES3,0.7035567684609537,0.7674852052700082,0.7348261092675998
ADGRG2,SLAIN1,0.705535710444154,0.7652252481763386,0.7347746179080338
RNF128,ALDH18A1,0.629100489472805,0.8581593937766757,0.7347574393434831
CHRM3,SLC5A1,0.8119843077787919,0.6648148769262335,0.7347239261396015
C6orf58,KIAA1324,0.7146664128914075,0.7552763168355827,0.7346908302780973
DMBT1,CADPS2,0.6719818741940269,0.8027686435366049,0.7344698616198791
NDRG2,SOX9,0.6924129440149599,0.7785496396133232,0.7342192097912225
CCDC129,PIGR,0.7794827842628854,0.6914841130102577,0.7341661676233708
MANSC1,CRISP3,0.7293779214042035,0.7383738074629671,0.7338620803029998
ODAM,ELF5,0.6767686118722557,0.7956949225595913,0.7338265109782125
TUSC8,AACS,0.7008577951393556,0.7682702278409347,0.733790281998752
LTF,FOLH1,0.8124774038817593,0.6627066364860819,0.733780735334081
C6orf58,MUC7,0.7954203377350328,0.6766242828440474,0.7336216433418091
KIAA1324,TMEM63A,0.7848445120693219,0.6852509090063673,0.7333589948477905
FAHD2A,ROPN1,0.7226940384782025,0.7438658636556589,0.7332035359239507
CA2,C6orf58,0.819096449677671,0.6559198417530546,0.7329813187613085
CCDC129,KANK4,0.6877558055450574,0.7811134647664137,0.7329497391926105
DMBT1,RTN1,0.765631092114708,0.7015451337499299,0.7328879634164541
CHRM1,MPO,0.8071974896218748,0.6649185884900223,0.7326121862432172
CA2,CCL28,0.7342655563304014,0.7305475068900605,0.7324041722794989
KIAA1324,CBS,0.7023866747577237,0.7636952532074336,0.7323997333619306
CCL28,SERP1,0.7604548948143374,0.7050990894331635,0.7322540910698836
SLC22A3,RTN1,0.7088603310257481,0.7562974614415117,0.7321948298583942
ODAM,PIP,0.6909240249061426,0.7757060220491807,0.7320887425019954
PPP1R1B,SOX9,0.6405612052697416,0.8364443815322997,0.731979385758529
SLC12A2,CADPS2,0.7384285532352189,0.7251476620730165,0.7317579784235215
SLC12A2,AACS,0.752805938157702,0.7112223983195715,0.7317188290632788
LPO,BPIFB2,0.7890709508586975,0.6779112652869524,0.7313823122675297
SLC5A1,ATP6V0E2,0.6943835614137568,0.77026109213114,0.7313389367266526
ST3GAL1,P4HB,0.6415212388118454,0.8336346917565259,0.731296355913372
GPAT2,PART1,0.6595433405889166,0.8102835353019902,0.7310383777184833
CHRM1,MANSC1,0.8141396911793878,0.6561226743294818,0.7308731158377618
EGF,PLA2R1,0.6129993650061182,0.8713729533044712,0.7308563929111839
PPP1R1B,SLC12A2,0.7207024044160142,0.7409873095252608,0.7307744765771508
MGLL,ELF5,0.7206183602391435,0.7409882892048185,0.7307323490329305
CCL28,ACSL1,0.7989037097844826,0.6676930921092528,0.7303577810111659
EGF,FOLR1,0.6653104918346636,0.8016677508554751,0.7303136077122244
ATP2A3,GALNT6,0.7024960536687934,0.7591794529981214,0.7302880046650181
FOLH1,KIAA1324,0.7910144657161018,0.6742054195385471,0.7302781933750891
PPP1R1B,FOLR1,0.6997902046234851,0.761734300163699,0.7301056100183604
ROPN1,ELF5,0.6639203126187385,0.8027130965242845,0.7300257050183635
KCNN4,TNFSF13,0.7084173042714805,0.7519372602992572,0.7298529762373257
ATP2A3,ACSL1,0.7585429953420398,0.7021204671232945,0.7297866552785519
FOLH1,CADPS2,0.7313031908154141,0.7278008144404591,0.7295499008829792
SLAIN1,FOLR1,0.7056321991421183,0.7542345069426182,0.7295287203412837
NOSTRIN,ANGPTL1,0.728892182017348,0.7300939198739389,0.729492803483704
PIP,CRISP3,0.8498760355883197,0.626001805807971,0.7293997072875802
KCNN4,CRISP3,0.7692838908452517,0.6914100199341239,0.729308295787396
LTF,CCL28,0.8728471140933923,0.609251191722153,0.7292346292193215
F5,SLC13A2,0.7773706995983928,0.6840245169312473,0.7292054698569509
CCL28,C6orf58,0.7282920500382376,0.7298404994977014,0.7290658636777011
RTN1,FAHD2A,0.6905144705194328,0.7697060503535037,0.7290357781449779
KCNN4,GRIA2,0.8062940888730362,0.6591272357167328,0.7290064430261409
GALNT13,ADGRG2,0.6542430716344404,0.8119440900324403,0.7288407202251082
GRIA2,CHRM1,0.8316885199264793,0.638607775266747,0.7287816925699647
SLC31A2,FOLR1,0.6049604693383143,0.8774799171802791,0.7285881295576581
CCL28,SLC31A2,0.6831892596147615,0.7766768297164809,0.7284348071405861
CHRM1,GALNT6,0.7373041354765654,0.7191787541727234,0.7281850517543141
SSR3,ALDH1L2,0.6680012424064949,0.7934796843213593,0.7280421793762923
TBC1D24,ATP6V0E2,0.7726242495950678,0.685548384897705,0.727785206254359
RNF128,LTF,0.7090319430436189,0.7469442124275383,0.7277412357992936
KCNN4,FAHD2A,0.7452333502508379,0.7103225285214714,0.7275685793715274
SLC13A2,SAP30BP,0.7423809629781877,0.7129469297289228,0.7275151051658653
LPO,NRG3,0.6972464103141506,0.7588914450970368,0.7274162054230213
NRG3,ADGRG2,0.636206332865678,0.8316945432036879,0.7274127682382359
KANK4,LRP6,0.6980817128393003,0.7577574028359575,0.7273077654531023
ST3GAL6,P4HB,0.7494081089609433,0.7057908633698481,0.7272725735512852
ANO1,FOLH1,0.6802953696366884,0.7773942592697767,0.7272260411752128
ADGRG6,FAHD2A,0.6485260928614751,0.8151196087103749,0.7270669398698539
SERP1,ALDH9A1,0.6950023242174342,0.7603942815510133,0.7269634055436356
ST3GAL6,CD46,0.7674354935204253,0.688590609910524,0.7269448909994578
SRPRA,OXR1,0.7592646585752029,0.6957232065002523,0.7267998643686303
BPIFB2,ALDH18A1,0.6196705512086282,0.852280513505038,0.7267276901206116
CHRM3,KANK4,0.6666662365257645,0.7919505248724978,0.7266131542515261
SLC13A2,MGAM2,0.8188180095265463,0.6447274275601743,0.7265772009373763
FAHD2A,AACS,0.6911600152210453,0.763107666170924,0.7262434207385235
CCDC129,GALNT13,0.757769738303587,0.6957007550954497,0.7260722960740802
RASAL1,PRSS8,0.7955560300681522,0.6625289497162842,0.7260019979597229
KIAA1324,PIGR,0.8255044233218612,0.638307156968969,0.7258962608499134
PPP1R1B,ANO1,0.7178024037022921,0.7339730214755004,0.7258426820377458
GALNT13,PLA2R1,0.6276399483114109,0.8393740117840868,0.7258268811294508
ROPN1,OXGR1,0.6170142153616193,0.8537858420145659,0.7258085156551118
SLAIN1,SOX9,0.6414221274516553,0.821213079846276,0.7257714797139141
DEPTOR,HID1,0.7599611714681964,0.6930487279899791,0.7257341959752261
SLC12A2,ST3GAL6,0.7462455504687462,0.7056035331029086,0.725640060204143
ACSL1,TNFSF13,0.6915362066371352,0.7610820485780531,0.7254762524116738
PART1,ALDH18A1,0.5573768990345932,0.9440693359896395,0.7253981244582541
MANSC1,PIP,0.7416384020700271,0.7093206239027076,0.7252995340316432
PPP1R1B,ST3GAL6,0.6871537105326002,0.7652362635692171,0.7251447703360278
AZGP1,MUC7,0.8163630916655257,0.6440128735635076,0.7250850574482309
TCN1,KCNMA1,0.7681602263482452,0.684375315755341,0.7250585476068636
PPP1R1B,ATP6V0E2,0.7428921886887857,0.7074457239629326,0.7249523448153992
CCDC129,SLAIN1,0.656558429111675,0.800181000090706,0.7248210678674861
FAHD2A,ATP6V0E2,0.7373501268252179,0.7121770496172962,0.724654288510958
P4HB,CD46,0.6625900785235039,0.7925274216463402,0.7246521969473898
ODAM,GALNT13,0.768433133109246,0.6831435044400757,0.7245344046214213
GRIA2,TRIL,0.6330966315700876,0.8290230219196676,0.7244664813995167
ATP2A3,MPO,0.7503998766870654,0.699218297188152,0.7243571798410845
MANSC1,ZG16B,0.746668308337616,0.7025989145653356,0.7242985178628659
BPIFB2,PRSS8,0.6774222252351515,0.7743149264627074,0.7242500538606538
RNF128,SLC12A2,0.730040001710372,0.7183048182428069,0.7241486385670743
SSR3,P4HB,0.7367787877835177,0.7116988805984279,0.7241302634983544
STATH,CADPS2,0.6292224807371323,0.8331725871834272,0.7240517399949611
PPP1R1B,LIMCH1,0.6482444654946528,0.8086052557559203,0.7239985371626545
CHRM1,OXGR1,0.7159473752756892,0.7320234780814617,0.7239408040527924
KIAA1324,CD46,0.7105387454004217,0.737425308497342,0.7238572052043278
EGF,NRG3,0.7320099723548248,0.7157382768049355,0.7238284024665451
TCN1,MUC7,0.792869148452321,0.660622582734694,0.723731486548174
GRIA2,KANK4,0.7149374182467968,0.7326069158545571,0.7237182442158034
KCNMA1,KIRREL3,0.7109783058063944,0.7361460604147585,0.723452748187286
PYCR1,SERP1,0.6943372353993412,0.7535752123420512,0.7233500740326576
ADGRG2,LRP6,0.7114186388770504,0.7353720964584463,0.7232962158968004
KIAA1324,SLC31A2,0.6619381888569551,0.7900985343689346,0.7231848953474534
CA2,PIGR,0.6648519315028186,0.7866123746066366,0.7231740845752432
KCNN4,ANO1,0.7251874861188986,0.7211648878091169,0.7231733900438476
SSR3,SERP1,0.6330966730602787,0.8259029869314694,0.7231019522148036
RNF128,ADGRG2,0.6432349689484319,0.8126957916905941,0.7230175325209068
CCL28,NRG3,0.7442866796468487,0.7023037322098304,0.7229905344816377
PYCR1,ALDH1L2,0.6604727277549066,0.7913266822649289,0.7229451517098361
SLC13A2,NRG3,0.7397904655986681,0.7064054268695822,0.7229052494243448
RNF128,LYZ,0.7025883092840034,0.743746507624569,0.7228745405171135
MCFD2,PYCR1,0.6633817812607453,0.7875436331417615,0.7228015620999588
SLITRK5,KIAA1324,0.6959467367361875,0.7505275487324816,0.7227220754695269
PHLDA1,ATP2A3,0.7729690161751023,0.67558487783498,0.7226383454833276
OXR1,ALDH18A1,0.7641960425266447,0.6829908249921124,0.7224533794930856
PPP1R1B,GRIA2,0.8338826977476715,0.6256361689274822,0.72229299896494
LPO,FOLR1,0.6582020309116035,0.7920809218875454,0.7220452004083383
TCN1,LPO,0.8232891235023625,0.6332410614515924,0.7220391114393924
NRG3,SLC31A2,0.7529800317804861,0.6923682273797808,0.7220383991563234
SLC37A2,ST3GAL1,0.6347825865055461,0.8211847290778272,0.7219929129311999
TCN1,SLCO1A2,0.7961718718435578,0.654325947011721,0.7217727578872248
LYZ,KIAA1324,0.7119611097853327,0.7315000300408437,0.7216644463986592
KCNN4,CD46,0.6429750923134139,0.8097127672506055,0.7215435823776052
TCN1,SLC5A1,0.7800316780996959,0.6673801520782144,0.721510679031156
TCN1,CES3,0.6637520650732445,0.784082499686808,0.7214127655890977
ANO1,MGLL,0.7281826343214571,0.714273703034281,0.7211946385699528
KIAA1324,ST3GAL6,0.7030812645006983,0.73969509977147,0.721155854231452
RTN1,KANK4,0.6666455370444057,0.7798184985509333,0.7210149247856448
SLC5A1,PART1,0.5732695994245522,0.9068016178858199,0.7210005549532815
NRG3,P4HB,0.7018525130602287,0.739718734867362,0.7205369199592697
KCNN4,CBS,0.7149941419228996,0.726004230592664,0.7204781550366373
SLITRK5,LIMCH1,0.7021832187871861,0.738930839901517,0.7203227301863839
CCDC129,ADGRG2,0.6966323964496273,0.7447027395380896,0.7202666548487595
KCNN4,EPHA7,0.7231561312347533,0.7173648659766255,0.7202546779878586
DMBT1,FDCSP,0.8360301717169701,0.6200610844720496,0.7199928992192759
FAHD2A,SLITRK5,0.7614887264032917,0.6807546944063502,0.7199909896912278
PHLDA1,RTN1,0.6058649534571239,0.8554646864651796,0.7199278244723141
CCL28,CCDC129,0.8352639758815535,0.6204261371603997,0.7198747127559278
CBS,ALDH18A1,0.655798030446475,0.7901282339529211,0.719836467280227
RNF128,CRISP3,0.6957242998085331,0.744541148434506,0.719718951517353
KCNMA1,LPO,0.6796316322347646,0.7620783693149604,0.7196753198688519
MPO,PART1,0.7197536836658632,0.7195553976285313,0.7196545338179913
CCL28,LIMCH1,0.7027225312194383,0.7368753028453368,0.7195963299020953
ACSL1,SLC31A2,0.7054986730121521,0.7337136341977197,0.7194678556387456
CHRM1,MGLL,0.689961582149687,0.7502184664762923,0.719459463825374
SLITRK5,CBS,0.6132783220434908,0.8437606690533154,0.7193470145370108
EGF,PART1,0.6609438612817796,0.7828684013320673,0.719327508199089
BPIFB2,ADGRG2,0.6490897895042772,0.7970648615372978,0.7192820470417015
TUSC8,NRG3,0.7613323663766356,0.6794578581349097,0.7192310192052698
SRPRA,TNFSF13,0.7136655634081384,0.7247733121800873,0.7191979937264735
SLCO1A2,PTH2R,0.7031741402181023,0.7349013905146684,0.7188627500575057
SLITRK5,SLC12A2,0.7111739432050305,0.7265528295643222,0.7188222594967628
GALNT6,ACSL1,0.7687252101347407,0.6721449349463432,0.7188148275860963
CHRM1,KANK4,0.6227522438531389,0.8295797122573393,0.7187646535990062
CA2,PKDCC,0.6284373936248053,0.8219995050531966,0.7187316790823338
KCNMA1,ST3GAL6,0.7297361964232315,0.7077384252501964,0.7186531475646968
PIP,CADPS2,0.6208268995535915,0.8318197597870026,0.7186209588204188
ANO1,CHRM1,0.7831048172037297,0.6594382996243818,0.7186162460482576
LPO,SLC25A48,0.684284336894211,0.7545606676771326,0.7185638775557117
SLAIN1,TNFRSF11A,0.6541227657591098,0.7892645427699716,0.7185234203784125
TCN1,MGLL,0.6338292520827924,0.8144173385883995,0.7184716644383017
AZGP1,PART1,0.7360401842446956,0.7011277548314468,0.7183719105346533
NRG3,PLA2R1,0.6260894442047127,0.8240749212605272,0.7182928437866034
TNFSF13,P4HB,0.5842119715984122,0.8828115104079676,0.7181567050757174
FAHD2A,LPO,0.7259930369343477,0.7101955859986631,0.7180508688780608
CCL28,LPO,0.7616360860078649,0.6764401301655901,0.7177751828796888
ATP2A3,PYCR1,0.7657999675534941,0.6727415342296391,0.7177641988041376
OXR1,CD46,0.7540897377400324,0.6830820674679567,0.7177082813454437
F5,TRIL,0.6307891763853938,0.8165155238866902,0.717669251687972
ODAM,RNF128,0.6411471217617744,0.8031000956238791,0.7175690313801564
NDRG2,NRG3,0.754277964545252,0.6826203750657646,0.7175552292762706
SLC22A3,FAHD2A,0.7029262467051094,0.7321711855360464,0.71739970964204
PHLDA1,CES3,0.682862910814759,0.7536490863939309,0.7173834461902807
F5,MGLL,0.6547253911661481,0.7856739749552532,0.7172173314844257
CHRM1,LYZ,0.8521671307223079,0.6036166207338982,0.7172044643942909
PART1,MGLL,0.6824702598640869,0.7533613003981771,0.7170402237352451
SLC12A2,IRX2,0.6349713708868335,0.8096684240787058,0.7170190159270798
CCDC129,OXR1,0.6603876618450851,0.7776230552168653,0.7166119390796508
PYCR1,TMED3,0.7976191582445586,0.6438003955285825,0.7165943968236299
GALNT6,PRSS8,0.565834006018546,0.907411584104193,0.716550299519378
CHRM1,ALDH18A1,0.6755027916386005,0.759978428679882,0.7164967202704959
KCNMA1,SLC25A48,0.709509908811818,0.7234049274709861,0.7164237322450724
SLC13A2,ATP6V0E2,0.8215765030704728,0.6245785838484028,0.7163372730850175
KCNN4,ATP6V0E2,0.7712938823058794,0.6650968415928218,0.7162297990599846
CHRM1,OGFRL1,0.6591673213071717,0.7779281613297455,0.7160899540372995
LRP6,C2orf88,0.6784629112216792,0.7557816984412226,0.7160795007347278
RTN1,KIAA1324,0.6096105072621507,0.8408831076407759,0.7159686988947681
CHRM1,P4HB,0.707999446287277,0.7239435292627053,0.7159271037342088
PPP1R1B,TNFSF13,0.6213393738795056,0.8248120932891417,0.7158828323214069
CCL28,ZG16B,0.766720558018666,0.6684159023051952,0.715882821140436
ACSL1,CHPT1,0.6073730687420912,0.8437649012355198,0.7158771384534396
FAHD2A,P4HB,0.6520784316693908,0.7858988375767872,0.7158684805590121
KCNN4,DYNC1I1,0.7023806080213852,0.7293528310993082,0.7157396768166837
PIGR,ELF5,0.7449706715980033,0.6876324494463301,0.7157276071779072
STATH,MANSC1,0.7991051430337244,0.641014500687631,0.7157080300364672
RNF128,KIAA1324,0.6101563625840046,0.8392217929171338,0.71558124386232
TCN1,ADGRG2,0.6833533577027544,0.7487946100687108,0.7153260172957351
GALNT13,KIAA1324,0.6934477459711703,0.7377587503574188,0.7152601921719532
ATP2A3,ST3GAL6,0.7027488552397926,0.727851166873005,0.7151898868866586
SLC5A1,ACSL1,0.8480844566650796,0.60311314577211,0.7151859090751906
FAHD2A,ELF5,0.7319575226352264,0.6986846409549088,0.7151275962348521
SLCO1A2,RTN1,0.7219140124860606,0.7082268098636312,0.7150376619863155
KCNN4,LTF,0.8508270699937007,0.6008747989215113,0.71501087026663
PART1,SLC31A2,0.6539633530690205,0.781544611617601,0.7149136554762903
EGF,KIAA1324,0.6493545703014745,0.7870742205566781,0.7149057576247023
CCL28,ELF5,0.7348995553493167,0.6945336355546589,0.7144315642133005
LPO,CRISP2,0.6605006464191805,0.7727309709730541,0.7144153594624231
MGAM2,TNFRSF11A,0.6932937209839733,0.7360002943652691,0.7143279238037648
LRP6,LIMCH1,0.7311381988508221,0.6979013186878509,0.7143264751645769
ZG16B,MUC7,0.7875100827193731,0.6477537800019252,0.7142216972839054
PPP1R1B,C2orf88,0.6910668278908726,0.738122026177618,0.7142070058652114
KCNN4,SAP30BP,0.6932342372478687,0.7357168621069011,0.7141597284453058
SLCO1A2,ROPN1,0.7013968796202084,0.7271200140045322,0.7141426390660209
CHRM1,ATP6V0E2,0.7165186315708174,0.7114556137894569,0.7139826348138991
CHRM1,SLC5A1,0.7102542204375338,0.7176066943776286,0.7139209923345428
ACSL1,BHLHA15,0.697135535688889,0.7310905365833195,0.7139111939576867
CCL28,ALDH9A1,0.6643220285910167,0.7667450029348957,0.7136985328286272
PART1,AACS,0.6793137645420043,0.749454463687068,0.7135227628324629
GRIA2,CLDN10-AS1,0.7332492661162194,0.6942775027484799,0.7134973506407185
PLCB1,LTF,0.7693827471532375,0.6616369495516896,0.7134788391144946
PIP,SLC31A2,0.772184030081383,0.6591640834616201,0.7134395408528287
SLCO1A2,OXGR1,0.706149858467301,0.7207502886172571,0.7134127236721689
ANO1,PLA2R1,0.7198226235959208,0.7070483756192251,0.7134069082560559
SLC13A2,FBP1,0.6008129853269489,0.8469464300636199,0.7133417224994802
ATP6V0E2,PRSS8,0.6271266788387374,0.8112786148172361,0.7132842794589157
SLC22A3,SLAIN1,0.6078920643631778,0.8366866164439254,0.7131725979699025
GALNT6,SSR3,0.7413549454621671,0.6859414835319959,0.713110167585697
MANSC1,ALDH18A1,0.6674928921136186,0.7617081875879209,0.713046142321578
TNFSF13,SERP1,0.6692949614073957,0.759607116583929,0.7130225913523526
MCFD2,SLC31A2,0.6998932889956171,0.7262403639874342,0.7129451289913827
CCL28,TMEM63A,0.8256946098759567,0.6154795255232185,0.7128801629401206
SLITRK5,TRIL,0.5970535451444019,0.8502406976364787,0.7124880509523716
EGF,CBS,0.6652562971301307,0.7627660132719066,0.7123446452146466
MCFD2,SERP1,0.6818217526064648,0.7441782249912131,0.7123179778828251
PHLDA1,FDCSP,0.6502494968379329,0.780273167764953,0.7123006631579818
MCFD2,PIGR,0.7274758415393228,0.6974405713741648,0.7122999133680185
ODAM,SLITRK5,0.7306917185072741,0.6943472958354949,0.7122877359851961
PPP1R1B,SLC31A2,0.6308696816370231,0.804026767734571,0.7122051045789783
SLC5A1,FOLR1,0.6747783038931258,0.7516734297183306,0.7121888246714236
PHLDA1,DEPTOR,0.817994033693683,0.6198692156839581,0.7120739569032563
EGF,C6orf58,0.7655922530265281,0.6621844813485419,0.7120135595582666
SEC63,CD46,0.7026537335128555,0.7214497383860401,0.7119897135625093
GALNT6,GPAT2,0.697765912999592,0.7264371072911776,0.7119571977343941
KCNN4,GALNT6,0.796814851439489,0.6360362826026241,0.7119010858484026
MANSC1,PART1,0.6343405129976996,0.7985473998697985,0.7117239403633878
FAHD2A,TMEM63A,0.6539613621961329,0.7743355756502273,0.7116077204816916
TCN1,FOLH1,0.7887283787191728,0.6418977111485135,0.7115356217489851
SLITRK5,CD46,0.6922788930694139,0.7310771025575762,0.7114135557514724
CHI3L2,SSR3,0.6877103990376601,0.7357882275583439,0.7113432473717322
CHRM3,OXGR1,0.6960938491337145,0.726803628309108,0.7112830204595331
TCN1,ACSL1,0.7563463006236257,0.6687360634385745,0.7111933968164863
KCNN4,MCFD2,0.7390149095287797,0.6842851030556423,0.711123683705273
ADGRG2,PLA2R1,0.5689748306359776,0.8887426719874456,0.711106329090821
CCDC129,ATP2A3,0.687516765521862,0.7352759026294003,0.710995436231438
TNFSF13,CD46,0.6965432338951127,0.7251877776948045,0.710721211064331
CHRM1,SOX8,0.6431530984150253,0.7853876847838573,0.7107211288021069
GALNT6,LINC01554,0.6408561582635325,0.788058880027101,0.7106563067613134
AZGP1,CHRM1,0.8525847554842685,0.5922679507171563,0.7106044088966487
KCNN4,ELF5,0.6163681016490974,0.8190474350846775,0.7105172149383187
KIAA1324,PRSS8,0.6560099682356356,0.7693926542423696,0.7104429960737654
ATP6V0E2,P4HB,0.6475264535602822,0.7792111728270281,0.710323762319151
AZGP1,DEPTOR,0.8181192976488708,0.6166639423543168,0.7102849226925048
MANSC1,FOLR1,0.6422643237609464,0.7854520364386102,0.7102589816608461
GALNT6,KIAA1324,0.6743556574031625,0.748039027531859,0.7102424587241101
CCL28,AACS,0.6611011591465603,0.7623918517039371,0.709942347578566
CCDC129,OXGR1,0.7174621569079843,0.7024833138102944,0.7099332317325356
CHRM3,ADGRG2,0.7289914389925147,0.691177853040253,0.7098328941994524
CCDC129,LRP6,0.6391684567528882,0.7882301334325559,0.7097970399714344
CADM1,SAP30BP,0.7089000522106008,0.710080561173618,0.709490061163446
PART1,FOLR1,0.5881719256779752,0.8555826929024994,0.7093868620585038
PLCB1,MANSC1,0.7089990879623465,0.7096323698467726,0.7093156582297618
NRG3,PRSS8,0.6644590718103647,0.7571412979505088,0.7092879556749078
PLA2R1,TECPR1,0.6748818488728734,0.7453337382679075,0.7092335379193343
NDRG2,ROPN1,0.7488038510484046,0.6717454265958654,0.7092288504841984
ADGRG2,IRX2,0.5586312713387983,0.8999256835335031,0.7090321774805132
RNF128,C6orf58,0.6293029277565423,0.798704267527382,0.7089618706013928
FAHD2A,SOX8,0.6186879220169066,0.8122548858310019,0.7088951173924548
DYNC1I1,LIMCH1,0.6773016119835253,0.741558919186385,0.7087023714830503
MPO,SLC25A48,0.7302686643362964,0.6869347060207636,0.7082703511033266
F5,FAHD2A,0.6590769837382268,0.7608714092632374,0.7081474658783072
OXGR1,TMEM63A,0.5786874582527078,0.8663780107178789,0.7080692684394421
ODAM,CRISP3,0.7161500975039872,0.7000158032897085,0.708036994640998
ADGRG2,AACS,0.5999702763012525,0.8351886412446969,0.7078759494793199
RNF128,ZG16B,0.6399756703153607,0.7824405400693636,0.7076319022717983
F5,CHRM1,0.7562174743491185,0.6619648067518568,0.7075233948569414
KANK4,TTYH1,0.739879052631568,0.6764410794417802,0.707449351557028
KCNN4,PRSS8,0.723903076882272,0.6912920343980322,0.7074096625894651
CCDC129,TNFRSF11A,0.6813572441821976,0.7343887243972071,0.7073761922865093
SLC25A48,ATP6V0E2,0.6514631951707319,0.7678997354370019,0.7072894847363058
TCN1,DLX6-AS1,0.7833812899704904,0.6385345894817108,0.7072595353892093
CCDC129,CD46,0.7131165249653855,0.7004653764423231,0.7067626441084164
CCDC129,TUSC8,0.7617751838963976,0.655570589820578,0.7066805548602852
MPO,GPAT2,0.6983633596811549,0.7148126688807198,0.7065401453436262
GALNT6,SEC63,0.7078125289717688,0.7051973656947291,0.7065037373125606
SLC5A1,SLC12A2,0.8225826876836807,0.6067896101540508,0.7064946060509251
AZGP1,RTN1,0.7254888067280947,0.6879131167231887,0.7064511774950274
KCNMA1,SLC5A1,0.6910350697416302,0.7221049027721912,0.7063991873211309
PPP1R1B,SOX8,0.6195545023106899,0.8052616027081442,0.7063309787173098
GALNT6,CD46,0.7214866367712797,0.6914686344960382,0.7063181857600552
KCNMA1,EGF,0.6824308227048554,0.7308460798963735,0.7062236838100947
PIGR,OXR1,0.6808699748988082,0.7324573278837382,0.7061927516270957
GPAT2,PYCR1,0.6019306431990156,0.8279728633404948,0.7059619240312289
CHRM3,EGF,0.7801119129509867,0.6387161008510048,0.7058824542850408
SLCO1A2,MGLL,0.6932933010342082,0.7186342565630114,0.7058500662101225
CCDC129,AACS,0.6477710815220867,0.7688572323571765,0.7057219572466812
CHRM3,ST3GAL6,0.6984846154695483,0.7129904066027679,0.7057002408880213
ATP2A3,ST3GAL1,0.6906383143989919,0.721001354416334,0.7056565454195738
EGF,MUC7,0.7101832413812048,0.7009642157752729,0.7055586714452013
SLC5A1,TUSC8,0.7552526779692804,0.6589547548342735,0.7054625030780698
MANSC1,ITGA6,0.7422750289586748,0.6703979965002452,0.7054216414783836
GALNT13,EGF,0.7547089190855174,0.6592265558158468,0.7053539263180196
SRPRA,PYCR1,0.7564057481408096,0.6573258874478376,0.7051277045098308
FAHD2A,OXGR1,0.6487954765107092,0.7662332628606873,0.7050735244611409
PPP1R1B,AACS,0.6351225335139424,0.7826356587345424,0.7050315896425038
PIGR,P4HB,0.6209491453441018,0.7999773810383694,0.7048015827524711
PPP1R1B,C6orf58,0.7646672805831506,0.649614288877142,0.7047969861624278
KCNN4,P4HB,0.7024028222241561,0.707145226214716,0.7047700352707653
KCNN4,ST3GAL6,0.7085427873011019,0.7008840970221232,0.7047030379380176
CHRM3,SLC12A2,0.7821549061172718,0.6349120102142273,0.7046981933720543
PPP1R1B,CBS,0.6422839328959024,0.7728467001111283,0.7045473852573689
ST3GAL6,PLA2R1,0.6736658917963266,0.7366602189589788,0.7044592701894679
CHRM1,TRIL,0.6680024692374142,0.7428695983716923,0.7044421381729635
NOSTRIN,SMAD9,0.7446281399736672,0.6663828282229308,0.7044199073635219
RTN1,EGF,0.6501215104767041,0.7632010294433865,0.7043957737373997
EGF,PIP,0.7671317029311353,0.6467583085965881,0.7043783093328196
ROPN1,CLDN10-AS1,0.7154861252750511,0.6933843496759052,0.704348551269877
LIMCH1,TRIL,0.6434360228845897,0.7708251724488283,0.7042561205270439
TNFSF13,BHLHA15,0.5952052749750029,0.8332727153110526,0.7042501797272631
CHRM3,AACS,0.5827971481770711,0.8509974945367971,0.7042435039969328
MPO,MGLL,0.6845697714281685,0.724397617609344,0.70420218084719
PLA2R1,AACS,0.7049759917177714,0.7032099604781197,0.7040924223948708
GRIA2,FAHD2A,0.7469930316872448,0.6636437565873743,0.7040861180945941
PKDCC,NRG3,0.683847126522306,0.7249046594261772,0.7040766778918487
LPO,TNFRSF11A,0.6684276289988226,0.7415522800159935,0.7040412149226503
RTN1,LYZ,0.7087369046017458,0.6989978901858285,0.7038505530391058
CA2,TNFRSF11A,0.6527938829692366,0.7587274851910748,0.7037703184799468
NDRG2,SAP30BP,0.7421923385958058,0.667279304222451,0.7037397155891111
C6orf58,PART1,0.7557210960211664,0.6550606137278019,0.7035930108853217
SLCO1A2,SLC13A2,0.8026826045201287,0.6166845987215934,0.7035637852173029
F5,ANO1,0.6144159507031675,0.8056011591404549,0.7035440299518263
KCNN4,TMEM63A,0.6813887787688123,0.7263952803810214,0.7035322259870213
CHRM1,CD46,0.5945285419680725,0.8323946404279828,0.7034787643672598
SLC13A2,LIMCH1,0.6531216750504213,0.7574877554137919,0.7033716454663492
LPO,SLC5A1,0.6462673988402512,0.7653341338225155,0.7032855038383301
TCN1,SLC39A8,0.7630994428534408,0.6481263068428457,0.703267249095558
NRG3,ROPN1,0.7365036635386567,0.6714008508547774,0.7031992508226348
MGAM2,NRG3,0.6426510801540088,0.7694302129489301,0.7031892756966356
ODAM,MGLL,0.5967783921954218,0.8285336726433665,0.7031720934734798
SLITRK5,MGLL,0.6362821607746603,0.7770130316902468,0.7031354995688526
SLCO1A2,CCDC129,0.7551143036113717,0.6545375354633395,0.7030296261743904
CA2,PART1,0.7309435985571443,0.6761519979291456,0.703014206497943
FOLH1,CD46,0.7527765969603889,0.6565223710064203,0.7030040371680514
ODAM,CHRM1,0.7730825562509787,0.6392748819335158,0.703002318539708
EGF,CADPS2,0.6460327334920739,0.7649090834861092,0.7029625211043958
KCNMA1,ADGRG2,0.7210452683671844,0.6852352137606893,0.702912233924493
ADGRG2,FOLR1,0.617756307114005,0.7997331408085483,0.7028799269737139
ACSL1,BPIFB2,0.6879120655033177,0.7179380243396969,0.7027647040275231
SLC37A2,P4HB,0.7472846597902271,0.6607976071138892,0.7027118292887198
SLC22A3,LPO,0.7691511501315305,0.641937640616023,0.7026713844981416
EGF,OGFRL1,0.6622023490688154,0.7455903084478254,0.7026604113631937
KCNN4,SLAIN1,0.7018191662378633,0.7034813529102546,0.7026497680661106
AZGP1,FDCSP,0.7577937053037885,0.6514235535776679,0.7025985115183365
PPP1R1B,MPO,0.7781259807363163,0.6342533845455273,0.7025162182361461
PPP1R1B,ZG16B,0.810831620241931,0.6086162639563987,0.7024850969304313
DEPTOR,BPIFB2,0.7697501320535403,0.640810276356129,0.7023274128541445
MPO,CRISP2,0.6180482365380385,0.7977791672107601,0.7021865901891001
SLC13A2,SOX9,0.6012606113475112,0.8197252235730432,0.7020459308781037
ZG16B,KIAA1324,0.6795837486486945,0.7246357470781201,0.7017483006065609
SRPRA,ATP6V0E2,0.7480551086574151,0.6580393979665202,0.7016051121155726
LYZ,SLAIN1,0.677559800488831,0.726345140636052,0.7015285229948924
RNF128,PIP,0.6544237513445521,0.7519457086378805,0.7014920751186283
NRG3,FREM3,0.6878400170060482,0.7153454512400281,0.7014579298476425
ODAM,MANSC1,0.7371672324234514,0.6674350022712034,0.7014351099330594
PHLDA1,PIP,0.7327108293832011,0.6714612225283401,0.7014177851020019
MANSC1,KIAA1324,0.6384857551459782,0.770391528408389,0.7013444351913648
CHRM1,MGAM2,0.7826386392911698,0.6284485230357433,0.7013188268777899
AZGP1,CA2,0.8225843832219207,0.5978148109392142,0.7012511158902798
CHRM3,FAHD2A,0.7344973408398643,0.6692175672352658,0.7010980841348989
ANO1,DLX6-AS1,0.6793711324051761,0.723352031332085,0.7010167534757376
CHRM1,ACVR1C,0.6190038255392305,0.7938336869634239,0.7009893644501829
DMBT1,SLC12A2,0.702108844581638,0.6996033988850754,0.7008550021627777
PART1,LINC01554,0.6310316400212457,0.7782929136834692,0.7008048613833906
KCNN4,C6orf58,0.7638859707842175,0.6428781407934435,0.7007749943283882
SLC13A2,ST3GAL6,0.735846862810461,0.666982701928156,0.7005691463108252
CHRM1,FBP1,0.6754803591506027,0.7264244101599292,0.7004894156734944
MPO,OXR1,0.5928688939821277,0.8273785346035799,0.7003763250674441
PADI2,GPD1,0.7205049786892029,0.6807823606589308,0.7003621065267225
NRG3,SLC25A48,0.7575677940766518,0.6474756196585504,0.7003618185646197
RTN1,GALNT13,0.6148112249717528,0.797789995810335,0.7003500871666696
DMBT1,MUC7,0.7347783871805919,0.6675184791809363,0.7003414535394931
CCDC129,SLC12A2,0.7515667936126601,0.6524592283783374,0.70026187261288
CCDC129,SAP30BP,0.7246027622095684,0.6765468984289336,0.700162660648168
SAP30BP,KIAA1324,0.7208680081304288,0.680039660752957,0.7001562937635258
GRIA2,PTH2R,0.710669635038596,0.6897647494576606,0.7001391738501456
SLAIN1,SLC31A2,0.6671240653938743,0.7345946602632611,0.7000469814030046
AZGP1,ADGRG2,0.6846301467604131,0.7156218240954625,0.6999544802738469
NRG3,OGFRL1,0.6153412419873457,0.796142686447554,0.6999281602263049
GPAT2,CHPT1,0.5587560229391357,0.8763173796888191,0.6997482503782122
RNF128,SLITRK5,0.6615454650990772,0.7401045061210852,0.6997233594241342
TCN1,PYCR1,0.7526182854129558,0.6503682857493633,0.6996278039841249
KCNN4,ALDH18A1,0.677005335065542,0.7227954618202099,0.6995258278387184
SLC13A2,TRIL,0.6106584291765598,0.8012221375869413,0.6994805586721671
CCL28,SOX9,0.714745000548541,0.6844656991510535,0.699441517580403
KCNN4,SLC39A8,0.7904393469110196,0.6188579836941706,0.6994066774501732
GALNT6,MCFD2,0.7811005850972792,0.6258766613686629,0.6991942694228795
CHRM3,CCL28,0.8547384518491886,0.5719340233933363,0.6991809506237265
TMEM63A,SOX9,0.6669745972145784,0.7328732804716915,0.6991479536206433
MGLL,CES3,0.6595532067737604,0.7410146649923024,0.699098418366153
F5,CCL28,0.7759142214488122,0.6297628895987127,0.6990293142496525
KCNN4,FOLR1,0.7460191273353566,0.6549812779300924,0.6990197145877963
KCNN4,PTH2R,0.6592744471300518,0.7410404664354889,0.6989628343554847
GPAT2,ATP6V0E2,0.6039568275688642,0.8085105269573968,0.6987885609518948
KCNN4,PYCR1,0.7770445825350869,0.6281538557359106,0.6986440800565878
KCNMA1,CHRM1,0.751377515352105,0.6494181080356632,0.6985400235065286
ROPN1,KIAA1324,0.7215101338581241,0.6759809648447137,0.6983746247041435
CHRM1,ROPN1,0.7428602822629848,0.6563634203721499,0.6982738114269742
DMBT1,CRISP3,0.7184992025763459,0.6785101874651714,0.6982184676973624
CCDC129,ELF5,0.6818327214185884,0.7149360917268646,0.6981882418535116
CCL28,CEACAM1,0.7233163507352346,0.6737177685896221,0.6980766990823649
SLC25A48,PART1,0.6661599556130425,0.7314082393865108,0.6980221201972984
SLC5A1,SLC25A48,0.7128057179355936,0.6833712053214268,0.6979333081503214
NDRG2,GALNT6,0.7355822717957856,0.662137314672626,0.6978943116028753
LIMCH1,ID4,0.6931049907369308,0.7023961505825369,0.697735105497183
SLC13A2,PTH2R,0.7145863065948652,0.6810963665782145,0.6976404066768987
BHLHA15,ALDH1L2,0.589465367966328,0.8255076938645289,0.6975730761166814
BPIFB2,SLAIN1,0.6214003636046898,0.7829840110639521,0.6975288876969886
PPP1R1B,OXR1,0.6508356678007093,0.7475682475915408,0.6975271174999912
SEC63,SERP1,0.7502135717521687,0.6484545469953117,0.6974807537275042
EGF,BPIFB2,0.7212304539978395,0.6744721030787286,0.6974595480114593
ST3GAL6,MGLL,0.6292931290358121,0.7729489974754893,0.6974320706753058
HP,ACSL1,0.7081188956917047,0.6867560757250262,0.6973556868284464
CCL28,GALNT13,0.7736400646116319,0.6284318681083957,0.6972661407578801
CCL28,FAHD2A,0.7657501697565298,0.6348913637435321,0.697257606314599
MPO,PYCR1,0.7561498210758092,0.642824093992221,0.6971881551313369
ODAM,F5,0.7120042620505599,0.6824877319417589,0.6970897890083834
SLC22A3,KANK4,0.6547872161660758,0.7418709209877508,0.6969702971491196
MPO,LINC01554,0.6499134256450283,0.7472552678853445,0.6968868136093963
LPO,ACSL1,0.6576337942987072,0.7383516901426163,0.6968249590215265
ANO1,CES3,0.6549223717904722,0.7412342363563976,0.6967430545953303
GALNT6,PIGR,0.7070672211334404,0.6864756329898308,0.6966953553698627
DMBT1,PLCB1,0.6862191656396046,0.7070787432241036,0.6965708759464069
AZGP1,SLITRK5,0.740758024338954,0.6550125762561887,0.6965671697005988
AZGP1,SLC31A2,0.6831815494052376,0.7101733378613319,0.6965467115035386
MANSC1,SLAIN1,0.6737193718082042,0.7200132804343871,0.6964817980305154
KANK4,TRIL,0.5755872585459041,0.8427474037789446,0.6964730201434948
CCL28,SSR3,0.6825644825561634,0.7102610568033522,0.6962750682860718
KANK4,C2orf88,0.7624738872505923,0.6357134973969965,0.6962147237296531
SLC22A3,BPIFB2,0.6908296293223748,0.7016099799076397,0.6961989387728723
CA2,GATM,0.7218691018977212,0.6713987819813982,0.6961767273933652
C6orf58,FOLR1,0.6437588250565898,0.7525997711901997,0.696055130316027
ANO1,SLC12A2,0.7346139919198414,0.6594559242517682,0.6960212274132018
GALNT6,ST3GAL1,0.6425190440191524,0.7539554014519861,0.6960105629758836
SLC22A3,ITGA6,0.618980637952079,0.7826162886461585,0.6960059838951729
PART1,OXR1,0.7275629191430363,0.6656464334942318,0.6959164190261746
KIAA1324,P4HB,0.620516475237375,0.7804107034657503,0.6958862686905725
SLC22A3,TCN1,0.8291669197697441,0.5838571419676725,0.6957837508816236
SLAIN1,LINC01554,0.6548290069978452,0.7392953831552908,0.6957816192094115
KCNN4,CES3,0.6726935047047424,0.7195976744184805,0.6957504449024448
PKDCC,SLC31A2,0.6165650766480318,0.7850664319184545,0.6957330988026937
MANSC1,SSR3,0.7511675479658726,0.6443541000692843,0.6957139421995227
GPAT2,ACSL1,0.5975833063824203,0.8099317511472203,0.6957023025652995
ST3GAL6,AACS,0.6438804120441187,0.7514897277840609,0.695607299826938
SLC12A2,ITGA6,0.6460613179493078,0.7487059280884214,0.6954925870613325
CA2,TUSC8,0.7546915619578527,0.6408594002619532,0.6954503445818876
OXR1,LINC01554,0.6129601654717478,0.7890355557630718,0.6954476003435666
KIAA1324,SLAIN1,0.6353650297027118,0.7611824036288916,0.6954341668992488
HP,GALNT6,0.7349977915283731,0.6579309820906326,0.6953975976480711
CCL28,PRSS8,0.6785266121770783,0.7125918472046173,0.695350653950045
TCN1,PLA2R1,0.624370710462258,0.7743566337950363,0.6953312890944642
TCN1,SLITRK5,0.7271981082858618,0.6648093256644745,0.6953043103519533
LRP6,ID4,0.7243389237435374,0.6672923850773055,0.695230787601609
SMAD9,ID4,0.6559573935381883,0.7368462663027454,0.695226406490932
NDRG2,RASAL1,0.7746061124523974,0.6239538096784213,0.6952110721679172
GALNT6,LPO,0.6727088063544546,0.7184428240484961,0.6951998378880617
GALNT13,OGFRL1,0.686603548637877,0.7037921741408528,0.6951447362015167
MANSC1,OGFRL1,0.7344213271707325,0.6572078305689173,0.6947427201154555
ADGRG2,SLC31A2,0.6122782551336076,0.7882843933784558,0.6947297265317033
MCFD2,CD46,0.7906512744736087,0.6104306239568447,0.694721347598589
TUSC8,PART1,0.6868533659998398,0.7024182621841395,0.6945922168588806
PHLDA1,SOX8,0.638878579372197,0.7550298963784352,0.6945303647658552
SLC5A1,TNFSF13,0.7126823684441645,0.6767980897445018,0.6945085064688536
RNF128,CBS,0.6324564690268042,0.7623194337657323,0.6943585942076239
NDRG2,LINC01554,0.719635650678847,0.6698692609781688,0.6943067056379212
FOLH1,CBS,0.6616798666007832,0.7284967584775999,0.6942849832515184
NRG3,FBP1,0.6572268406172009,0.7334325637527748,0.694284931912691
PPP1R1B,KCNMA1,0.8228694933376416,0.585746655864254,0.694257195810916
CCDC129,ST3GAL6,0.6802868004730165,0.7083640411580829,0.6941834823226266
PYCR1,FOLR1,0.6592197448030437,0.7308740985976108,0.6941229262606672
KANK4,OXGR1,0.5933340955532351,0.8117388257292703,0.6939973501314841
PPP1R1B,CRISP3,0.7359995949777163,0.6543621391021486,0.6939814618186377
SLC22A3,OGFRL1,0.6133175313899429,0.7850459439692633,0.6938893574503907
EGF,ST3GAL6,0.6650698233541997,0.7239494463797226,0.6938853870929498
KIAA1324,TNFSF13,0.5784873266587588,0.8321871525298538,0.6938369557372682
MANSC1,PYCR1,0.7294572573671049,0.6598270614698692,0.6937691536789503
GALNT13,FOLH1,0.7314179493759385,0.6579942224313795,0.6937353853393776
LYZ,SLC31A2,0.6458879917236032,0.7448780613177957,0.6936193445280502
GATM,OGFRL1,0.6196168033050102,0.7758149374019352,0.6933310691648426
PHLDA1,SLC13A2,0.740198746351381,0.6494233983877696,0.6933270406798516
CHRM3,TMEM63A,0.6879874767861555,0.698687131379863,0.6933166640006492
GALNT6,PART1,0.5985061862575267,0.8029527848988751,0.6932331563295901
RNF128,PART1,0.5620110627397584,0.8547154384604179,0.69307974426412
CHRM3,MPO,0.7657550576103012,0.6272218851090897,0.6930355912694186
GALNT13,ST3GAL6,0.6756623261836067,0.7108015126363099,0.6930092376604192
LIMCH1,KIRREL3,0.606350504665929,0.7919800035833012,0.6929772542140608
KANK4,LIMCH1,0.6658105304403611,0.7212274307455511,0.6929652359482648
GALNT6,TUSC8,0.7490749565092114,0.6409558912507584,0.6929098111320006
SLC22A3,MPO,0.7323320220710592,0.6555357888025032,0.6928707309113901
CADM1,PYCR1,0.7075143807879104,0.6784915733073816,0.6928510268148466
CHRM3,NRG3,0.6621364880459882,0.7249844418379627,0.6928482172933474
SLCO1A2,KANK4,0.672804883499262,0.7134280111730839,0.6928187713554078
SLC5A1,SSR3,0.7409589001440279,0.6477893370783562,0.6928096958953502
PLCB1,EGF,0.6392248890676286,0.7508101289764098,0.6927745097835207
KANK4,MGLL,0.6256310077048628,0.7670829635183081,0.6927560086056213
SLC22A3,KIAA1324,0.635010248413661,0.7556344400788082,0.692701677134076
SLC12A2,SLC31A2,0.6953345579662557,0.6898840142688065,0.6926039244110493
OGFRL1,IRX2,0.5763188584388995,0.8321584195564979,0.6925233500750134
PPP1R1B,MCFD2,0.6449124932055468,0.74364169457465,0.6925199053454963
LTF,FDCSP,0.8459998409470114,0.5667130496441819,0.6924154460015849
KCNN4,FDCSP,0.7202196551873459,0.6656267940353776,0.6923853696342942
SLC31A2,IRX2,0.5867606814679535,0.8167335567380275,0.6922623334613479
MGLL,AACS,0.6133641430430136,0.7812579563915638,0.6922395661312979
STATH,FOLH1,0.7791647041049236,0.6149539075515486,0.6922068906154928
CHRM1,PYCR1,0.7524185333526333,0.6364674458432925,0.6920187151574058
CCL28,P4HB,0.6599892423472609,0.7255696890761347,0.6920030269901251
SLC13A2,ADGRG2,0.7033249187104058,0.6804319497711074,0.6917837420471278
F5,LIMCH1,0.6312789578094515,0.7579905877361034,0.6917394800468027
RTN1,CES3,0.5645315338354151,0.8475032938145934,0.6916952612153121
RASAL1,AACS,0.7447365552853358,0.6422271830552972,0.6915851791494717
CADM1,CD46,0.7687825306246674,0.6220384056385304,0.6915289289917832
LRP6,OXR1,0.72802208233296,0.6565802122111896,0.6913789795131228
TCN1,MCFD2,0.6670422925920436,0.7165131836135887,0.6913353720662875
LYZ,FOLR1,0.7062274680369104,0.6766696369270722,0.6912905932995629
MCFD2,SEC63,0.7454378100640804,0.6410611133632534,0.6912822813169341
AZGP1,PLCB1,0.7003227815362625,0.682245792821399,0.6912251958082075
ALDH18A1,AACS,0.6499945843955006,0.7347624303696663,0.6910800247131725
ANO1,SLITRK5,0.6235967817512281,0.7657448418934145,0.6910253389329051
SRPRA,MCFD2,0.8753164600748183,0.5454147474655818,0.6909489894515904
GRIA2,RTN1,0.7455683103561181,0.6402807427696593,0.6909218707931709
ROPN1,SLAIN1,0.6708561115538695,0.7115534519536479,0.6909051902687932
KCNN4,OXGR1,0.6685151241394837,0.7137599835944425,0.6907672140731888
TCN1,NRG3,0.7468230601501068,0.6388820019236167,0.6907472850119802
MPO,ATP6V0E2,0.6632117246013643,0.7191449687040538,0.6906123188393106
LYZ,CRISP3,0.7938293530518785,0.6004450746797149,0.6903991057179789
NRG3,TNFRSF11A,0.5874287831343473,0.8114126077944332,0.690396350523778
RTN1,NRG3,0.5757265886631706,0.827883891508657,0.6903874047717481
P4HB,TMEM63A,0.6127526414460102,0.7778409439813294,0.6903796731143071
KIRREL3,MGLL,0.6543702685115399,0.7282412173275303,0.6903183330346854
PLCB1,SLC12A2,0.702627951109725,0.6781127084941279,0.6902615033381879
CCL28,TBC1D24,0.7825289897769327,0.6088408394539148,0.6902431506598321
CCL28,MUC7,0.7454999859017124,0.6390707878766873,0.6902371066179118
SLC5A1,KIAA1324,0.6542064884847644,0.7280016535196715,0.690118399523014
CCDC129,OGFRL1,0.6351561283084838,0.7498272756820794,0.6901140408094358
STATH,BPIFB2,0.7679125002202968,0.6201622071861528,0.6900944218456314
CA2,LPO,0.793505731336541,0.6000770492504598,0.6900467939377443
RTN1,SOX8,0.5880031916248766,0.8097859547288143,0.6900411045101159
ODAM,ADGRG2,0.6337001023120674,0.7513846103433447,0.6900380456542164
GATM,SLC12A2,0.6931975685249436,0.6864851772556008,0.6898332086106014
RTN1,DLX6-AS1,0.6771801355915527,0.702398462399698,0.6896740433038825
CHRM1,TUSC8,0.7436263887083852,0.639530463219825,0.6896170885594115
ROPN1,AACS,0.6469808264598176,0.7350355336640578,0.689604159679526
PHLDA1,GALNT13,0.8311967550295545,0.5717987394253882,0.6894035514416592
KCNN4,MGLL,0.6234376988114901,0.7623216421970782,0.6893910721539281
KCNMA1,KANK4,0.7506060960199031,0.6331357429125076,0.6893733010773034
FOLR1,CRISP2,0.6536664093011023,0.7269750485395181,0.6893469152976035
LPO,MGLL,0.6388146774439978,0.743827061925076,0.6893240490783591
ST3GAL6,ALDH18A1,0.7581706027864797,0.6265341319746828,0.6892167732328843
GALNT13,DLX6-AS1,0.7349918262370614,0.646243725319469,0.6891907253197757
CHRM1,TMEM63A,0.6510642681307568,0.7293998171458534,0.6891198430786716
ARHGEF37,CES3,0.7403975658677069,0.6413415457224176,0.689091952748478
KCNN4,TRIL,0.6145329767767309,0.772512780962029,0.6890098539808167
SLC22A3,MANSC1,0.8054680877334289,0.5892560983495897,0.6889317692797345
NRG3,PART1,0.6818123694498627,0.6961095994031888,0.6889238966430783
GALNT13,TUSC8,0.6874793626657844,0.6903515765478999,0.6889139727574625
ATP2A3,ALDH18A1,0.6667543980184543,0.7116929196707039,0.6888573032414161
MANSC1,GALNT6,0.8194966449680819,0.5790303352362075,0.6888493427889845
CHRM3,GALNT6,0.7722944968848519,0.6144087796580311,0.6888428843848464
STATH,MUC7,0.838992854530928,0.565391132410431,0.6887373375297011
ANO1,CCL28,0.6726327697056018,0.7047383415714271,0.6884984405275886
PIGR,ALDH18A1,0.7901497515911808,0.5994047098121932,0.6882001762283182
PHLDA1,ELF5,0.5953441168493283,0.7952605145707204,0.6880796964830803
CHRM3,CBS,0.6751141022440366,0.7009213629543167,0.6878967194968806
ACSL1,ST3GAL1,0.6529736260764063,0.7246590240056724,0.6878831518317434
CCDC129,MGLL,0.6942270846301763,0.6814186775871789,0.6877930662298779
ODAM,LPO,0.7572073350140656,0.6245367133236447,0.687679998483481
CA2,AACS,0.7406767967346841,0.6384704717764749,0.6876774417160141
GALNT13,ITGA6,0.663451216695104,0.7127744842289937,0.6876707779097139
CHRM3,OGFRL1,0.6733128141029597,0.7022776526429001,0.6876427434232197
RTN1,LIMCH1,0.6229438029584816,0.7590206317886731,0.6876243152262618
RTN1,ATP2A3,0.6305688759825134,0.7498209964426891,0.687614559847997
SLC22A3,TUSC8,0.718636591481164,0.6579265780071688,0.6876118915957882
MCFD2,KIAA1324,0.6848296750697019,0.6903487118053969,0.6875836559942923
KANK4,SAP30BP,0.644598975383179,0.7334242461259177,0.687578735545208
CHRM3,FOLH1,0.8031854390028266,0.5885954111671323,0.6875690974100875
SLC13A2,SLC12A2,0.7934861811988018,0.5957893254748272,0.6875686123362749
SLC22A3,PHLDA1,0.7991233108343901,0.5914682819537638,0.6874998848933869
NPY1R,MANSC1,0.6301787290300044,0.7498969125096784,0.6874366030616013
CHRM3,PRSS8,0.5834762314877905,0.8098876004041676,0.6874228429522206
LTF,KIAA1324,0.7532835054792477,0.6271559244754347,0.6873326802000133
ALDH1L2,ALDH18A1,0.5810706279030765,0.8128984155458497,0.6872782498687434
RNF128,FOLR1,0.5677026406278325,0.8317258940924936,0.6871484456468293
PHLDA1,ADGRG2,0.6536651942679832,0.7222437817671877,0.6870994265153273
SLC13A2,C2orf88,0.7180330453000769,0.6574185145539527,0.6870576526331889
ATP2A3,AACS,0.6935431178372687,0.6805994168659963,0.6870407859592254
CHRM1,CRISP2,0.606162243725032,0.7787099173744919,0.687040428742484
C2orf88,ALDH9A1,0.613481422042317,0.769363294421241,0.6870153476660509
MANSC1,ACSL1,0.7815852513749694,0.6038708747702377,0.687005509042918
ATP2A3,GALNT13,0.7080459926671236,0.6664449912766777,0.686930640899449
TCN1,PLCB1,0.702983159324689,0.6712026648993212,0.6869091424039102
CHRM1,LIMCH1,0.6465098328199751,0.7298237348467395,0.6869048120400784
SLAIN1,OGFRL1,0.6180607352517369,0.763273078164869,0.6868399521638469
PART1,CHPT1,0.5868911270090558,0.8037604932713431,0.6868186818523307
NRG3,SLITRK5,0.6630116640495664,0.7114593146334439,0.6868084333339856
ATP2A3,CBS,0.7481518316351423,0.6302744416984852,0.6866884140492968
PPP1R1B,PTH2R,0.711628355986083,0.6625206883445819,0.6866356444675902
STATH,RNF128,0.7047828510357527,0.6689090952829371,0.6866117237982864
CCL28,CES3,0.6523292968989323,0.7223453185326909,0.6864452008402896
TCN1,DEPTOR,0.8505236132476954,0.5538506968669813,0.6863403644687226
MGAM2,NDRG2,0.7734255663453329,0.6089767283314993,0.686293064951787
ADGRG2,LIMCH1,0.6383447383810497,0.7378270666717663,0.68628567364112
CCL28,ATP2A3,0.7136251066225303,0.6599491254042688,0.6862625335701105
SLITRK5,DYNC1I1,0.6433371335636361,0.7318521664317867,0.686168838511749
TCN1,CADPS2,0.701703460290614,0.6704171860122629,0.6858819572368857
NDRG2,DMRTA1,0.7432830348366622,0.6328431113300049,0.6858436763321812
SLC13A2,NDRG2,0.8692406762179181,0.5410904059779952,0.6858117747511633
SSR3,TNFSF13,0.6501204643572892,0.7233778041710204,0.6857716193846316
CHRM3,KCNMA1,0.7574885083214011,0.6208289754625024,0.6857629434037644
SEC63,PLA2R1,0.7235373698364325,0.6498992918467636,0.6857305770354473
ADGRG2,ALDH9A1,0.6499514325135038,0.7234776328244624,0.6857297746530612
RTN1,TRIL,0.623796778108647,0.7537602617082909,0.6857063677114006
SEC63,CBS,0.6347627645428425,0.7402609616454877,0.6854852985274249
LPO,CBS,0.672166833711189,0.6990211957197119,0.6854625181758139
ST3GAL6,SEC63,0.7794776654239457,0.6027643650429036,0.685449750211049
DMBT1,EGF,0.7068276399566507,0.664695716383626,0.6854380384110103
SLC22A3,ACVR1C,0.6450169464522079,0.7282289281965946,0.6853612183247105
PPP1R1B,CHRM3,0.8292618551494901,0.5663660600647283,0.6853216541617404
PLCB1,LYZ,0.6802640009886335,0.6904130750629333,0.6853197507566645
SLC12A2,ELF5,0.6911452140103872,0.6795379997090728,0.6853170333773395
OGFRL1,AACS,0.6170342861770589,0.760941428045067,0.6852203666531955
C6orf58,SLC12A2,0.7077861553292397,0.6633188666096861,0.6851918784946437
RTN1,SLC13A2,0.7342305277149599,0.6393686649287174,0.6851598297149516
CRISP3,SLC31A2,0.7361184537043955,0.6376435140999138,0.6851139741779214
ADGRG2,SOX9,0.6267838636707809,0.7487828497669604,0.6850729943789591
CA2,IRX2,0.615716974477869,0.7620849576306485,0.6850026601462493
SLC22A3,SLC12A2,0.6171788159941779,0.7602384264261586,0.6849839792980369
SLC13A2,SOX8,0.6142425354545809,0.7636992704552742,0.6849062535918775
PPP1R1B,ACSL1,0.7100180426069802,0.660673084284017,0.6849013141369013
FAHD2A,PRSS8,0.6462560103379611,0.7257913638718699,0.6848700834126003
CA2,PIP,0.8257985648626773,0.5678909998131509,0.6848091505259922
MANSC1,CADPS2,0.6702039253976589,0.6997003501904427,0.68479334203813
FAHD2A,SLC43A1,0.6050596072090441,0.7749756534009302,0.6847674528212765
CA2,NDRG2,0.8166963498736864,0.574074659982641,0.6847223374206515
PPP1R1B,TMPRSS5,0.8202186493464445,0.5715607759895606,0.6846932215974999
ADGRG6,SAP30BP,0.6190687184368563,0.7571891781098437,0.6846547554108694
STATH,CRISP3,0.8679040659449316,0.5399647956997063,0.6845711370302574
PHLDA1,NRG3,0.784880203625906,0.5970380922120421,0.6845461119514229
F5,DLX6-AS1,0.6325227942800195,0.7407028092485574,0.6844789336692239
ATP2A3,SAP30BP,0.5982756510525472,0.783073955414993,0.6844662741860977
GALNT13,KANK4,0.6728782880423043,0.6961609110536859,0.6844206031613712
FOLH1,BPIFB2,0.7476920466341168,0.6264078404389307,0.6843684389606532
LPO,BHLHA15,0.5883912112727505,0.7958141701387051,0.6842879974951566
CHRM3,GLYATL2,0.7199984528800218,0.650327080638659,0.6842766194499237
FAHD2A,LRP6,0.6166187765605494,0.7591838642523046,0.6841980894154603
F5,KIRREL3,0.6917612957757161,0.676659620996833,0.6841687921996107
PPP1R1B,NDRG2,0.8454152147911788,0.553604225494113,0.6841238449326333
FOLR1,IRX2,0.5803073810140892,0.8064822804301602,0.6841108243484358
LTF,SLC12A2,0.7413678606490341,0.6312134583020766,0.6840770213903468
KANK4,ADGRG2,0.6199305668847681,0.7548288103361793,0.6840624622742157
TCN1,ALDH18A1,0.6208835310271315,0.7534743104687527,0.683973530498127
FAHD2A,LIMCH1,0.6107278379749821,0.7658570845798827,0.6839080650667125
PPP1R1B,LTF,0.8781004136863221,0.5326131244499196,0.6838770393237654
F5,CES3,0.6222715887875497,0.7512649319801943,0.6837330055099622
SLC12A2,PRSS8,0.8203576641145939,0.5696976281598168,0.6836342702708896
SLC5A1,AACS,0.6125687373412726,0.7628849287259302,0.6836076780773676
TUSC8,P4HB,0.7233250289424832,0.6460240791264912,0.6835827570468043
PADI2,TMPRSS5,0.7637210332736926,0.6118405636157364,0.6835755316300962
SLC13A2,SLAIN1,0.687068448570532,0.6800897671446159,0.6835702021012513
SLC13A2,ATP2A3,0.7287102849034279,0.6412014666647208,0.6835569496784775
ST3GAL6,PRSS8,0.6342660188950011,0.7366469319515887,0.6835423299695133
PPP1R1B,OGFRL1,0.6796636621344796,0.6873631325161842,0.6835025558563607
F5,KIAA1324,0.666308253618043,0.7008722537880856,0.6833717637061698
MCFD2,HID1,0.7992842355261631,0.5839824364892098,0.6832041827374772
CADM1,CEACAM1,0.6668165235130742,0.699920096034888,0.6831678308987631
NDRG2,ELF5,0.7943460801898218,0.5875258593604438,0.6831536162482966
SLC39A8,TUSC8,0.7371743377610815,0.6330619928381676,0.6831376547462354
SEC63,LINC01554,0.6331037402831637,0.737065801588611,0.6831098856117938
CLDN10-AS1,RASAL1,0.6922010482981966,0.6739817849690896,0.6830306714119752
RNF128,SNPH,0.6503572670993829,0.7171437939970713,0.6829346073975298
ANO1,CBS,0.7039726233547621,0.6624849192593119,0.6829137914436533
CA2,MPO,0.7655629604600104,0.6091840382115927,0.682911953152272
CA2,SOX9,0.591089139803291,0.7889484485431745,0.6828900788549546
MGAM2,KANK4,0.714414783914465,0.6526308656402753,0.6828243836099496
NRG3,IRX2,0.6743703160306376,0.6911948861655047,0.6827307769700968
LYZ,IRX2,0.5727627171083808,0.8135297485783832,0.6826122686007429
ROPN1,RASAL1,0.6735660592311374,0.6917202221329485,0.682582789200385
PYCR1,GP2,0.7321782152414992,0.6360870380004754,0.6824434571606938
ATP6V0E2,ST3GAL6,0.7058048804923832,0.6597907785916062,0.6824101051668454
SLC12A2,PART1,0.7058016073775425,0.6595887140120007,0.682304019156971
PPP1R1B,P4HB,0.595686500573589,0.781445896881895,0.6822732383005842
PPP1R1B,MUC7,0.7535586439528642,0.6175449371522396,0.6821703052906938
NRG3,SOX9,0.5789530972777793,0.8037151064804546,0.6821388056882554
ACSL1,SLAIN1,0.7137903962465519,0.6516733760160308,0.6820250708660283
ACSL1,FOLR1,0.6791281905248346,0.6849021750342187,0.6820090723865134
EGF,ATP6V0E2,0.7073707826878876,0.6575557575969675,0.682008600321355
MCFD2,BHLHA15,0.6288110731560856,0.7396018184782368,0.6819602724393061
MGLL,PLA2R1,0.5558701664628642,0.8365904992476704,0.6819352609141525
LYZ,LPO,0.8697513143159794,0.5346477578344794,0.6819168498230777
KANK4,PTH2R,0.6453053418355241,0.7205545664437116,0.6818927414264704
ANO1,PART1,0.72284372133074,0.6426611209630431,0.6815743218692375
LPO,OXR1,0.5729555083356265,0.810610178147377,0.6815009660172633
ST3GAL6,TMEM63A,0.7053121437076606,0.6584117408869353,0.6814585801112619
ODAM,DEPTOR,0.7366248925240356,0.6303963948380497,0.681443817636581
SLCO1A2,FAM171B,0.5822251090527136,0.7975023542979648,0.6814146279622477
DMBT1,SLITRK5,0.7448449074969093,0.6233080613283453,0.6813720241411363
PPP1R1B,FBP1,0.6562926285388752,0.7074032063455877,0.6813688499846277
SLC12A2,CEP85L,0.6552186909255188,0.7085103606608188,0.6813436952224251
CHRM3,LIMCH1,0.7205389242945119,0.6441729086306793,0.6812867638846484
GALNT6,OXGR1,0.6449792964752822,0.7196309082768618,0.6812833749199217
MANSC1,DLK1,0.6588888139858406,0.7041492105196907,0.6811431847918505
TUSC8,SEC63,0.6688704404111853,0.6935801173262387,0.681113234738867
SLC13A2,AACS,0.6078161568992063,0.7630338805938949,0.6810171223151948
LRP6,SEC63,0.7168098207409057,0.6469597191420171,0.6809897798827644
PLCB1,ID4,0.6417311630615209,0.7225915255206498,0.6809621869757272
PPP1R1B,SEC63,0.6410383931465685,0.7226210056608933,0.6806084104114615
TCN1,ELF5,0.6563301976776572,0.705656550335404,0.6805466208674975
PPP1R1B,LRP6,0.6716932643574124,0.6893886561349796,0.6804834434799086
ANO1,RTN1,0.5816781458442064,0.795891503824288,0.6804062714567444
MANSC1,PLA2R1,0.6427118669354208,0.7203042115121313,0.6804028692931917
SLC22A3,MGLL,0.6185033511745486,0.7484132480885662,0.6803646830973864
PHLDA1,SLC31A2,0.7068258229538414,0.6547222320092657,0.6802753710418489
ADGRG2,PART1,0.6163773359508543,0.7502588567651025,0.6800312900201045
MGAM2,ARHGEF37,0.6638043856007726,0.6966365877570113,0.680022368840218
LPO,P4HB,0.5672960982604116,0.8150784109182174,0.6799932369444576
PIP,FOLR1,0.7302124281370801,0.6330994559899572,0.679924327414964
GALNT6,TMEM63A,0.688381936842225,0.6715387043639982,0.67990816583904
MGAM2,TUSC8,0.7247214369149922,0.6378459330005342,0.6798975077866743
ANO1,MUC7,0.6265485993921107,0.7377631279003619,0.6798856186661948
LTF,EGF,0.7159020177087817,0.6456736595814649,0.6798816629942183
CA2,CRISP3,0.798363659631214,0.578973780331451,0.6798761843864924
NDRG2,ST3GAL6,0.7947322575578396,0.5811049882631221,0.6795755139794789
LPO,LINC01554,0.6676627344269,0.6914827796736059,0.6794683829921694
MPO,TNFRSF11A,0.5915345704665252,0.780379378926545,0.6794272446069907
LPO,SAP30BP,0.6495107410219361,0.7107120200126027,0.6794226157345534
PPP1R1B,OXGR1,0.7409351956121296,0.6230124610443345,0.6794202379180931
SLITRK5,LRP6,0.7518253741994911,0.6139335066039109,0.6793900119490212
MGAM2,ATP2A3,0.7029238095568894,0.6564684316370224,0.6792991173409046
PPP1R1B,PYCR1,0.694891669161036,0.6640437549551917,0.6792926271326483
TNFSF13,OXR1,0.66143088920417,0.6975956016987332,0.679272610324096
HP,FOLR1,0.7024086163812514,0.6567832978534736,0.6792129618224123
PPP1R1B,ADGRG6,0.6643675406423293,0.6941899966708346,0.6791150865845267
PPP1R1B,GALNT6,0.702008200812086,0.6567873432525396,0.6790214290822237
FAHD2A,TNFRSF11A,0.6588160967008228,0.6996524525381044,0.6789273140979906
NDRG2,TMEM63A,0.732313309132862,0.629326915001938,0.6788699990804165
NDRG2,OXGR1,0.6941077560164999,0.6637565071050006,0.6787625061006257
SLC13A2,FOLH1,0.8242800863432808,0.5588476344608786,0.6787097880435726
FOLH1,SLC5A1,0.8004942799589738,0.5754368666721684,0.6787001696246918
KIAA1324,OXGR1,0.7042863871219076,0.6540245530465224,0.678690348799919
SLC12A2,MGLL,0.5961493056480296,0.7726206264354218,0.6786731540136404
SLC22A3,PIGR,0.5892109604082294,0.7815438952288115,0.678597251032567
AZGP1,ELF5,0.6647914843742652,0.6926085236539967,0.6785574762171652
SLC22A3,CCL28,0.6861985042554655,0.6707852094912079,0.6784480874978983
SLCO1A2,SLC43A1,0.5658325143678962,0.8134672169703081,0.6784439554850233
CCL28,TUSC8,0.7884561497124374,0.5836982991878122,0.678395543596301
LYZ,MGLL,0.5989436430921248,0.7683819631194347,0.67839331679862
ANO1,ST3GAL6,0.7111813508486486,0.6471070169133788,0.678388120792291
KCNMA1,TNFRSF11A,0.6718771280507247,0.6848615222270974,0.6783382582947757
CADM1,ANO5,0.6691843105001691,0.6875691824895044,0.6783144619609728
ANO1,ATP2A3,0.7502168459574543,0.6132001695237697,0.6782573973947492
F5,NRG3,0.6914553044669302,0.6651919487474367,0.6781965065157071
KIAA1324,SERP1,0.6876542167118583,0.6688245145127789,0.6781740172293347
MUC7,SLC31A2,0.6885407206742431,0.6679611423755206,0.6781728735017581
TUSC8,PRSS8,0.6937216778318804,0.6629483320966073,0.6781604745618143
NDRG2,PRSS8,0.7847112588511385,0.5859384337744262,0.6780799996876433
CHI3L2,CADM1,0.7329727179277111,0.6272550201575655,0.6780566473080933
PPP1R1B,CRISP2,0.6209580046533394,0.7401939384015238,0.6779596972138587
F5,GALNT13,0.7648644242525517,0.6008524519514434,0.6779164142595862
KANK4,ELF5,0.5937556717264321,0.7738022784843077,0.677827036672995
DLX6-AS1,DYNC1I1,0.6556749591904713,0.7006338111456049,0.6777817093507015
GALNT6,OXR1,0.6810752415586037,0.6743801200107588,0.67771941328152
GRIA2,TTYH1,0.6931867751066649,0.6625458430660324,0.6776931579374765
ST3GAL6,SOX9,0.6264326603692525,0.7330501409897175,0.6776478067582337
LYZ,FOLH1,0.8018013483546923,0.5727071281623883,0.6776410167433392
KCNN4,SLC5A1,0.8111714756210784,0.5659656989357192,0.6775656655679967
PPP1R1B,GPAT2,0.7923217462903223,0.5793740616457104,0.6775327802242826
NRG3,ACVR1C,0.5966710642822218,0.7693338370404804,0.6775243459354571
KCNN4,SLC31A2,0.7070823297740814,0.6490739743522796,0.6774575543757204
PKDCC,PLA2R1,0.607870832087572,0.75489612160771,0.6774063282708241
MGAM2,AACS,0.5962248723624454,0.7695075961289436,0.6773474501937035
TCN1,F5,0.7311040195065804,0.6275432971512217,0.6773473458733492
DLX6-AS1,KIRREL3,0.5843214170540645,0.7847216675356702,0.6771481940959979
PPP1R1B,ID2,0.6199987606731394,0.7395619763654532,0.6771465932776732
HP,SLC5A1,0.6969185478740725,0.6576786135258873,0.6770143457167616
SLCO1A2,CHRM1,0.805758584097057,0.5687829264196388,0.6769798560152797
CBS,AACS,0.6367118919347148,0.7197921415423102,0.6769787413509706
EGF,IRX2,0.589893388739595,0.7766068392796632,0.6768421087233171
RNF128,LPO,0.7031645746491213,0.6514165343868499,0.6767961512313246
SLC22A3,SLC13A2,0.6924783036229685,0.6614635980851399,0.6767933143215458
MANSC1,SLITRK5,0.7289647467924951,0.6281754496950894,0.6766962077832582
PART1,CBS,0.6148197395947195,0.7447809553859077,0.6766875446212012
GPAT2,KIAA1324,0.6295985586773413,0.7271219394801312,0.6766054426912065
KCNMA1,ATP6V0E2,0.6459848978339969,0.7085793729891187,0.6765586255954863
C2orf88,ID4,0.633968974727696,0.7214846232428395,0.6763126990372582
PYCR1,SEC63,0.6726384152929424,0.6795860443197986,0.6761033056467545
CCDC129,RASAL1,0.6580749191417778,0.6946176587733651,0.6760994450757472
MPO,KIAA1324,0.680475920755159,0.6713343771472308,0.6758896939766526
BPIFB2,ATP6V0E2,0.6630105645799399,0.6888414712839063,0.6758026137727045
PADI2,SLC13A2,0.8615428744446427,0.5300123879710071,0.6757428477045174
NDRG2,SEC63,0.7757214106282472,0.5886430714041323,0.6757388798242687
CA2,MCFD2,0.6781808631251558,0.6732985362627308,0.6757352902309919
KCNMA1,SLITRK5,0.7789898024453304,0.5861429373025555,0.6757213707838782
FAHD2A,SLC25A48,0.7143489332389892,0.6391392742405644,0.6756984969236567
MGAM2,LONRF3,0.5854964232701813,0.7794224159175223,0.6755361106086875
KIAA1324,CRISP3,0.6985293182546447,0.6531989833932306,0.6754840046620648
GRIA2,ROPN1,0.7632277245774101,0.5978115796025801,0.6754749230179493
GPAT2,TNFSF13,0.5530444583179298,0.8249827339936098,0.6754643804399613
ALDH18A1,TMEM63A,0.7628841734328023,0.5980453971741573,0.6754549344689836
FOLR1,BHLHA15,0.5670176152040655,0.8044749353758052,0.6753898573033458
CCL28,KANK4,0.6436750498463972,0.7085651103506426,0.675341160247447
KCNN4,LPO,0.833518855701902,0.547136825396663,0.6753138978408469
LTF,MUC7,0.7050467497444722,0.6467146471264958,0.6752511088244721
F5,EPHA7,0.6647933176556913,0.6857468225924507,0.6751887923115164
MGAM2,SOX9,0.6521153863649174,0.6990689944083125,0.6751841581259967
PPP1R1B,PIGR,0.7234484135483894,0.6301256590479368,0.6751765757002854
STATH,EGF,0.7964381645843991,0.5721615765932426,0.6750491211072259
LRP6,PLA2R1,0.6506585627695621,0.7003026010479979,0.6750243580061955
DYNC1I1,ID2,0.6491211134208623,0.7015275178176643,0.6748157700151769
DLX6-AS1,LIMCH1,0.6170031483744032,0.7380317989966316,0.674809560973573
KCNN4,PART1,0.695837385500789,0.6544122960903307,0.6748070399388731
HP,KCNMA1,0.6116863016948514,0.7444145086888322,0.6747949005052287
ODAM,FOLR1,0.6477960861304537,0.7028701196175301,0.6747714520830589
DLX6-AS1,ADGRG2,0.7359293877236662,0.6185299510047509,0.6746809380230596
CCL28,ST3GAL6,0.7570971694645693,0.6011985105214358,0.6746596850280103
BPIFB2,CRISP2,0.6690129494789303,0.6803509970397248,0.6746581558170607
NRG3,LINC01554,0.6079982400741791,0.7485668432734497,0.6746312498603524
LINC01554,PRSS8,0.6004665904855488,0.7576968873309117,0.67451587568945
PART1,SERP1,0.6349240439015426,0.716458605860581,0.6744603734253491
PHLDA1,DYNC1I1,0.6488556439246758,0.7009890216565604,0.6744187742279243
PPP1R1B,ALDH9A1,0.5826654862764196,0.7804479951405782,0.6743442078064004
TTYH1,SOX8,0.5567427164774833,0.8167432759676881,0.674326234197491
FOLH1,ADGRG2,0.6367987980714697,0.7140638404539092,0.6743255855648272
OGFRL1,SOX9,0.6050491737049587,0.7512165505674444,0.6741831748080944
SLCO1A2,SAP30BP,0.6835355321792861,0.6646977079202616,0.6740508152369729
TUSC8,OXR1,0.6609212956574922,0.6873206795722071,0.6739917462959403
PART1,GP2,0.7262660101061065,0.6254370530422215,0.6739685994803434
KCNMA1,LIMCH1,0.6983830237340191,0.6503470252228589,0.6739371795290453
EGF,LIMCH1,0.5530352521092812,0.8212528661046674,0.6739301045744021
SLC5A1,P4HB,0.710667082960778,0.6389460451712986,0.6738530419098901
FOLH1,ALDH18A1,0.78472422007849,0.578546387014756,0.6737947479235666
PIGR,TNFRSF11A,0.6189530578225028,0.7334716277010656,0.6737837240477265
PART1,TNFSF13,0.5705858633151386,0.7955555815105787,0.6737453289570108
CHRM1,SAP30BP,0.6907616696776819,0.6571444760334989,0.6737434344647562
CADM1,ALDH1L2,0.6619583783639675,0.6856724392866792,0.6737110775392343
EGF,MPO,0.7324718231574334,0.6196555519589974,0.6737063394929815
CHRM3,GATM,0.7071251564586052,0.6418489331734369,0.6736969105562645
SLCO1A2,KIAA1324,0.6679527469374565,0.6794624204698249,0.6736830042338849
CHRM1,SLC39A8,0.7590242245473087,0.5979365455038809,0.6736826573243367
PART1,P4HB,0.5797749230123705,0.782606957373164,0.6735992046164928
CA2,ACSL1,0.6960649129680092,0.6516598423414832,0.6734965118277683
GALNT6,SLAIN1,0.5745113999302798,0.7895342706115285,0.6734956860306988
ANO1,NRG3,0.7440203515489484,0.6095222078461895,0.6734218049325498
GALNT6,NRG3,0.7011086835511581,0.6467438545490893,0.6733778526635055
CCL28,CBS,0.6747957465748405,0.6718812747808723,0.6733369338046252
SLC22A3,GALNT6,0.6648242042521455,0.6819384195095285,0.6733269392348624
PIGR,TNFSF13,0.6656084353403118,0.6810934146600945,0.6733064102267968
LRP6,FAM171B,0.7114953534572008,0.6371466488467211,0.6732955369860021
DMBT1,ADGRG2,0.7072924106703679,0.6408710787195082,0.6732631359256498
SLAIN1,PRSS8,0.6037080515485237,0.7507335118695873,0.6732190324723217
SLC31A2,OXR1,0.6971566369134284,0.6500742319597194,0.6732039552001443
GALNT6,AACS,0.6063941509034141,0.7473104214109496,0.6731750652339742
SLC22A3,ROPN1,0.6566882430226725,0.6899835313331905,0.6731300564569762
ATP2A3,ELF5,0.584762504111497,0.7746554506388952,0.6730449176237946
TCN1,AACS,0.7020883699774246,0.6449959685818054,0.6729369719547366
PLCB1,SLITRK5,0.6595874115647313,0.6864220462072397,0.6728709688334009
RTN1,KIRREL3,0.7022740295288771,0.6443789801361288,0.6727039638086783
GPAT2,GP2,0.6748464782162993,0.6704788808171824,0.6726591346572804
FOLH1,ZG16B,0.7097350195243042,0.6374348359137644,0.6726141729942413
CADM1,TNFSF13,0.6991047184986777,0.6471156877644202,0.6726080810774007
SLC13A2,ALDH9A1,0.6708576881411047,0.6743562832465152,0.6726047109277374
EGF,AACS,0.6146405169949168,0.7360259495220742,0.6726004535650584
EGF,KIRREL3,0.6178988896582774,0.73208375397573,0.6725724784128972
P4HB,LINC01554,0.5961383988822327,0.7588046372186045,0.6725716181165485
F5,ADGRG2,0.650201985730099,0.6956963614865214,0.6725646108023682
CCL28,OGFRL1,0.6676707107716969,0.6774448959261764,0.672540047262383
F5,ST3GAL6,0.5791498144128621,0.7807065144903718,0.6724180492654932
PHLDA1,P4HB,0.7563963651199128,0.597694292359731,0.6723792011906815
BPIFB2,MCFD2,0.6540083312521766,0.6912624115444113,0.6723774060983279
NRG3,KANK4,0.5600760842317044,0.8069350523521326,0.6722685656422497
CCDC129,C2orf88,0.6332010473925329,0.713647380986089,0.6722218897873897
LIMCH1,ST3GAL6,0.5940801525037611,0.7605472477351387,0.6721800539444822
PPP1R1B,ID4,0.6963696592365645,0.6487710290629425,0.672149135557814
FAHD2A,SOX9,0.5751164584098355,0.7855303195216392,0.6721394314700125
ATP6V0E2,BHLHA15,0.5814361617392595,0.7769589836083034,0.672125025019935
LTF,DEPTOR,0.7728833736130957,0.584460828060159,0.672101224917675
OXR1,ACVR1C,0.5946995319064095,0.7595260678706465,0.6720787134208234
CA2,PRSS8,0.7196697974264635,0.6276242810355946,0.6720730906626274
LRP6,SOX9,0.5997192781939222,0.7531024862167793,0.6720491644515117
PLA2R1,ITGA6,0.6652985557854048,0.6786707163614971,0.6719513728307652
PADI2,RASAL1,0.6609400345445373,0.6830291703476205,0.6718938334621646
FDCSP,FOLR1,0.6495536293866209,0.6948147043917551,0.671803105819597
SAP30BP,SOX8,0.5635800890393567,0.800683014733048,0.6717507013286639
ADGRG2,CBS,0.6295561053319754,0.7164319672861962,0.6715907377711688
MANSC1,LPO,0.7499726862799213,0.6012773142663648,0.6715218258400258
NRG3,BPIFB2,0.6922481485188006,0.6513904993571592,0.6715086500877933
MANSC1,ALDH9A1,0.5751741351947054,0.7839261514471536,0.6714864452951602
CHRM1,PLA2R1,0.633992247979379,0.7110636522177413,0.6714229988062318
ADGRG6,SLC13A2,0.6086662684059175,0.7405999260479563,0.6714001737930279
ODAM,TMPRSS5,0.7777061992875267,0.5795888148169107,0.6713790392325499
TUSC8,CD46,0.6510838448853814,0.6922033567410242,0.6713288485902519
NRG3,ATP6V0E2,0.6424724544605583,0.701466022285023,0.6713215303102854
CADM1,ALDH18A1,0.7435247650584852,0.6060444986945488,0.6712742312251021
SLC13A2,PRSS8,0.6891455946555468,0.6538199441636284,0.6712504258607961
PART1,TNFRSF11A,0.6429724588178771,0.7006780415297644,0.6712053956890448
HP,PYCR1,0.6609566288313903,0.681593609479824,0.6711958092500306
NDRG2,SLAIN1,0.7296396544429321,0.6171458681364456,0.6710395651285843
CCL28,SEC63,0.7248193309586383,0.6209246463573125,0.6708637616896863
AZGP1,MGLL,0.6108979000059096,0.7366790483802699,0.670846989733023
AZGP1,ALDH18A1,0.6380690795785132,0.7052954830170218,0.6708406962010832
SLC12A2,LRP6,0.7008454190276084,0.6420161359350324,0.670786156544598
CCL28,FAM171B,0.6671908018562631,0.6742164144746906,0.6706944089509197
SLC31A2,ALDH18A1,0.6410506135915369,0.7015562622481906,0.6706214076386078
PHLDA1,ATP6V0E2,0.6433566572605739,0.6987783988166646,0.6704951415398813
RTN1,LTF,0.7357364426118524,0.6110264435335857,0.670488196694895
PHLDA1,TNFSF13,0.5954040090259315,0.7548524058311133,0.6704044664638761
LPO,PRSS8,0.5905971898283116,0.7607627803169406,0.6703016934046625
ATP2A3,SLC25A48,0.7370654483694653,0.6094840522587079,0.6702459520594684
PHLDA1,CADPS2,0.6662120348566477,0.6742392522351952,0.6702136258028734
PLCB1,FOLH1,0.7414578317195062,0.6057084299350569,0.6701546531315542
MPO,CBS,0.7055158266326114,0.6364058764412963,0.6700704574828924
CEACAM1,P4HB,0.6488169892974778,0.6920075547961646,0.6700643687541943
SLC5A1,BHLHA15,0.5700933652746442,0.7874349402897844,0.6700085335610597
AZGP1,PYCR1,0.7628745861565268,0.5883566095903878,0.6699569426864119
EGF,DLX6-AS1,0.6446657782951619,0.6961585616004625,0.6699176075690223
DMBT1,MGLL,0.6438769801471514,0.69695046043923,0.6698883173931145
ATP6V0E2,AACS,0.5970871174715454,0.7514082603179327,0.669818029167283
TCN1,TMPRSS5,0.7675885128656758,0.5844057923572046,0.6697635202558837
ROPN1,FBP1,0.642646761230863,0.6979973349458171,0.6697504958196769
AZGP1,MCFD2,0.6863148145442128,0.6535514155754079,0.6697327964014782
F5,ATP2A3,0.7279322473053881,0.6161594705060955,0.6697181108974134
SLC13A2,CEACAM1,0.6568521242792088,0.6827467273150497,0.6696742776765194
ST3GAL6,CBS,0.6582156679016481,0.6813224122364935,0.6696693860604691
ID4,ID2,0.6345085898210173,0.7065834692221497,0.6695769415436797
DLX6-AS1,PLA2R1,0.6118795574321964,0.7326346253412945,0.6695402529447608
SSR3,FOLR1,0.5740761518132192,0.7807723417040283,0.6694944222080155
BPIFB2,P4HB,0.6509261713880217,0.6884666721016387,0.6694333237891374
GALNT13,MGLL,0.5994892013555436,0.7475035892172278,0.6694179036373603
FAHD2A,GALNT13,0.6704885953621993,0.6682797418842276,0.6693832575176711
NRG3,SAP30BP,0.6629621888041737,0.6758652195002798,0.6693826149942339
KCNN4,TMPRSS5,0.7669550379475955,0.5841720746284343,0.669353206957714
LPO,TNFSF13,0.568333627638093,0.7881536486368421,0.669278882280007
PPP1R1B,PLA2R1,0.5660230023950946,0.7912936439077256,0.6692461461232375
KCNMA1,FOLR1,0.6191148253451361,0.723156407146175,0.6691164717054275
CCDC129,SEC63,0.6392848494030446,0.7001810543172278,0.6690404620529717
PPP1R1B,MGAM2,0.8572348176208925,0.5220594257169106,0.6689749745631025
ODAM,CA2,0.7364108864208859,0.6076790841777824,0.6689555239616405
MANSC1,P4HB,0.777627909538741,0.5752123779878812,0.6688058006892017
KCNN4,CLDN10-AS1,0.7782885681709643,0.5746942849266068,0.668788450970533
GPAT2,FDCSP,0.6933177126556265,0.6451003425173624,0.6687746211598485
SLCO1A2,KCNMA1,0.7146990824106704,0.6255220892615888,0.668625502970731
NRG3,SLAIN1,0.6262512357328888,0.713832502276031,0.6686093677601778
KCNN4,PIP,0.8087798886280275,0.552693556144267,0.668586144624452
SSR3,SLC31A2,0.6691862957365946,0.6679641163959938,0.6685749267928036
F5,FDCSP,0.7296381615315126,0.6126013676355246,0.6685636361882648
CA2,EGF,0.7596107319736616,0.5882270777047839,0.6684486525246788
MANSC1,MUC7,0.7074300752904187,0.6314788423009199,0.6683764844406528
C2orf88,LIMCH1,0.6774370990847755,0.6593922935305983,0.6683538003843662
SLC12A2,ALDH18A1,0.738357792056378,0.6049035269836426,0.6683077379402081
ATP6V0E2,OXR1,0.7298166448182435,0.6117479265499518,0.6681794812991515
SLAIN1,GLYATL2,0.6395175360596026,0.6980078134112677,0.6681229205641165
KIAA1324,AGFG2,0.8058011156969197,0.5539567875689179,0.6681160059981467
DMBT1,SLC5A1,0.7603011251421539,0.5870941783303391,0.6681080484090617
CHRM1,LINC01554,0.6682043808313818,0.6679394004468344,0.6680718775015615
KCNN4,MGAM2,0.8076207977434051,0.5525637953195494,0.6680284523731741
OGFRL1,PRSS8,0.6878460159728769,0.6487550247714513,0.6680146399080097
NPY1R,ANGPTL1,0.7306244836640021,0.6107359034459685,0.6679959611481784
ANO1,SOX8,0.569006299098978,0.78420112210351,0.6679935465536954
DYNC1I1,AGFG2,0.6554232158307429,0.6806242286978165,0.6679048740243193
PYCR1,CHPT1,0.6103910835510176,0.7307182057198541,0.6678501908061396
ANO1,SAP30BP,0.7987819253995488,0.5582321124153033,0.6677617251497374
SLCO1A2,NRG3,0.6810617359905441,0.6547092663809387,0.6677555162860863
SLC12A2,FREM3,0.660004847407301,0.6755099855595674,0.6677124118521015
RTN1,ELF5,0.5677429371229826,0.7852393126904675,0.667693098460152
GATM,ADGRG2,0.734853650691109,0.6066423060788897,0.6676775518809549
ODAM,SLC22A3,0.7222599402497488,0.6168510545870574,0.667477944076838
CCDC129,MPO,0.7339466847581432,0.6069802131315377,0.6674512080606966
PHLDA1,PYCR1,0.7426610035547033,0.5998396309579389,0.667441010351556
ATP2A3,PRSS8,0.6053128538732871,0.7359051930167937,0.667422559227037
ATP2A3,ABCA3,0.6849681094000876,0.6503031086761323,0.6674105864360335
SLC13A2,TNFSF13,0.6997236749420784,0.6363893710479462,0.6673055592483453
BPIFB2,SLC31A2,0.6297381925947578,0.7070064372797862,0.6672547908898306
KCNN4,OGFRL1,0.668345362596107,0.6661400245680089,0.6672417824594662
SLITRK5,SAP30BP,0.6707355460356198,0.6636896720525051,0.6672033082819198
ATP2A3,ROPN1,0.6941602967834303,0.6410296586522992,0.6670662171756722
SLC12A2,FOLR1,0.6374334509696642,0.6979930020562475,0.6670263023699963
SLCO1A2,CCL28,0.745785993972339,0.5965435163653942,0.667003597666699
MGAM2,ST3GAL6,0.7076742179582906,0.6286536970616313,0.6669947626740993
F5,CLDN10-AS1,0.6980510084630741,0.6372221091158609,0.6669434277982607
PPP1R1B,CD46,0.5646650792302371,0.7876498047970761,0.6669020463542017
KCNN4,ABCA3,0.7170560627173134,0.6202493790536933,0.6668984762668901
ODAM,FOLH1,0.7430656965704971,0.5984530783383243,0.6668507730521314
SLC22A3,P4HB,0.6007888217326206,0.7399625094765617,0.666754230728787
SLC22A3,PLA2R1,0.61500090483048,0.722630414014327,0.666647101903875
ATP6V0E2,SOX8,0.5944164090779347,0.7474605728209055,0.6665604470890384
SLITRK5,BPIFB2,0.6788281318341404,0.6543438610653881,0.6664735709569853
ANO1,LIMCH1,0.5527046608207161,0.8036263306734861,0.6664593149784057
HID1,SERP1,0.7633457448470842,0.5817704813556879,0.6664022969802131
NRG3,ELF5,0.6342127796002529,0.7000140395578675,0.6663016207298287
GRIA2,EPHA7,0.6375316424892594,0.6962501582036714,0.666244329764234
TUSC8,OGFRL1,0.6360456750248247,0.6978299568915161,0.66622197951104
KCNMA1,PART1,0.6207751504464695,0.7149757781536695,0.6662125758711898
FAHD2A,KIRREL3,0.6325681757165734,0.7015813999622603,0.6661817066617836
RTN1,PTH2R,0.6821571508522267,0.6505747948357145,0.6661788411991204
CA2,GALNT6,0.7081963723562333,0.6266402045185014,0.6661713890678366
ATP2A3,TNFRSF11A,0.6097812674192193,0.7276590231752071,0.6661177383922522
SLC22A3,SLC31A2,0.6314271411463142,0.7025778847177322,0.6660531098793416
ANO1,FAHD2A,0.7602938836060541,0.5833782964131919,0.6659872000207433
CA2,AGFG2,0.725698555325608,0.6110613137258224,0.6659176470001358
DMBT1,ELF5,0.6764557808603414,0.6555213102003117,0.6659062845191851
KCNMA1,RTN1,0.7236627243296003,0.6127180283553908,0.6658837718742839
ST3GAL6,ID4,0.663702247054475,0.6680645314730196,0.6658798170210883
STATH,SLC12A2,0.7498645757536105,0.5911715864516324,0.6658067518973821
CA2,ELF5,0.6110294919550455,0.7254661090209992,0.6657936527376217
ADGRG2,SEC63,0.6995029411304612,0.6335933287799572,0.6657329772230149
ATP6V0E2,GNPTAB,0.633015771219551,0.7000133120606555,0.6656721915462805
TNFRSF11A,AACS,0.6182441260060749,0.7167381726428458,0.6656719651005046
NDRG2,MPO,0.7420692191584946,0.5971254353431789,0.6656638833110813
ACSL1,FDCSP,0.5989155993320981,0.7397850401973551,0.665634134286035
SLC12A2,DLK1,0.6651048609173138,0.6660169749762234,0.6655607616965795
OXR1,TMEM63A,0.7156864917785029,0.6188628283346544,0.6655161654707951
F5,SLCO1A2,0.6884153245976143,0.6432313268780386,0.6654399316873756
CHRM1,TNFSF13,0.6320041572313857,0.7005828183382992,0.6654105902934562
SLC13A2,EGF,0.7687923852282676,0.5759216060972036,0.6654052488942087
CHRM3,ATP6V0E2,0.6976724718581404,0.6346288832752199,0.665404464748467
SLC22A3,RASAL1,0.7503923988011618,0.5900372518861688,0.6654017349127574
MGLL,CBS,0.6188618249276886,0.715387355262435,0.6653765281462093
EGF,ZG16B,0.729686086746722,0.6065690251436715,0.665285636624495
RNF128,MCFD2,0.6396477727857457,0.6917658892525536,0.6651965952630445
KIAA1324,PLA2R1,0.5657897516270683,0.7817763790607812,0.6650722241506619
ODAM,KANK4,0.7174163158739154,0.6165456614258368,0.6650713623275101
FAHD2A,ADGRG2,0.6845171580435107,0.6460507578928412,0.6650058862481323
KIAA1324,SOX9,0.6102514145729404,0.7246552405535477,0.6649976583609125
ADGRG6,SMAD9,0.6549597880549286,0.6751599002651064,0.6649831465389336
ATP2A3,SLAIN1,0.7005290832389792,0.6311885595906739,0.6649555947587678
KCNMA1,GPAT2,0.7503119113949495,0.5892438332193419,0.6649185414624045
RTN1,BPIFB2,0.6050121434334587,0.7306437193997642,0.6648671466994334
ODAM,EGF,0.6474451913089766,0.6827505259469883,0.6648635535867884
MPO,ST3GAL6,0.6110282574914884,0.7234226885563386,0.6648546493921715
MGAM2,FAHD2A,0.7131212918527692,0.6197089167665585,0.6647763708926848
SEC63,AACS,0.6759789696785767,0.6536437356835099,0.6647175482745998
GALNT13,AACS,0.6360467892367138,0.6946457178190568,0.6647008187717564
LPO,SLC31A2,0.6170481131423793,0.7159147904408677,0.6646456729809195
ODAM,SLC31A2,0.5763060209054895,0.7662408060695118,0.6645217754154752
TNFRSF11A,SOX9,0.5911294632107097,0.746999318114603,0.6645098238068805
GRIA2,SLCO1A2,0.8031847133255171,0.549772813327902,0.6645066737565049
CEACAM1,PRSS8,0.6543711706296195,0.6747271702914114,0.6644712245682287
ODAM,SLC12A2,0.6739578891246167,0.6550693902518523,0.6644465241720271
ACSL1,GP2,0.6538699767826059,0.6751760437402371,0.6644376148628256
SLC22A3,AACS,0.5840718951686003,0.7558175354409931,0.6644183774751279
ATP2A3,BHLHA15,0.7778297390352463,0.5674966818174898,0.6643912972951003
TCN1,FAHD2A,0.7642570373580413,0.5774808678037343,0.6643371261329843
SLCO1A2,SLITRK5,0.7033020095250078,0.6274983548492753,0.6643198431020495
ELF5,SOX9,0.5944505297914603,0.742349644488674,0.6642967254599367
CA2,PLA2R1,0.6319092423943005,0.6980861942060671,0.664174011917567
ATP2A3,LONRF3,0.6128261168306411,0.7197042893295367,0.6641186527241771
ANO1,GALNT13,0.6768883902948655,0.651562857393576,0.6641049116796688
KIAA1324,FOLR1,0.5696181642281717,0.7740012157332331,0.663991830986148
CCL28,GPAT2,0.6656247656367337,0.6621244106369345,0.6638722811298645
DMBT1,F5,0.8195142090680634,0.5377675976418808,0.663858559818218
KCNMA1,KIAA1324,0.672554967546177,0.6550613146015848,0.6637505112484848
MANSC1,SERP1,0.6030201953567668,0.7305802923805335,0.6637429251111555
CCL28,SAP30BP,0.689348714990389,0.6390446757251391,0.6637202920150735
SMAD9,LRP6,0.7490780098910457,0.5880648065301892,0.6637065729391242
C2orf88,FAM171B,0.6337168750068946,0.6947311587427251,0.6635230658299367
CD46,SOX9,0.5948915882895175,0.739936474790133,0.6634621200349337
RNF128,ANO1,0.6555966708930869,0.6714200026141582,0.6634611657699868
TCN1,SAP30BP,0.692893810109344,0.6352447378617889,0.6634434013304875
CBS,CD46,0.586175139043035,0.7507993173697199,0.6634002519238377
SSR3,TMED3,0.6587630455511614,0.6680318403152915,0.6633812551250212
FAHD2A,FBP1,0.6288447955899171,0.6998139632018838,0.663381013174675
TCN1,ATP6V0E2,0.669981913893021,0.65673471640386,0.663325246177355
FAHD2A,PART1,0.7878329100045763,0.5584381739433261,0.6632917696122969
AACS,CD46,0.5573336416922581,0.7893426040396255,0.6632700717296497
SLCO1A2,SOX8,0.5765368658665824,0.7630416178337888,0.6632658764565377
CHI3L2,PYCR1,0.6937844491772414,0.6339395642935954,0.6631873124729487
GRIA2,DLX6-AS1,0.7019631064207581,0.6264290477153316,0.6631214672188283
GALNT6,SLC25A48,0.6648311156815878,0.6614054062181132,0.6631160487681036
PHLDA1,ACSL1,0.777158731276737,0.5656119891638314,0.6630009772945095
CHRM1,EPHA7,0.669403305125235,0.6565787241684372,0.6629600048519231
KCNMA1,LINC01554,0.6129504504254906,0.7170468015838517,0.6629586412491953
TCN1,GPAT2,0.7487465190300189,0.5869760050144344,0.6629451263179363
AZGP1,ACSL1,0.7754755442314354,0.5665430240256603,0.662827473696453
PHLDA1,LPO,0.7542909505429383,0.5823924285706877,0.6627920779064836
DLX6-AS1,ST3GAL6,0.7061788997389433,0.621941169023592,0.6627229665881758
PHLDA1,MCFD2,0.6553483137991247,0.6701804438022596,0.6627228861198019
PPP1R1B,PRSS8,0.6425123129908741,0.6835442822844281,0.6627108101142268
SLC13A2,ID2,0.5868313991650327,0.7483611182974803,0.6626928414667076
FAHD2A,CES3,0.64166163974398,0.6843418890233851,0.6626582366923678
KANK4,KIAA1324,0.5895809942523978,0.7447465435477888,0.6626374631809931
NPY1R,C3orf70,0.7692518460162164,0.5707646685671115,0.6626173669140316
PPP1R1B,TRIL,0.6019561557705077,0.7293548915344811,0.6626006841986445
SLC13A2,GALNT6,0.7487735647539135,0.5861417707105296,0.6624858210604166
CCDC129,TMEM63A,0.7060442094680662,0.621547375222056,0.6624499416451088
SLC22A3,PKDCC,0.5528972878044435,0.7935756170385562,0.6623939962955245
ODAM,SAP30BP,0.677936654835138,0.6470975376444899,0.6623376329507181
AZGP1,LPO,0.8755763109497374,0.5009615545473618,0.662291529357144
PYCR1,SLAIN1,0.6259296237200506,0.7006800394786986,0.662251004875834
CA2,LINC01554,0.6416084068892127,0.6834858960265384,0.6622162010105411
CHRM3,CRISP2,0.6697133228411715,0.6545316776937582,0.6620789868082912
SLC5A1,LINC01554,0.6466062574334834,0.6777320734918552,0.6619862533189061
PART1,SEC63,0.582707206698095,0.7519283525580249,0.6619320735212844
C6orf58,MGLL,0.631549213339424,0.6936997645480797,0.6618954151481059
GALNT6,ALDH1L2,0.6808700369187514,0.6434393918465504,0.661890174033079
ADGRG2,C2orf88,0.6360119205943798,0.6883840894842405,0.6616800487089551
DEPTOR,ZG16B,0.6632777202988432,0.6599907914278829,0.6616322147209245
DLX6-AS1,SLC12A2,0.6938710569410275,0.6308012831998822,0.6615850308869289
CCL28,PIGR,0.8516198249739745,0.5138329774445084,0.6615061226603639
LYZ,DEPTOR,0.7599513052206609,0.5758114034594988,0.6615048205568775
OXR1,SOX9,0.5576747984046942,0.7844999583216561,0.6614346952689438
LYZ,SLC5A1,0.7712306442789083,0.5672261977325797,0.6614092726362194
SLC13A2,DYNC1I1,0.6436673321275767,0.6796161678962293,0.6613975549248221
PADI2,DEPTOR,0.8004716632815493,0.5464281703495646,0.6613624319415261
PYCR1,LINC01554,0.6251906750441873,0.6995259438848341,0.6613146732594717
LYZ,CADPS2,0.6201148600032176,0.7048849491102009,0.6611426710898696
LYZ,OGFRL1,0.6352478371501094,0.6880353319583121,0.661114934417137
ST3GAL1,ALDH18A1,0.5869335504902794,0.7446309141789684,0.6610967147580484
SLC22A3,ST3GAL6,0.5707183991349809,0.7653859751467076,0.6609234891090611
KCNMA1,TBC1D24,0.7350281435041199,0.5942725840314806,0.6609138175103131
CCDC129,LPO,0.7847537677340661,0.5566154412772265,0.6609130538287644
OXR1,PRSS8,0.6512265993147509,0.6705058528665025,0.6607959188606488
TNFRSF11A,OGFRL1,0.6174381468466238,0.7070817132172754,0.6607414189212073
LIMCH1,CRISP2,0.5862379992945123,0.7447084753747251,0.6607392879656434
CHRM1,SLAIN1,0.6406112671759664,0.6814815072692797,0.6607304533081254
EGF,DYNC1I1,0.6182294127065152,0.7060495372432962,0.6606819134437009
PYCR1,AACS,0.6448298553728067,0.6768848175434428,0.6606629541608844
CHRM1,GATM,0.7663194921268598,0.5695539051394679,0.6606513901637888
SLC5A1,TBC1D24,0.6962929158638455,0.6265474039307223,0.6605002034896319
PKDCC,MCFD2,0.733041878993,0.595039308823219,0.6604458592605971
SLAIN1,IRX2,0.5832400867204888,0.7477677135495769,0.6603999591894573
MPO,SLC5A1,0.6638334192524542,0.6568606305523386,0.6603378213852982
CEACAM1,TMEM63A,0.6566149238681652,0.6640560323923789,0.6603249966141806
KCNN4,BHLHA15,0.7171817045960807,0.6076581802726472,0.6601525047590818
ELF5,CES3,0.5818290881206413,0.7488558577690084,0.6600803896947272
KCNN4,SOX9,0.555234737961666,0.7845057524513703,0.6599885195151172
FAHD2A,RASAL1,0.6781033218738376,0.6422641054307437,0.6599404695977631
NRG3,KIRREL3,0.5786268793394165,0.7525374229693087,0.6598775497309008
KANK4,ST3GAL6,0.5529299317801794,0.7873605080229394,0.6598145133198657
PHLDA1,CBS,0.6615528636144569,0.658068005278361,0.6598081337365834
ATP6V0E2,MGLL,0.612286877811497,0.7108918872133346,0.6597497814197255
SAP30BP,SOX9,0.6084100553135149,0.7152612324956358,0.6596757734116682
AZGP1,BHLHA15,0.615188989199363,0.7073127716519237,0.6596446232937451
GALNT6,ACVR1C,0.5524798358624727,0.7875694440551245,0.6596334112079785
SLC31A2,P4HB,0.7489883410268943,0.5808694332361589,0.6595941427520282
LIMCH1,ID2,0.6281452183403593,0.6925051547623498,0.659540598932333
MPO,SAP30BP,0.6428191505379003,0.6766895771487117,0.6595369733082337
CA2,CRISP2,0.5659875084186794,0.7685186918224793,0.659524055329135
PPP1R1B,PLCB1,0.7238640899901433,0.6007047342427255,0.6594153363437807
PKDCC,SLAIN1,0.5560274020247923,0.7819685879509046,0.6593905992834117
SLCO1A2,ELF5,0.6465817223696365,0.672450843302994,0.659389433090768
NRG3,CBS,0.6789677917498025,0.6402689071421308,0.6593344871977742
CHRM3,CD46,0.6362620494691631,0.6832294393441237,0.6593276600710449
PHLDA1,KANK4,0.6191787649480095,0.7019954062565755,0.6592879861222428
PPP1R1B,ALDH18A1,0.5648787573432381,0.7693178231539419,0.6592202180949881
SLC22A3,C3orf70,0.5902174248975481,0.7362496855712207,0.6592020885126771
PHLDA1,AACS,0.7165126265049914,0.6063856004114763,0.6591531986007753
KIAA1324,SEC63,0.6493307565204716,0.6690981719678437,0.659140366075652
ANO1,AACS,0.7891281663915237,0.5505397472328905,0.659125497352017
FOLH1,PIP,0.7467163215909245,0.5818043027664914,0.6591227266963012
TNFSF13,ALDH1L2,0.6231732258843967,0.6971405738185226,0.6591201258354868
GRIA2,ST3GAL6,0.636709540496239,0.6822081317625367,0.6590663290574951
MANSC1,IRX2,0.6112559735862251,0.7104289363062489,0.6589794618390641
AIF1L,SRPRA,0.7832508257664924,0.5544057179178257,0.6589679327317848
MPO,P4HB,0.5887229339854971,0.7375406050824337,0.6589439042570842
ELF5,TMEM63A,0.6497688547471894,0.6681681742419966,0.6589042945342992
ATP2A3,SEC63,0.6916437563769764,0.6276702310477255,0.6588810183696701
ODAM,ANO1,0.6494248231188193,0.6684349379253177,0.658861321773094
SAP30BP,MGLL,0.7057452171244536,0.6148942764834143,0.6587554133860086
ODAM,ACSL1,0.6319726078530153,0.6865796308192029,0.6587104977056099
CA2,OXR1,0.6539588675605762,0.663461896667303,0.6586932447005522
LYZ,SLITRK5,0.6919105584499814,0.627062021956736,0.6586887229905031
ROPN1,MGLL,0.6841282014604262,0.6341714636782633,0.6586763870549303
PIP,PART1,0.7504314642021622,0.57798616383781,0.658588644919876
ACSL1,CEACAM1,0.7891090966845643,0.5496496325299028,0.6585844858624248
KCNN4,ACSL1,0.8124344397154937,0.5338380593052124,0.6585654292554665
SLITRK5,EPHA7,0.5708138516038312,0.7597097526513743,0.6585232342233074
SLC13A2,LRP6,0.6892138928764773,0.6290660322718274,0.6584535283362265
PHLDA1,FBP1,0.6359959765178437,0.6816157747519177,0.6584108825599045
MPO,FOLR1,0.6015850810224826,0.7205920248427287,0.6584052032367057
ZG16B,CADPS2,0.5627233506398807,0.7703444868608107,0.6584002056449215
SLC12A2,SLAIN1,0.6357074719104474,0.6817938293606371,0.65834750066131
AZGP1,ATP6V0E2,0.7389722206985132,0.5864535860343564,0.6583106476492803
RTN1,FOLH1,0.5972096192790916,0.7256217330898759,0.6582919405242931
GALNT6,BHLHA15,0.5838682141584903,0.7420849132376358,0.6582399205806472
CHRM3,LPO,0.768960823978261,0.5634586724956642,0.65823828898049
SLC13A2,CLDN10-AS1,0.7110140215842092,0.6093731904096257,0.658234671495469
GALNT13,CBS,0.6702528594092059,0.646417487772978,0.6582272932292871
PKDCC,ITGA6,0.6213323163571862,0.697196218031717,0.6581721211849653
SRPRA,SAP30BP,0.6339907312442131,0.6832577467896331,0.6581634132306603
F5,FOLH1,0.6775757067998438,0.6392275795085581,0.6581223890671587
NDRG2,TMPRSS5,0.7714736928386526,0.5613016717412574,0.6580497500149491
TMPRSS5,RASAL1,0.660991880030012,0.6549652169954207,0.6579716484287661
GALNT13,LINC01554,0.6785556682665517,0.6378795795664824,0.65790333969841
GALNT6,CRISP2,0.6476541543645191,0.6681492840931169,0.6578219056694498
RTN1,SAP30BP,0.6460194158593834,0.6698276291648857,0.6578158205148118
C2orf88,OXR1,0.6416954503988266,0.6742578840992961,0.6577752021945321
MGAM2,OXGR1,0.6447292203086169,0.6710633071327192,0.6577644888449057
NRG3,SEC63,0.6612230017150235,0.6539599284452059,0.6575814374568986
F5,ELF5,0.6281666289498145,0.6882866737339557,0.657539899618677
SLAIN1,P4HB,0.5849619575816368,0.7391068372220522,0.6575327994582353
MGAM2,SLAIN1,0.6913122619292964,0.6253956441278397,0.6575284612415999
PHLDA1,SNPH,0.6406820439441975,0.6747612942469263,0.6575009088758379
FAHD2A,GALNT6,0.703318192587006,0.6146383140267343,0.6574848348943171
ATP6V0E2,CRISP2,0.6228571092674934,0.6940047793859105,0.6574692469660712
RTN1,ZG16B,0.6504042094553213,0.6645497579447508,0.6574389400999767
CCDC129,P4HB,0.6083286306933807,0.710474952682202,0.6574209116746351
BPIFB2,IRX2,0.6222906738595839,0.6943691197181525,0.6573427016531751
RTN1,TTYH1,0.6984738877171287,0.6185553033736048,0.657301093499326
ATP2A3,MCFD2,0.7118165175067597,0.6069586907123898,0.657299947887839
AZGP1,F5,0.7953532653357758,0.5431812330019953,0.6572830192065285
SLC13A2,GLYATL2,0.664620964162136,0.6496532635221497,0.6570944972933265
CCL28,LINC01554,0.7037615268537387,0.6134888555991674,0.6570767487320054
CBS,TECPR1,0.6417728347953068,0.6726163422162129,0.6570136198540706
ODAM,ATP6V0E2,0.6382594950533771,0.676204997732964,0.6569583399315452
ATP6V0E2,TMEM63A,0.6515430810926522,0.6623129171741188,0.6569059283513036
CA2,FOLR1,0.5913355126897168,0.7296863437847295,0.6568785642754892
PIGR,SLAIN1,0.5886395564858462,0.7329811020762537,0.6568574204792641
TCN1,SSR3,0.6399599771149118,0.6739390130301387,0.6567297734651703
RTN1,ATP6V0E2,0.625237866063538,0.6897639082930211,0.656708850335348
ATP2A3,TMEM63A,0.5759430078550631,0.7487815423757151,0.6567004596787053
PHLDA1,PART1,0.6844765518790726,0.6299718105665548,0.6566589165446638
CADM1,P4HB,0.7135406580236745,0.6042780479439477,0.6566406596908129
KCNN4,DLX6-AS1,0.7730689296186241,0.5577163840969273,0.6566225765876322
CA2,C2orf88,0.603433886241977,0.714497045229541,0.6566214500846523
PPP1R1B,AGFG2,0.7195426073629358,0.5991654439896579,0.6566011466713179
SRPRA,TMEM63A,0.7734448814116373,0.5573246217029639,0.656551502885215
SLAIN1,AACS,0.5961481238951485,0.7230089448106956,0.6565214589092325
SLCO1A2,GALNT13,0.6557112177828216,0.657197857217163,0.6564541166602026
PHLDA1,MGLL,0.5793200145136773,0.7437125481891215,0.6563897959375403
ATP2A3,MGLL,0.6460868776303037,0.666818539384753,0.6563708616758477
RTN1,CCDC129,0.6789721955346444,0.6344454204004853,0.656331318798835
PPP1R1B,TMEM63A,0.6386435448108229,0.6742751450289387,0.656217546854024
FAHD2A,C2orf88,0.6183744789206733,0.696313955577455,0.6561880671312162
SLITRK5,PLA2R1,0.5639366512060838,0.7635268434318007,0.6561865368863351
LYZ,MUC7,0.7436262037620509,0.5790279087815683,0.6561861974161882
PHLDA1,PLCB1,0.6629042510260379,0.6491854929438058,0.6560090113534134
LTF,CRISP3,0.678504852210395,0.6340597159991924,0.6559059337257113
MCFD2,ALDH1L2,0.6374772339117669,0.6747572655057258,0.6558524187471277
ZG16B,PART1,0.7359169757838897,0.5844464093097835,0.6558231728499758
RTN1,LPO,0.6994530826329849,0.6147646877178681,0.655743132574156
FOLR1,SERP1,0.5501274801048736,0.7815791255886708,0.6557195702910399
ANO1,ALDH18A1,0.6828671618627336,0.6295999412059243,0.6556928587076677
SLC13A2,OGFRL1,0.6643378830549791,0.647061075611343,0.6556425742574359
TBC1D24,ALDH18A1,0.7348664539168759,0.5849556793998435,0.6556403784233396
PHLDA1,ALDH18A1,0.6211810799062925,0.6920092523086689,0.655639424267825
CA2,PYCR1,0.7808393753225262,0.5504514415120532,0.6556021352433621
SSR3,SEC63,0.6837311350315025,0.628543140963558,0.6555566452925935
ANO1,ADGRG2,0.6385309964897719,0.6729278813697624,0.6555038601387374
CCDC129,DYNC1I1,0.6710848699886077,0.6401901968957304,0.6554555324747458
CHRM3,GRIA2,0.7640764372152282,0.5622317621911869,0.6554296619350405
FAHD2A,PLA2R1,0.6808863749214336,0.6308439862968986,0.6553877287306208
CCL28,TRIL,0.689245054068497,0.6231748359087752,0.6553778860093393
PART1,PLA2R1,0.6129677681222923,0.7007166652024361,0.6553752591876144
CHRM3,TRIL,0.6416927644413705,0.6693355547957827,0.6553684326360282
ANO1,DYNC1I1,0.6232284310086476,0.6890934054756291,0.6553339621238794
GALNT13,SLC31A2,0.6457073130883991,0.6650985785880869,0.6553312262657923
SRPRA,SEC63,0.7792930038274342,0.5510492758598183,0.655308206450774
ANO1,ID4,0.6698748303624276,0.6409066283478537,0.6552306608688836
CHPT1,FOLR1,0.5937131151132972,0.7230388682901545,0.6551928409564168
CCL28,PIP,0.7467221308352736,0.5748503718805251,0.6551744001424927
LPO,ADGRG2,0.6498750566515047,0.6604847152860205,0.6551584096720087
CA2,ST3GAL6,0.6714487228595724,0.6391373400084212,0.6550938487579613
PHLDA1,SLC5A1,0.7551239676766768,0.5683060970011091,0.6550889671047161
ATP2A3,BPIFB2,0.6450400998931413,0.6651660577684345,0.6550257860179842
SLC22A3,FBP1,0.6270081840969991,0.6842645139504282,0.6550110306964866
CHRM1,OXR1,0.6773023716524658,0.6334432622484998,0.6550058196903168
PYCR1,KIAA1324,0.5963527929266529,0.7193509906394426,0.6549709706257111
PYCR1,SLC31A2,0.7200502387405694,0.5956859231236556,0.6549227367862447
DMBT1,CHRM1,0.8166824864941089,0.5249996163357431,0.6547961454357591
DEPTOR,ATP6V0E2,0.7167599619567543,0.5978855758235683,0.6546300043396979
LYZ,PART1,0.7093859346093287,0.6040636331997312,0.6546099945776096
TCN1,ATP2A3,0.7212359864703631,0.5940746496585977,0.6545746832742266
DMBT1,DEPTOR,0.7241490179837553,0.5916338040471651,0.6545464370132559
SEC63,SLC31A2,0.6191628645112246,0.6919396257160058,0.6545405416986382
BPIFB2,AACS,0.6009231347418026,0.7128468999154581,0.6544969012059363
NRG3,ALDH18A1,0.6518727090852324,0.6570697853715858,0.6544660885395269
ADGRG2,KIRREL3,0.6914380297820906,0.6194571730593673,0.6544587437528453
GALNT13,OXR1,0.6501667764419125,0.6587363408763406,0.6544375319865993
MANSC1,FDCSP,0.6286456449712716,0.6811999644068399,0.6543954393017614
FAHD2A,DYNC1I1,0.6727161994067836,0.6365280330478077,0.6543720036858215
KCNMA1,RAPGEF3,0.6794206750735755,0.6301644194825629,0.654329225460846
RASAL1,P4HB,0.6879983876637499,0.6221829534506056,0.654263608040281
SLC22A3,PART1,0.6791754126930585,0.6301993604372869,0.6542292493491069
PPP1R1B,SLC39A8,0.7384023194595389,0.579581982042937,0.6541900945883097
CRACR2A,SERP1,0.755561193726145,0.5664102310452557,0.6541846759954371
FOLH1,MUC7,0.7358522427287265,0.5813101124136535,0.6540323768289114
MANSC1,SNPH,0.6727810725702553,0.6357710081807983,0.6540142970860423
SLC39A8,AACS,0.663296351640385,0.6445818961750864,0.6538721741031471
CHPT1,GNPTAB,0.7218261140307578,0.5920064735409591,0.6537015620886363
OXGR1,SOX8,0.5843597322511107,0.7312647074423543,0.6536984386134794
PIP,MUC7,0.7899408295559932,0.5409133132285708,0.6536738570339631
ODAM,FAHD2A,0.7217145277611818,0.5920227198305734,0.653660001580648
OXR1,PLA2R1,0.685244046913415,0.6234091995953581,0.6535957793726762
NOSTRIN,ADGRG6,0.6903767157970192,0.6187552131197123,0.6535856423728046
KCNN4,PLA2R1,0.6128383665065082,0.6969967241003692,0.6535643303134419
ZG16B,FOLR1,0.731575669401487,0.5838687978132319,0.65356270288539
SLC5A1,CD46,0.7200880552865389,0.5930248614806759,0.6534754159417085
OXR1,AACS,0.659111330594734,0.6476845111857966,0.6533729409558299
ZG16B,FDCSP,0.6582514396959004,0.6483384183400962,0.6532761263681165
TUSC8,SLAIN1,0.6272740824417515,0.680344127288264,0.6532704173536255
DYNC1I1,MGLL,0.5767717342953761,0.7398474495967235,0.6532404584974151
KIAA1324,ALDH9A1,0.6116883072585851,0.697611636637915,0.6532387627345283
CHRM3,FBP1,0.617554800324219,0.6909614582987714,0.6532278051426079
ODAM,GPAT2,0.7427044789967011,0.5745247361510221,0.6532243832204689
ODAM,CADPS2,0.6887971730477493,0.6194090386049438,0.6531823594918263
AACS,CES3,0.6810127735758087,0.6264676947754063,0.653171112630253
AZGP1,TNFSF13,0.6788033418387477,0.6284969866770065,0.6531660239877262
CHPT1,TNFSF13,0.5885459048695791,0.7248729807598272,0.6531623262075068
NDRG2,KIAA1324,0.8328836862832871,0.5121052097926104,0.6530881065345973
ADGRG6,KANK4,0.6428782565282,0.6633902892266403,0.653053743987247
SEC63,SOX9,0.5766474887577896,0.7395110558018071,0.6530215871138823
PADI2,CEACAM1,0.694068482186277,0.6143305714984815,0.6529835276027867
SH3BP4,XBP1,0.6301997069130906,0.6765802794415585,0.6529783256795336
ACSL1,KIAA1324,0.6223907278634303,0.6850471452263636,0.6529678333104942
SLC39A8,SLC5A1,0.7671143425280169,0.5557207553310238,0.6529175766166287
GALNT13,BPIFB2,0.698596950038854,0.6101985302605382,0.6529033865421463
SAP30BP,ROPN1,0.6370258375975434,0.6690440469158008,0.6528386817401279
KCNMA1,PLA2R1,0.5960319412485555,0.7150441241455323,0.6528316302024855
KCNN4,C2orf88,0.6518161030028191,0.6535606490227313,0.6526877931461488
AACS,SOX9,0.5746026586986751,0.7413557008428456,0.6526752306819362
NRG3,DYNC1I1,0.6539422880740013,0.6513616079865188,0.6526506724812783
RTN1,SLC12A2,0.5519552308714057,0.7714135246036543,0.6525225897008737
ATP2A3,CES3,0.6818851363116146,0.6243065086206964,0.6524609787037473
HP,BPIFB2,0.6744427165695325,0.6311492275928376,0.652436969843429
SLC25A48,TNFSF13,0.7362813725343201,0.5781282417291518,0.6524301152776388
ATP2A3,PART1,0.6485453659975432,0.6563083782483227,0.6524153258303429
C3orf70,TRIL,0.6651763011559017,0.6397813723640167,0.6523552765307744
SAP30BP,OXGR1,0.6568200414207771,0.647893819438783,0.6523416630263983
F5,CBS,0.7109354991834328,0.5985091519355711,0.652304685478472
C6orf58,CADPS2,0.5517844035807412,0.7710823078349281,0.6522815276706503
FAHD2A,CD46,0.5820358361065427,0.730964569716048,0.6522634241615417
CCL28,C2orf88,0.6774412095708112,0.6278310541311336,0.6521645718043204
FOLR1,LINC01554,0.6141561987336893,0.6920867003886455,0.651958079254205
RTN1,MANSC1,0.6864633512586985,0.6191853611791774,0.6519570983472653
FOLH1,CEP85L,0.5951260668988176,0.7141017201154417,0.6519053213910615
DYNC1I1,SLC12A2,0.6888825353423703,0.6168974463259285,0.6518971367257563
PART1,SLAIN1,0.5875102444210902,0.7232556216976401,0.6518589472290061
SAP30BP,CBS,0.6039864368438518,0.7034883170890106,0.6518415466966411
SRPRA,SSR3,0.8041936958251281,0.5282671840446572,0.6517891830339055
SLC5A1,GNPTAB,0.692204416054455,0.6137113386952102,0.65177733838138
SRPRA,GPAT2,0.6216708464233462,0.6832999247670084,0.6517573494721137
HP,SSR3,0.6067520879672098,0.7000926802245921,0.6517535542648244
NRG3,NPY5R,0.6063520514885234,0.700339049416186,0.6516532968926243
DYNC1I1,ADGRG2,0.6257074396533671,0.678604581028626,0.651619470958678
SLC22A3,EGF,0.7396046072692557,0.5740625450499225,0.6515975009003927
HP,ODAM,0.661307359045234,0.641954709898945,0.6515591867435534
STATH,PLCB1,0.6182108658846213,0.6866268619922579,0.6515214400861065
CCDC129,SLITRK5,0.716661752784697,0.5922895568763848,0.6515145984451165
PIP,KIAA1324,0.6890106668510293,0.6160524225253453,0.6515110823764859
GALNT13,C2orf88,0.592026821921831,0.7168792191364758,0.6514688985724273
DMBT1,GALNT13,0.797722207055505,0.5320283269580076,0.6514681966120753
SLC13A2,P4HB,0.6115318502527256,0.6939060158810983,0.6514181681479764
TUSC8,ADGRG2,0.6433486028707562,0.6594612059750479,0.6513550840451858
KCNMA1,MANSC1,0.7816404779279601,0.5427566493157887,0.6513375213894647
MGAM2,ROPN1,0.6469337343055618,0.655735175239277,0.651319587939022
AZGP1,ANO1,0.6661252631970258,0.6367801870281807,0.6512874708473965
MCFD2,SLAIN1,0.6045206411044529,0.7016263756359341,0.6512661717110974
SLC31A2,SERP1,0.6053825763888899,0.7004007141008247,0.651160801036868
SLITRK5,CRISP2,0.6667583015343218,0.6358088783809127,0.6510997218934282
SLC12A2,MUC7,0.6893043475437043,0.6149624233409932,0.6510731694555986
MGLL,TECPR1,0.6035579194439403,0.7021740496155858,0.6510013121903128
F5,FBP1,0.6306326951737419,0.6717507128314508,0.6508670851393394
MCFD2,PART1,0.5795975125880126,0.7307244588462789,0.6507888126992695
FAHD2A,MAPT,0.6412435268576137,0.6603666479666338,0.6507348448955722
ODAM,PLCB1,0.6916913154138795,0.6120389042047084,0.6506473658855649
ACSL1,LINC01554,0.7086547146664477,0.5973726842534286,0.6506388930191181
CCL28,DYNC1I1,0.6821351707435239,0.6205819239281161,0.650631044939488
ACSL1,SERP1,0.6159068549890626,0.6872504681135695,0.6506014712599332
KCNN4,DAPK1,0.6539421609669924,0.6472018510653696,0.6505632767590909
LTF,SLITRK5,0.7436333481619275,0.5690768289972684,0.6505263312953684
BPIFB2,TNFSF13,0.5737363290972788,0.7375046872643608,0.6504869191329608
EGF,ALDH18A1,0.5919530290226401,0.7146430517300094,0.6504114998534101
FAHD2A,TTYH1,0.6339884049565988,0.667256188911977,0.6504096300837828
DMBT1,CA2,0.7672062918400357,0.5513934964799674,0.6504095323556595
SLC5A1,CBS,0.6046098076229708,0.6996526968117981,0.6503974803320458
DYNC1I1,TRIL,0.596301735573492,0.7093396886866183,0.650369500726311
GALNT6,MPO,0.6837575882400978,0.6185806596006201,0.6503531501734184
GALNT13,SLC39A8,0.7293143492469025,0.5798943538101298,0.6503270510143245
LYZ,CCDC129,0.8068512767630542,0.5241646442332273,0.6503252358886525
ATP2A3,CHPT1,0.6795323560566072,0.6220066554750578,0.6501335617224021
KIAA1324,TNFRSF11A,0.6463275389567804,0.6539421237987717,0.6501236832288378
CCL28,SNPH,0.65772984146474,0.6424698650642997,0.6500550765086099
ARHGEF37,AACS,0.6848367379361388,0.6170079728260665,0.6500382507135969
PADI2,CCL28,0.8281069630561316,0.510204474286876,0.6500029828695827
DYNC1I1,FBP1,0.5963293466027617,0.7084359060047278,0.6499700923409745
KCNMA1,AACS,0.5790664750403801,0.7294944527035113,0.6499429061760222
ODAM,CCDC129,0.8006400473964617,0.5275922710837738,0.6499319202243566
CEACAM1,RASAL1,0.6859820181818036,0.6157486667323975,0.649917312508172
MANSC1,SEC63,0.6966903531356887,0.6062809607996088,0.6499154534852392
GALNT13,SEC63,0.6596311898350895,0.6402637733569969,0.649875337759312
ACSL1,SEC63,0.6676456139249853,0.6325428899778833,0.6498572813419639
LINC01554,ALDH18A1,0.5717253980368393,0.738646498083701,0.6498484154981232
SLC5A1,SLC31A2,0.6716186339112137,0.6286827703394905,0.6497961706403985
C3orf70,NPY5R,0.6286184278306416,0.6716817787013917,0.6497934623630479
ATP2A3,AGFG2,0.6730310119501871,0.627190628865558,0.649706659678859
ALDH18A1,CRISP2,0.5916052510007359,0.7134250139369017,0.6496660560937013
F5,LPO,0.76967472943305,0.5483685393004826,0.64966561176939
AZGP1,GALNT13,0.800997053711625,0.526915857687031,0.6496599491743705
DEPTOR,CRISP3,0.7129140652697973,0.5917492691942671,0.6495124149096124
LIMCH1,TMEM63A,0.6284063346877946,0.6713235571867673,0.6495105664739478
MGAM2,ADGRG2,0.7041555180309984,0.5990945924662512,0.6495042441028719
CHRM1,C3orf70,0.661468306019311,0.6377500612469218,0.6495009258474642
GALNT13,ID4,0.6604302667340376,0.6386095210175742,0.6494282533925765
SLC5A1,NRG3,0.6949782976403934,0.6068350912229177,0.6494129800416344
NRG3,C2orf88,0.603861935013913,0.6981777035900125,0.6493095864635261
CCL28,ROPN1,0.7249228672986073,0.5813078499876904,0.649155877579696
PPP1R1B,SLC5A1,0.7258241024297193,0.5805721525072622,0.6491481044332439
SAP30BP,ST3GAL6,0.62933018786452,0.6695844256984738,0.6491453553835052
ANO1,ATP6V0E2,0.6429095938343146,0.655091355740101,0.6489718926450041
PHLDA1,DTNB,0.7721324367862082,0.5454189465042415,0.6489496592446031
PPP1R1B,ABCA3,0.6722002553451044,0.6264940173099258,0.648944865460782
KCNMA1,ALDH18A1,0.6121225101823751,0.6879725332870461,0.6489402699880739
KCNMA1,NPY5R,0.6434563142874006,0.6543827833747978,0.6488965510183252
KCNN4,CADM1,0.7417643528217923,0.5675247197194071,0.6488217061975001
GRIA2,SOX8,0.5540114729502792,0.7597747258304504,0.6487864941317154
ATP2A3,CRISP2,0.5503554844950782,0.7647971651399124,0.6487760124735183
SH3BP4,DUSP6,0.5660072816129744,0.7435752141886233,0.6487441604035352
SRPRA,KIAA1324,0.7241998522612708,0.5810808107108656,0.6487053547402459
ANO1,SLC31A2,0.7114331168658877,0.5913462400941513,0.6486164496349947
GP2,SSR3,0.5744429316680502,0.7323235420913873,0.6485970108229818
FOLH1,DLX6-AS1,0.7681526657985829,0.5475606780172867,0.6485446742557203
CHRM1,SEC63,0.6610543413758938,0.6362202404250477,0.6485184284229653
KIAA1324,LIMCH1,0.5927420288314539,0.7095384824142017,0.6485162138298354
SAP30BP,ATP6V0E2,0.6153640987239206,0.6833871694515592,0.6484843325856454
CHRM1,DYNC1I1,0.7052395403610349,0.5962286422990557,0.6484473869521489
DLX6-AS1,MAPT,0.6045217929315524,0.6954127105894553,0.6483765407792977
CHRM3,RTN1,0.7533135690178783,0.558036218876981,0.6483642924185912
ATP2A3,SLC31A2,0.7322557921921253,0.5740572559329591,0.648349250563943
SLC22A3,OXR1,0.5607985406015787,0.7494377263182281,0.6482928221035829
SLC12A2,SOX9,0.6440429843115552,0.6525518915931744,0.6482834778704594
MPO,AACS,0.6241374216861049,0.6732244701200875,0.6482164646140559
SLITRK5,PART1,0.6987496838082051,0.6012230474744931,0.6481546222322321
PHLDA1,SAP30BP,0.6561940052080106,0.6401437807507355,0.6481192107936808
TNFSF13,CRISP2,0.5849013897884802,0.7178722302616528,0.647984926653851
CLDN10-AS1,AACS,0.6512141459671197,0.6447638130807618,0.647980953335738
CCDC129,GALNT6,0.7008456153447814,0.599088702241231,0.6479727541867498
LRP6,C3orf70,0.5770309752358264,0.7275678898672565,0.6479422883562821
KCNMA1,GALNT6,0.7510738107873857,0.5589350012877223,0.647920860444871
ELF5,AACS,0.6760099226187971,0.6209415998623069,0.6478909498316133
KCNN4,RASAL1,0.7542670830038236,0.5564996082632234,0.6478806496705023
TCN1,P4HB,0.7212424599612379,0.5819789119532326,0.6478795428956792
DMBT1,PART1,0.7129124378960671,0.588625123867458,0.6477948533781539
KIAA1324,MUC7,0.671390652263465,0.6250161479790255,0.6477885451803206
RNF128,AACS,0.5984298937152976,0.7011944341653684,0.6477775163675717
PHLDA1,ITGA6,0.7647329481008034,0.5482525516084429,0.647508139018586
KCNN4,LRP6,0.6479113168128433,0.6470472853982422,0.6474791569792426
ALDH18A1,ALDH9A1,0.6615856308904801,0.6336460050166765,0.6474651280109147
ROPN1,PRSS8,0.6461814426618345,0.6487457790594219,0.647462341324492
ATP6V0E2,ELF5,0.6661610852988123,0.629117422381639,0.647374346784103
PPP1R1B,TNFRSF11A,0.7378007896303738,0.5679912647133607,0.6473518391173939
CADM1,FAHD2A,0.7301910325441471,0.5738824143572117,0.647335919518159
SLITRK5,CLDN10-AS1,0.6708823134280579,0.6245925964024788,0.6473238185209411
ACSL1,PRSS8,0.6729225452461615,0.6225885287434734,0.6472664500830558
PPP1R1B,RASAL1,0.7196089590575592,0.5821662478011973,0.6472496022236435
DEPTOR,ARHGEF37,0.6581508194152768,0.636423711620802,0.6471960964796857
CCL28,BHLHA15,0.5518773864699337,0.7588953236858949,0.6471608515972099
ATP6V0E2,SERP1,0.7260602305927669,0.5766727838476604,0.6470696828139958
MANSC1,GALNT13,0.7713792324610167,0.5426619691125204,0.646991633036935
TCN1,BHLHA15,0.5990281916043015,0.6987105217968504,0.6469523168880882
SAP30BP,ID4,0.7101985657973293,0.589285404766695,0.6469232174768544
SLC37A2,ATP2A3,0.6833578659952158,0.6124208295903338,0.6469177623159456
SLC13A2,MGLL,0.6981653021905974,0.5994149961367738,0.6469086117183837
CCDC129,AGFG2,0.7243452130428054,0.5777225387521364,0.6468930015172886
KCNN4,HID1,0.7905599902416335,0.5291825333551328,0.6468002306781258
CA2,SLC13A2,0.7314896380878818,0.5718033556759888,0.6467365999391602
ODAM,ROPN1,0.6987294965120487,0.5985538955479467,0.6467049265867256
NRG3,CES3,0.6267353774875322,0.6673077809529315,0.6467034822821839
AZGP1,SNPH,0.6471965319334124,0.6461679919121153,0.6466820574377321
KCNN4,PADI2,0.882190978203031,0.4739844735740811,0.6466411882917507
GPAT2,MGLL,0.6526397499441906,0.6405926646429198,0.6465881505785873
LRP6,KIRREL3,0.5813199868528552,0.7191598137977516,0.6465771210783836
ST3GAL6,SLC31A2,0.7182232210209084,0.5820702872303072,0.6465728083944735
FDCSP,SMR3A,0.6833211457634449,0.6116419624591877,0.6464888913079745
FOLH1,ST3GAL6,0.7418310724916543,0.5630167065640803,0.6462687422900404
CHRM3,LINC01554,0.7060263820502695,0.5913886025227022,0.6461702217100911
PART1,ELF5,0.7704216773690375,0.5419354377651532,0.6461569538345564
SLC5A1,SLAIN1,0.6679414216642284,0.6250231709288182,0.6461260444861195
RNF128,CADPS2,0.5592782862667055,0.7463672130701963,0.6460858889122687
CHRM3,GLYATL1,0.6758746249245369,0.6174898962919846,0.6460230274928567
ANO1,ELF5,0.6544890859807195,0.6376181715718615,0.6459985559711146
PLA2R1,FREM3,0.6319496179918871,0.6598310727559021,0.645739881351051
RTN1,DYNC1I1,0.565465204683013,0.7373124369489519,0.6456969320623028
KCNMA1,LRP6,0.7496301434820263,0.5561323718084414,0.6456729742476152
GPAT2,SLC25A48,0.6187879889165907,0.6736361120378459,0.6456298746414154
CCDC129,TMPRSS5,0.7640005966327214,0.5455523289783535,0.6456022806913191
ODAM,KCNMA1,0.7468195378101772,0.5579130136492918,0.6454923229534548
FOLH1,PART1,0.6914274747575822,0.6025363104810127,0.6454534527025455
MPO,ADGRG2,0.655891222861506,0.6351799554783456,0.6454525216743746
TCN1,SLC13A2,0.8213476753706642,0.5072235578740393,0.6454509200187724
LRP6,CD46,0.6762920478771184,0.6159948669757983,0.6454397183849595
OXR1,ELF5,0.7138598321000609,0.5834738035587376,0.6453824536220553
CHRM3,CCDC129,0.7525037739092536,0.5533813077800468,0.6453073085866325
LYZ,DUSP6,0.5847185323392543,0.7120526409800838,0.6452521795253113
SLC12A2,ID4,0.6018976866567703,0.6916510452504716,0.6452155950610587
PIGR,TMEM63A,0.8012596772653813,0.5194851303039706,0.6451685732051151
FOLH1,C6orf58,0.7317927682788139,0.5686926839903582,0.6451086679910703
LPO,ST3GAL6,0.5817344939777703,0.715289480262253,0.6450647749241809
SLC5A1,CHPT1,0.6150552566231022,0.6765068899069392,0.645049702564856
SLAIN1,SEC63,0.6204086841370667,0.6705652923956907,0.6449996361884229
P4HB,ITGA6,0.7110869214270004,0.5850500255472694,0.6449972259996128
SLITRK5,ATP6V0E2,0.6596053637255311,0.6305974001456051,0.6449383129318773
NRG3,CD46,0.6188992209301911,0.6719707610150559,0.6448892776904309
SLC37A2,PYCR1,0.6052669546245755,0.6870980940581374,0.6448858588300095
PADI2,MPO,0.7577744751896284,0.54878854744452,0.64487049361081
RNF128,OGFRL1,0.6787578781258731,0.6123765661511729,0.6447134391764906
CHRM3,BPIFB2,0.7784419141221388,0.5339395334768147,0.6447021889719108
SLITRK5,OGFRL1,0.6575999495938204,0.6319680985665797,0.6446566448601032
SLAIN1,MGLL,0.6017997237532074,0.6903611420116514,0.6445612031084098
OXR1,CRISP2,0.5521577286268552,0.7523262099837048,0.6445174406414872
PLCB1,PLA2R1,0.5694927247167872,0.7292253806762029,0.6444288548582591
CCDC129,LIMCH1,0.6217725969750004,0.6678713302593627,0.6444098784628555
KCNMA1,OGFRL1,0.6361359289226015,0.6527105369029127,0.6443699432083284
ATP6V0E2,FOLR1,0.6476467577404919,0.6410788198112801,0.6443544204138562
FAHD2A,GPAT2,0.7502121693204544,0.5534314869099682,0.6443531922517122
ADGRG2,ALDH18A1,0.5864000613018677,0.7079804600237709,0.6443289417358681
ADGRG6,ID4,0.7046575627735178,0.5891029296952426,0.6442948351972012
SLC25A48,LINC01554,0.5974040736850669,0.6947803983948074,0.6442551049992477
ATP2A3,GPAT2,0.5953759048098031,0.6971442705220858,0.6442537550104438
ADGRG2,LINC01554,0.658317492909144,0.6302460620015103,0.6441288748788516
F5,ID4,0.6287027782015464,0.6599067648597254,0.6441158408402203
CA2,RTN1,0.6249606976150743,0.6638011439627568,0.6440882129092637
RTN1,ID4,0.6263481956144814,0.662320163208382,0.6440830995645351
TUSC8,SLC31A2,0.738524726351311,0.5615372218987361,0.6439791325336865
PYCR1,CRISP2,0.6782427157469776,0.6113863222113466,0.6439474509206325
LYZ,ACVR1C,0.646817759140023,0.641051570055595,0.6439282103127285
SLC13A2,CRISP2,0.6462750590573395,0.6415734389497387,0.6439199578727645
TUSC8,ALDH18A1,0.6859512125932674,0.6044268064475247,0.6439000705129295
PHLDA1,EPHA7,0.6443277744784327,0.6434553639744249,0.6438914214724801
LINC01554,AACS,0.5562855554770901,0.7452247021253414,0.643861582467105
GNPTAB,ARHGEF37,0.6174845718242734,0.6713470552567609,0.643852816224879
MGAM2,GNPTAB,0.6379216382850545,0.6498095663469603,0.6438381653314393
CADM1,ACSL1,0.7457856430627015,0.5557995450057653,0.6438224297786476
CHRM3,F5,0.7769562459901587,0.5334182808278191,0.6437722151619364
TNFRSF11A,OXR1,0.5522610103604139,0.7502958810068419,0.6437073568898334
ODAM,SLC39A8,0.6717722894425266,0.6168061075248947,0.6437027660295797
GALNT13,CD46,0.6031562424042465,0.6868866968261818,0.6436614009051224
CCL28,KIRREL3,0.7855132410215503,0.5274085761762584,0.6436508525705329
TNFSF13,CBS,0.5782732841816791,0.7163916705012281,0.6436382245183582
ATP6V0E2,FBP1,0.6612337881704836,0.6265087986708822,0.6436371542004752
DMBT1,ANO1,0.6927374687995589,0.598007729768192,0.6436321628400713
LRP6,ID2,0.6454554981236585,0.6417818883008994,0.6436160722045396
GALNT6,SERP1,0.7310139656458832,0.5666650022790685,0.6436148153272695
KCNN4,DEPTOR,0.8398910800379704,0.4931942821501971,0.6436066176661646
SAP30BP,OXR1,0.5520515152990589,0.7502928351346828,0.6435839467809376
CHRM1,FOLR1,0.6411606861131405,0.6459924710958547,0.6435720441347195
ATP2A3,SOX8,0.6120434515890805,0.6767198970484598,0.6435697177062843
ATP6V0E2,SLC43A1,0.6462459077235629,0.6408159547727648,0.6435252041496642
KIAA1324,LINC01554,0.6484883051473427,0.638546449275318,0.6434981776574077
MCFD2,ITGA6,0.6257854536159353,0.6616839469423228,0.6434844123113503
FAHD2A,TNFSF13,0.6220316700851236,0.6656542279291748,0.6434733957966002
TCN1,PADI2,0.8077781069627789,0.5125883821917744,0.6434731330972451
DYNC1I1,MUC7,0.6110596592902353,0.6775813359464412,0.6434614365172593
CD46,PRSS8,0.5619334657571309,0.7366714803613206,0.6433975117171911
KCNN4,CEACAM1,0.7427990239183911,0.5572744457788248,0.643383955643264
RNF128,KCNMA1,0.6847444327252157,0.6045192800272727,0.6433826322443983
AACS,TMEM63A,0.6078418251179991,0.6809781519707561,0.6433715899535715
ANO1,MANSC1,0.7289648707105838,0.5678145977150408,0.6433637344542564
LYZ,NRG3,0.7068187644734975,0.585558407079736,0.6433379126238157
FAHD2A,CBS,0.65310714485285,0.6336858368346681,0.643323206194817
SLCO1A2,ADGRG2,0.6778697693576476,0.6103990598008976,0.6432503943903645
PHLDA1,ST3GAL6,0.6437746841081752,0.6425124000038313,0.6431432323736695
NDRG2,LPO,0.7882961431909103,0.5246653245250639,0.6431109171745689
PHLDA1,PRSS8,0.740145813492751,0.5587925737336965,0.6431080656155969
FDCSP,PTH2R,0.7092806139976924,0.5831057220645255,0.6431062000723476
SLC39A8,EGF,0.7429895754422283,0.556532960798663,0.6430382479008577
SRPRA,PRSS8,0.6845152337043358,0.6039608927659973,0.6429777847328755
CCL28,MPO,0.7268148763756601,0.5687533205170137,0.6429450787896425
LPO,PIGR,0.7129157258706286,0.5798025303947512,0.6429232783295386
KCNMA1,PYCR1,0.6665287214057639,0.6201501825090405,0.6429213857286923
DLX6-AS1,SLITRK5,0.6554253711439838,0.6306385918770292,0.6429125392607623
KIAA1324,CRISP2,0.555706216690685,0.7437983002262085,0.6429100554507361
CA2,ALDH18A1,0.6229081003524627,0.6635257063057902,0.6428962103247816
DEPTOR,GALNT6,0.7778937789956982,0.5312717478752167,0.642863117333933
KCNMA1,SLC13A2,0.7622115323793198,0.5419371082747718,0.642705775414638
CHRM1,SOX9,0.5680766938129729,0.7269199822395688,0.6426089792223878
KCNMA1,CCDC129,0.7549089814146701,0.5469455141439274,0.6425683473154551
CHRM3,LRP6,0.7007943444592043,0.5891231318013408,0.64253728215293
SLC31A2,ITGA6,0.5860040418367825,0.704419414626788,0.642489396114518
ID4,KIRREL3,0.5783598728560188,0.7136266398985506,0.6424430034784359
KCNN4,LIMCH1,0.578413072708955,0.7132903983760644,0.642321174381239
FOLH1,MCFD2,0.7759216977546677,0.5316743108533996,0.6422909262397475
CCL28,GLYATL2,0.7480848460728314,0.551451622963353,0.6422870094289258
SLC5A1,GPAT2,0.5754784719029686,0.7166388273742431,0.6421917293796805
ADGRG2,TECPR1,0.5538530285171136,0.7439353971473622,0.641896309952899
P4HB,CBS,0.6226920087454021,0.6616669689545202,0.6418837387087881
SLC37A2,ACSL1,0.569303894145007,0.7236728156075376,0.6418642784983853
ATP2A3,TMPRSS5,0.6631982935975183,0.6209841496064926,0.6417442078976108
CHRM1,LRP6,0.6291975870140906,0.6544708624911163,0.641709815610172
SLCO1A2,NDRG2,0.7663563463323875,0.537322014838447,0.6417009709323722
KCNN4,TUSC8,0.7803183907358497,0.5277032314658835,0.6416981660902311
NRG3,OXGR1,0.6161072229726066,0.6681971706272297,0.6416238019223535
MANSC1,BHLHA15,0.6114015964433863,0.6731996174000084,0.6415569505534501
BPIFB2,ACVR1C,0.5716752010610441,0.7197959330513445,0.6414744614948044
OGFRL1,P4HB,0.7251120075394071,0.5674605384309952,0.6414611837212691
DEPTOR,SRPRA,0.7972450523776798,0.5161163602614378,0.641460220644747
KCNN4,CRISP2,0.658778156807093,0.6245665765315408,0.6414443218945544
ADGRG2,OXR1,0.6571639046662642,0.626017986155822,0.641401920930606
FAHD2A,RAPGEF3,0.6746892175826861,0.6096564432516178,0.641349069299767
NRG3,TMEM63A,0.6264451760163726,0.6564787171040044,0.6412861494584305
CHI3L2,ACSL1,0.7168645502268756,0.5736123929616861,0.6412506452901555
TUSC8,SOX9,0.6350321693327684,0.6474726219439495,0.6412222264524536
ACSL1,OXR1,0.6093373380377819,0.6747370369200365,0.6412039222839764
ODAM,PYCR1,0.648849160425571,0.6333891278299966,0.6410725417729088
RNF128,GALNT6,0.6368045993423468,0.6453254143606137,0.6410508497282759
RTN1,FDCSP,0.63695250467163,0.6451559225250355,0.6410410913163503
KCNMA1,CRISP2,0.6220552250531399,0.6605655198391448,0.6410212423203178
PIP,ADGRG2,0.6068625796224345,0.6770644853714597,0.6410031982472943
CHRM3,RNF128,0.7814982772286958,0.5256720271068795,0.6409460067520061
GRIA2,DYNC1I1,0.6219547382074927,0.6604974789634733,0.6409364528683291
SLC13A2,OXR1,0.7432485320640334,0.5526847816723843,0.6409228913622375
CHRM1,ELF5,0.6554543490413443,0.6266820445084644,0.6409067572893847
SRPRA,HID1,0.8425140642063639,0.4874751913702122,0.6408624693965879
TCN1,PKDCC,0.6018266606481253,0.6824291832590107,0.6408619792822773
ADGRG2,ELF5,0.5925528984862164,0.6929529076441676,0.6407895551107267
MPO,ALDH18A1,0.5765655744030256,0.7121572333274596,0.6407849438764275
CHRM1,TNFRSF11A,0.6706105014092791,0.6122824746509212,0.6407831593681037
SLAIN1,RASAL1,0.6208854418639286,0.6612663749119475,0.640757883585495
ST3GAL5,NRG3,0.5614467311599373,0.7312133959559094,0.6407319025456765
SLC12A2,C2orf88,0.6218322827574236,0.6600209417439709,0.640642122305705
MUC7,MYBPC1,0.5995903454349825,0.6843689628768028,0.6405786625046785
NRG3,RASAL1,0.6957577567051187,0.5897429026418256,0.6405608472072282
SLC22A3,LRP6,0.5635715012101877,0.7280265298318369,0.6405427420072543
CA2,DLK1,0.6201350129408425,0.6615845379350342,0.640524578758539
DEPTOR,ELF5,0.6710299799707321,0.6113742195769963,0.6405079471149236
AZGP1,SLAIN1,0.7123194158352001,0.5758524190140806,0.6404614420239494
GALNT13,PART1,0.6856557670200966,0.5979558309492689,0.6403060704957123
TMPRSS5,SAP30BP,0.7110458208739896,0.5765266394320492,0.6402631159067997
CCDC129,CLDN10-AS1,0.707150115263731,0.5795495192858332,0.6401784980487996
SAP30BP,FDCSP,0.586204453945698,0.6991042970618163,0.6401703310137178
NRG3,FOLR1,0.6130209128716142,0.6682905636623214,0.6400594436454804
ADGRG2,TNFRSF11A,0.6584312854943483,0.6221426941697231,0.6400298538998692
ACSL1,ALDH1L2,0.5929162705176375,0.6908827271764167,0.6400278196785633
NPY1R,LIMCH1,0.7771668383481194,0.5269628337518337,0.6399515914769478
PKDCC,DUSP6,0.6415797965130337,0.6383121026331358,0.6399438638811797
TUSC8,PYCR1,0.7449991455749988,0.5496762797040542,0.6399284012468617
SMAD9,MPO,0.5876321083675261,0.6968155368003611,0.6398993538309331
PADI2,CHRM1,0.8282289184800875,0.49424017530502234,0.6397999733215746
PHLDA1,PLA2R1,0.6433288599491976,0.6362591316937596,0.6397842306784474
SLC31A2,AACS,0.6853865050693313,0.5971750927445302,0.6397622603206814
PPP1R1B,SERP1,0.5896936931485836,0.6938910507953451,0.6396742736629779
LPO,SRPRA,0.6332561934191074,0.6461506558573501,0.6396709347027464
CHRM3,TUSC8,0.689469447655026,0.5933838921995014,0.6396249404160064
KCNN4,ALDH9A1,0.5918906666320176,0.6911107756074673,0.639579563221711
RNF128,ACSL1,0.6919641708234465,0.5910768078522133,0.6395341845737618
NRG3,LONRF3,0.5559521047664423,0.7356383839740795,0.639515213202449
PKDCC,MANSC1,0.6681329093051901,0.6120966349617852,0.6395012943637679
BPIFB2,SSR3,0.6041348054199178,0.6768979525079256,0.6394823006366294
SLC22A3,KCNMA1,0.7149396205269213,0.5719316471735029,0.6394502285538424
HP,ALDH18A1,0.5834802667767071,0.7007877587529832,0.6394496293149612
SLC22A3,LINC01554,0.5757922932592969,0.7101394301288748,0.639447269919698
ST3GAL6,TNFRSF11A,0.5766203801222163,0.7091053096431397,0.6394408285315453
ADGRG2,ID4,0.616888930309757,0.6627065472449002,0.6393874670645171
CADM1,MCFD2,0.8096261321988707,0.50490584320024,0.6393629368010159
GALNT13,TMPRSS5,0.7007735936830388,0.5832632871961023,0.6393242603184983
FAHD2A,SRPRA,0.6997818266324702,0.5840822926814231,0.6393200870270598
CADM1,BHLHA15,0.6380269025218958,0.6404042006443187,0.6392144464098924
HID1,ALDH18A1,0.7950274917408652,0.5139346447376756,0.6392121490745674
SLC5A1,MCFD2,0.7314958523799077,0.5585227808833304,0.639184713268276
ODAM,SLC5A1,0.6951427177246781,0.5877120098424695,0.6391742514849351
TBC1D24,PYCR1,0.6726172714068956,0.6073001265440173,0.6391248344737508
F5,CCDC129,0.7490137754822533,0.5449210646006892,0.6388688315580681
SLITRK5,CADPS2,0.6317657390397807,0.6460437282574994,0.6388648475496319
CCL28,HID1,0.8231139061017966,0.4958232546043088,0.6388419333712043
PHLDA1,FAHD2A,0.7218367583467854,0.5652827000275961,0.6387815211302205
PPP1R1B,TTYH1,0.7532672955679055,0.5416953280111606,0.638781163429806
GALNT6,GLYATL2,0.7283007149552445,0.5602370078904979,0.6387652255649462
CHRM1,CLDN10-AS1,0.7071827907455335,0.5769030077000433,0.6387298951628996
SMAD9,FAHD2A,0.6215727469903373,0.6558980922196178,0.6385047994546865
C2orf88,OGFRL1,0.6256641069538648,0.6514508272540691,0.638427286429922
GATM,DLK1,0.667002558777902,0.6110012292457784,0.6383881133944912
NDRG2,LONRF3,0.6038264017221873,0.6748859969323635,0.638368219055711
TCN1,SOX8,0.5906039091387056,0.6899553124620937,0.6383496727273617
LTF,SLC5A1,0.8179664682487002,0.498160997184938,0.6383408113904472
HP,NRG3,0.6374744435861167,0.6391284678165728,0.6383009199440474
SAP30BP,TMEM63A,0.6054753676868564,0.6727665583107889,0.6382347368019433
SLC13A2,EPHA7,0.7121808098735009,0.5719295321069794,0.6382140999433662
ROPN1,PTH2R,0.612682068541231,0.6646017494786817,0.6381140764994294
TUSC8,SLC12A2,0.7427062895064239,0.5482224426930626,0.6380973720653554
PHLDA1,GRIA2,0.7501939669103896,0.542702203398646,0.6380688981752984
EGF,ID4,0.6123638110130416,0.6648179501682295,0.6380520774943809
TMPRSS5,DMRTA1,0.6294762708663877,0.6466766218423826,0.6380184859185635
ST3GAL6,FREM3,0.6154095209971345,0.6613451233596722,0.6379640158978928
BHLHA15,SMPDL3B,0.6090013182951589,0.668108848270344,0.6378708093033415
MGAM2,GALNT6,0.6822661905061407,0.5962388428961427,0.6378037346821831
SLC25A48,PRSS8,0.5825079810589728,0.6983097629459664,0.6377860222421191
TCN1,KANK4,0.6601043782777863,0.6161346546611943,0.6377406864474983
FDCSP,KIAA1324,0.5816830428396212,0.6991952304506519,0.6377381979993714
SLC22A3,ACSL1,0.6397518296866295,0.6356942214530581,0.6377197984191892
AIF1L,ST3GAL6,0.7605572687212107,0.5346426618541612,0.6376726139968993
CA2,RNF128,0.6681641564247686,0.6085028653410347,0.6376361060218022
RNF128,GALNT13,0.7221208679324943,0.5630034241296409,0.6376178489357575
PPP1R1B,CADM1,0.7300539810838053,0.5566612385294202,0.6374894142677546
PHLDA1,TRIL,0.5676695610644968,0.7155788584430133,0.63734789281787
BHLHA15,TMED3,0.5622881698534007,0.722398295345002,0.6373350887835673
STATH,KCNN4,0.8372843130358599,0.48507260500980987,0.6372940317138971
CCDC129,LINC01554,0.6212533396752196,0.6537283046972745,0.6372839967654933
LPO,SLITRK5,0.7183476243106075,0.5650512689266962,0.6371053575721887
KCNN4,SEC63,0.6535183277281594,0.6210330484767733,0.6370686613736873
TCN1,MPO,0.7643388802541801,0.530975222415836,0.6370596572881022
LPO,GP2,0.788278516726553,0.5147371100885715,0.6369899572557888
ATP2A3,FREM3,0.744409016871322,0.5450331405753321,0.6369674908015103
PPP1R1B,TUSC8,0.7374805722817164,0.5501068551944275,0.6369404355078123
TCN1,ITGA6,0.6747190381996933,0.6011708890633307,0.6368841684815733
SLC12A2,CRISP2,0.6023554257658971,0.6733139273609671,0.6368471538678834
BPIFB2,ELF5,0.5509369905900416,0.7357896638736845,0.6366896756833944
C2orf88,ID2,0.5837924236990356,0.6942101536366437,0.6366118347533418
DTNB,TTYH1,0.5728210737688152,0.7072759469552805,0.6365081047290595
OXGR1,SOX9,0.5584156948425937,0.7254281073039106,0.6364671559463699
TCN1,PRSS8,0.7685046782499585,0.5270942028156692,0.6364545237032055
TNFSF13,ELF5,0.5789910724780146,0.6992861344327721,0.6363021522391983
CHPT1,SLC31A2,0.580953172798435,0.6968439340666286,0.6362654276647061
SLAIN1,ELF5,0.6036984812755317,0.6704528925353977,0.6362007489703285
FOLH1,AACS,0.6320674132514599,0.6402138359400525,0.6361275840666112
FOLH1,CRISP3,0.7793577768886363,0.5192195092560303,0.6361271590263919
EGF,FREM3,0.6851318793171514,0.590520352575223,0.6360694293352648
LINC01554,CRISP2,0.5602555805333701,0.7219914103227275,0.6360029219512017
CHRM3,KIAA1324,0.6758312356384035,0.5984668540408433,0.6359737364506897
FAM171B,SOX9,0.5513072959257335,0.733544756618936,0.6359312668929606
KCNMA1,SLC31A2,0.6131524846809859,0.659291671915502,0.6358036857116129
PKDCC,ATP2A3,0.7228884518117342,0.5590591157775925,0.6357180024788515
GALNT6,CDC42EP1,0.5929095364281108,0.68161032763312,0.6357147657413393
GALNT6,CEACAM1,0.6506974268114629,0.6210619219485948,0.6357070036601234
ANO1,MAPT,0.6468211800924824,0.624688144233472,0.6356583379795133
EGF,PRSS8,0.6790174865310407,0.595065279031907,0.6356569279809179
PYCR1,CRISP3,0.7396193524982175,0.5462533646865085,0.6356253298047586
CA2,ROPN1,0.7134552508167163,0.5662445560753366,0.6356021961717324
SAP30BP,ELF5,0.6015477563610175,0.6713946860091214,0.6355123657345283
ST3GAL6,PART1,0.6464632567464159,0.6246678286816033,0.6354721071095265
NRG3,ITGA6,0.611723742831638,0.660088583384819,0.6354461887749389
MPO,PRSS8,0.5688423286237241,0.7098254295290521,0.6354358742230731
FAHD2A,PTH2R,0.6539857674706946,0.6173173088525459,0.6353870741547045
MCFD2,ST3GAL1,0.7020172681616893,0.5750751001011924,0.6353838609540292
ADGRG2,CRISP2,0.5802917006556182,0.6956989429479493,0.6353804551192784
RNF128,PRSS8,0.594195610324315,0.6793234079629451,0.635335334293738
AZGP1,CES3,0.6262060616442803,0.6444333006556886,0.6352543106473368
TUSC8,TNFRSF11A,0.5943176103683061,0.6786800763781311,0.6350996151767299
TMPRSS5,BARX2,0.6291840877595348,0.6410255750463609,0.6350772328355629
DMBT1,CES3,0.6376480299402174,0.632505326977205,0.63507147288609
KCNMA1,GATM,0.757390614040628,0.5324183937104131,0.63501865652818
MPO,BPIFB2,0.709532665384799,0.5679130548625257,0.6347856831430837
LTF,ADGRG2,0.6904693606158753,0.5833715223330012,0.6346653937523119
KCNMA1,PADI2,0.7498681809998009,0.537035922160779,0.6345913252497658
SMAD9,OXR1,0.5607485907122779,0.7177844086202809,0.634426193949358
PPP1R1B,DLX6-AS1,0.7478524073008126,0.5381765764027872,0.6344104729713517
SLITRK5,C2orf88,0.7108475267244071,0.5661594939503655,0.6343918946567328
FAHD2A,TRIL,0.560478088537327,0.7180427645967652,0.6343872919512596
ID2,SOX9,0.5653518772254472,0.7117095605527757,0.634323526363172
PPP1R1B,IRX2,0.5514009642731021,0.7294993832786089,0.6342291883668382
CCL28,TMPRSS5,0.7798780651332551,0.5157761487161521,0.634225909989993
PPP1R1B,CES3,0.6204762380795797,0.6482669708505324,0.6342194031599656
SLC39A8,TMPRSS5,0.6846351845884617,0.5874667479857048,0.6341927194842087
PKDCC,C6orf58,0.5850229483511595,0.687435875027121,0.6341654061920482
PHLDA1,GPAT2,0.705458695444868,0.5699392403814985,0.6340887895258605
LPO,AACS,0.6022542262540294,0.667582930918727,0.6340777882254315
ST3GAL6,CEP85L,0.6662058421972554,0.6034871076640201,0.6340714761101419
FAHD2A,AIF1L,0.7383166093102456,0.5445006137102155,0.6340456189280659
MGLL,SOX8,0.5581456061969606,0.7202059278736335,0.6340187490915972
CCL28,IRX2,0.6128238900326723,0.6559457071122103,0.6340182961734911
SLC5A1,PIP,0.7254038613112342,0.5541010613858672,0.6339929411956897
TNFSF13,FOLR1,0.5705400630224314,0.7044106773107407,0.6339515062104858
DEPTOR,KIAA1324,0.6849918387930573,0.5866700640382122,0.6339276030670818
LPO,LIMCH1,0.5750088879669166,0.6987962774092836,0.6338880582473007
PHLDA1,BHLHA15,0.630749825362105,0.6369518101293532,0.6338432321979672
KANK4,DYNC1I1,0.5817401737198683,0.6904721977055016,0.6337786808042203
KCNN4,TTYH1,0.6516412460325559,0.6163519950160785,0.6337510410460317
AACS,IRX2,0.6151501626645525,0.6528488157665719,0.6337192242737845
MANSC1,GPAT2,0.6817649489168868,0.588909493815146,0.6336385807126589
KCNN4,ITGA6,0.6082570138786338,0.6598016778821906,0.6335053262133898
PPP1R1B,BHLHA15,0.6076122921537436,0.6603915962494004,0.6334524856026439
SEC63,OGFRL1,0.7450308807540624,0.5383809151252,0.633332777753454
SLC22A3,C2orf88,0.6060850213840749,0.661664069251436,0.6332650958021693
ADGRG6,C3orf70,0.6379605956584289,0.6284161635665895,0.6331703957311382
BPIFB2,CBS,0.6033029247111672,0.6644491393236578,0.6331383016970151
CEACAM1,TNFSF13,0.5610672301720384,0.7143050343870883,0.6330664634471694
CCL28,SLC39A8,0.6888740145834477,0.5816447486167193,0.63299285386249
F5,ROPN1,0.6510679823827749,0.6152974285305985,0.632930055660755
KCNN4,MUC7,0.7677463990908733,0.5217871812222421,0.632929877217969
CCL28,SLC25A48,0.7239220699318667,0.5533193480668385,0.632898165415177
P4HB,SERP1,0.6437276226465836,0.6222136429658814,0.6328792216250246
ATP6V0E2,LIMCH1,0.5849926832596595,0.6845384495977999,0.6328111759637499
CHRM1,RASAL1,0.7261753607897822,0.5514217126328765,0.6327944856890733
F5,ABCA3,0.6603374883723363,0.6063644440800344,0.6327757691647949
KCNMA1,SLC43A1,0.6641101899127487,0.6026192058191641,0.6326180168329344
STATH,SLC31A2,0.7613682517154373,0.5254957061252631,0.632531222199
C6orf58,MCFD2,0.6218100355673056,0.6432459967825054,0.6324372033157574
CEACAM1,CD46,0.6642010505567447,0.6021396242488902,0.6324094962980524
KCNMA1,C2orf88,0.6942598642061594,0.5760563727321502,0.6324024186450549
MPO,RAPGEF3,0.5895546210638863,0.6780914624819689,0.6322752210945908
MCFD2,CRISP3,0.6202037463325445,0.6445809316966199,0.632274867959154
EGF,PYCR1,0.7135083440232375,0.5602730226317347,0.6322653529799517
TNFRSF11A,MGLL,0.6372362598496109,0.6271061734095232,0.6321509253905163
LPO,C6orf58,0.861860241738809,0.46358661243059096,0.6320971996902887
C2orf88,NPY5R,0.6003563177550887,0.6653478166960868,0.6320172191151523
ODAM,SLC13A2,0.8271234656082909,0.48292162054062,0.632009338854047
F5,LYZ,0.731781743940534,0.5457987170431507,0.6319853930260911
TMEM63A,PRSS8,0.5790106224092951,0.6897407422583017,0.6319550747292315
SLC12A2,CBS,0.6293974381716205,0.6345079235949338,0.6319475149173748
ST3GAL6,ALDH9A1,0.7247678471521247,0.5508880200030144,0.6318749277186755
ST3GAL6,KIRREL3,0.592852916112115,0.6731112923065883,0.6317087877431777
RNF128,PLA2R1,0.583079752723005,0.6843741902910377,0.6316998762425913
PLCB1,PIP,0.6104789081953561,0.6536218173718423,0.6316821458944576
SLC5A1,CEACAM1,0.7389919041576031,0.539889592355667,0.6316439170052907
SLCO1A2,AACS,0.5942340416836687,0.6713931904922624,0.6316365166336652
ST3GAL6,ELF5,0.6383623996267319,0.6249570739097438,0.6316241741452941
OXR1,CBS,0.6696887190910786,0.5955898656653226,0.6315534927787491
PADI2,SAP30BP,0.7351463450614925,0.5425412167215244,0.6315435000995924
PPP1R1B,ITGA6,0.5600364218880508,0.712150130249629,0.63152989698993
ATP6V0E2,CES3,0.5525681502986808,0.721599526046606,0.6314530191265046
SLC5A1,CRISP2,0.625853860375014,0.6370955140553537,0.6314496709153843
DUSP6,ITGA6,0.643766449267564,0.6193166610579899,0.6314232240435456
KIAA1324,CADPS2,0.6404335153182645,0.6224532686081878,0.6313793906488283
C2orf88,C3orf70,0.6140696536146073,0.648912814658362,0.6312508751069896
BPIFB2,RASAL1,0.6587047649293908,0.6049377275236988,0.6312490503798147
SLC12A2,CD46,0.70707056480685,0.5633967806284766,0.6311586804357031
SLC25A48,ALDH18A1,0.5803252603921035,0.6864254207967433,0.6311497532785934
GATM,GLYATL1,0.7183038478147836,0.5543721313833729,0.6310369522412769
EGF,ITPR2,0.5504649015925803,0.7233327692213968,0.631006578117966
ATP6V0E2,TNFRSF11A,0.616683389871271,0.6455974814637472,0.630974835759255
MGAM2,OGFRL1,0.6232229469235177,0.6386644074363846,0.6308964369036061
DYNC1I1,ST3GAL6,0.6092465337885034,0.6532153373870728,0.6308479849540314
CHRM3,ACVR1C,0.5524142956783515,0.7204024161343215,0.630841179151951
ZG16B,SLITRK5,0.6863023989278401,0.5798277244859454,0.6308226044456358
PPP1R1B,CLDN10-AS1,0.724099644549992,0.5494815028423359,0.6307767916584525
NDRG2,TUSC8,0.7831664944028395,0.5079840743103805,0.6307425042678924
SLC12A2,LIMCH1,0.5717590493146459,0.6956582712512145,0.6306733796653102
C6orf58,ELF5,0.6089410195406809,0.6530483512866508,0.6306091728177239
LIMCH1,ALDH9A1,0.6441869514887586,0.6173008665779163,0.6306006370058603
PPP1R1B,KIRREL3,0.7221450170721354,0.5505364584225947,0.6305292698728725
NOSTRIN,GPAT2,0.5813000295763832,0.6838767484157908,0.6305058081260632
F5,MUC7,0.6531173849213214,0.6086266505619536,0.6304796954767425
ST3GAL6,TNFSF13,0.6822974132308088,0.5825950317136962,0.6304784556980325
SLC22A3,ADGRG6,0.619730912960919,0.6413939900149277,0.6304694148010652
GALNT6,HID1,0.7745292569018144,0.5131530546822973,0.630437985943087
GRIA2,FBP1,0.6104916518956484,0.650967382051035,0.630404752836241
KIAA1324,ID4,0.6646146924083046,0.5979348886020637,0.6303937754042741
PLCB1,ALDH9A1,0.5981526567093495,0.664186259209437,0.6303053034014305
ATP2A3,RASAL1,0.6995935128581666,0.5678347758705155,0.630280513401996
TMPRSS5,ELF5,0.6862473227908155,0.5788243892967444,0.6302512891862416
CCL28,CADPS2,0.704822651214242,0.5635586964745024,0.6302451384691524
CADM1,SSR3,0.6896718535523059,0.575806919563222,0.6301728536706503
LIMCH1,MGLL,0.5536179252990324,0.717258319248264,0.6301484448966728
ADGRG2,CADPS2,0.6061238865643572,0.6550693983302797,0.630121583256219
PADI2,ROPN1,0.7344116374424521,0.5406262464302521,0.6301128524996201
DMBT1,SNPH,0.6767258003624672,0.5865862086154848,0.630046047132191
KCNMA1,SAP30BP,0.6793903929028848,0.5841962098839532,0.6299978512387444
LPO,FDCSP,0.6693927106090396,0.592858761036619,0.6299645490490868
DTNB,ATP6V0E2,0.6989723017388402,0.567747571744646,0.6299522418636134
SLITRK5,ID4,0.7348696317205234,0.5399350210225907,0.6299062232204762
PYCR1,OXR1,0.657675880968843,0.6033043339129766,0.6299037301830637
AGFG2,OXR1,0.7185399654186516,0.5520281711962054,0.6298049722266751
NDRG2,AACS,0.7712820824034552,0.5141862763390982,0.6297480940488015
SLC22A3,NPY5R,0.6016318791762922,0.6591334827115445,0.6297266993162673
PADI2,FAHD2A,0.752938294640024,0.5266572350359361,0.6297145388251633
KCNN4,KCNMA1,0.7613855000937735,0.5208066172846574,0.6297099385855565
KCNN4,PIGR,0.7837416327815914,0.5059485043911794,0.6297085889004113
SLITRK5,ANO5,0.6642486331164956,0.596953983110002,0.6297029992895591
NOSTRIN,NPY1R,0.7611422281264933,0.520764166857604,0.6295836706033866
FAHD2A,TMPRSS5,0.7767926526537213,0.5102456137463055,0.6295673465221324
EGF,TNFSF13,0.6535193773154091,0.6064833802515368,0.6295622614278343
NDRG2,ATP6V0E2,0.8247778657171478,0.48054122047562847,0.6295552098211897
FAHD2A,EGF,0.6880514448467516,0.575953614295438,0.6295122846145934
ATP2A3,ADGRG2,0.6589621689345695,0.6010812541068437,0.629356661132745
RNF128,ATP6V0E2,0.6001739176026045,0.659901101777965,0.6293293489774303
ROPN1,TMEM63A,0.5597556699585602,0.7075007606592236,0.6293072081892871
TCN1,KIRREL3,0.6601713991145258,0.5998657738412819,0.6292966130512041
FOLH1,OGFRL1,0.6919887314530493,0.57223985987822,0.6292722262455258
CEACAM1,SOX9,0.6632393243152549,0.5970077150371695,0.6292527262811394
HP,GPAT2,0.5831248196131756,0.6789321962865486,0.6292076084164676
DEPTOR,C6orf58,0.6822700420031473,0.5801955078534388,0.6291661255290236
ADGRG6,NDRG2,0.598805034426215,0.6609827847130086,0.6291262346740983
ST3GAL6,CRISP2,0.5894857357873798,0.671411542115226,0.62911646530665
SLC37A2,MCFD2,0.6810845133761414,0.5810499881545214,0.6290819886385517
GALNT6,SOX9,0.5899315306776031,0.6707989334341389,0.6290671200895062
GPAT2,BPIFB2,0.6179295829353455,0.6403019541665708,0.6290163109894972
ITGA6,IRX2,0.5582663367721299,0.7087005541274248,0.6290021162294258
MANSC1,HID1,0.7203485104147506,0.5492100043125787,0.6289853802048541
CHRM1,CES3,0.7057781932483567,0.5605340647916269,0.6289775190758345
SLC22A3,PRSS8,0.5597265439471117,0.706698072485345,0.6289337562305808
SLC31A2,BHLHA15,0.6087207425761476,0.6497771281662797,0.6289139972733748
FOLH1,LIMCH1,0.6260137263539498,0.6317048998882163,0.6288528749517419
TBC1D24,CEACAM1,0.5622008711887262,0.7032578600201502,0.6287862765468468
PLCB1,GALNT13,0.6854347824559428,0.5765720549964783,0.628651366885245
P4HB,BHLHA15,0.5636166049332756,0.7011499069416198,0.6286332238274699
GALNT6,ST3GAL6,0.7117807747142572,0.5551926706281697,0.6286298348117086
AZGP1,SERP1,0.6137903827655699,0.6437885588838621,0.6286105519138382
SLC22A3,SAP30BP,0.6783394710690601,0.5825015083238941,0.6285966632534411
BPIFB2,SERP1,0.577805595273946,0.6835618183451243,0.6284630803439814
FOLH1,SNPH,0.5796400797497983,0.6812555930896833,0.6283972042494302
DYNC1I1,KIAA1324,0.5922615846444804,0.6666320949705096,0.6283475001478909
ATP6V0E2,SSR3,0.6493956832561221,0.6078227917303745,0.6282654670872736
PIGR,SEC63,0.661023025531378,0.5970056973966119,0.6281994208470577
CHRM1,SLC31A2,0.7220098634258552,0.5464781581961176,0.6281421975670729
SLC22A3,IRX2,0.5563832177173679,0.7090808734672421,0.6281088265591767
SLC12A2,AGFG2,0.7000888043985923,0.5634428750209325,0.6280605454256063
EGF,EPHA7,0.6457866037144173,0.6105622700764216,0.6279274916332435
CHRM3,SLC25A48,0.6867760424765781,0.5740233907859706,0.6278738030949971
CA2,SLC5A1,0.7206496748282221,0.5470004489671835,0.6278500582775256
CCL28,DLX6-AS1,0.7805778780939425,0.5048942008918498,0.6277812071049091
SLC37A2,SRPRA,0.6700982152274267,0.5880087334914885,0.627712994011424
FAHD2A,ALDH18A1,0.6227102367808738,0.6327121818440538,0.6276912876329048
NRG3,PIGR,0.6588374451415636,0.5979748632963643,0.6276688865899379
SMAD9,ST3GAL6,0.6254196502381626,0.629755054996167,0.6275836089569402
TNFSF13,ANO5,0.6820459056184472,0.5774346235480724,0.6275642761927197
CRISP3,PART1,0.7354598582780385,0.5354803205429564,0.6275542053537697
FOLH1,EPHA7,0.653317776678654,0.60279693066183,0.6275491618420851
PPP1R1B,SMAD9,0.6610824420880171,0.5956669525172399,0.6275228789783077
TUSC8,KIAA1324,0.7041102246138314,0.5592559837604714,0.627517215972769
SLC5A1,OGFRL1,0.6638867354235803,0.5928725631239398,0.6273756693198764
CA2,MGAM2,0.6768283484069249,0.5815144565853471,0.6273639049430648
BPIFB2,LINC01554,0.6474101134609168,0.6078847986501358,0.6273362467331622
F5,TNFSF13,0.6514672824480648,0.6040952730467113,0.6273342855858133
SLC22A3,LIMCH1,0.5761286328224197,0.6830128877362461,0.6272983988594075
CHPT1,SLAIN1,0.6540180091066717,0.6016627839241772,0.6272944253663251
TCN1,XBP1,0.6158622337438332,0.6388210095499719,0.6272365852722052
PKDCC,SLC12A2,0.5929572785860581,0.6634436181212056,0.6272110667840914
KANK4,C3orf70,0.5582561128939286,0.7046358493641297,0.6271899794095334
ANO1,CEP85L,0.6421221968798784,0.6125349881127413,0.6271541375393641
AZGP1,GALNT6,0.7689816734141346,0.5113793552651656,0.6270895887839698
SLC5A1,ADGRG2,0.577928303668176,0.6803509938577942,0.6270519083610165
ATP2A3,TUSC8,0.7292819584658281,0.5388674316158429,0.6268861905340176
MPO,TNFSF13,0.6191753825463638,0.6346597926837961,0.6268697790783867
PADI2,CSN3,0.589016168363671,0.667115818117841,0.6268508618822872
ATP2A3,EGF,0.7788800445929516,0.5044898209925157,0.626846914542411
SMAD9,AIF1L,0.7762566925950981,0.5061311477518275,0.6268075388611679
SLC13A2,RASAL1,0.6358788377942843,0.6177806409422164,0.6267644182419297
CHRM1,ARHGEF37,0.6889289969515872,0.570055670563783,0.6266800470160762
TCN1,SLAIN1,0.6857948816079198,0.5726034995328272,0.626648664859661
MCFD2,ALDH9A1,0.5959773369956485,0.6588164037498495,0.6266096439378229
SLC13A2,LPO,0.7945096713995007,0.49416384855975354,0.6265923371193766
CHRM3,GALNT13,0.7451691989497842,0.5268828788699538,0.6265914879631542
SLC37A2,SSR3,0.5937198307115357,0.6611093672613844,0.6265091712115949
SLC22A3,AGFG2,0.6663520725198552,0.5890008051582795,0.6264837645406965
KCNN4,IRX2,0.6173598180984958,0.6356331826423418,0.6264298731809045
SLITRK5,TMEM63A,0.6828403553680157,0.5746479151059891,0.6264126328247722
TTYH1,PTH2R,0.6593283583267283,0.5950061754626368,0.6263421148717733
TCN1,SERP1,0.597039007851776,0.6570367506478181,0.6263198621542575
SLC25A48,P4HB,0.5885444441365394,0.6664131450554235,0.6262697134796854
ADGRG2,AGFG2,0.6653546637366662,0.5894285647909006,0.6262420015642798
RTN1,C6orf58,0.6232823263763476,0.6291381578140671,0.6262033971598058
SAP30BP,LIMCH1,0.5746878729802484,0.6821980930851829,0.6261397376515128
KIAA1324,ARHGEF37,0.6470711781019566,0.6056814860745613,0.6260343702615777
CHRM3,ATP2A3,0.7125864177108168,0.5499095676680981,0.6259856938377378
SLC37A2,GP2,0.5683610300142181,0.689441470106356,0.6259805620657604
CA2,FBP1,0.6791603058144338,0.5768655005937537,0.6259266329187873
SLC13A2,ALDH18A1,0.6930819341443613,0.5652736690629289,0.6259240911444568
SLC13A2,BPIFB2,0.7558306452451332,0.518332816313311,0.6259167892026998
ZG16B,CES3,0.6139820002235322,0.6380802463941323,0.6259151587748883
ADGRG2,ATP6V0E2,0.6743163231190774,0.58086154861896,0.6258469650849082
GALNT6,CBS,0.6209113410396483,0.6307246685092477,0.6257987693746805
NDRG2,ACSL1,0.7185131376143922,0.5450195457118334,0.6257824732689308
PYCR1,RASAL1,0.636010764673761,0.6156050074539516,0.6257247090596504
F5,LRP6,0.614197869055503,0.637388857185397,0.6256859258789453
ELF5,PRSS8,0.6635726927046675,0.5899161170197679,0.6256614309997773
SMAD9,C2orf88,0.7341921838614462,0.5331476934645565,0.6256459616951392
F5,SAP30BP,0.605711305838874,0.6459041634630112,0.625484975277541
SLC22A3,F5,0.713164229243763,0.5482891547139342,0.6253160900091067
GRIA2,FOLH1,0.7039609291146212,0.5554539524742566,0.6253142253812608
DMBT1,FOLR1,0.6880782979380851,0.5682276441713568,0.6252880218289769
DLX6-AS1,LRP6,0.6738070524697455,0.5802448623199603,0.6252784023061454
OXR1,SERP1,0.7755508017635677,0.5040740489670312,0.6252479770655711
SLC12A2,CRISP3,0.7501615310101081,0.5211083768732607,0.6252323230747413
LIMCH1,OXR1,0.6119425178884691,0.638604447602317,0.6251313570766842
SLC13A2,CADM1,0.7642616553638065,0.5112840906442717,0.6251038517534263
PPP1R1B,NPY5R,0.6121026146147762,0.6383690512461208,0.6250978846204045
CCL28,OXGR1,0.6837955712445927,0.5714385831109262,0.625097730254667
ADGRG6,CHRM1,0.6933526908769646,0.5635295604398575,0.6250797846032843
CCL28,DLK1,0.661789279161615,0.590321519633322,0.6250347613946966
TUSC8,SLC25A48,0.6719003781049653,0.5813979542197577,0.6250132040762887
CCDC129,CRISP2,0.6229888324916539,0.6270155251232109,0.6249989359596146
DLX6-AS1,TRIL,0.6055593154105718,0.6450122552960548,0.6249745432803707
SEC63,PRSS8,0.6061038505755858,0.6444086650441496,0.6249628574783721
ADGRG6,C2orf88,0.5927619548770481,0.6588108383192226,0.624914394470386
ATP6V0E2,OXGR1,0.577195783080271,0.6765335221048032,0.6248938278390463
TCN1,C2orf88,0.6101178138179387,0.639968306989722,0.6248648368834149
MPO,KIRREL3,0.5696461034396504,0.685373253420913,0.6248361410905896
AACS,ITGA6,0.6317024350411908,0.6180287917181122,0.6248282105138151
DYNC1I1,ELF5,0.5711432817590568,0.6832964870736876,0.6247080902643257
MUC7,ID4,0.6042366762609142,0.6458133330990173,0.6246791991708487
TMPRSS5,CRISP3,0.615205854042814,0.6341558040584341,0.6246089681008241
SEC63,ITGA6,0.5546576049383146,0.7033758679186795,0.6246060952882089
GPAT2,TBC1D24,0.6350752326470889,0.6142523738831609,0.6245770322769442
CADM1,EPHA7,0.656409856758047,0.5942453041430021,0.6245546212875621
PPP1R1B,PKDCC,0.5946975460119884,0.6559064576043334,0.6245526084732281
LTF,SNPH,0.6526966469399818,0.5975960112465838,0.6245389601660996
MANSC1,CBS,0.610104556369101,0.6393083921075269,0.6245357979730273
CHRM1,ZG16B,0.8241955865647883,0.4732163343446579,0.6245180655971725
ATP6V0E2,CBS,0.6280130114090232,0.620853729774974,0.6244231101428785
KIAA1324,EPHA7,0.6625179428195237,0.588509925747706,0.6244184376964222
TUSC8,PLA2R1,0.6364999567693006,0.6121801186535526,0.6242216105342809
ODAM,ATP2A3,0.6184873245347444,0.6299803859757127,0.6242074041786786
CHRM1,CRISP3,0.7949803053346901,0.4901060070995173,0.6241991854931725
AZGP1,CBS,0.6268698963557486,0.6215303415723843,0.6241944094618548
RTN1,MGAM2,0.7647461227607927,0.5092779945204216,0.624074011409612
TNFSF13,SLC31A2,0.6128026367010936,0.6355492876374436,0.6240723349241875
FDCSP,C2orf88,0.608066820750065,0.640471308588452,0.6240587731896843
MCFD2,OXR1,0.7240410744857264,0.5378769288951796,0.6240552776303943
MPO,ACSL1,0.666491531876042,0.584318033868461,0.6240537008109058
PLCB1,ADGRG2,0.5904384027339212,0.6595815042905815,0.6240530825708402
RTN1,TNFSF13,0.5953295578905654,0.6541166627707523,0.6240312361221705
SSR3,LDLRAD3,0.5833984651765928,0.6673569531551404,0.6239671643569366
PIGR,LINC01554,0.6632226660565181,0.5869624983757279,0.6239285480308983
FAHD2A,SEC63,0.6429070359431471,0.6054131280760106,0.6238784815109565
OGFRL1,CEP85L,0.7145178643093733,0.5447087594579066,0.6238622760501484
GALNT13,DYNC1I1,0.6808623375256421,0.571577090642535,0.6238311582559677
NRG3,ACSL1,0.7253992304736117,0.5364282795805638,0.6237985742305159
CCDC129,IRX2,0.5627039471683816,0.6914634316535144,0.6237701518300046
ANO1,TECPR1,0.7031016732369215,0.5533605606234908,0.623753746343617
EGF,MYBPC1,0.7202896836383161,0.5398306705013658,0.6235659250421633
LIMCH1,CD46,0.5989827681926349,0.6489046007028385,0.62344420281363
KCNN4,ID2,0.5559417769363106,0.6991012064819596,0.6234256707819299
GALNT6,RASAL1,0.5505945333278447,0.7058468762847888,0.6234063132892866
ZG16B,SLC31A2,0.6327402820941934,0.6140514887328984,0.6233258475317813
CRISP3,SLAIN1,0.6121580349018154,0.6346136321593097,0.6232847134211993
MANSC1,AACS,0.6760250389926126,0.574656059538894,0.6232831499865225
NRG3,SRPRA,0.7420634950160394,0.5234328089926787,0.6232338081708744
ANO1,CADPS2,0.5732552216183241,0.6775264162232544,0.6232138925636451
PADI2,DTNB,0.7174066280021328,0.5413317479514231,0.6231813411265865
SLC37A2,ATP6V0E2,0.5696684057785464,0.6817185768460302,0.6231801784889323
SLC22A3,ID4,0.6374141782921783,0.6090864236562846,0.6230893372894389
DMBT1,KANK4,0.7588527254283662,0.5115503398316127,0.6230500538279619
GRIA2,MGLL,0.7141774305796688,0.5435143198071396,0.6230294217796776
GALNT6,FOLR1,0.6532658000851275,0.594180635127306,0.6230231841605325
SLC5A1,SLITRK5,0.6678483652933649,0.5810902294157755,0.6229608011771464
CADM1,GALNT6,0.776700593864163,0.4996250455067851,0.622943873518738
SMAD9,KIRREL3,0.5511108129437554,0.7036847550579739,0.6227425450506231
LIMCH1,C3orf70,0.6674287161572652,0.5810070280683128,0.6227204628258028
SLC22A3,SLCO1A2,0.6958397152661717,0.5572584629444709,0.6227058456325467
KANK4,ABCA3,0.6496860511709334,0.5968201608442355,0.6226923265611137
OGFRL1,GLYATL2,0.5861470337928638,0.6613827501602431,0.6226295344811337
GPAT2,SAP30BP,0.716697558096748,0.5408970663267502,0.6226231658218931
SLCO1A2,MAPT,0.5831344114863466,0.6646700350799093,0.6225688473887303
ADGRG6,OXGR1,0.6572129312751724,0.5897251396872499,0.6225552085562517
ATP2A3,SLC5A1,0.7385935666746926,0.5247153696670618,0.622536261089605
OGFRL1,OXR1,0.6971181903430925,0.5559023075048037,0.622518763263645
ODAM,TTYH1,0.7150504985201923,0.541955168451431,0.622515311760916
CHRM3,TNFRSF11A,0.6466230882707164,0.5986892720758009,0.6221947492740529
ZG16B,SLC12A2,0.6579631052658325,0.5882292930190269,0.6221199018220879
ODAM,PTH2R,0.6923727320252685,0.5589886153899277,0.622116126465587
SLC25A48,FOLR1,0.6704355204803939,0.5772276563490782,0.6220883572452327
CCDC129,BPIFB2,0.6955504389785365,0.5563116242003528,0.6220472606011686
EGF,TUSC8,0.7608866401402952,0.5084263201877625,0.6219765224882371
BPIFB2,PIGR,0.6638095654038589,0.5827185330965805,0.6219438368595795
SAP30BP,LRP6,0.6313238266564157,0.6126015140460258,0.6218922190082868
IRX2,SOX9,0.5647372594358802,0.68480929493605,0.621882082438787
TCN1,CRISP2,0.5936930488442564,0.6513760656065207,0.6218660967878147
C2orf88,ST3GAL6,0.6461939941235053,0.5983800162368412,0.6218276068942038
GLYATL2,SOX9,0.6692484686232338,0.5776506099495448,0.6217650570014447
SAP30BP,PART1,0.6882453348040958,0.5616718352080377,0.6217459451196983
MGAM2,LRP6,0.6536794448224492,0.5913622561591984,0.6217405819914732
SLC13A2,SLC43A1,0.6217333115429732,0.6217343102683932,0.6217338109054826
GALNT6,SLC43A1,0.6664870977579758,0.5799239309514402,0.621700746066966
SLC22A3,SRPRA,0.6431411653538334,0.6007947245689568,0.621607447910427
FAHD2A,DLX6-AS1,0.6720673876175038,0.5749149668011659,0.6215960101547174
CHRM1,GLYATL2,0.5695225708759247,0.6784187621961152,0.6215905385190432
SLITRK5,SOX9,0.6511728057254658,0.5933183198482461,0.6215728075003778
PLCB1,ANO1,0.6377453587692352,0.6057181946608734,0.6215255162638555
KCNN4,SNPH,0.6845261343735495,0.5641755649240826,0.6214442199952428
EGF,SOX8,0.5763124876827036,0.6701084491973925,0.6214433742298231
TCN1,DYNC1I1,0.6538063707409012,0.5905405837630472,0.6213688082333478
TCN1,GALNT6,0.7263410063774112,0.5314565637593577,0.6213040281270134
KANK4,CLDN10-AS1,0.5999126492492876,0.6432682797932465,0.6212123452643215
MANSC1,MGLL,0.5903344646910809,0.6536437867321349,0.6211831090259665
SLITRK5,ELF5,0.6412774898410767,0.6014436450394851,0.6210412796036899
C2orf88,SEC63,0.6779554805847946,0.5688973009845669,0.6210370706265325
RNF128,SLC39A8,0.604046747361478,0.6385039633883082,0.6210364258738128
F5,SMAD9,0.6460819362619902,0.5968479965406762,0.6209772212079037
CHRM1,TECPR1,0.5949610089545184,0.6478691110191901,0.6208517213976653
GALNT13,ELF5,0.6020458847399812,0.6401532111730805,0.6208072215992959
KCNN4,AGFG2,0.6956764620142111,0.5539709511803428,0.6207934852878114
SLC37A2,ALDH18A1,0.5703711264306474,0.6756039461952146,0.6207616159302659
DYNC1I1,PLA2R1,0.5533038981900592,0.6964278996728487,0.6207545986114824
SLC22A3,SEC63,0.5908199810688161,0.6521348129934134,0.6207207728657744
SLCO1A2,ST3GAL6,0.6326653317122067,0.6089687984513267,0.6207039929584733
LPO,GPD1,0.7191864089253307,0.5355785656800134,0.6206293784125823
CA2,MGLL,0.5537077420688111,0.6954849556181371,0.6205605566084151
ANO1,C6orf58,0.6775731190387614,0.5682720380550309,0.6205206340545502
TNFSF13,TMEM63A,0.5558890070565126,0.6926168332861707,0.620498254410176
ARHGEF37,CHDH,0.8283813706718495,0.46477846208782864,0.6204948182564216
CCDC129,SRPRA,0.7126856022495993,0.540158516693754,0.62045402551691
NDRG2,GALNT13,0.8012793165250384,0.48037908573959,0.6204174606620461
EGF,BHLHA15,0.6104473590928139,0.6305377517975311,0.620411238931987
GATM,NRG3,0.7108875485640784,0.5412686941390144,0.6203073230995777
KIRREL3,FOLR1,0.6675255993709036,0.5762395343659114,0.6202053212919213
PLCB1,ITPR2,0.6564326291447362,0.58593825275042,0.6201846400624826
SLITRK5,SNPH,0.671164155143506,0.5729939167265491,0.6201394827150927
TUSC8,FOLR1,0.6141694387298607,0.6261400026514101,0.6201258372255829
AZGP1,GPAT2,0.7130095921171105,0.5392956699069603,0.6200991740285465
ADGRG2,CD46,0.5711759642552143,0.6729942929161269,0.6199985195100267
CA2,ZG16B,0.7707063705906815,0.49875929382145895,0.6199975525270305
LPO,ZG16B,0.9095585493015543,0.42250371803042097,0.619912791323314
KCNMA1,OXR1,0.6647039509488175,0.5781321561508933,0.6199086451760917
ATP2A3,ARHGEF37,0.716695531464641,0.5361535399805536,0.6198861559052691
GRIA2,ANO1,0.6761091266047049,0.5682714990688459,0.6198496163665698
MANSC1,NRG3,0.7410062732826775,0.5184271337816877,0.6198046130613973
TCN1,OGFRL1,0.7332861688087766,0.5238512852359541,0.6197845609372876
OGFRL1,CD46,0.6123733599267339,0.6272506888010232,0.6197673852482404
GALNT6,SAP30BP,0.6328703619760839,0.6068855069276207,0.6197417610967672
SLC13A2,FDCSP,0.7418458454206668,0.5176984822313141,0.619719669063267
KCNMA1,BPIFB2,0.6667093096619173,0.5760210023677657,0.6197084514829362
ADGRG6,CCDC129,0.6237608351828335,0.6156518739286345,0.6196930910245826
CCDC129,SLC31A2,0.5936502019412614,0.6468618205214418,0.6196851219616669
SLCO1A2,ATP6V0E2,0.692689257775233,0.5543627603116346,0.6196782463331237
CCL28,RASAL1,0.6466712706775881,0.593710987508104,0.6196255633099004
NRG3,PYCR1,0.7019047215343361,0.546796623685747,0.6195152394284256
PLCB1,RNF128,0.5846431592861192,0.6564165029342567,0.6194912574710235
KIAA1324,OGFRL1,0.581454807591555,0.6600068846577067,0.619487026601646
SEC63,FAM171B,0.5536912736779793,0.6929674537365966,0.6194271806086672
LYZ,ST3GAL6,0.6638348711535594,0.5779789274370252,0.6194211546473288
CRISP3,FOLR1,0.6030162248899597,0.6362504799430958,0.6194104959553968
KANK4,ID4,0.6709607031742044,0.5716530998274867,0.6193195991020825
ROPN1,P4HB,0.5903569222999923,0.6496850936296842,0.6193109819302437
CAMKK1,LDLRAD3,0.5773609025790591,0.6640904136529512,0.6192090443628618
FAHD2A,PYCR1,0.6700560167058046,0.5721417161535413,0.6191663745045147
MGLL,OXR1,0.5943493174810474,0.6449130295827326,0.6191151903863542
FOLH1,DYNC1I1,0.6739186981749541,0.5687270498632858,0.619092717660891
ODAM,GALNT6,0.6519157371538784,0.587860417329045,0.6190601402987039
FBP1,AACS,0.57901525905702,0.6618182983337755,0.6190338387022208
CA2,CHPT1,0.6049795775846034,0.633378181972839,0.6190160458188723
LYZ,SLC13A2,0.8286858155736321,0.4623720035122106,0.6190000976000977
KIRREL3,MAPT,0.5895947958975263,0.649860868835291,0.6189948193020136
KCNMA1,SEC63,0.6995568082614695,0.5476949286430896,0.6189860387622268
ODAM,NRG3,0.6106306230825289,0.6274166646876675,0.6189667429600662
ATP6V0E2,GPD1,0.7413301073762711,0.5167498610493093,0.6189363698946424
DMBT1,CBS,0.6692833751222041,0.5720605785470625,0.6187654117550033
AZGP1,SLC39A8,0.7503432543447678,0.51015206043039,0.6186995694471005
GALNT13,AGFG2,0.7019633893625093,0.5452095761045135,0.6186413839658815
PADI2,CADM1,0.7919138663602313,0.48326314019592925,0.6186297615067875
GALNT6,GNPTAB,0.6338210395953606,0.6037384337536954,0.61859689760412
ATP6V0E2,SLAIN1,0.6518204622161853,0.5870319286447903,0.6185785504403671
PHLDA1,DLX6-AS1,0.6946666736129912,0.5506970948673827,0.6185070080927642
FOLH1,DLK1,0.6870325506790937,0.5568084224350491,0.6185026359726805
CRISP3,ALDH18A1,0.6426721701395641,0.5952295015725567,0.6184961079155843
HP,LINC01554,0.5583461844620968,0.6850844736503078,0.6184774061328945
CHRM3,ALDH18A1,0.6380692392860209,0.599480892237988,0.6184741844869501
CCDC129,GLYATL2,0.6469014237560325,0.5912025858897637,0.6184252538022168
KCNMA1,SLAIN1,0.6700090985468661,0.5707934173995932,0.618414733854544
ROPN1,OXR1,0.6041377553603411,0.6330002335436246,0.6184006308499507
C6orf58,SLAIN1,0.6320933291293614,0.6047771486780225,0.6182844016221452
ANO1,P4HB,0.7548794982835582,0.5063845984224483,0.6182712605286282
SLC13A2,GALNT13,0.7415920175100896,0.5153945631678478,0.6182333652540727
KCNN4,PKDCC,0.6619605468374558,0.5773777262452279,0.6182242921440874
CHRM1,AGFG2,0.7528153920892727,0.5076877271772601,0.6182193262862791
ST3GAL6,OXGR1,0.62117982790057,0.6152716835727247,0.6182186979652096
CA2,MUC7,0.7730109594359321,0.4943719961352446,0.6181868415380275
EGF,DLK1,0.6384211848533129,0.5985670751849104,0.6181730351234455
PHLDA1,CCDC129,0.7723260524493516,0.49478003757947403,0.6181678681834709
GPD1,P4HB,0.678084619519705,0.5635158433542253,0.6181516207486442
CCL28,EPHA7,0.7085702989585781,0.5392494423514212,0.6181392550066636
ATP2A3,LINC01554,0.620709476162549,0.6152934386775883,0.6179955242619637
RTN1,MPO,0.6883967601247584,0.5547893488773805,0.6179928723852024
GALNT13,SOX9,0.567021989753969,0.6732975825532536,0.6178790617555211
OGFRL1,DUSP6,0.619613184964697,0.6160721251733968,0.6178401181913148
SLITRK5,ALDH18A1,0.6159586994288165,0.6196393661891945,0.6177962917603119
SLC12A2,DUSP6,0.659985767639439,0.5781400330872873,0.6177088258558429
ST3GAL6,SLAIN1,0.6800284469976932,0.5608424972977832,0.61756688095114
PKDCC,GALNT13,0.5596180021235825,0.6814999734191982,0.6175594332306213
PKDCC,TUSC8,0.6735435502097534,0.5662281374262683,0.6175591549890139
DMBT1,ALDH18A1,0.637954224009161,0.5977958127068149,0.6175486732325655
MANSC1,ALDH1L2,0.6062921519318741,0.6288414207435862,0.6174638598383925
NRG3,CLDN10-AS1,0.7494960336933483,0.5086498928825702,0.6174391283794969
SLC25A48,SSR3,0.639233772236668,0.5963806347058158,0.6174355373736573
SLITRK5,TNFSF13,0.6245242050731031,0.6104193898783185,0.6174315218912665
MCFD2,SLC12A2,0.7240811030083769,0.526367316559007,0.6173593986986877
SLC12A2,P4HB,0.7622179362217866,0.5000218993669989,0.6173537561246483
CHRM1,C2orf88,0.6275951171606869,0.6072767391918397,0.6173523437082445
SRPRA,BPIFB2,0.7169359081145036,0.5315423396698495,0.617318224251084
ATP6V0E2,SLC31A2,0.6481972054365261,0.5878294368371949,0.61727578782194
BPIFB2,SOX9,0.6297517639564364,0.6050197516868582,0.617261902156033
CRISP3,SERP1,0.5710952736117693,0.6669752984780788,0.6171761827684457
PADI2,BPIFB2,0.7025515916937083,0.5421720599144199,0.6171740788989215
CADM1,POLR2F,0.5951846083228937,0.6397803714377296,0.617079759663887
TNFRSF11A,RASAL1,0.6309391788796209,0.603466360340611,0.6170498925328312
CCL28,TNFRSF11A,0.6642222049612613,0.5732267219543375,0.617049363664874
TCN1,TNFSF13,0.570728664807714,0.6670421336975605,0.6170089677919579
GRIA2,OXGR1,0.6944347839958536,0.5481979205353107,0.6169989501886649
LPO,KIRREL3,0.5911744064193023,0.6439179935819225,0.6169828503601223
C6orf58,ADGRG2,0.5602536684446275,0.6793786890896345,0.6169476499878818
CCL28,MAPT,0.6516035091699437,0.5840875661882148,0.6169226108603676
SLITRK5,OXGR1,0.6568624489160351,0.5793928270799318,0.6169127906601619
MGAM2,PIGR,0.6971133527584168,0.545912827394278,0.6168979829912333
GPAT2,MCFD2,0.5665942772639413,0.6715015036138237,0.6168216185589837
F5,CADM1,0.6660538086294845,0.5710782513672329,0.6167405000067788
HID1,BHLHA15,0.6727605054186696,0.5653495612968793,0.6167210524996789
EGF,MCFD2,0.6885160206423764,0.5522585546082559,0.6166351128378815
OGFRL1,SLC31A2,0.5928531247485409,0.6413498614665307,0.6166249017250898
P4HB,PLA2R1,0.7719115728796955,0.49257680415004496,0.6166244689075474
ODAM,TNFSF13,0.5539748798478313,0.6863373002701376,0.6166146474519029
TNFRSF11A,SEC63,0.6174802270569802,0.6157344337914055,0.616606712568326
ATP6V0E2,CHPT1,0.6444462675988707,0.589938953079043,0.6165905906052853
ZG16B,ELF5,0.562146263854844,0.6762591703434839,0.6165683790190396
ODAM,MUC7,0.7085111695535341,0.5365556026663623,0.6165676261170754
CHRM1,MCFD2,0.7266273216150152,0.5231525735653948,0.6165524741056717
HID1,PIGR,0.8020890142627685,0.47384288636255834,0.6164934497932394
ST3GAL6,LINC01554,0.660965861464759,0.5749969095615058,0.6164846532298228
ANO1,LPO,0.6463173642053934,0.5879253065887265,0.6164303160163958
SLC22A3,CES3,0.6792732258259636,0.5593685487400238,0.6164122634473002
GRIA2,EGF,0.7164642695662535,0.5300961174310641,0.6162750421485154
ANO1,TBC1D24,0.7300132413743449,0.5200017170722826,0.6161234770727066
PPP1R1B,DEPTOR,0.7574892322227877,0.5011372082764248,0.6161217729763981
MPO,LIMCH1,0.602504340295832,0.6300310653038794,0.6161139921855322
ADGRG2,ROPN1,0.5839385817153299,0.6499480859586079,0.6160598700639921
SLC22A3,CHRM3,0.6700167542915771,0.5662555953780208,0.6159551413168219
HP,ATP6V0E2,0.5653723683295604,0.670975596333801,0.6159148171545966
GATM,ST3GAL6,0.734569377563488,0.5163452370669827,0.615866381125131
KCNN4,ACVR1C,0.5850896526996715,0.6482347380914417,0.6158534223155573
CCL28,LRP6,0.7230678957330195,0.5245298203949925,0.615849554259988
PKDCC,CCL28,0.5767631915789626,0.6575511493479483,0.6158338246023336
MANSC1,CRISP2,0.5885091155664242,0.6443463522457873,0.6157951785119951
SRPRA,GNPTAB,0.6781168906797324,0.5591482965699589,0.6157661116843711
RNF128,SEC63,0.6071309635990781,0.6243545213691691,0.6156825173628896
ANO1,TNFSF13,0.5540466879908693,0.6840594397788577,0.6156304630201186
ADGRG2,EPHA7,0.5965116688181855,0.6353456551931327,0.6156225280605309
NRG3,ID4,0.5808405032908245,0.652473897524947,0.6156161685843835
SLITRK5,SEC63,0.6657925840282406,0.5692039791844232,0.6156068454300635
F5,KCNMA1,0.7280044021508312,0.5205618349097212,0.6156064549742727
RTN1,CBS,0.5751096094231204,0.6589420632484664,0.6156004488524116
GALNT6,CHPT1,0.5979881043121279,0.6336385586459345,0.6155552944323942
CCL28,DAPK1,0.6177291282450519,0.61338888363884,0.6155551806015658
CHPT1,TNFRSF11A,0.5617925868213598,0.6744372985732797,0.6155435602898406
ZG16B,PYCR1,0.7351131283756318,0.515204366021292,0.6154132702978512
HP,LYZ,0.7145392388628875,0.5299897324761232,0.6153848064817935
HID1,CRISP3,0.6136327477994493,0.6170926142769572,0.6153602494031565
MANSC1,GLYATL2,0.7513890081620153,0.5038904370024422,0.6153192144583082
AGFG2,ELF5,0.6549791410090279,0.5779551566658503,0.6152630104717305
GALNT13,C6orf58,0.7445032489015403,0.5083594738024204,0.615203445906945
SLC13A2,PYCR1,0.7243350779437633,0.5224094397823215,0.6151418391584867
LPO,MUC7,0.8105303869514134,0.46681356506609684,0.6151150945369429
LTF,FOLR1,0.6636266605874676,0.5701042441955471,0.6150905427351594
FOLH1,KANK4,0.6159024213970462,0.614184398782238,0.6150428102126464
SLC37A2,ANO1,0.7491150848795713,0.5049000505128821,0.6150026375517893
GNPTAB,SLC31A2,0.663746477614312,0.5697697510335045,0.6149655805812811
OGFRL1,LINC01554,0.5944830842899662,0.6359780833005593,0.6148806489891656
SERP1,FAM171B,0.6552580810440839,0.5768420213033891,0.6148011027518162
ATP6V0E2,CD46,0.6244286886547522,0.6052722578768547,0.614775863437355
KCNMA1,CES3,0.6088716090527936,0.6207317839796522,0.6147730964363209
DMBT1,MCFD2,0.6483937549366943,0.5828956444816036,0.6147730440265508
CHRM3,ROPN1,0.6678426248854247,0.5659183313604524,0.6147718144861101
SLC39A8,CRISP3,0.6749859839739667,0.5597592698746094,0.6146785026051118
CCL28,OXR1,0.7267012947699583,0.5199059239775193,0.6146676403659418
ZG16B,MGLL,0.57754629313909,0.654121996246159,0.6146427695765329
LIMCH1,SOX9,0.5514953669673005,0.6849555563733045,0.6146135500608387
CLDN10-AS1,MGLL,0.6564000410917908,0.5754442583932452,0.6145906237938887
GPAT2,FOLR1,0.5590800601146015,0.6755482442536188,0.6145612687174703
SLC5A1,ST3GAL6,0.7169410252717803,0.5266835998650932,0.6144925386700085
PPP1R1B,LINC01554,0.6586837472799029,0.5732462476295231,0.6144818846009681
ST3GAL6,TRIL,0.5534495223331486,0.6822288392588636,0.6144747555512077
NRG3,SOX8,0.5751832285082809,0.656392625888729,0.6144477436916075
ID4,CEP85L,0.5849049761588958,0.6454592340744347,0.6144365857579173
SLC25A48,BHLHA15,0.5958885398317596,0.6335008847651942,0.6144069638316768
MGLL,TTYH1,0.6297912066472396,0.5992869742785026,0.6143497917789437
PPP1R1B,PIP,0.7557642335450601,0.4993602614901998,0.6143277832623245
MCFD2,TMED3,0.6226322748230636,0.6060545536673114,0.6142874941074046
PLCB1,ST3GAL6,0.7182924381541868,0.5252957975905123,0.6142605303968645
GALNT13,LIMCH1,0.5577992308540414,0.6763951083601295,0.6142415414124286
CHRM3,C3orf70,0.6587507967032242,0.5727098241926138,0.6142255717296764
SLCO1A2,TMPRSS5,0.7098817916621598,0.5312432087553127,0.6141008718765804
GALNT13,KIRREL3,0.6208766708897229,0.6073745686224606,0.6140885116572324
PLCB1,KIAA1324,0.6045932141615048,0.6236789483124885,0.6140619349586118
KCNMA1,TUSC8,0.6929926237305399,0.5441135535287631,0.6140575535462821
PADI2,C2orf88,0.6505528745484247,0.579589633526353,0.6140469869228551
SLC5A1,ST3GAL1,0.5781803752999263,0.652121619273069,0.6140390236560692
C6orf58,FDCSP,0.5503768173350351,0.6850412457826095,0.6140283548803427
SLC5A1,CADPS2,0.7023813850424931,0.5367695910888621,0.6140170753632896
PKDCC,SSR3,0.7009678226821124,0.5377382406520099,0.6139521184284237
PIGR,ST3GAL1,0.5581117684645697,0.6752562902400638,0.6138961494525819
RAPGEF3,NRG3,0.6352887009205386,0.5931483187603549,0.6138570068659862
TCN1,MAPT,0.617831324720672,0.6099026076115542,0.6138541651005056
ROPN1,CEACAM1,0.6094508971824515,0.6182060667708308,0.6138128721663609
ST3GAL6,C3orf70,0.5896195269946555,0.6389086489201047,0.613769513228758
LINC01554,CD46,0.5729791758855326,0.6573994947262813,0.613739538172204
ST3GAL6,IRX2,0.6126174992304716,0.6148340990607846,0.6137247984302393
FAHD2A,SLC12A2,0.7347701113169576,0.5124548572951065,0.6136257104617122
CCDC129,PRSS8,0.5936088656144136,0.6339132484286633,0.6134301299232756
GLYATL1,GLYATL2,0.6160775536963496,0.6107092484903515,0.6133875282638798
PKDCC,OGFRL1,0.5754500781443446,0.6537995232439381,0.6133750783504816
TCN1,CCDC129,0.8070027137502387,0.46619965045682327,0.6133713255998108
ELF5,CD46,0.6317186879170958,0.595460239018174,0.6133215803307114
ATP6V0E2,ARHGEF37,0.6128956386479568,0.6137367075608363,0.6133160289297787
LRP6,MGLL,0.5600384179435806,0.6715903058603464,0.6132832725586715
TUSC8,LRP6,0.5649731290840102,0.6657160907860682,0.6132794655725724
AIF1L,KANK4,0.6759004264439574,0.5564289410898006,0.6132622265950806
MPO,SLITRK5,0.7170612369740744,0.5244599721546649,0.613245396539275
ATP2A3,CD46,0.5676198684520942,0.6624561418189,0.613207361399491
SEC63,ALDH9A1,0.6770802992740993,0.5553560213615866,0.6132052031311999
MPO,CHPT1,0.5647486660258431,0.6657906793175346,0.6131919748308987
CA2,SRPRA,0.7476663605615297,0.5028689335031267,0.613170600527896
FAHD2A,CRISP2,0.5591522963954575,0.6722850789991927,0.613114790031035
P4HB,TMED3,0.780144575090732,0.48181155129883646,0.6130927074772927
DEPTOR,ATP2A3,0.7255110271680532,0.5179745721120438,0.6130222376553249
KCNMA1,LYZ,0.723493324439928,0.519405058646886,0.6130139416125471
PLCB1,MUC7,0.5769216558060579,0.6513383060549568,0.6130017732593753
GRIA2,LIMCH1,0.6260821485228684,0.6001766248935222,0.6129925536305804
FAHD2A,LINC01554,0.5815370965129346,0.6461179946969242,0.6129776363300777
AACS,TECPR1,0.6156403278413929,0.6103136969740565,0.6129712264790254
LIMCH1,SEC63,0.6241422240781699,0.601952487272479,0.6129469505557812
MGAM2,TMEM63A,0.6712846766728217,0.5595643345451571,0.6128841353737168
ODAM,SLAIN1,0.6297325376566132,0.5964554632301645,0.6128681852234478
HID1,GPD1,0.6954014101796919,0.540054533431935,0.6128251660322894
TCN1,ID4,0.6575058439230138,0.5711022911066349,0.612783072449325
NDRG2,CD46,0.6806701764308486,0.5515149686864043,0.6126987767574118
SLC5A1,SEC63,0.6469168884451766,0.5801099579240538,0.6126034026483131
PHLDA1,GALNT6,0.7129973977855398,0.5261708398651339,0.6125017874377776
FAHD2A,CLDN10-AS1,0.7090729342642103,0.5290498289913125,0.612482583111429
MANSC1,TNFSF13,0.572593073387539,0.6550978802117022,0.6124577606660564
DMBT1,ACSL1,0.72601229378263,0.5165751379400467,0.6124050137016612
CHRM3,ARHGEF37,0.6329174550597679,0.5925103656596419,0.6123807253088825
AZGP1,SLCO1A2,0.7778571554153829,0.4819988727058388,0.6123122341064116
EGF,LRP6,0.6209334975054753,0.6037842512930056,0.6122988379003269
SLC39A8,SOX8,0.592563748246117,0.632667553240221,0.6122873971769508
CCL28,MGAM2,0.8359802785234894,0.44844944738417175,0.6122866109330865
PHLDA1,FOLR1,0.6015123492215662,0.6230145688394845,0.612169059085723
KANK4,ID2,0.5616233517717554,0.6671799790607037,0.6121305874362774
DEPTOR,CCL28,0.812981623890894,0.46085417075743185,0.6120996423126452
PKDCC,LYZ,0.5909239449652147,0.6339924199467206,0.6120794898319656
ANO1,SLC13A2,0.6884237919131143,0.5442012579243978,0.6120793196508119
SLC22A3,ARHGEF37,0.6534114711553536,0.5732971118955795,0.612044858889286
RTN1,MUC7,0.5626329223267447,0.6656392378591635,0.611972670641466
ADGRG6,OXR1,0.5689037581835609,0.6582314196065413,0.6119398077986606
BPIFB2,GLYATL2,0.7037877175967092,0.531763153829277,0.6117584297216792
AZGP1,SLC22A3,0.7790881540768256,0.48014098431258584,0.6116143827320631
GALNT6,ADGRG2,0.6747885845676509,0.5543130313923895,0.6115914533908027
MGAM2,LIMCH1,0.6301691904317726,0.5935073558971727,0.611563610739736
ANO1,TMEM63A,0.6316563453203624,0.5920568370676608,0.6115361460486959
KCNN4,GLYATL2,0.6744337977075437,0.55447004969292,0.6115172453246813
CHRM1,DLX6-AS1,0.7438861448027598,0.50264197528974,0.6114804994554844
NPY1R,NPY5R,0.6714991941811931,0.5567310897241728,0.6114282281064554
AGFG2,FREM3,0.576669048088083,0.6482160570491975,0.6113968732124586
MCFD2,FAM171B,0.598100793333395,0.6249783751495592,0.6113919054037006
TCN1,ST3GAL6,0.6706588688553866,0.5573377462790458,0.6113783627917456
CCL28,CHPT1,0.657552960568079,0.5684064679634836,0.611356979035517
SLC25A48,OXR1,0.6308164709891823,0.592431010889313,0.6113225331964709
LIMCH1,ITPR2,0.6207629233339201,0.6020222609968009,0.6113207821172697
GALNT13,C3orf70,0.606201093869402,0.6164408726453668,0.6112995430257004
CCL28,PTH2R,0.6515604239879755,0.5735059673305787,0.6112886316900927
MANSC1,ATP6V0E2,0.65326951686501,0.5717677944157276,0.6111615750494583
PIP,IRX2,0.6044375802965534,0.6179425621460881,0.6111527689750199
SLC43A1,FAM171B,0.586755314797188,0.6363373264435516,0.6110436222517891
CHRM1,BHLHA15,0.6648804051919563,0.561563720232032,0.6110423175599018
ST3GAL1,BHLHA15,0.5808182825925182,0.642814082589081,0.6110304177990448
LYZ,GALNT13,0.7585458215879503,0.49200134128378753,0.6109055259583793
RTN1,SLAIN1,0.6465829589463173,0.5771193592927667,0.6108645864647254
GALNT6,KANK4,0.6374597678668766,0.5853765603136584,0.6108633286196311
ADGRG6,TRIL,0.5910603451578033,0.6312712514576796,0.6108350053613287
CRISP2,CD46,0.5635097618108681,0.6620880726890214,0.6108134675486512
ANO1,LTF,0.662982494154004,0.5627302533548593,0.6108030017158717
BPIFB2,OGFRL1,0.5885928398253804,0.6337779761466419,0.6107676962634272
GRIA2,CCDC129,0.7521963697848364,0.4957372308684876,0.6106486268112488
SRPRA,ELF5,0.601447652831205,0.6197300938839587,0.6105204422092427
PADI2,GATM,0.7718412058879767,0.48289587853558935,0.610507114788389
CA2,FAHD2A,0.6792626536489798,0.5487034421093504,0.6105028715358567
LTF,ELF5,0.6505163821307547,0.5727277144644882,0.6103841091963771
SLC39A8,ATP6V0E2,0.7057844951838781,0.5277777076135513,0.6103255876475561
MANSC1,TUSC8,0.7784461472752027,0.47851263244088943,0.6103247620293032
TTYH1,TRIL,0.5538850277036091,0.6724618848705748,0.6103003930288424
KCNN4,ALDH1L2,0.626448040617724,0.5944021809398472,0.6102147831613629
SLC12A2,SEC63,0.7027386736824471,0.5298704230222332,0.6102134366745797
KCNMA1,DLX6-AS1,0.6964363074076432,0.5345586626284392,0.6101524900332034
LYZ,ATP6V0E2,0.7274859963622479,0.5115660314342727,0.6100468212219804
GALNT13,SLAIN1,0.6473572114591088,0.5747652046759503,0.6099822949420312
CADPS2,PLA2R1,0.5580833059083046,0.6667053669400673,0.6099812581126751
STATH,CCL28,0.7776074603395623,0.478476593831442,0.6099729247771509
CCDC129,CBS,0.6663234425835861,0.5581638317960315,0.6098505111320129
RTN1,MAPT,0.5958783757304508,0.6240374450225534,0.6097953912051317
SRPRA,ST3GAL6,0.7971915018192245,0.4664232757988972,0.6097775592111973
CHRM1,DLK1,0.677789866130804,0.5485192810369323,0.6097383127737565
PHLDA1,OGFRL1,0.7087344266293139,0.524505935661743,0.6097010854303092
PPP1R1B,CEACAM1,0.6596559206240576,0.5634534552341909,0.6096600755677842
SLC13A2,PIGR,0.814363720715295,0.4564110435178708,0.6096594094859553
CHRM3,SMAD9,0.7308476666292321,0.5083921037355116,0.6095549054415239
AZGP1,HID1,0.7234770649256723,0.5135494408531693,0.6095418297070933
GRIA2,NRG3,0.7399820560737729,0.5020746783507893,0.6095295339756682
BPIFB2,ROPN1,0.6675692851522951,0.5562820405047147,0.6093905185698186
SLCO1A2,SLC39A8,0.6548534640499306,0.5670417066885278,0.6093678904288994
AGFG2,AACS,0.683201763505076,0.5434874638333067,0.6093534226816293
MCFD2,SAP30BP,0.5716166011228357,0.6495689099010046,0.6093474973056653
CBS,BHLHA15,0.5569492050276486,0.6666330112354658,0.6093280936021087
CHRM3,CA2,0.7531854867647876,0.49285324832192173,0.6092699842770473
ADGRG6,GRIA2,0.6510538556192956,0.570116501193808,0.6092426004921286
ATP2A3,GNPTAB,0.6679049737359422,0.5557097176030062,0.6092300750459089
TUSC8,ACSL1,0.7782560488882885,0.4768443819327987,0.609185542029354
CADM1,TMED3,0.5829358120327967,0.6365736229190052,0.6091646426007912
PHLDA1,SLCO1A2,0.7365801092790916,0.5037828444339703,0.6091604243597128
MGAM2,SLC12A2,0.6524113854477693,0.568737184688729,0.6091392407474974
SLC5A1,IRX2,0.6222138925171896,0.5963282849754197,0.6091336006268705
EGF,CES3,0.6104869838206228,0.6077072276752076,0.6090955199879818
BPIFB2,CADPS2,0.6028109967645544,0.6153889849362223,0.6090675228637064
PART1,CES3,0.6251606253814942,0.593366739362521,0.6090562550868776
ATP6V0E2,SEC63,0.7048676684858998,0.526259420933624,0.6090511070938327
LINC01554,SOX9,0.5712266606239356,0.6493528638737819,0.609038314063417
EGF,SEC63,0.6349128868010557,0.5842063597213895,0.6090321390027322
ID2,IRX2,0.5625563749037793,0.6593234255999298,0.6090210145755548
PADI2,CRISP3,0.6896618680176296,0.5375211461782737,0.6088578140849352
CADM1,SERP1,0.6522699210621864,0.5682409154127603,0.6088074055401969
MANSC1,SLC39A8,0.7575732957621383,0.489238832507664,0.608797400419591
KCNN4,SERP1,0.6291055898676104,0.5890768580514614,0.6087623052241516
SLC37A2,TNFSF13,0.5680088021016807,0.6523936945044353,0.6087407994492846
ODAM,SERP1,0.569916302443482,0.6501821072542238,0.608727675139909
CHRM1,DEPTOR,0.8083481890756726,0.45837948558249103,0.6087119409704767
ZG16B,BHLHA15,0.5685284302470978,0.6516818187195514,0.6086868171869672
GALNT6,ROPN1,0.6053400407719646,0.611719807145933,0.6085215632980785
ADGRG2,NPY5R,0.5601019487805353,0.6610667067158438,0.60849383785333
NDRG2,LRP6,0.7085906576461338,0.5225311821497687,0.608490520879427
DYNC1I1,OGFRL1,0.6535635200472052,0.5664244630961841,0.6084359998734381
PLCB1,SLC31A2,0.5801568997980567,0.6379475754055054,0.6083664089847047
SLC39A8,TNFSF13,0.6979536043017186,0.5302450560492353,0.6083473087248193
GPD1,CRISP2,0.5852565458376732,0.6322593848008371,0.6083041538753374
PPP1R1B,CHPT1,0.692924541928177,0.5339277253694219,0.6082529280853156
BPIFB2,ALDH1L2,0.5977378457526089,0.618905581315989,0.608229635006455
SLC25A48,AACS,0.6085162658071746,0.6079376432121818,0.6082268857022775
ST3GAL6,EPHA7,0.6173149579675712,0.5991446708624721,0.6081619581246112
MAPT,CES3,0.5662820801809868,0.6531269703885794,0.6081563116616899
SLC39A8,PART1,0.6220501946017751,0.5945168772118585,0.6081277326053107
ACSL1,XBP1,0.6492516953832587,0.5694964227930451,0.6080678564215392
FOLR1,TMED3,0.6907379938756305,0.5352083651335166,0.6080203552824371
GALNT13,FOLR1,0.6391130503605142,0.5783487281956932,0.6079722196361224
MGAM2,GLYATL2,0.682688298495744,0.5413879469458597,0.6079467216184105
LRP6,LINC01554,0.6229445605402814,0.593241228329461,0.6079115036549916
LYZ,FDCSP,0.6987298012985784,0.5288134888365438,0.6078632609220319
ACSL1,GNPTAB,0.6745203157919135,0.5476591540877807,0.6077888001284838
FAHD2A,ID4,0.6158278548875717,0.5998443162254393,0.6077835457855161
DEPTOR,PIP,0.741369275949351,0.4982513406326396,0.6077731777938324
ODAM,ST3GAL6,0.6256957979790996,0.5903573737949203,0.6077697985993201
DLX6-AS1,MGLL,0.6010930442200694,0.6144232580208759,0.607721602876993
SLCO1A2,DYNC1I1,0.6420474409376227,0.5752146885944122,0.6077130233932574
SLC31A2,LINC01554,0.6211102955785586,0.5945909629287419,0.6077059887256424
CADM1,RASAL1,0.5985310124022327,0.616989503864338,0.6076901779603432
ALDH18A1,LDLRAD3,0.5600473381922726,0.6593683305225888,0.6076820537069187
PHLDA1,KCNMA1,0.7581568139296864,0.4869968021492904,0.6076347125629442
CCDC129,MCFD2,0.6958706985139559,0.5304872824883174,0.6075776129992906
SRPRA,CD46,0.8206779377394702,0.4497984150908756,0.6075686263256703
PYCR1,PIGR,0.6212332211772171,0.5941832091162575,0.6075576918850659
CHRM1,NDRG2,0.8427256024000814,0.4378590969848126,0.6074496450512437
MANSC1,CHPT1,0.6254637458691326,0.5897827114584948,0.6073612631356102
OGFRL1,FREM3,0.6286677314604411,0.5867747881371218,0.6073601690400394
SLAIN1,OXR1,0.5851628852307837,0.6302902214769203,0.6073075370289622
MANSC1,DEPTOR,0.8360559335677185,0.4411049954001505,0.6072795474331875
EGF,CEP85L,0.5529584985842808,0.6669080001690524,0.6072663719220129
RTN1,C2orf88,0.6150988861502676,0.5994972182147572,0.6072479486783641
SMAD9,ANGPTL1,0.7077129385955516,0.5210368259887238,0.6072433640946427
FAHD2A,PIGR,0.7007087133864753,0.5262074859081053,0.6072216814516757
GRIA2,LRP6,0.6126495279050026,0.6017425064087044,0.6071715264006258
FOLH1,TMEM63A,0.7425481041223051,0.49641908678336755,0.6071367652688442
FDCSP,EPHA7,0.5995843306352444,0.6145487548681812,0.6070204311473885
F5,ADGRG6,0.559840786820097,0.6581562689303089,0.6070113042180709
DYNC1I1,LRP6,0.7010493346717575,0.5254315964670914,0.606921305540326
CHRM1,C6orf58,0.8131311394844932,0.4529633958072831,0.6068926117341862
DLX6-AS1,C2orf88,0.6364166115845312,0.5787379421542722,0.6068924452827094
ID4,MGLL,0.5855727806034677,0.628941179189374,0.6068697019409895
PPP1R1B,SLC43A1,0.6162591442515973,0.5974732990822007,0.6067935266674948
TTYH1,CES3,0.5518171687538922,0.6672400752729877,0.6067903502992397
CD46,ALDH9A1,0.7016858136193532,0.524715661854712,0.6067829398618101
LPO,ALDH1L2,0.5736836985100111,0.6416304833359406,0.6067066414313663
TMEM63A,CRISP2,0.560417075297051,0.6568193829988198,0.6067065168750144
FAHD2A,TUSC8,0.7175837677323216,0.5128680339845599,0.6066512805361156
GNPTAB,PRSS8,0.5824754385013967,0.6317245210435369,0.6066003770250386
KCNN4,CEP85L,0.6012676726355627,0.61190381541619,0.6065624312237887
KANK4,TNFRSF11A,0.6054315473661599,0.6076582690734671,0.6065438863882741
ADGRG6,ANGPTL1,0.649291445830566,0.5665146340756728,0.6064924614891496
TUSC8,ITGA6,0.609034373863659,0.6039098038837811,0.6064666761483962
SLC13A2,MPO,0.751964943935298,0.48911495450572606,0.6064629414422732
SLC22A3,GATM,0.7404078621525771,0.49669523836805723,0.6064297647555387
RNF128,P4HB,0.6404773154039578,0.5740209014992679,0.6063393158768535
PKDCC,KCNMA1,0.5892621300265777,0.6237326367429846,0.6062524408975726
KCNMA1,SLC12A2,0.632931733419988,0.580649471609485,0.6062272482948877
MANSC1,LIMCH1,0.636150216529893,0.5777112246662673,0.6062269547481336
CCL28,CADM1,0.759334556136023,0.4839825114571273,0.6062216141931063
EGF,FBP1,0.7118239595839335,0.5161580612134237,0.606146578728368
EPHA7,CD46,0.5859691762180105,0.6270143219046421,0.6061444264227442
MPO,TUSC8,0.6787144066707543,0.5413192628914121,0.6061362737312418
FOLR1,SOX9,0.5913774045553317,0.6212127827130302,0.6061115434616198
ODAM,ID4,0.6891402217313136,0.5330555564956342,0.6060940722350864
CA2,SEC63,0.6511189061633404,0.5641460940416962,0.6060744076998716
MPO,C2orf88,0.6001582410888305,0.6120015509150015,0.6060509667847942
HID1,KIAA1324,0.7254015151120372,0.5063222232199817,0.6060420017281556
RNF128,CD46,0.564246063314277,0.6509294354065585,0.6060399091013194
MPO,LONRF3,0.5784048022785819,0.6349505265403507,0.606018509420507
TNFSF13,FBP1,0.6553052940336872,0.5604330649655476,0.6060154737491846
TMED3,ALDH18A1,0.5555351219304674,0.6608759813140962,0.605920637427249
DLX6-AS1,CEP85L,0.5691858366774475,0.644909841562969,0.6058659486648335
CHRM1,SLC25A48,0.7266172030474962,0.5051471221978304,0.6058453507776381
PHLDA1,ARHGEF37,0.6796614501520484,0.5400260262900262,0.605834030199796
LYZ,CLDN10-AS1,0.745224167636418,0.49248298750887115,0.605813687895375
EGF,ACSL1,0.7747141294243904,0.4735943639587666,0.605722911383261
ELF5,ALDH18A1,0.5884411526029276,0.6232481306191728,0.6055946237700315
AZGP1,IRX2,0.5858898853081774,0.6258766041804061,0.6055532774581686
SLC22A3,SLITRK5,0.6364997592554215,0.5761041888845158,0.6055494839656245
FOLH1,SEC63,0.7184692617208176,0.510311469499878,0.6055106148856871
FOLH1,TNFSF13,0.6512745926697557,0.5629240958350236,0.6054900174395491
PKDCC,ACSL1,0.6849655428107831,0.5351963468596819,0.6054676343431498
AIF1L,TMEM63A,0.6816493608478013,0.5377662446036521,0.605448607992125
RASAL1,ITGA6,0.6466217896502509,0.5668665215012783,0.6054322791410852
MGAM2,KIAA1324,0.7230118664827745,0.5069695533084628,0.6054296020079379
F5,LTF,0.783905694347503,0.4675734700870772,0.6054201068077287
MPO,GPD1,0.6651549229936153,0.5509567971415928,0.6053689998468084
PHLDA1,HID1,0.6887153303887168,0.5321085044080481,0.605368717738235
NOSTRIN,LIMCH1,0.7629209191280039,0.48025123924757773,0.6053046479741626
MCFD2,CBS,0.6365841392771427,0.5755053786771606,0.6052748104246255
LPO,SLAIN1,0.619523324068957,0.5911918237557541,0.6051918074590515
TBC1D24,MGLL,0.7016951205458104,0.5219522973001436,0.6051870621330127
DLX6-AS1,RDH11,0.679058210038414,0.5393304422689941,0.6051749868809924
LYZ,ACSL1,0.7260652204973401,0.5043220123364455,0.6051203790062962
SLC13A2,CRISP3,0.7201241225984728,0.5084509418959874,0.6051014695216126
AIF1L,SAP30BP,0.694448740215953,0.5271755569788484,0.6050590065577114
SLC25A48,TBC1D24,0.6110058517655896,0.5990047259123198,0.6049755307181196
KCNMA1,SSR3,0.5860103472435486,0.6243629469659014,0.6048827550505083
SLAIN1,TNFSF13,0.5523288017088542,0.6624193598853224,0.6048746078934099
LIMCH1,ABCA3,0.6571818917402725,0.5566928752533966,0.6048540955283007
SLC31A2,XBP1,0.5822485079238919,0.6283140497134174,0.6048428869989754
LYZ,ALDH18A1,0.6207057589610349,0.5892695467867893,0.6047834333634802
EGF,SLAIN1,0.6683604731673431,0.5472349986972744,0.6047728851916566
MCFD2,MUC7,0.6372454586527735,0.5738193664256381,0.6047014018023686
RTN1,NPY5R,0.5533863373215341,0.660549405786617,0.6045982271626107
PPP1R1B,PADI2,0.8277293459173307,0.4415558886904924,0.6045566697438106
CA2,TNFSF13,0.6145525953254491,0.59470652190332,0.6045481258697742
MUC7,CRISP3,0.7920259703655848,0.46138830701396977,0.6045093229868946
RNF128,RTN1,0.5701320615676162,0.6409148221678747,0.604488286778009
PPP1R1B,SRPRA,0.6684616905864239,0.5466276655194174,0.6044829637090031
DTNB,SOX8,0.6204108579697265,0.58891785112332,0.6044592867092924
CCDC129,FOLR1,0.6257587362676035,0.583838011171583,0.6044350552836266
SAP30BP,AACS,0.5717465455737287,0.6389753810957887,0.6044269739581234
GALNT13,CRISP2,0.5743002940644591,0.6360762432355869,0.6043995148389962
TMEM63A,CES3,0.610600136167631,0.5981460052190155,0.6043409900336526
CRISP3,RASAL1,0.678802636518457,0.5379206852490148,0.604269790230197
SLC22A3,DAPK1,0.5910134333032278,0.6177620857949109,0.6042397630826801
TRIL,CD46,0.5721719461080526,0.6380609529743629,0.6042189811640312
HP,TCN1,0.7176233220757489,0.5086821832818188,0.6041872211884688
CCDC129,EPHA7,0.7138831068650188,0.5112296898870489,0.6041177363214943
KCNN4,C3orf70,0.6394223954193153,0.5705579419489937,0.6040095412876689
KCNN4,MPO,0.7960813865544019,0.45825209385266147,0.6039916905601307
PPP1R1B,C3orf70,0.5966588611770293,0.6113548907332923,0.6039621783521989
SLC13A2,CBS,0.6555338431932534,0.55641848567573,0.6039463124639322
CEACAM1,ALDH18A1,0.562403421247543,0.6485349926866876,0.6039356742946581
MCFD2,LINC01554,0.6528389114434593,0.5586855267217318,0.6039301707186279
FOLR1,PRSS8,0.597281539762415,0.6106487577285908,0.6039281664818579
SLC31A2,PRSS8,0.7429716272674413,0.4908823458656486,0.6039136157635957
LIMCH1,ANGPTL1,0.7327956920668662,0.4976707408339126,0.6038964935738715
ROPN1,PIGR,0.6711694462026578,0.5433443472744249,0.6038841980525077
PHLDA1,SLAIN1,0.6512670777250263,0.5599255292677711,0.6038717274304701
ABCA3,TNFSF13,0.5969081080924197,0.6107482035587292,0.6037885016353699
SLC22A3,OXGR1,0.6315239138757556,0.577124070479568,0.6037115633985854
GATM,TUSC8,0.7194985244964217,0.5064691247210497,0.6036586684044133
CCDC129,PART1,0.7211075904582553,0.5053292197876416,0.6036528274341274
TCN1,NPY5R,0.5700640723593323,0.6391727804288522,0.603630216401158
LPO,SLC12A2,0.6825290327418084,0.5337499726461715,0.6035725743903199
KCNN4,OXR1,0.6491226110378675,0.561008657545457,0.6034595302095708
ODAM,EPHA7,0.6182388599926214,0.5890197751224717,0.6034524954665671
GALNT6,LDLRAD3,0.5673106067962512,0.6417841023327878,0.603399476737096
FDCSP,LIMCH1,0.5866799469041668,0.6205661965974976,0.6033852362051466
SLC5A1,GP2,0.6458033906355253,0.5636634834139602,0.6033372098305944
LPO,ID4,0.627976049272578,0.5794346838500378,0.6032172938300526
MPO,ST3GAL1,0.5571666076873881,0.6530067081918777,0.6031861507033932
MPO,SRPRA,0.6634800675638477,0.548238698204069,0.6031131307852214
F5,ATP6V0E2,0.5834738383888618,0.6232716604530907,0.6030445324215817
SLITRK5,MUC7,0.6791028652122777,0.5354967564098776,0.6030401160700911
KCNN4,FAM171B,0.5576723820648729,0.6518362914070964,0.6029188148874839
MANSC1,SLC13A2,0.7574834909406737,0.47984256634726474,0.6028870725589146
ODAM,DYNC1I1,0.599939438527771,0.6058040438512547,0.6028646099465244
EGF,FDCSP,0.5953323437872496,0.6104669886220093,0.6028521735393222
MPO,KANK4,0.6358127139876076,0.5715218175030761,0.6028107811658323
CHRM3,PART1,0.6208021140724899,0.5853244458417884,0.602802333602725
ADGRG6,LRP6,0.6516853300443582,0.5575262860291239,0.6027700239057139
SLC25A48,ST3GAL6,0.6671788357668792,0.5445570329521228,0.6027577683063599
SLC25A48,CHPT1,0.6495621207919792,0.5591749198810692,0.602676403098406
LPO,CEACAM1,0.6603817763476715,0.5499159219016665,0.6026229777790504
TUSC8,ACVR1C,0.5745060588697434,0.6320893424753122,0.6026102861709707
EGF,ACVR1C,0.5865500705108025,0.619101903214879,0.6026062271368089
LTF,ITPR2,0.5710193830563017,0.6358372378381189,0.6025573725999422
CHRM1,ITGA6,0.6139378566758047,0.5912642164225784,0.6024943864963199
ATP6V0E2,PIGR,0.7448919038021755,0.48726321084289786,0.6024603063916552
P4HB,FBP1,0.5879962823312673,0.6172194186702447,0.6024306794650899
GALNT6,TBC1D24,0.7965285657581125,0.4555708477911362,0.6023912300094358
ST3GAL6,ID2,0.6063213472105323,0.5984156229182859,0.6023555151898627
DYNC1I1,ROPN1,0.5916398077790918,0.6132570800444251,0.6023514762633614
SLC39A8,TECPR1,0.5813142042248652,0.6240934542544267,0.6023241566813168
SRPRA,CDC42EP1,0.5710340852567006,0.635298024333925,0.6023095767052953
KCNMA1,IRX2,0.5674779620778977,0.6392375175501736,0.6022899664971241
OXGR1,TRIL,0.566878228768914,0.6398903250016207,0.6022789171499228
CCDC129,EGF,0.7035560271111387,0.5155688931053133,0.6022720333331621
CCDC129,ALDH9A1,0.6131179135068429,0.591432499384039,0.6021775983897766
ST3GAL5,FREM3,0.6034874054390661,0.6008546280276771,0.6021695778719464
PLA2R1,CEP85L,0.6075929706839895,0.5965873381477628,0.6020650073352984
GRIA2,CADM1,0.7054486427286502,0.5137727281284141,0.6020301269282008
SERP1,CD46,0.7673289773142545,0.47227717364274413,0.6019900004652514
SLC39A8,FOLH1,0.7032147272328039,0.5153112930401341,0.6019754898458918
MCFD2,ATP6V0E2,0.6648268452373931,0.5449471269412509,0.6019098597178261
PIGR,PART1,0.6503309385742322,0.5570932632781457,0.601909448988017
LPO,TUSC8,0.6908385543626542,0.5243842238308153,0.6018844067774666
MGLL,PTH2R,0.6000089923500452,0.6037415144867838,0.6018723600125739
GPAT2,PIGR,0.5661659167801614,0.6396617548975708,0.6017928911932993
LYZ,MPO,0.8148934832928142,0.4443623099978602,0.6017540615884512
DLX6-AS1,CES3,0.5884241229692841,0.6153316604259892,0.6017275069509421
ANO1,BPIFB2,0.6361801023033692,0.5690657859750111,0.6016879007749198
LRP6,CEP85L,0.6195932040670015,0.5842457990375876,0.6016599758903565
SLCO1A2,LRP6,0.5976103392848006,0.6055882243591904,0.6015860572072592
SLC37A2,BHLHA15,0.5690749379406687,0.6358703078038578,0.6015462209604464
DLX6-AS1,MUC7,0.6401802851964906,0.5651384340675346,0.6014902192861098
ANO1,CD46,0.6034569460507128,0.5994841211475231,0.6014672534341166
CA2,ID4,0.6318322956468952,0.5724695190382376,0.601418930864172
CHRM1,NPY5R,0.6121975409789683,0.5907965661485577,0.6014018664877633
SLC39A8,PLA2R1,0.620737917639647,0.5825654117485661,0.6013488509822634
EGF,CRISP2,0.5597620388727582,0.6459752709651482,0.6013255646792623
SLC13A2,DLX6-AS1,0.708131491221267,0.5106275950267812,0.6013247710888383
CCDC129,PTH2R,0.601135555055108,0.6015006437537558,0.6013180716966011
SLC5A1,ALDH1L2,0.5704758488802052,0.6338208891484051,0.6013148175248493
SLC22A3,PYCR1,0.6635657384338447,0.544871290597062,0.6012968653638912
MGAM2,GALNT13,0.7370219022038621,0.49043719068038255,0.601217889942385
F5,SLC12A2,0.6089117962466816,0.5935604295013667,0.6011871150553952
HID1,TNFSF13,0.6928510048153197,0.5216371568218467,0.6011795308000956
MGAM2,LPO,0.7401321125633646,0.48824506856146105,0.6011371341408207
STATH,KIAA1324,0.7386474130959315,0.48921496405071757,0.6011300754777469
CHRM3,P4HB,0.6081327318216806,0.5941440629358408,0.6010977059420585
KCNN4,SLC43A1,0.6192787451451602,0.5834396058731283,0.601092128540291
SLC13A2,TUSC8,0.7736474160327343,0.4670164013156896,0.6010873747823936
HP,SLC25A48,0.5940221980522759,0.6081771776553901,0.6010580203907808
BPIFB2,ST3GAL6,0.6035275904555502,0.5983099847966339,0.6009131247275343
CCDC129,ID4,0.6686470957439083,0.5400044801628724,0.6008930248801392
ACSL1,MGLL,0.5712096146669191,0.6320851076229951,0.6008769347895034
NDRG2,KANK4,0.6413961790019042,0.5629076341348727,0.6008717048298323
DLX6-AS1,NRG3,0.6197045156471205,0.5825488939558618,0.6008395627533886
LYZ,CBS,0.6709365499440717,0.538052214347365,0.6008318370259595
F5,CD46,0.6143849486102458,0.5875509941750887,0.6008181816175012
KCNN4,ARHGEF37,0.6520090749454701,0.5536404877133703,0.6008149650652466
ABCA3,TMEM63A,0.5622613272234649,0.6419321060319381,0.6007774945226156
SSR3,FAM171B,0.6181088688736535,0.5838852575230736,0.600753407047841
KCNN4,PLCB1,0.7084397123255105,0.5094303557614869,0.6007501100170938
CA2,FREM3,0.6583705355531532,0.5479788085719214,0.6006439058804098
SLC13A2,HID1,0.7716452743465679,0.4675348130446576,0.6006421805687777
SLCO1A2,RASAL1,0.6128785260880382,0.5886421205161719,0.600638090046984
GALNT13,P4HB,0.6565130982107034,0.5494418652124554,0.6005961881474914
TCN1,HID1,0.6954240695126593,0.5186569315010329,0.6005718225036842
TMPRSS5,CD46,0.5960701203497449,0.6049873719822575,0.6005121944036941
NPY1R,PLCB1,0.6047631080966519,0.5960892884176227,0.6004105351895177
ALDH1L2,LDLRAD3,0.5841012495607886,0.6171389324400279,0.6003928893573203
CCL28,GATM,0.7833861306760297,0.46013798906232184,0.6003879735875641
RNF128,CES3,0.627737092183421,0.5742102764225897,0.6003774556255047
AZGP1,DYNC1I1,0.6874353174488328,0.5242739686868225,0.6003369404712534
ODAM,MPO,0.7105803313471788,0.5071419636666403,0.6003041767156881
LYZ,ELF5,0.5772860537364702,0.6241725348689013,0.6002716880756225
GNPTAB,ALDH18A1,0.6148372995744971,0.586001090632584,0.6002460563071181
KCNN4,NDRG2,0.8292200761635783,0.43442081824690787,0.6001920226008881
ATP6V0E2,CRISP3,0.6969141160498109,0.5168849485387271,0.6001869850390952
ROPN1,TNFRSF11A,0.6231908770157991,0.5779434485741791,0.6001408872777109
CHRM3,CLDN10-AS1,0.6989517138520672,0.5152291866700791,0.6001002608311868
CA2,GLYATL2,0.6367603380374648,0.565535593826394,0.6000921894985078
MPO,FREM3,0.5794488517828997,0.6213738870549139,0.6000453194399962
MCFD2,PLA2R1,0.7063251831956595,0.5097283459135544,0.6000283054218458
ADGRG6,DLX6-AS1,0.6015714047869742,0.5983684435552736,0.5999677867767079
MCFD2,LDLRAD3,0.6981325774555255,0.515481960910964,0.5998956159221367
PHLDA1,SERP1,0.5541409822686937,0.649356279693378,0.599862423120196
CHPT1,SERP1,0.5906456460918589,0.6091778850643281,0.5998401999772041
CCL28,TMED3,0.6319139280612074,0.5691353571514057,0.5997037261315482
F5,CEACAM1,0.6738448354616852,0.5336450281622457,0.5996615263604418
NDRG2,BARX2,0.7217806587816665,0.4981050060812072,0.5996020008570183
RNF128,ITGA6,0.6526452224234554,0.550830331348789,0.5995805067884679
MANSC1,ACVR1C,0.6552766768687601,0.5485756717997927,0.5995572059678841
SLC22A3,CBS,0.6461992113606649,0.5562224746978491,0.5995252492521291
NRG3,AGFG2,0.6323702287108752,0.5683402325943004,0.599500994887623
BPIFB2,CES3,0.550679393697159,0.6526128201346807,0.5994834710905372
CA2,GPAT2,0.6499996958647446,0.5528150415074378,0.5994410803817926
TCN1,PTH2R,0.6285463527556127,0.5716232689280007,0.5994094767643698
SLITRK5,ALDH9A1,0.6053766467456271,0.5934740987284004,0.5993958289966508
TCN1,RASAL1,0.804602419156169,0.4464579261723113,0.599350588094888
NRG3,DAPK1,0.5654372063468547,0.6352854267172581,0.5993446562003167
SLAIN1,GNPTAB,0.6580034067039655,0.5458739301913825,0.5993220383873868
TBX3,SOD3,0.5646616713103104,0.6360735886319377,0.5993049104030909
SLCO1A2,CLDN10-AS1,0.6668724860805503,0.538467795468801,0.5992406506893475
ADGRG2,P4HB,0.5924232348513842,0.6061180443337304,0.599231518301552
MGAM2,ATP6V0E2,0.642748742949441,0.5585340919163049,0.5991636550005452
SLCO1A2,C2orf88,0.6694220934448344,0.5361610008820259,0.5990976711972126
CHRM3,CHDH,0.5670748572709537,0.6329047010524411,0.5990862567405705
TBC1D24,SERP1,0.7443254579647257,0.48210697976822964,0.59903630816836
CCDC129,ALDH18A1,0.6714415104625053,0.5342990153645435,0.5989578765781434
CHRM1,IRX2,0.5688796504581207,0.6306162814189505,0.5989530613886304
HP,FAHD2A,0.5999987373604401,0.5975761420883654,0.5987862145455105
ATP2A3,SSR3,0.6867760970717153,0.5219685346422082,0.598728246382128
HP,CCL28,0.7336250233645081,0.48847705027427935,0.5986309275509362
KIAA1324,GNPTAB,0.5824999029325494,0.6151601155136249,0.5986073066499125
FDCSP,CHPT1,0.6306400786602752,0.5681474631458789,0.5985787841620791
ADGRG2,ITPR2,0.5970705062289511,0.6000582952549891,0.5985625365112469
SRPRA,SOX9,0.5877991693538589,0.6093734895832276,0.5984891235463544
MGAM2,SLC25A48,0.6182413717747403,0.5793627968604462,0.5984864662515372
BPIFB2,FDCSP,0.6234290568702247,0.5744638510075996,0.5984458679276723
TCN1,SLC25A48,0.7066558196836442,0.5067315042125485,0.5984018436375714
ANO1,SLC5A1,0.6359603269816266,0.5630568778392017,0.5983993951700424
MPO,PIGR,0.6918375736399617,0.5175661368219884,0.5983909259816135
HP,PPP1R1B,0.6776854681856138,0.5282883430069262,0.5983421538448139
SLC12A2,FBP1,0.5817403118617164,0.6153207648914236,0.5982949888332064
FOLH1,PLA2R1,0.5606683464455574,0.6384411221961582,0.5982923434948555
NDRG2,PYCR1,0.7579772819707606,0.4721589763967368,0.5982355535968212
SLC22A3,RAPGEF3,0.7149029271868723,0.5006015036662158,0.5982319619722165
SLITRK5,ROPN1,0.6444750749150288,0.5552713901620158,0.5982128139490471
CHRM1,PIP,0.8103456155180094,0.4415453266073795,0.598167467745244
GALNT6,SLITRK5,0.7283825042906326,0.4912255861310051,0.5981639596279061
PLCB1,CEP85L,0.6827664456811697,0.5239768867421506,0.5981252683008995
SRPRA,LONRF3,0.5691917524509755,0.6284533873118088,0.5980890275349984
SLC13A2,PART1,0.7946034909602816,0.4500505270960472,0.5980064547636872
ACSL1,RASAL1,0.688090233983902,0.5197142009496933,0.5980052392213894
OXR1,FAM171B,0.597793865367724,0.59809390289208,0.5979438653107202
PHLDA1,ROPN1,0.6827852389081053,0.5236403932326967,0.5979414110055609
SNPH,CBS,0.6186457034335918,0.5779013880238965,0.5979265930775219
KCNN4,SRPRA,0.7959218681882775,0.44916162850868685,0.5979109987959104
ACSL1,C6orf58,0.6522651275666965,0.5479982600661667,0.5978629901644573
TCN1,TUSC8,0.7761962921881771,0.4604818164370993,0.597849712334591
MYBPC1,TMED3,0.644375613823661,0.5546315478569569,0.5978219167078888
ACSL1,ATP6V0E2,0.6099052428527891,0.5859570169581452,0.5978112216487353
EGF,KANK4,0.551358236328442,0.6480809999235264,0.5977665071880565
CEACAM1,ST3GAL1,0.6640894405913882,0.5380490671743484,0.5977563918776037
ADGRG6,DYNC1I1,0.6130395254106838,0.5828458576276939,0.5977520789990316
SNPH,ALDH18A1,0.5888023917478452,0.6067649283155316,0.5977161876851713
CA2,RASAL1,0.7555194705414605,0.4728562403413561,0.5977056937531439
P4HB,LDLRAD3,0.5769627248958462,0.6191611841655996,0.5976896552274626
ROPN1,ST3GAL6,0.6242914837196355,0.5722116248336135,0.5976845692077051
PHLDA1,CEACAM1,0.753303704214722,0.4741742515896621,0.5976597863046634
SLC12A2,GLYATL2,0.6276510317345995,0.5690732037573979,0.5976448640044059
SLC13A2,FOLR1,0.7040564889330022,0.5071273208573882,0.5975334977763613
SLC31A2,DLK1,0.7483409069568957,0.4771079639835816,0.5975277453673857
PART1,OGFRL1,0.5719072603975713,0.6242380515492316,0.5975000199978565
ROPN1,IRX2,0.5954516102377037,0.5994900660475758,0.5974674260154577
PLA2R1,ALDH18A1,0.6104468734333677,0.5846990167827932,0.5974342530309259
MCFD2,ADGRG2,0.6415610491863133,0.5561245488903254,0.5973172097506837
SLC13A2,ACVR1C,0.55082696387648,0.647730233748851,0.5973167317821276
TMPRSS5,KIAA1324,0.7169992642964912,0.49759559731025566,0.5973070208767234
PYCR1,CBS,0.5598151485904715,0.6369273294078069,0.5971277648491683
SLC39A8,SLC31A2,0.6794303496123724,0.5247589347463537,0.5971073157288656
CHRM3,SOX9,0.608068175700517,0.5862698791691677,0.5970695569986452
PLCB1,C2orf88,0.6894645209697974,0.5169222512500171,0.596992087331752
SLC31A2,TECPR1,0.5713746522890979,0.6235190240009276,0.5968776805461632
SLC25A48,TNFRSF11A,0.5537078375056315,0.6433530287354106,0.596849741805911
DEPTOR,ALDH18A1,0.7154894352738111,0.4977366318814472,0.5967623493987749
ZG16B,SNPH,0.5572092521142132,0.6390672838847087,0.596736292933537
NRG3,C3orf70,0.562716200919824,0.6323063393727238,0.5964972934635496
TMPRSS5,TMEM63A,0.6530571669712225,0.5447148327642262,0.5964309897148276
GALNT13,PIP,0.6963707176395895,0.510678564392139,0.5963401700111347
EPHA7,SERP1,0.550260333078743,0.6462140939217641,0.5963103072742982
RNF128,GPAT2,0.6084104571429397,0.5843306102110759,0.5962489863145544
ANO1,KIRREL3,0.5732487437371109,0.6198860153032683,0.5961114656947994
MPO,SSR3,0.5652372208397879,0.628509858847246,0.5960345341381024
FAHD2A,BPIFB2,0.7144149363113242,0.49723914655589985,0.5960160008072186
ANO1,ABCA3,0.5858881109163137,0.6061916828684332,0.5959534377188938
DLX6-AS1,ID4,0.5502982527132461,0.6453424378512997,0.5959285325869846
LYZ,ROPN1,0.740488710536993,0.47958301666465813,0.5959243321139471
RTN1,ACSL1,0.6468713260400426,0.5489516855382444,0.5959036035769885
AZGP1,SSR3,0.6678607543672366,0.5316939787541206,0.5959006139812615
ANO5,CD46,0.6123739965985642,0.5798375781425977,0.595883759726018
SLC22A3,ATP6V0E2,0.6222929026734161,0.5705818287402634,0.5958766839032087
FDCSP,ID4,0.5772972335230321,0.6149837631586329,0.5958426177549424
CHRM1,CADM1,0.7590595132374793,0.4677017002595109,0.5958300302429593
ALDH1L2,ACVR1C,0.6233610679035921,0.5694671757192902,0.5958050577096667
CHRM3,PHLDA1,0.7486134357653067,0.47411240391173154,0.5957574301939592
ADGRG2,SOX8,0.5600578092944373,0.6336478839599458,0.59571758892504
CHRM1,SNPH,0.6196674660953795,0.5726617511040255,0.5957011467475738
RTN1,ALDH9A1,0.5781513881609393,0.6136967884118186,0.5956590049098588
ATP2A3,SLC12A2,0.6472949573110965,0.5480172575537883,0.5955911410808791
PYCR1,GPD1,0.7094734473342675,0.49985724226188144,0.595512754559075
BHLHA15,LDLRAD3,0.5570474129224326,0.6366136654371988,0.5955031447128207
EGF,SNPH,0.6389192116656621,0.5549784998976087,0.5954715993613565
PIP,PLA2R1,0.5844658297447922,0.6066286179745296,0.5954441187478637
PKDCC,OXR1,0.5763346397413391,0.6150373004176949,0.5953715654645576
PHLDA1,ID4,0.5997275538317546,0.5908263685554613,0.5952603235165818
CCL28,FBP1,0.6310700350378717,0.561345491774697,0.5951876335766809
LYZ,PYCR1,0.7624206062465325,0.4645806526301292,0.5951519661638301
SLC13A2,CES3,0.6345145514937857,0.5579852302663515,0.5950207963782533
RTN1,PART1,0.5588885309114036,0.6334744718729408,0.595013963663833
CBS,TMEM63A,0.6532347372506342,0.541887159263838,0.5949617770085788
TCN1,IRX2,0.5761614771573857,0.6143255890479651,0.5949375923922245
SLC22A3,FOLR1,0.5661775860632675,0.6251562893727945,0.5949365334465168
SLITRK5,SLC31A2,0.6033345683161958,0.5866370058862856,0.5949272095850952
MCFD2,AACS,0.6791423219143884,0.5211193178635976,0.5949068696261003
LIMCH1,CEP85L,0.5527934051189534,0.64006383232368,0.5948302828233394
GPD1,TNFSF13,0.6371143836644536,0.5553393651666009,0.5948232488418117
NRG3,TNFSF13,0.5931238200257873,0.5963688125178588,0.5947441031442304
KCNMA1,GALNT13,0.7273748912476361,0.48624416046357627,0.5947115211066555
TUSC8,GLYATL2,0.6158174645007748,0.5742411129553688,0.5946660459386245
SMAD9,ALDH18A1,0.5709820166350364,0.6191870916161755,0.5945962447286284
C6orf58,ALDH18A1,0.5893873245072649,0.5995770361234699,0.5944603478423163
BPIFB2,CHPT1,0.5721402019294435,0.617619713842473,0.5944451764405508
TMPRSS5,OXR1,0.6059720405362556,0.5831184893412252,0.5944354471770009
RNF128,MUC7,0.677557644101355,0.5214257350647912,0.5943870730629303
SNPH,TNFSF13,0.6302726905278181,0.5605014019741805,0.59436413642386
KANK4,ALDH9A1,0.6377843159137907,0.5538873558701491,0.5943573574516777
CHRM1,TTYH1,0.6292977276628402,0.5612183064443932,0.594283943051
KCNMA1,P4HB,0.6065273674021459,0.5822311361495095,0.5942550952480949
SLC5A1,GLYATL2,0.7513933213406571,0.46993104765378046,0.5942247476314569
GALNT13,SAP30BP,0.6345379095193602,0.5564561907687029,0.594215910279655
CHI3L2,BHLHA15,0.6242138641678687,0.5656022228412919,0.594185786687715
EGF,CRISP3,0.7191831092648179,0.49090191158215846,0.5941787299421778
PART1,CADPS2,0.6426279446823234,0.5493720422000017,0.5941732292395188
DEPTOR,SERP1,0.7098108019671681,0.49727203903880046,0.5941119968709434
SLC13A2,TNFRSF11A,0.6707789619241193,0.5261531660611387,0.5940812019779614
ID4,SOX9,0.6003119977594523,0.5879150727300155,0.5940811996886026
KCNMA1,FAM171B,0.6065596954528791,0.5818416805257999,0.594072144222838
RTN1,LRP6,0.5795527306865562,0.6088909688331104,0.5940407592729744
ACSL1,CDC42EP1,0.6153080633225992,0.5735070721806979,0.5940400036069282
F5,TMEM63A,0.5911183237746432,0.5969565607029462,0.5940302698760406
PADI2,GALNT6,0.7931628187592319,0.44479419510994317,0.593964828555653
SLC25A48,KIAA1324,0.6444238203517918,0.5473507959705841,0.5939073084345384
SLCO1A2,EGF,0.7123635046218498,0.4950220208945458,0.5938313074177121
OXR1,IRX2,0.5976956405332409,0.5899853132746506,0.5938279630691848
ARHGEF37,PRSS8,0.5791031078745347,0.6087470330311755,0.5937400935912579
HID1,ARHGEF37,0.7178791867306715,0.4910150769113512,0.5937082651316377
ALDH9A1,FAM171B,0.5926611003378308,0.5944544292311625,0.593557087506196
C6orf58,BHLHA15,0.5795326978514436,0.6079032407348559,0.5935484859181317
ANO1,EPHA7,0.5764014873770493,0.6110941146422099,0.5934943610575679
GALNT13,FREM3,0.592209227888418,0.5947616434480358,0.5934840635130887
CA2,SSR3,0.6574051894547767,0.5357604057670333,0.593474237903925
FAHD2A,OGFRL1,0.611296164507969,0.5761664599286302,0.5934714374529798
SLITRK5,FOLR1,0.6279992302989039,0.560679633629716,0.5933855225430875
GRIA2,ADGRG2,0.6412156583890238,0.5490595697897452,0.5933511553351234
ACSL1,CD46,0.7253939648560179,0.4852709183760668,0.5933064937366994
HP,CHPT1,0.5539942720243165,0.6353080894744986,0.5932596754706864
AIF1L,TRIL,0.6643096782384048,0.5297837319645529,0.5932456999568673
AZGP1,AACS,0.6244078863213666,0.5635681285825395,0.5932085501459935
SLC13A2,ABCA3,0.7118198203513703,0.4943361415726326,0.5931932766707837
CHRM1,CEACAM1,0.6916505141413994,0.5087397388806337,0.5931863973161823
TMPRSS5,PIGR,0.6491930631455253,0.5419635936278946,0.5931601853299406
EGF,SLC25A48,0.6975318685730342,0.5042762876306962,0.593084126568999
ANO1,RDH11,0.7452970190042256,0.47189954844195875,0.5930474911195831
CHRM1,GPAT2,0.7364560785185945,0.4775525937999032,0.5930400581042229
GALNT13,MPO,0.7182415648322619,0.4894769753017541,0.5929272372644845
ST3GAL5,LRP6,0.559543826213346,0.6282797241755631,0.5929165546663883
SLC5A1,SERP1,0.6391202480730298,0.5499329346623641,0.5928518142208383
KCNMA1,ALDH9A1,0.6434244058882694,0.5461956381993114,0.5928200435268329
PHLDA1,SOX9,0.6034836671553567,0.5823398583080496,0.592817504146489
CLDN10-AS1,ST3GAL6,0.636056430714701,0.5524606709270923,0.5927867765564068
GP2,FOLR1,0.636619234659559,0.5518179387819158,0.592703900660995
TUSC8,MCFD2,0.7315494722846214,0.4801591931780672,0.5926720884114796
GALNT13,PRSS8,0.6705605177658157,0.5238286806743988,0.5926709300561391
ROPN1,ID2,0.5631340139463967,0.623744922640491,0.5926651516372667
PLCB1,NPY5R,0.5589793193367071,0.6283734532847032,0.5926615941718676
HP,SLCO1A2,0.6619680761666914,0.5305880793463287,0.5926486059393619
PLCB1,SLC5A1,0.778455879471621,0.45107199418881316,0.5925703721426431
SLC39A8,BHLHA15,0.7169636620829201,0.48968885804682666,0.5925277351706467
DLX6-AS1,KANK4,0.6029193079476404,0.582007099765775,0.592370929242307
TUSC8,CRISP2,0.5791818863119255,0.6058390501100561,0.5923605353534007
SLC25A48,CRISP2,0.5859850310827418,0.5986893611555268,0.5923031351475596
FAHD2A,SLAIN1,0.63233680679777,0.5547706539655358,0.5922853229936376
SMAD9,KANK4,0.7100148486081794,0.4940459447696196,0.5922667951870055
DEPTOR,GPD1,0.7112239616467315,0.4931786705040419,0.5922503590843595
KIAA1324,TECPR1,0.5953106966107087,0.589147415829835,0.5922210385692642
SLC13A2,GPD1,0.7625206951711255,0.4598893528561615,0.5921783084862863
KANK4,FDCSP,0.746551807013902,0.4695686390413477,0.5920788089379461
HID1,SEC63,0.7630217417409105,0.459356089654366,0.5920292928625814
PIGR,CD46,0.7718797569623059,0.45403443275145433,0.5919966111429279
TMPRSS5,ABCA3,0.629819076857468,0.5563094696526385,0.5919242490586886
SLCO1A2,DLX6-AS1,0.6568041001023265,0.5333711217928513,0.5918786528248186
NRG3,TRIL,0.5601696338259533,0.6253715347689666,0.5918734185927819
CADM1,ATP6V0E2,0.6616414627611625,0.5294528766814242,0.5918682081262711
ATP2A3,CDC42EP1,0.5692139835622534,0.6153912632866587,0.5918524414284413
CHRM1,ALDH9A1,0.5899509635522283,0.593494365143212,0.5917200119812207
F5,ZG16B,0.6741644215539924,0.5192577758654168,0.5916630105927878
C6orf58,CES3,0.5922005715197799,0.5909103026763127,0.5915550853148323
RNF128,CRISP2,0.5972173638678302,0.5859097096244876,0.5915365181005331
PYCR1,CD46,0.5580034740106516,0.6270590271601636,0.5915243998053764
AZGP1,PRSS8,0.6932308689983271,0.5046682731237442,0.591482565705413
CCDC129,ACSL1,0.7083754204833197,0.4938621660050485,0.5914725855900925
GALNT13,CES3,0.5909273676614212,0.59200729384964,0.5914670842835882
PKDCC,P4HB,0.6542746345545062,0.5346744785265652,0.591459169379924
TBC1D24,ANO5,0.6232784951128106,0.5612525345939663,0.5914529864156389
ATP6V0E2,ANO5,0.6630879946228965,0.5274550225446499,0.5913958853026512
ROPN1,ATP6V0E2,0.6140200570003891,0.5695704197064054,0.591377765538968
ALDH18A1,CES3,0.5735399615299508,0.6095777659384553,0.5912843718768956
CA2,FOLH1,0.7420757999828227,0.47111953369770543,0.59127523612634
LPO,MCFD2,0.5806384641262297,0.6020120548676383,0.5912286824265387
SEC63,BHLHA15,0.5500565772150898,0.6354796528088578,0.5912273358986998
TBC1D24,TNFSF13,0.6148367318357866,0.5684439757461274,0.5911854499896713
TMED3,PRSS8,0.8342668358409655,0.41888717576353474,0.5911545303037121
CLDN10-AS1,PRSS8,0.6306037516911162,0.5540575470852752,0.591092858901841
ATP2A3,AIF1L,0.6477095496491287,0.5394234592528531,0.5910919774982913
NDRG2,GPAT2,0.7045238485326775,0.49587465902003797,0.5910630449982694
F5,RNF128,0.6411793515583208,0.544845861091724,0.5910532259568732
MPO,BHLHA15,0.5877741114140026,0.5943490316238648,0.5910524290894082
MANSC1,SOX9,0.6727684006152117,0.5190941989795034,0.5909569984491891
GALNT13,EPHA7,0.5951207679201692,0.5868196953515776,0.5909556563129849
SLC39A8,KIAA1324,0.6113280619077687,0.57117515441663,0.5909106532796552
PIGR,AGFG2,0.7245397425525614,0.4818862041666145,0.5908855272440762
PHLDA1,DLK1,0.6667407991262969,0.5236177902742727,0.5908615268607479
GALNT13,LPO,0.748412071259197,0.4664530029665583,0.5908460527880967
LTF,MGLL,0.569790685442106,0.6126604611284343,0.5908368845033689
SLC13A2,FAM171B,0.6172634555862537,0.5653628161170935,0.5907434346113487
MANSC1,ST3GAL6,0.7112621193602067,0.4906391550201054,0.5907394055255677
MPO,SLC12A2,0.6897641248033147,0.505897331136926,0.59071975576579
CHRM3,MGLL,0.6001094800451278,0.5814338341052354,0.5906978549694741
ZG16B,TNFSF13,0.5898138482362449,0.5915159150896636,0.5906642685756591
LYZ,KANK4,0.6549345383717705,0.5326997002606183,0.5906635525245896
FAHD2A,CSN3,0.5924107131182402,0.5887437703083257,0.5905743956626266
DMBT1,LPO,0.8361480863932353,0.41708282110101647,0.5905446661609154
SAP30BP,KIRREL3,0.647088022043033,0.5388961545831504,0.5905194719531333
MANSC1,PRSS8,0.6666375624213584,0.5230355339886639,0.5904872000627587
SLC12A2,OXR1,0.7707991995059295,0.45215328175799024,0.5903553062631333
ODAM,DLX6-AS1,0.7175884422154856,0.48548777328399395,0.5902375919454182
TNFSF13,FAM171B,0.6066659031065569,0.5741078544779569,0.5901624013925637
RTN1,ARHGEF37,0.5970465429351057,0.5833153669218041,0.5901410198093214
SLCO1A2,SLC31A2,0.5867444655208609,0.5935006748477505,0.5901129012738271
RTN1,GALNT6,0.6529439172017311,0.5332717145458016,0.590081792829112
HID1,SNPH,0.6685170397842104,0.5208273227941209,0.5900694366539087
CHRM1,ANO5,0.6362447813346032,0.5471583736560167,0.5900225926201211
PHLDA1,IRX2,0.6263320784478582,0.5557194257846237,0.5899702560176519
CCDC129,NPY5R,0.5934157505028966,0.5863496281467098,0.5898721087183002
PLCB1,CHRM1,0.667108860826831,0.5215774715890944,0.5898719800980036
ST3GAL4,PLIN2,0.6274152774171184,0.5545651445865654,0.5898666324150268
MPO,GATM,0.7077637828691753,0.4915873305549945,0.589853972339055
ODAM,PRSS8,0.589355040935781,0.5903198336779931,0.5898372400438082
SLC25A48,GP2,0.649860364877827,0.535328458508821,0.5898209451825419
ADGRG2,FBP1,0.5744928738279792,0.6054899383097848,0.589787804836209
KCNMA1,SOX8,0.6247692074825947,0.5567177111848319,0.5897627346725728
C10orf90,AACS,0.6461894605641717,0.5382507207701506,0.5897558332926773
PLCB1,CCL28,0.6740748633014119,0.5159024563831767,0.5897091467523227
LYZ,GALNT6,0.7312246801932788,0.4755415431442951,0.5896844179765186
GALNT6,CRISP3,0.6532879058209421,0.5320341888913319,0.5895519494378436
ZG16B,ATP6V0E2,0.6372076736968831,0.5454326877448676,0.5895370167480118
MPO,SLC31A2,0.5713048080401445,0.6082545529746698,0.5894902464220572
ANO1,ZG16B,0.5839052505674216,0.5950931207211628,0.589472643780557
NDRG2,FAM171B,0.6020943533379188,0.5771064437052104,0.5894680067907287
ADGRG6,FDCSP,0.5653137244692482,0.6146534225221457,0.5894675695437067
TCN1,LINC01554,0.6430195600801251,0.540145042876128,0.5893418599163546
SLC13A2,C3orf70,0.5591725413429112,0.6210075610786797,0.5892795398802918
ACSL1,ITGA6,0.5685937132297221,0.6107155282699103,0.5892783806878032
PLCB1,BPIFB2,0.6203934185113159,0.5596996280854005,0.5892656154973016
SLC31A2,ELF5,0.5846959214530891,0.5937475771664206,0.5892043675515818
AGFG2,TMEM63A,0.7122571043980679,0.4873331978256717,0.589157476707513
OXGR1,GLYATL2,0.5595194265914029,0.62036497098404,0.5891572394890708
DMBT1,SLC22A3,0.7650943198562601,0.45365152564229877,0.5891402256365197
RNF128,EPHA7,0.5695341191428475,0.6093350884201462,0.5890985680225314
C2orf88,KIRREL3,0.5663286300182897,0.6127035276016192,0.5890598860845969
LIMCH1,NPY5R,0.5997822331035476,0.5785087693840874,0.5890494729402388
CADM1,SLITRK5,0.7356028567995238,0.47160330668730305,0.588992987798057
SRPRA,CHPT1,0.5733646169917647,0.6049964543639598,0.5889682167466826
LRP6,ITPR2,0.6778105831564917,0.5117433068693323,0.5889524847180234
SLITRK5,TTYH1,0.5786763862882532,0.599315570682759,0.5889055685667959
C6orf58,PYCR1,0.7248235551858137,0.4784300741953644,0.588878075059767
EGF,ITGA6,0.6065028711202678,0.5716502354295918,0.5888187404156091
ELF5,ALDH9A1,0.5609592563699685,0.6180317726815703,0.5888044188153373
GALNT6,ARHGEF37,0.5670194152724508,0.6113141419852376,0.5887503607950058
ST3GAL6,FAM171B,0.6595441068465645,0.5254590004451233,0.5886963454388582
TBC1D24,KIAA1324,0.7360598366299749,0.47077485204620334,0.5886581866300926
SLC37A2,SLC31A2,0.6258406802367985,0.5534758703040401,0.5885471222984057
HID1,P4HB,0.7330042333735939,0.4725580344354875,0.5885465485039538
SSR3,SMPDL3B,0.664567100313168,0.5211609404835634,0.5885120347228638
TUSC8,CHPT1,0.6147010304176939,0.5633928334667748,0.5884880247396465
CHRM3,PYCR1,0.6833249591049452,0.5064910976375296,0.5883009506878123
CHI3L2,MCFD2,0.6130788070583237,0.5645157130891679,0.5882963708424402
KCNMA1,ACSL1,0.7188693433509341,0.481412277902883,0.5882792942957646
SLC39A8,C6orf58,0.6685378023989567,0.5175585285884141,0.5882239720678986
PADI2,KANK4,0.6474918569483634,0.5343802418167425,0.5882234737669333
TMPRSS5,ACSL1,0.6331681782858207,0.5464364831863384,0.588205910041717
PHLDA1,SLC39A8,0.8286744671821621,0.41741977017624404,0.5881369786385647
SEC63,IRX2,0.6065873199755436,0.5702311932404032,0.5881283969288955
SRPRA,BHLHA15,0.622689894152561,0.5554028085675489,0.5880847864712725
TBCD,CAMKK1,0.5974125910358805,0.5788873707730288,0.5880770392486545
FOLH1,NRG3,0.7124662584790264,0.4853637736131988,0.5880521335625414
LIMCH1,FAM171B,0.5883881012859002,0.5876572526840429,0.5880225634392379
ARHGEF37,ELF5,0.599620141034475,0.5766079764562854,0.5880014933351114
SLC39A8,PYCR1,0.7703657725733688,0.44877487267018,0.587980273050107
SLC12A2,ROPN1,0.6915472545570737,0.49992171487740084,0.5879791572980548
TNFSF13,ALDH9A1,0.5712805503035672,0.605035977762733,0.5879160538118949
SAP30BP,RASAL1,0.5516340780718431,0.6265781862255255,0.5879131569359929
ADGRG2,CEP85L,0.5926399979307289,0.5831559402328875,0.5878788439916092
HID1,PYCR1,0.7123813705055793,0.48512462489166636,0.5878722183828134
SAP30BP,PTH2R,0.6369832044717123,0.5424109661508636,0.5877981586900172
ATP2A3,PLA2R1,0.6278716435586769,0.5502622682020268,0.5877874400872581
SLC25A48,GNPTAB,0.6258549757040776,0.5520243436540394,0.5877815769362444
PIGR,CRISP2,0.5735199268790778,0.6021603232844108,0.5876656741545802
FAHD2A,FOLR1,0.6646894189940423,0.5195591274972545,0.5876610031210184
SEC63,TNFSF13,0.5547338302393363,0.6225121142685243,0.5876466025755325
ADGRG2,CLDN10-AS1,0.6155800523222854,0.5608494941712883,0.5875778765124576
ZG16B,GPAT2,0.6614064574160841,0.5219354553076913,0.5875470027962962
GLYATL2,CD46,0.62843584499742,0.5493089825953549,0.5875418747987117
SLC5A1,C6orf58,0.6396738472722688,0.5396257438415574,0.5875240213389482
SLC5A1,CRISP3,0.6817790148648845,0.5061907760776134,0.5874608486085575
CHRM1,CEP85L,0.6109779133749174,0.5648227171470097,0.587447193498472
NPY1R,MCFD2,0.5607630545502831,0.6152433075167284,0.5873718723387252
SLITRK5,PTH2R,0.6216737280715523,0.5549012652013885,0.5873393722962631
CHDH,AACS,0.6716931759775991,0.5134547299326776,0.587268284746589
KCNMA1,SOX9,0.6369848986670444,0.5414180804443708,0.5872607096582941
GRIA2,MATN4,0.5516863770367791,0.6251161029763814,0.5872546620320609
ANO1,FREM3,0.6816335582035663,0.5058868893361911,0.5872218323825859
LTF,PART1,0.6584059236496417,0.5236493042991647,0.587174423715461
MGLL,MAPT,0.5897579376266247,0.5845386896652218,0.587142514284165
SLC22A3,MCFD2,0.6015025942174976,0.5731095563017455,0.5871344691689792
NDRG2,FBP1,0.6537887665367993,0.5272046207161029,0.5870949315830294
MGAM2,ELF5,0.6325142565609982,0.5447065949991783,0.5869707718275059
ATP2A3,SLC43A1,0.6194596044649509,0.55611071630793,0.5869311069987948
CA2,KCNMA1,0.6548621452737757,0.5258807512050722,0.5868384759815415
GNPTAB,IRX2,0.6328248203738053,0.5441818705081456,0.5868319984927531
RAPGEF3,KANK4,0.6649834138342375,0.5178646085813816,0.5868316413745754
SLAIN1,SSR3,0.55132008003515,0.6245829441496773,0.5868092694881274
ADGRG6,MPO,0.6220352999520077,0.5535050026526855,0.5867705261428867
GRIA2,SAP30BP,0.6551813756984675,0.5253968934023135,0.5867113936229881
SLC22A3,GPAT2,0.6333179400463738,0.5435210117123417,0.5867040203625514
LIMCH1,DAPK1,0.598721961300076,0.5746675007859856,0.5865714390984259
ODAM,GNPTAB,0.6179188039360941,0.556795323158603,0.5865614205889907
GALNT13,ACSL1,0.7096501504016643,0.48479633269234595,0.5865456422217273
SAP30BP,HID1,0.5953126755534225,0.5778990510900751,0.586541243480982
AZGP1,ATP2A3,0.7546243319593421,0.4558898996021345,0.5865369646785037
PHLDA1,SRPRA,0.7306859079550716,0.47079445614610516,0.5865175825577021
LTF,MCFD2,0.6903470367283383,0.49826886868296544,0.5864967493424552
TBCD,TMEM63A,0.6401266938390862,0.5373180675259202,0.5864739023224939
ATP2A3,C3orf70,0.5869395136907819,0.5859216611073532,0.5864303665664364
HP,AZGP1,0.7805294560280492,0.4404433105283786,0.5863266816186251
AIF1L,ATP6V0E2,0.6337193108134379,0.5424630249975084,0.5863184240182068
SLITRK5,KIRREL3,0.625235724422363,0.5497254984592111,0.5862661684444954
SNPH,BHLHA15,0.5652414682951455,0.6080438857606987,0.5862521801880681
LYZ,GPAT2,0.680455573573987,0.5050571759437008,0.5862328635827482
GALNT13,GATM,0.6786144369250434,0.5064125474844047,0.586224245287506
RAPGEF3,LRP6,0.6437883748212241,0.5337819140750608,0.5862103640941072
RNF128,DEPTOR,0.7146071958585454,0.48078614334080355,0.5861512071986342
MUC7,LIMCH1,0.5508953010117195,0.6236437154824916,0.5861419558134312
GNPTAB,SEC63,0.7294232421447934,0.4709090202473066,0.5860818921482036
PLCB1,OGFRL1,0.7361659588313413,0.4665501433088915,0.5860531832452494
LPO,ROPN1,0.731441313759097,0.46954958093366894,0.5860443348016908
CA2,TMPRSS5,0.6337908509179117,0.541886983724864,0.5860401116957116
MGAM2,MPO,0.683144278612915,0.5027327589942069,0.586036695078199
SMAD9,GPAT2,0.5743299189741072,0.5979141799820321,0.5860034151287433
SLC5A1,ZG16B,0.6413643503997469,0.5354124093359282,0.5859986622081154
SLC39A8,ADGRG2,0.6149979906634835,0.5583072682356446,0.5859674463122844
MPO,ROPN1,0.7060046989343436,0.4862874327425316,0.5859361847069575
SRPRA,GPD1,0.7482471082282269,0.4588232732456522,0.5859293365192332
ADGRG2,GLYATL2,0.587812492744743,0.5839847154617411,0.5858954781532245
KCNMA1,MAPT,0.5635628763177603,0.609110450246534,0.585894220261766
HP,SLC22A3,0.60350314260208,0.5687668576170039,0.5858776203097125
ST3GAL6,ITPR2,0.6220260821836662,0.5517798572506719,0.5858510585750426
ACSL1,ST3GAL6,0.6937144048471048,0.4946546042642494,0.5857892320639343
FBP1,PRSS8,0.5893983031801154,0.5822001541054812,0.5857881724147154
SLITRK5,C3orf70,0.6044894911614854,0.5674801857153959,0.5856925889127546
PPP1R1B,CADPS2,0.7298672720186149,0.46997130232617174,0.5856762521699499
OXR1,ALDH9A1,0.7009673283953561,0.489175344345707,0.5855731672838917
DMBT1,DYNC1I1,0.6860559262644125,0.49980121986642917,0.5855694568909364
SLC12A2,TNFRSF11A,0.6310570337246832,0.5432888043369019,0.5855307176576435
SLC39A8,FOLR1,0.584316241327497,0.5867444595159632,0.5855290916804231
ACSL1,ADGRG2,0.6585953090478776,0.5205546193384377,0.5855209905712165
MANSC1,CD46,0.6207596078902456,0.5522192391911461,0.5854873170186914
SLC5A1,SMPDL3B,0.6662137936595607,0.5144519078566993,0.5854356985943122
TCN1,TBC1D24,0.6807465270653423,0.5034504509424041,0.5854247569316847
PART1,DLK1,0.6239607470032257,0.5492356829940314,0.5854071293055652
GNPTAB,ST3GAL1,0.5852364965749467,0.5854912927225767,0.5853638807853602
NOSTRIN,RAPGEF3,0.6904541649367383,0.49616701272960456,0.5853038360060312
ANO1,DLK1,0.641580544385844,0.5338742644811422,0.5852549369628617
RTN1,OXGR1,0.6166650860670094,0.5553741121564513,0.5852177583364563
TUSC8,BPIFB2,0.6849346329974121,0.499971931157023,0.5851906451542462
C6orf58,TNFSF13,0.6054695903619997,0.5655147010543384,0.5851512235235085
SLITRK5,OXR1,0.7032302557702601,0.48676583323827277,0.5850713301883578
KCNMA1,OXGR1,0.6479473093478061,0.528264239428114,0.5850533245458158
CCDC129,ATP6V0E2,0.691010698631505,0.49520980902991796,0.5849745944115332
MPO,RASAL1,0.6599453795272938,0.5184952454390059,0.5849602905619681
PIGR,PRSS8,0.6349992137707435,0.5387829036302381,0.5849159941378929
FOLH1,PRSS8,0.6651423564297919,0.5143357762122143,0.58489871788707
ALDH1L2,SMPDL3B,0.5784201741606597,0.5914152697216236,0.5848816318826016
FAHD2A,NPY5R,0.5598698480337595,0.6109821851248952,0.5848679364926833
LTF,SERP1,0.6488510560786127,0.5271787131477222,0.5848593546897096
TCEAL2,RNASE1,0.559806487435229,0.6109795010574611,0.5848335561353385
DLX6-AS1,KIAA1324,0.6818823294403338,0.5015909700446024,0.584829906109674
SMAD9,SEC63,0.6278883060413133,0.5446507134082917,0.5847904016193538
MAPT,PLA2R1,0.603593906010506,0.5665531810600468,0.5847803412553393
SAP30BP,CEACAM1,0.6223393043108972,0.549473229072822,0.5847724233568494
GP2,BHLHA15,0.5762410654593764,0.5934176863458804,0.5847663121644305
DMBT1,BHLHA15,0.581930283083657,0.587483367148013,0.5847002327273209
GPD1,CEACAM1,0.6209869418518694,0.5504166398699295,0.5846379614233147
MGAM2,CHDH,0.6514047789194708,0.5246783676951522,0.5846178205565491
CA2,CBS,0.6641468779869363,0.5145199791881995,0.5845655120170417
SLC12A2,LINC01554,0.6863115655991776,0.4977952335334966,0.5845020325663396
SLC13A2,TMPRSS5,0.7815411852316051,0.43713792103077626,0.5845008887179494
TNFRSF11A,ELF5,0.631862947610635,0.5406719180209103,0.5844917037999667
TCN1,CBS,0.5793381432080625,0.5896336449213312,0.5844632246957254
CLDN10-AS1,SOX8,0.5931130413621816,0.5758588978135322,0.5844222978956721
SLC13A2,MCFD2,0.6898472373997463,0.49505175602120516,0.5843886431657631
TBC1D24,TMED3,0.6145510967150773,0.5555323026344801,0.5842970013996923
SLC22A3,TMPRSS5,0.6790976863950878,0.5026904815254671,0.58427385956996
DMBT1,GPAT2,0.7356814314484401,0.46394295338402664,0.5842210335617656
RNF128,DYNC1I1,0.6615659436857879,0.5159155388199645,0.5842192656028998
SLC43A1,ALDH1L2,0.6450227144839678,0.5291438540797508,0.584217258484401
CEACAM1,ANO5,0.5855719373200641,0.5827328687122227,0.5841506782259992
MCFD2,SOX9,0.5785160288746393,0.5898067457609212,0.5841341081986928
MPO,SLAIN1,0.6254715429927188,0.5452462447957702,0.5839828850603381
EGF,P4HB,0.6541461039858851,0.5212591794479068,0.5839346379542214
NPY1R,LYZ,0.6174763077779236,0.5522033343372106,0.5839284853723092
SLC37A2,TCN1,0.5920968111004874,0.5757525289222182,0.5838674818465972
SLC39A8,SLITRK5,0.6099284788280329,0.5588358028086916,0.5838234931224915
LYZ,ITGA6,0.5524005712124297,0.6169710913659842,0.5837937849036471
SLITRK5,C6orf58,0.6677756467026099,0.5103486769186384,0.5837794256165295
LRP6,TRIL,0.5748959851499839,0.5927875278491174,0.583773217788759
RTN1,ROPN1,0.6079468111049426,0.5604899545123841,0.5837363107621097
LPO,RASAL1,0.7015683982269271,0.48564486201689727,0.5837063370842668
FAHD2A,DAPK1,0.5814817663740321,0.5858996308750446,0.5836865188430468
RASAL1,LINC01554,0.5574432391037712,0.6111619629443195,0.5836849357664634
ANO1,AGFG2,0.7596187297648298,0.4483978536546712,0.5836192320532604
LRP6,ALDH9A1,0.7101762138074386,0.47955987553007945,0.5835854836250798
ODAM,C2orf88,0.6557828791107227,0.5193099388535053,0.5835705328854132
ZG16B,ADGRG2,0.5857223916210152,0.581374453697936,0.5835443731605303
SLCO1A2,ANO1,0.665454062053135,0.5115646664548211,0.5834576122523536
TMPRSS5,C2orf88,0.6265330313072672,0.5429788757317018,0.5832616916513506
GATM,C2orf88,0.685514667257101,0.49623083056926093,0.5832439564199545
DYNC1I1,AACS,0.5501191908590782,0.6183160144156745,0.5832216607307731
MGLL,EPHA7,0.5783449702883097,0.5880321566882558,0.5831684492395315
SLC25A48,KIRREL3,0.5825532805253444,0.5837500867309264,0.5831513766013551
DEPTOR,BHLHA15,0.6088551608864913,0.5584971084618052,0.5831327866165241
GALNT13,MUC7,0.7157249626530223,0.4749907182047797,0.583063216167551
CRISP3,TNFSF13,0.5566853360101534,0.6105952709661598,0.5830175242512075
PYCR1,SMPDL3B,0.6779447704858467,0.501367481596875,0.583008972692754
KCNMA1,MGAM2,0.7672930419320273,0.44295084171091315,0.5829863624157245
SLITRK5,ID2,0.5700214061422462,0.59605638435069,0.5828935566187393
SMAD9,LONRF3,0.5653930627646994,0.6007980418362006,0.5828267709850016
TCN1,TMED3,0.7405204636485637,0.45864325768071934,0.5827818784305274
FAHD2A,C3orf70,0.5680321904527711,0.5978376420216088,0.5827443910778156
NDRG2,C2orf88,0.6707244840456631,0.5062401631079465,0.5827071925107581
HID1,ATP6V0E2,0.7512644369936935,0.45192169440584523,0.5826771810471415
PLCB1,LIMCH1,0.6615458501412395,0.5132031482994891,0.5826726465494549
CADM1,PRSS8,0.602890109156819,0.5629776026174312,0.5825921629191964
GALNT13,TNFRSF11A,0.6844581086605057,0.4958267311621769,0.5825569728658173
RDH11,CEP85L,0.620515822525283,0.5468174253488628,0.5825022441686445
KCNMA1,CD46,0.6412160097283455,0.5291632603012444,0.5825014628867516
SLC13A2,TTYH1,0.6773639618293437,0.5009186309487538,0.5824982647301009
CADM1,ROPN1,0.6814279163175686,0.4978781636231917,0.5824672348018977
C2orf88,ELF5,0.5681465640331246,0.5970111029666207,0.5824000402130064
CHRM3,SLAIN1,0.6769796214411763,0.5009346021106382,0.5823422681753799
DMBT1,SLC31A2,0.5596320162744397,0.6059704944029979,0.582340527170803
MGLL,BHLHA15,0.5556935206830512,0.6102390227347518,0.5823279754585544
PYCR1,GNPTAB,0.5775765162259527,0.5870487763413716,0.5822933857549457
BPIFB2,SNPH,0.5735892895116242,0.591047568952448,0.5822529992563433
MCFD2,PRSS8,0.6531336467736704,0.5190526219809615,0.5822462811060803
ID4,OGFRL1,0.6318399620202869,0.5365342882147123,0.5822403320692972
PADI2,ELF5,0.7034184663718998,0.4819119503501581,0.5822248406256807
SLC5A1,SNPH,0.644850026810549,0.5256654992765373,0.5822159490273825
GALNT13,CADPS2,0.6658101069616134,0.5090501143035087,0.582177559730054
ADGRG2,TMEM63A,0.6466497553375383,0.5240460976664792,0.5821290929352531
ADGRG2,SERP1,0.6191198488874252,0.5470799336579318,0.5819862935290154
SLC22A3,C6orf58,0.6998776884887742,0.48387494454525,0.5819392388436815
FOLR1,DLK1,0.6139528071820509,0.5515792448482416,0.581930945867234
GRIA2,CCL28,0.7991822011562392,0.4235330369986007,0.5817903959081213
FAHD2A,EPHA7,0.6135174257576175,0.5516911849512622,0.5817835986038692
TUSC8,TMEM63A,0.6277153670632475,0.5391228469629875,0.5817350735287968
TNFRSF11A,GNPTAB,0.5504930840058678,0.6147298715229488,0.5817254874983552
TCN1,SEC63,0.6287400138874316,0.5381925163070596,0.581707117179266
DYNC1I1,FREM3,0.6080834142211127,0.5562742182753987,0.5816022058865362
SLAIN1,BHLHA15,0.5810802832641802,0.5821158280003252,0.58159782515669
BPIFB2,SAP30BP,0.6615870250525351,0.5112027437116864,0.5815540408344766
PPP1R1B,SSR3,0.5884982341582412,0.5745282880039606,0.5814713088057641
NRG3,GPAT2,0.6181300771708529,0.5469252166502436,0.5814386694869035
CES3,PRSS8,0.5706745570115105,0.5923997609470643,0.5814356982093468
SSR3,OXR1,0.5968130737510968,0.566402364992571,0.581408923590881
HID1,ELF5,0.6521931441428948,0.5182193728046758,0.5813597183373135
MPO,OGFRL1,0.5563128703528659,0.6074612670755573,0.5813247982969522
SLCO1A2,CRISP3,0.6980677753206032,0.4840709775007444,0.5813040085542284
DEPTOR,SLC12A2,0.827256862522044,0.4084700365904684,0.5812999577705948
LTF,ALDH18A1,0.6843061510245596,0.49372365209902025,0.5812556511877276
NRG3,GNPTAB,0.6142106579108211,0.5500330062856296,0.5812367285911682
SMAD9,KIAA1324,0.5729686006862448,0.5895105669647622,0.5811807332005722
CD46,FAM171B,0.6536344328751824,0.5166469749891864,0.5811181054602717
PHLDA1,AGFG2,0.6715551224399631,0.502840821686368,0.5811069863419304
ODAM,PADI2,0.7360807498300194,0.45867997616253076,0.5810555057700866
CRISP3,SSR3,0.6082637578317501,0.5549741196918051,0.5810082990311798
ODAM,SSR3,0.5539555172222133,0.6093419486110637,0.5809890999907253
GPAT2,CEACAM1,0.5508396290666385,0.6126665250851401,0.5809311503263058
CHRM1,CHDH,0.6502689398365027,0.5188888955551031,0.580876348292432
HP,CLDN10-AS1,0.6527673459944883,0.5168405863677655,0.5808413362231732
TBC1D24,MAPT,0.6273447845609713,0.5376658443462166,0.5807769479646812
ACSL1,ELF5,0.6061571377613915,0.5564437048233071,0.5807687349031802
CHRM3,TTYH1,0.6167502202477932,0.5468653830339184,0.5807575616658495
CBS,ANO5,0.575504613214604,0.5860071310182007,0.5807321303988866
SLC13A2,SEC63,0.6591177878886002,0.5116532251824537,0.5807234642653306
RTN1,GPAT2,0.6481294845330893,0.5202940842733724,0.5807046897052895
KANK4,NPY5R,0.5739855122772884,0.5874876318155783,0.5806973302024349
MGAM2,P4HB,0.5518198830578463,0.6110689343829355,0.5806892352295454
ANO1,SLC25A48,0.6595809779342553,0.5112062539390549,0.5806736784969929
PPP1R1B,NPY1R,0.5953883679394706,0.5663207059655145,0.5806726796183341
CA2,ANO1,0.7731161827766335,0.43612776385256213,0.5806698132265891
FOLH1,ART3,0.636767911966458,0.5294931708343653,0.5806584717307566
KCNMA1,ATP2A3,0.7048066693741442,0.4783653120952736,0.5806505509874186
MGAM2,DAPK1,0.5758480826184715,0.5854180624848158,0.5806133556955969
MGAM2,AGFG2,0.661259278878614,0.5097904295262651,0.5806062795111304
GPD1,ALDH18A1,0.6980163158322386,0.48286335972920436,0.58055706300807
DEPTOR,LPO,0.681310038978535,0.4946542296850095,0.5805281151740982
ST3GAL6,ITGA6,0.5648568998662107,0.5964298607383535,0.5804287399192963
ID4,ELF5,0.5595562109939607,0.6020648547206923,0.580421509663572
ELF5,SERP1,0.6793195367022401,0.49583921694675204,0.5803733859637855
SLC37A2,SLC5A1,0.5534740996352419,0.6085175297756089,0.5803435981423561
SLC25A48,CES3,0.570024078148425,0.5908407451881547,0.5803390828717349
RNF128,FDCSP,0.5611052322567169,0.6000847160717346,0.5802677605943111
EGF,LINC01554,0.7243381747974258,0.4647495117222507,0.5802032515066509
TCN1,EPHA7,0.6671033672129847,0.5046229172058507,0.5802031086101334
GALNT13,DAPK1,0.5665491599105374,0.594153661493868,0.5801872609572885
AIF1L,LIMCH1,0.7609394317951295,0.4423552574173525,0.5801771783091338
SLCO1A2,TRIL,0.5700650475265737,0.5904538897503202,0.5801699102183485
PLCB1,DLX6-AS1,0.6621005043141027,0.5082773537181213,0.5801126547733687
TCN1,CD46,0.5867220184999726,0.5735746604792438,0.5801110950126867
GALNT13,TMEM63A,0.6063218844164289,0.5549037461748646,0.5800433475616108
AGFG2,OGFRL1,0.6340320233833855,0.5306315937860302,0.5800322603780822
TUSC8,IRX2,0.5903324539955285,0.5698799607365996,0.580016065040023
CHRM1,DAPK1,0.5868258652912075,0.5732378269748227,0.5799920549733003
TCN1,ROPN1,0.7333526535099374,0.4586124139918566,0.5799350228547384
FOLH1,SLC31A2,0.6669824918748934,0.5041638486632148,0.5798865924425463
ATP6V0E2,LINC01554,0.5782435458880454,0.5815295832927332,0.5798842369662995
CADM1,LDLRAD3,0.660928193368993,0.5087149932980293,0.5798483262545352
ATP2A3,SLITRK5,0.586630540782919,0.5731264529264549,0.579839185479252
SLC22A3,ST3GAL1,0.656230975199811,0.5122940661847827,0.5798131031992261
TMPRSS5,ROPN1,0.6323340377209702,0.5316468730927881,0.5798089460369604
DMBT1,ATP6V0E2,0.6735283005082888,0.4991091801332886,0.5797966521663085
DYNC1I1,ID4,0.6445597486257401,0.5214901787167344,0.5797685559811351
MGLL,SEC63,0.5906874102726946,0.5689930318943838,0.579738751915811
MCFD2,C2orf88,0.5792571650287514,0.5801534459884821,0.579705132291365
CHRM3,TNFSF13,0.6842306510772589,0.4911234232666827,0.5796910381065542
PADI2,ALDH18A1,0.7209402835742832,0.46611431622804217,0.5796900786795284
GALNT13,PIGR,0.6780388976046355,0.4955767119055521,0.5796725691448325
NPY1R,FDCSP,0.5804150039513845,0.5787411972671606,0.5795774963701127
CHRM1,LTF,0.8040895818579725,0.4177493733784198,0.5795756369631867
KCNMA1,ANO1,0.7145000574752702,0.4700174701693889,0.5795062635126642
KCNMA1,SMAD9,0.6901221114332948,0.4865937451193494,0.5794903819667759
MCFD2,SNPH,0.6826967587115244,0.49183809191513245,0.5794620532539829
KCNN4,GPAT2,0.7244965996417163,0.4634410419846566,0.5794492721992992
GRIA2,ANO5,0.633963179102379,0.5295330865565282,0.5794001026866252
TCN1,CHPT1,0.6379477888524092,0.526209820396271,0.5793913974113047
DTNB,PRSS8,0.7593804049151583,0.4420631851163302,0.5793911636465674
LRP6,IRX2,0.5628981887165103,0.5962496717191869,0.5793339798713211
CCL28,SRPRA,0.8186991405618651,0.4099006842133874,0.5792972793663205
EGF,RDH11,0.6416752569132685,0.5229020918864054,0.5792523924436521
PYCR1,ST3GAL6,0.6734809938531167,0.4981242442180976,0.579203945996863
F5,MPO,0.7339738153320832,0.45706496837627836,0.579200931192082
SAP30BP,MAPT,0.595099280924531,0.5637058072128202,0.5791898829618242
LPO,SOX8,0.6089424786046331,0.5508788738705354,0.5791835174326466
SLC31A2,CBS,0.5851382299363219,0.573282710379661,0.5791801364037376
FOLH1,GLYATL2,0.7102323717069967,0.47221730427560615,0.5791234894016546
C6orf58,ATP6V0E2,0.6549118438643815,0.5120321063163668,0.5790819379547377
TUSC8,AGFG2,0.6825655343982974,0.4912496338465373,0.5790596418758862
NPY1R,ADGRG6,0.6704973150545634,0.5000263855104908,0.5790218898636063
CA2,DUSP6,0.5644280006543047,0.5939581833577091,0.5790048617281678
KCNMA1,BHLHA15,0.5897270343255638,0.5684386035506321,0.5789849841473259
GPD1,TMEM63A,0.6797942753857034,0.4930134731904562,0.5789194561965378
DYNC1I1,NPY5R,0.633853496565192,0.5287169512577086,0.5789033496603615
ODAM,CADM1,0.6891338786994528,0.48628819943964463,0.5788934902429076
KCNMA1,XBP1,0.5650258725839427,0.5929432439369401,0.5788162694657287
LTF,SLC31A2,0.5581022865747225,0.6002720995880565,0.5788032751696416
CA2,SLITRK5,0.6783399254106653,0.4938721013151603,0.57880321731011
RAPGEF3,OXR1,0.6181894941784811,0.5419140706128955,0.5787966699976664
CADM1,TBC1D24,0.7445135800194068,0.4499602459846011,0.5787931526930914
SLCO1A2,TTYH1,0.6331295838369364,0.5290851564391973,0.5787741052523423
CHRM3,PADI2,0.7630681733496399,0.4388768160290666,0.5786993436429714
SRPRA,SLC25A48,0.6606944714185102,0.5068301464406346,0.5786707835216508
DEPTOR,SAP30BP,0.696754459988767,0.48053755582156027,0.5786334636112684
CADM1,CLDN10-AS1,0.6146957103022866,0.5445905236798609,0.5785822834975907
ATP2A3,DTNB,0.744195359686272,0.4498062258288556,0.578570398499465
CHRM3,DLX6-AS1,0.7725090694180314,0.4332710945702915,0.57853768249979
ZG16B,ACSL1,0.6380460050787258,0.5244551643484378,0.5784691197077224
FOLH1,ATP6V0E2,0.6879505775075423,0.486298740331865,0.5784025408420134
DLX6-AS1,OGFRL1,0.6453356515536165,0.5183761808460361,0.5783827715416081
AZGP1,SLC13A2,0.8711656720241986,0.3838442264310703,0.5782662997888014
LIMCH1,LONRF3,0.575280393220517,0.5812019564686566,0.5782335947156846
NDRG2,CRISP2,0.6449077825736148,0.518414730656518,0.5782124993470764
CA2,C3orf70,0.5582021917633596,0.598871574902099,0.5781794061492735
MCFD2,CRISP2,0.5719974426313349,0.5842980024454778,0.5781150085695845
STATH,ADGRG2,0.6329875174357081,0.527905891461593,0.5780638716231608
CHPT1,SEC63,0.5905801650764558,0.5657591224886757,0.5780364313370506
TMPRSS5,SRPRA,0.6404848543128483,0.5215783726502988,0.5779818751653543
TUSC8,TMPRSS5,0.6792707552987566,0.49175846317411875,0.5779594645862627
EGF,CD46,0.5616078989287032,0.5946927132701133,0.5779135966628905
LYZ,PRSS8,0.6271807332882195,0.5324805109757261,0.577894036424881
TUSC8,MGLL,0.6311136878419091,0.5291541962440368,0.5778896574854021
ACSL1,TMED3,0.6249697841186199,0.5342819177679312,0.5778495087874578
HID1,SSR3,0.7077398156213777,0.47176681335576365,0.5778305612380614
TCN1,DLK1,0.6575152871682002,0.5077094484379795,0.577777399858896
SLC5A1,ANO5,0.7226029844598072,0.4619506253036858,0.5777602448399487
GALNT6,GPD1,0.7153561135606623,0.4665789992916109,0.5777284306681383
SMAD9,FDCSP,0.6167821082327033,0.5410963635179583,0.5777010955915313
PART1,SOX9,0.5818628055592908,0.5735436965304455,0.5776882761265383
SLC12A2,PIGR,0.760202599103023,0.43894818421129433,0.5776586799390956
SLC39A8,ALDH18A1,0.6440556319368139,0.5178889039969905,0.5775372415150781
PIGR,SLC31A2,0.5901457630939713,0.5651904879483707,0.5775333512479995
ST3GAL5,ATP2A3,0.5978826420296592,0.5578691401217946,0.5775294584718884
HP,GP2,0.5869483253152671,0.5682390935281589,0.5775179515175423
HP,SRPRA,0.6549660575491889,0.5091491950333461,0.5774733249036996
LPO,CES3,0.6667879794510881,0.5000813370955616,0.5774497591333362
EGF,ALDH1L2,0.5619901541234585,0.5933241837046892,0.577444672194119
SMAD9,DLX6-AS1,0.6581490862238506,0.506587609286528,0.5774168097174288
F5,MGAM2,0.7801014684429257,0.42735514820120946,0.5773910101988146
CADM1,SEC63,0.7008535588916502,0.4756240307604752,0.5773584628745566
CRISP3,CRISP2,0.5989609581343063,0.556432719671849,0.5773053567324042
PIGR,FOLR1,0.6346769222861736,0.5250965543550798,0.5772925298504706
ATP2A3,DYNC1I1,0.6197072230600641,0.5377495856148501,0.5772757594105948
SMAD9,ABCA3,0.6148817737289424,0.5419657776160943,0.5772736600962923
GATM,BPIFB2,0.6923676645515081,0.48124191549615297,0.5772316182576676
NRG3,MCFD2,0.712590479754764,0.46748741029662977,0.5771716191762963
SSR3,PRSS8,0.5639991210763474,0.5906070130107555,0.5771497520051385
PADI2,ANO5,0.6874476069782599,0.4845413377840608,0.5771453743570135
PPP1R1B,DAPK1,0.5559430256867106,0.5990527726227917,0.5770954955273242
GATM,KANK4,0.6468173434786271,0.5148766146452575,0.577088488972111
FDCSP,PART1,0.5718168763784961,0.5823557176023585,0.577062238740795
FAHD2A,ACSL1,0.6314127819264626,0.5273623073370003,0.5770470531584175
ACSL1,SOX9,0.597401737464202,0.5573372751859441,0.5770218856764855
ABCA3,CBS,0.5785756773690371,0.5754436617633621,0.5770075444848675
LPO,TBC1D24,0.6074334659944661,0.548086440275491,0.5769974402725808
GP2,ALDH18A1,0.5635613815694094,0.5906396330026527,0.5769416674020207
LPO,CSN3,0.558048529202662,0.596435859822788,0.5769230055543217
ADGRG2,PTH2R,0.589291877076895,0.5647940640823667,0.5769129519996807
ATP2A3,C2orf88,0.5726520803393276,0.5811968475848139,0.5769086442896334
CHI3L2,TMED3,0.597727124799744,0.5568094082551885,0.5769056133006687
SLCO1A2,PART1,0.6884529368716096,0.4833779833429853,0.5768734629462117
SMAD9,ADGRG2,0.6156434503965328,0.540507732394516,0.576853573567301
AZGP1,TMED3,0.7126576478617443,0.46691449426781445,0.5768450270544564
ST3GAL6,TECPR1,0.6077609418356786,0.5474070686893944,0.5767951418260857
SLCO1A2,ACVR1C,0.5823445265423352,0.5712447713488996,0.5767679480614014
C2orf88,SSR3,0.6306027869487153,0.5275200908061356,0.5767630704490263
PPP1R1B,TECPR1,0.5556297607155083,0.5986762915598746,0.5767515623086434
LYZ,SH3BP4,0.5702990932202321,0.5831221793859097,0.5766749952446263
PADI2,SSR3,0.6545941136961159,0.5080102796212216,0.5766632802053288
CHRM1,ALDH1L2,0.6354583452796777,0.5232502796319627,0.5766313873368806
BPIFB2,GP2,0.8170515678996827,0.406870668851316,0.5765711733319316
PPP1R1B,HID1,0.6873990314662904,0.4835232375465454,0.5765183476533425
RNF128,TUSC8,0.6516725115314114,0.510030393080915,0.5765178117078369
BPIFB2,CD46,0.5519024646651922,0.6020786680924147,0.5764448810099192
HP,P4HB,0.5639373690316855,0.5889820899662875,0.576323702637998
F5,ACSL1,0.7347048964081287,0.4520671725771666,0.5763123850810625
NDRG2,PART1,0.8419319963199131,0.3944747419097469,0.5762993206258842
KCNN4,NPY5R,0.614944718351291,0.5400434662569367,0.5762784719689145
CEACAM1,AACS,0.617480895709748,0.5377316523069524,0.5762282727513287
CHRM1,SLC43A1,0.6004187855120856,0.5528712809732158,0.5761547561779294
HP,CHRM1,0.6881862801116108,0.4823412900779653,0.576142914703453
ODAM,CHPT1,0.660138729022901,0.5028170343021948,0.5761327954172678
EPHA7,OXR1,0.5797555119352772,0.5724438694558088,0.576088090998732
MGAM2,KIRREL3,0.7804616973432357,0.4252129594775303,0.576075019495008
CADPS2,SLC31A2,0.5662526289927445,0.5860476420692551,0.5760651161428841
PADI2,CRISP2,0.5905225209066027,0.5619416005701985,0.5760548329551666
GNPTAB,P4HB,0.6475476172123398,0.5124462055428,0.5760497542302617
MGAM2,SRPRA,0.6740794872345234,0.4922294255872345,0.5760223596368348
ID4,OXR1,0.600653367168658,0.5521975655352107,0.5759160764217821
AZGP1,KANK4,0.6494151650087238,0.5107023054204958,0.5758974057460121
NRG3,TECPR1,0.6239849498464253,0.5314755515020064,0.575875633577755
STATH,DEPTOR,0.7587485783182747,0.4370606397716405,0.575863819896343
STATH,PPP1R1B,0.8313785431394946,0.3988488909222785,0.5758423481021234
KCNMA1,RASAL1,0.5744949523951793,0.5769192952138672,0.575705847668539
PLCB1,FDCSP,0.5989356278145008,0.5533472592191695,0.5756903578312448
BPIFB2,AGFG2,0.6906513116866556,0.47983847905557053,0.5756744522362093
GRIA2,TMEM63A,0.5904821705004124,0.5611867240755551,0.5756481172453792
ATP2A3,FOLR1,0.6014803475327036,0.5508850267665598,0.5756270644697946
ODAM,SOX9,0.632663531110019,0.5237003960297414,0.5756093656255877
MANSC1,COLGALT2,0.5662100705828358,0.5851556475039724,0.5756049170005145
PHLDA1,TTYH1,0.5872874227213587,0.5641300832654798,0.5755923059601901
MGLL,LINC01554,0.5561521926636555,0.5956605739073685,0.5755674888854254
SLCO1A2,BPIFB2,0.6750423373398895,0.4906740097574111,0.5755221372098371
CHRM1,ABCA3,0.6613654503457745,0.5007723544464405,0.5754941648002906
MANSC1,CCDC129,0.7388904817420499,0.44817585945642635,0.5754588401431644
NDRG2,TNFSF13,0.6176875226609637,0.536055522689277,0.5754257622132221
CADM1,SRPRA,0.7937077631227363,0.4170317207176196,0.5753271366813907
ANO1,PRSS8,0.664520603257734,0.4980994663213344,0.5753236983144432
PIGR,SSR3,0.5910921826228671,0.5599484342612467,0.5753096054853746
SEC63,TMEM63A,0.6699341395932851,0.4940063358375414,0.5752840251153813
NRG3,DLK1,0.6524115920518311,0.5071650305897845,0.5752219963110737
PADI2,TBC1D24,0.7346638727357477,0.4503313692937504,0.5751888279336959
PADI2,OXGR1,0.6517937947991098,0.5075465909951205,0.5751658183359485
AZGP1,ALDH1L2,0.6081128527370048,0.5439535413149724,0.5751392351121979
PYCR1,ROPN1,0.692779552507834,0.47741891637895933,0.5751052627543852
KIAA1324,C2orf88,0.5716280510447148,0.578553378907473,0.5750802904031864
KCNMA1,DAPK1,0.629534952787451,0.5253046180363461,0.5750631425457043
LYZ,TNFRSF11A,0.6433185995435169,0.5140309338608101,0.5750527458358776
GRIA2,GALNT13,0.7478203505255141,0.4421642489822495,0.5750299328415491
ODAM,RASAL1,0.6531378605216136,0.5062521337465932,0.5750238564788
SLITRK5,FAM171B,0.6505965757554306,0.5080380671051374,0.5749154953660669
DLX6-AS1,CADPS2,0.6198791110754474,0.5332128755966853,0.5749152314375193
AIF1L,RAPGEF3,0.7586294386367318,0.43564150016413145,0.574883002633039
EGF,GATM,0.6958222842136284,0.47487911569023084,0.5748316892838496
KCNN4,LINC01554,0.6675398319119834,0.4949246677220556,0.5747885954855709
MANSC1,ATP2A3,0.7202794862558423,0.4585907529806077,0.5747290770080734
DLX6-AS1,FREM3,0.5644472516832,0.5850471857941503,0.5746549191701908
CHRM1,GLYATL1,0.6941193930314642,0.47573314061364497,0.5746438886890693
OGFRL1,ALDH18A1,0.5840884788081773,0.5652815542940536,0.5746080778634562
CLDN10-AS1,FBP1,0.6583283602417137,0.501451083533289,0.574560240152328
GALNT13,FDCSP,0.6979718976105441,0.4729283089969282,0.574535176698809
ROPN1,TNFSF13,0.5791833995997819,0.5699103677992673,0.574528175365788
SLC31A2,SH3BP4,0.6803661358718298,0.4851432908978281,0.5745215976552129
GALNT6,FAM171B,0.7160696217977307,0.46093581463555217,0.5745103432133392
CADM1,SLC43A1,0.6103582255334805,0.5407400771759898,0.5744955648044417
GRIA2,CBS,0.6444538234430325,0.5120906502273403,0.5744726081271744
HP,PADI2,0.7443160880433604,0.44334135105037764,0.5744441662004022
MCFD2,ELF5,0.5666467839415943,0.5822987586763391,0.574419462498556
SLC25A48,SAP30BP,0.619777150462609,0.532339555336669,0.5743969817861972
MGAM2,GLYATL1,0.7438736938829039,0.4434584694601582,0.5743492750591637
DMRTA1,OXR1,0.6188090818486289,0.5330122414571761,0.5743107310073484
NOSTRIN,KCNMA1,0.6314129192657502,0.5223216403030442,0.5742827106046465
PLCB1,SEC63,0.65415811131358,0.504125937355964,0.5742630678051355
LYZ,ATP2A3,0.7468015853238639,0.44150738992872385,0.5742111273137889
AIF1L,ST3GAL1,0.63963851302337,0.5154354355023489,0.5741884320711065
SNPH,ALDH1L2,0.6115712766702354,0.5390869630640369,0.5741864699183995
ACSL1,CBS,0.6824641444315338,0.4830197437996224,0.5741460234084601
NDRG2,AIF1L,0.7613492037921071,0.43286787460586645,0.5740763117202783
KANK4,FAM171B,0.5605309890604633,0.5876397763162962,0.5739253479589858
SLCO1A2,FDCSP,0.6884601307953557,0.47811452622656503,0.5737271034743787
FREM3,IRX2,0.643090998927664,0.5117894775137057,0.5736960923127822
SLC22A3,XBP1,0.5770876121444314,0.5702855831586046,0.5736765163621339
PHLDA1,RASAL1,0.8217068628902735,0.4003798498458297,0.5735807444303683
KANK4,KIRREL3,0.5805493191106571,0.5666128169123565,0.5735387389338579
PLCB1,ITGA6,0.5876268721370834,0.5597116116527266,0.5734994190531475
FAHD2A,SLC31A2,0.6298727509345472,0.5221427182260132,0.5734836268887379
GATM,AACS,0.6506223215119321,0.5054874621612135,0.573481844635472
SLC22A3,RNF128,0.6660738933335184,0.4937583031709098,0.5734801786973981
DEPTOR,ROPN1,0.668196546321368,0.49207913495268013,0.573415711759093
KCNN4,DTNB,0.7585547201972729,0.4331919969402318,0.5732362811535008
AGFG2,PLA2R1,0.6236173837306588,0.5269176264130507,0.5732320573949745
BPIFB2,OXR1,0.6141286790569939,0.5347971388384781,0.5730918429347379
HP,CCDC129,0.6614229412563358,0.4963561895841959,0.572975890265521
MGAM2,PART1,0.6792503246937022,0.48331002226830544,0.5729646494797623
RNF128,CCDC129,0.7306303729687753,0.44926699591436775,0.5729294134424203
ADGRG2,PYCR1,0.6126050157169699,0.5358205157700882,0.5729278623743217
DYNC1I1,SAP30BP,0.5916368428535187,0.5548056954295013,0.5729253791211042
ODAM,OXGR1,0.6851537419382397,0.47893999292409284,0.5728416258581566
SAP30BP,ABCA3,0.5832121853820895,0.5625808707596008,0.5728036479369398
AZGP1,EPHA7,0.670165813480134,0.4894908519881602,0.5727477935476742
CCDC129,KIRREL3,0.6738919742363071,0.4867720035348106,0.5727405577266518
NRG3,C10orf90,0.6896699041542125,0.4756342694104454,0.5727395926568729
C6orf58,DLK1,0.6480647597699826,0.5061531033851003,0.5727302937265465
STATH,MGLL,0.6382782390018845,0.5138564334435313,0.5726983319672987
ACSL1,SLC25A48,0.6531331099966482,0.5020806212138719,0.5726477779599474
MCFD2,PIP,0.6705836304725933,0.4889898041306161,0.5726330047403755
TMPRSS5,MCFD2,0.5961530336095543,0.5499219572755909,0.5725710812452435
EGF,GPAT2,0.6093678277278053,0.5379861538165126,0.5725656764938021
SLC13A2,DEPTOR,0.8008007004882769,0.4093780470687451,0.5725646049636441
CA2,PADI2,0.7563097501134147,0.43341054085014197,0.5725317614306571
LYZ,EPHA7,0.6762128206120106,0.48473063259600957,0.5725216749650548
STATH,RTN1,0.6646272675830169,0.49307223451582105,0.5724589521942186
PKDCC,CRISP3,0.5792092513472059,0.5657683841926892,0.5724493709003146
CHRM3,AIF1L,0.7252346360484303,0.4517735355882138,0.5724000486186482
MANSC1,LINC01554,0.6395698921780754,0.5122060523050148,0.5723561562922826
SAP30BP,ADGRG2,0.623340505353527,0.5255326025938412,0.5723510793914861
MGLL,RASAL1,0.5958262972637266,0.5497953970377476,0.5723482817914645
DYNC1I1,CLDN10-AS1,0.5809095982758917,0.5638360405267976,0.5723091540381748
RTN1,DEPTOR,0.6437046850253361,0.5088054412811462,0.5722940208660732
ALDH18A1,FAM171B,0.5958729194266633,0.5496202236143202,0.5722794834877453
GRIA2,POLR2F,0.5771176327003871,0.5674700731577604,0.5722735231068463
LYZ,DLK1,0.6563075284129298,0.49899675099391355,0.5722720719473365
KCNMA1,CHPT1,0.6980239430243884,0.46916130686205637,0.572263772512578
KCNN4,CADPS2,0.6605588823501697,0.4957434741706493,0.5722479840336305
ANO1,SLC39A8,0.6414830603428328,0.5104369670111063,0.5722208207592573
EGF,C2orf88,0.5767906279319647,0.5676535224094608,0.5722038374900543
LTF,CES3,0.5800149144559431,0.5643804624532609,0.5721442874401821
PADI2,KIAA1324,0.781537214762886,0.4188474884909673,0.5721406291862696
HP,NDRG2,0.6404405373283577,0.5111193095928778,0.5721376803484995
TMPRSS5,AGFG2,0.6166148233034972,0.5308684069750579,0.5721375087899188
FOLH1,CES3,0.5621271594665114,0.582167944411389,0.5720597983816307
PYCR1,MGLL,0.550190390051805,0.5946944708759179,0.5720097751724817
SRPRA,SERP1,0.7764343889432971,0.4213763638919813,0.5719887233273213
SLC25A48,MGLL,0.6403804258822573,0.5108709699287707,0.5719718256119509
EGF,ELF5,0.6107746315135097,0.5355536660181552,0.5719288356237584
NRG3,CEP85L,0.5872848546827945,0.5569416597062521,0.5719120576516817
KCNMA1,CBS,0.5951723740751497,0.5495367302020774,0.5718995369432165
SLC13A2,SERP1,0.7319711076780564,0.4468125465172635,0.5718862427080184
PHLDA1,CD46,0.5754468458236858,0.568293162810093,0.5718588182779333
SLITRK5,IRX2,0.5718669379414953,0.5716428843430092,0.5717549001672667
ADGRG2,CRISP3,0.5927670697686684,0.5513543170414109,0.5716858253594737
NDRG2,ALDH18A1,0.7036685936638492,0.4644317570461208,0.5716695210814324
SMAD9,ATP6V0E2,0.5797098707070127,0.5637127556624457,0.5716553583243756
TBC1D24,PART1,0.6497188667431228,0.5029398682505603,0.571637578575525
SLCO1A2,GALNT6,0.6601190328630229,0.49499303649187865,0.5716242861556443
PYCR1,ANO5,0.7059415580740122,0.4625356149111738,0.5714220092498322
RNF128,LINC01554,0.6047618101829288,0.5399165134978371,0.5714200626952187
F5,AIF1L,0.6426614145377434,0.5080354912108368,0.5713972413452253
CADPS2,OGFRL1,0.6844290862585346,0.47686953810670757,0.5712997306413712
ANO1,MCFD2,0.761095873088166,0.4287571736295637,0.5712489084509547
CA2,LRP6,0.5727150918409707,0.5695559528472515,0.571133338059936
TBC1D24,SNPH,0.6352168429216339,0.5134724726562397,0.5711097644129906
ADGRG6,GALNT13,0.6146472915431109,0.5305807745463345,0.5710692042298818
RAPGEF3,MGLL,0.5980803239676487,0.5452625083172807,0.5710610979762253
SLC22A3,KIRREL3,0.623890714653,0.5226156098923768,0.5710122821311012
PKDCC,FAHD2A,0.5774934227302864,0.5646023413314444,0.5710115047676616
PHLDA1,PADI2,0.7650765249640896,0.42609768743168036,0.5709617657912524
SEC63,TECPR1,0.6635404770821309,0.4912812043673436,0.5709509302272754
RAPGEF3,TNFRSF11A,0.5672218818486512,0.5746637300717822,0.5709306809074826
KANK4,ARHGEF37,0.5721437277605047,0.5696776696324404,0.5709093671726028
PLCB1,ID2,0.6265520589969722,0.5200660197254805,0.5708313546691
SLITRK5,PIP,0.6394588433731763,0.5095314072384236,0.5708102699978245
ZG16B,MCFD2,0.5622137050460397,0.5792527220835011,0.5706696233729014
PKDCC,ST3GAL6,0.6395548501027852,0.5091822936542403,0.5706575203158458
PPP1R1B,CEP85L,0.5971604310517777,0.5452377779601117,0.5706088209205794
ADGRG6,ROPN1,0.5640097773565387,0.5772101662331269,0.5705717985889914
TMPRSS5,SOX9,0.6268589472379844,0.519304834895854,0.5705531369630793
GATM,CRISP2,0.5757371610490716,0.565404125140047,0.57054725120148
PART1,ARHGEF37,0.6324486729688923,0.5146484242438822,0.5705161811540272
HID1,TMEM63A,0.7464048091446905,0.4360408645258721,0.5704936443692598
SLAIN1,CEACAM1,0.5750861532185667,0.5658810318010485,0.5704650258848639
PLCB1,ALDH18A1,0.619360830367004,0.5254017119605248,0.5704500333912831
AGFG2,MGLL,0.6372094149210822,0.5106265966423124,0.5704174566837794
AACS,FREM3,0.6954146532643014,0.46765872327229996,0.5702777646817666
CA2,DEPTOR,0.7335538646696246,0.44316688271166343,0.5701638181318864
TUSC8,PIGR,0.6738783998581942,0.4822078368470693,0.570043371589903
ADGRG6,SLC43A1,0.6087137315752594,0.5336353666345935,0.5699396242802172
PADI2,KCNAB1,0.630877393201542,0.5148828190240105,0.5699367777834038
BPIFB2,NPY5R,0.5566133269941861,0.5835538484597858,0.5699244239997637
F5,DTNB,0.6083078145358938,0.5339491988946624,0.5699170731367884
HID1,ALDH9A1,0.6403179832668474,0.5071144268235268,0.5698372461231048
STATH,SLITRK5,0.694084347195419,0.4677310968061591,0.5697761253244121
SLC22A3,DEPTOR,0.7433903459287489,0.4367081725676697,0.569775955507945
PHLDA1,CADM1,0.7402428353307743,0.4385351319002668,0.5697565176722497
ANO1,FBP1,0.5554427982652473,0.584411439522842,0.5697430344521894
TBC1D24,ALDH1L2,0.5969009281006796,0.5438166625662626,0.5697408802275086
SLC5A1,TMED3,0.6431183568368062,0.5046472991264328,0.5696910933096319
PKDCC,ALDH18A1,0.6246012452684924,0.5195150957861734,0.5696400405201727
PART1,TMED3,0.673213435768509,0.4819976790344961,0.5696378793016316
KANK4,OXR1,0.5758877792050286,0.5634012644213483,0.5696103079903975
GPD1,SERP1,0.7041488229901717,0.4607683082936906,0.5696046540857744
TNFRSF11A,FOLR1,0.5548918989350091,0.5844777678937251,0.569492737892104
AZGP1,SOX8,0.5756855627133491,0.5632591196607479,0.5694384455367615
RNF128,SLC13A2,0.6345830263579582,0.5109552093255741,0.5694238342984835
NDRG2,RAPGEF3,0.65381880680528,0.49588303512495185,0.5694011365815639
SLC12A2,ARHGEF37,0.5705557101278932,0.5682131728375828,0.569383236785533
SMAD9,CHRM1,0.6215883082110644,0.5215487839233464,0.569375645991687
PADI2,ALDH9A1,0.671840234462515,0.48252352826392136,0.5693669470231942
SLC22A3,SOX8,0.6436687053735394,0.5035922252643574,0.5693387003112372
CLDN10-AS1,OXGR1,0.5950719446989114,0.5445665800030027,0.5692594257282194
ATP2A3,CEACAM1,0.6048009494816906,0.5356614248335411,0.5691823419081453
GATM,SLC5A1,0.6749301534307799,0.4799910275400398,0.5691752084051068
AZGP1,KCNMA1,0.7364770754676193,0.43985901581041587,0.5691626143573736
SLITRK5,SERP1,0.6536401202357663,0.49552291928154385,0.5691165614694114
LYZ,ID2,0.5843827208901963,0.5541600869840916,0.5690708035389895
MANSC1,C2orf88,0.6480937601810823,0.49960959184282194,0.5690288736083172
SAP30BP,FOLR1,0.5830136833875004,0.5550931990174445,0.5688821763621279
NPY1R,CCL28,0.610541186418707,0.530049602344712,0.568873547527308
CADM1,CBS,0.6144436906412301,0.526527452872121,0.5687894789521624
SLCO1A2,OXR1,0.5977132555566438,0.5412634854577636,0.5687885019995534
MANSC1,NPY5R,0.6360869156398719,0.508465642312839,0.5687076068839066
MGAM2,LINC01554,0.5667811265111555,0.5704293275942874,0.5686023011639078
ANO1,SERP1,0.5757995520462684,0.5612853351114473,0.5684961253406315
PHLDA1,PKDCC,0.6600433273015249,0.4895874963872373,0.5684619249524593
PADI2,PYCR1,0.6967182416370887,0.4636148753484064,0.5683387552767626
KCNN4,ID4,0.6033858545836449,0.5352677127077344,0.5683071055892134
STATH,CA2,0.8660776337756636,0.3728937728098216,0.5682912601868959
SLC12A2,CES3,0.5577115844594672,0.5789415501010304,0.5682274273706486
SAP30BP,ALDH9A1,0.574549242553847,0.56194048560932,0.5682098911205047
FAHD2A,FDCSP,0.6017501528796128,0.5363546248934982,0.5681122050505075
OXGR1,TTYH1,0.606354468127028,0.532211263584423,0.5680745353049601
SLCO1A2,ATP2A3,0.6437499117660713,0.5012150279152853,0.5680291629804705
MANSC1,MPO,0.7178662029960258,0.4494378279557097,0.5680107631351244
DEPTOR,PYCR1,0.7426015188796997,0.43435058891744727,0.5679343334016604
GALNT13,ABCA3,0.5779831934430889,0.5580408812953306,0.5679245113946667
TCN1,SOX9,0.6470367089820702,0.4984771703130241,0.5679199131761749
SAP30BP,SLC31A2,0.6002058292797435,0.5373146976124625,0.5678903183403312
ATP6V0E2,PLA2R1,0.6059953362040432,0.5320832962502369,0.5678380015459672
CHI3L2,ALDH1L2,0.5955996717344909,0.5413328690036737,0.567818350423512
CADM1,LPO,0.6387115848143529,0.5047379971108772,0.5677869371962608
BHLHA15,AACS,0.5550109910291081,0.5807435104279356,0.5677314781270558
ATP2A3,RAPGEF3,0.6915638235711323,0.4659517582873671,0.5676578014622046
RTN1,SLC5A1,0.6113638865401383,0.527071118540008,0.5676550427096347
RTN1,FOLR1,0.5607127013121939,0.5746672505715104,0.5676470967278904
BPIFB2,OXGR1,0.6421405301631752,0.5016588936172907,0.5675698264605678
AZGP1,NRG3,0.7415356780921373,0.4344114294678336,0.5675663608085002
CBS,LINC01554,0.5889843447297125,0.5468736376408224,0.5675385547395296
KIAA1324,ST3GAL1,0.5652477626219496,0.5698003785298341,0.5675195054842862
TMPRSS5,BPIFB2,0.5993746413754459,0.5373443651459865,0.5675126308325589
RASAL1,CES3,0.683862968430056,0.47095253576749463,0.5675094704933311
LYZ,GLYATL2,0.6836585250329001,0.47108194458543495,0.5675025880160449
ATP2A3,EPHA7,0.6246191329772351,0.5155159331189925,0.5674514209875022
SLAIN1,CBS,0.6147260488438892,0.5237789776896646,0.567433327733452
ADGRG6,SLITRK5,0.6512993553348887,0.4943421369437613,0.5674193467853762
KCNN4,POLR2F,0.6261286843076441,0.5141066646738899,0.5673596121914688
GPAT2,LINC01554,0.5559026753616864,0.5789532138422719,0.567310885215651
ROPN1,C2orf88,0.5663312211309289,0.5682780631894149,0.5673038070275754
GALNT6,SLC31A2,0.6262670956562052,0.5138349498003532,0.5672723522772101
TUSC8,ST3GAL1,0.6048648438832513,0.5319807426380814,0.5672534255909604
TMPRSS5,P4HB,0.5670177355618131,0.5672940674411204,0.5671558846720314
CADM1,OXR1,0.7244007267860133,0.444025520079739,0.567144081744049
C2orf88,SERP1,0.6034993739845478,0.5329232024757447,0.5671144673484818
KCNMA1,ROPN1,0.6853940735276481,0.4692462848733548,0.567114294192153
SRPRA,CBS,0.7200408685792113,0.4466367420230787,0.5670949723509164
BPIFB2,MUC7,0.6789894696597404,0.47360458888273455,0.5670736536235018
LYZ,PIGR,0.738781045960841,0.4352619950483962,0.5670655270503194
TUSC8,ST3GAL6,0.6561788545436267,0.4900096302932347,0.5670396440471872
DTNB,CLDN10-AS1,0.7171787289911157,0.4483011529468504,0.5670203268628682
GPAT2,CRISP2,0.5663065478218773,0.5676174513740277,0.5669616207214364
GP2,LINC01554,0.6027324910464245,0.5332484713376239,0.5669269613239645
FDCSP,KIRREL3,0.6677485589448058,0.4810566087869569,0.5667670220543585
NPY1R,SLC22A3,0.5997039927047794,0.5356324282486807,0.566763536091455
SLC22A3,ANO1,0.7383044571857288,0.43505417206468544,0.5667472402690676
LPO,KANK4,0.6095932541396164,0.5268841420848078,0.5667318755179013
KCNMA1,TRIL,0.6439288997179514,0.4987304730933042,0.5666983013868886
CADM1,ST3GAL6,0.7786427931400325,0.4123945935835482,0.5666639905832578
PKDCC,SH3BP4,0.6851884246792086,0.468630207662326,0.5666568571412858
ST3GAL1,CAMKK1,0.6766584898893983,0.47451604511949474,0.5666439009808955
ADGRG6,SLCO1A2,0.6545889044422417,0.4904943086132726,0.5666322723868779
STATH,ANO1,0.7409182411568915,0.4333142824203732,0.566613144922586
ANO1,CRISP3,0.6713876228696746,0.47817255736305186,0.5666031561944326
PKDCC,GALNT6,0.6452893850007645,0.4974707277393919,0.5665797207444287
CCDC129,RAPGEF3,0.6950502280485168,0.4618258466042338,0.566561700083029
PLCB1,DEPTOR,0.6951507723566525,0.4617544199247167,0.5665588598281426
CCL28,MYBPC1,0.6996271897023477,0.45878877567554327,0.5665519409488076
DTNB,TBCD,0.6785127873962146,0.47305528284821574,0.5665457250371302
RTN1,TNFRSF11A,0.6156824850023719,0.5213147632468018,0.5665371734530879
RNF128,NRG3,0.6059680087894649,0.5296161121305564,0.5665072116845215
DEPTOR,TNFSF13,0.6587783674482004,0.48710048958562263,0.5664726518662976
ANO1,LYZ,0.6650324074787957,0.4824706115832653,0.5664438121817431
FDCSP,PIGR,0.5579063634154452,0.5749140674333268,0.5663463751434359
MCFD2,EPHA7,0.5796371963715689,0.5533545751091477,0.5663434421935573
FAHD2A,LONRF3,0.5525680962544514,0.5804529195581057,0.5663389133068296
PIGR,SERP1,0.6695528696264488,0.4790298528535855,0.5663354241214774
KIAA1324,KIRREL3,0.6281567911966259,0.5105981789516548,0.5663353367759353
LRP6,TNFRSF11A,0.5834648817331385,0.5496884977745969,0.5663249370671591
KIAA1324,ABCA3,0.5902643020215013,0.5432839628317788,0.5662871437004157
LYZ,DYNC1I1,0.6245189073120267,0.5134548363361913,0.5662704771950889
RAPGEF3,KIRREL3,0.5521431349963526,0.5807535523985431,0.5662676814737003
DEPTOR,PRSS8,0.7842689120202244,0.40881949409561846,0.5662370703574866
SSR3,XBP1,0.6066551357218476,0.5283985467684431,0.5661763789712857
SLITRK5,CRISP3,0.6424919594431852,0.4989221000677256,0.5661743880484368
ADGRG6,KIAA1324,0.5714926573074647,0.5608625423948564,0.5661526514443407
PHLDA1,TMED3,0.7095565756204435,0.4516983513929568,0.5661320830228457
SLITRK5,GLYATL2,0.647920016683411,0.49463938292874465,0.566115498144561
LYZ,MCFD2,0.6432004966944516,0.4982228684580334,0.5660893891045313
LPO,RAPGEF3,0.582377066545083,0.5502440292599898,0.5660825943662106
ODAM,KIRREL3,0.6880545593251487,0.46568948353022727,0.566056333214943
RTN1,PIP,0.5503455638825477,0.5817209479262038,0.5658158208363714
KCNN4,SSR3,0.6944457064424973,0.46099838011606115,0.565807693256768
SLCO1A2,LIMCH1,0.6206116012028875,0.5157966354472256,0.565782092169737
ODAM,CRISP2,0.609163803355752,0.5254885861181816,0.5657814292991492
PIGR,DMRTA1,0.5854572755852573,0.5467544207127608,0.5657750025979307
PHLDA1,C2orf88,0.6036522844533632,0.5302317749233553,0.565752262233431
RASAL1,ELF5,0.6296656305325312,0.5082347293862185,0.5657012827787327
SLC31A2,FREM3,0.704990194126743,0.45379603506357163,0.5656162611288803
ANO1,BHLHA15,0.5815672159022695,0.5498053479503493,0.5654633193193553
DMBT1,DLX6-AS1,0.7860441531975946,0.4067026946085581,0.5654080607727165
ADGRG6,LPO,0.5839041670603505,0.5473665823777488,0.5653402766121923
OXR1,ITGA6,0.5538312914506315,0.577024478754495,0.5653089529339063
GALNT6,TMPRSS5,0.6358023026398759,0.5026020249540036,0.5652924241286273
GRIA2,CD46,0.585035409276882,0.5458976935378443,0.5651278444407236
CLDN10-AS1,TTYH1,0.5564317988821655,0.5739243990584475,0.5651104191133426
ANO1,SNPH,0.6337252035363875,0.5038332022397051,0.5650591107466076
MANSC1,DUSP6,0.6542082787094774,0.4879995325274058,0.5650250739443196
KIAA1324,PTH2R,0.5948328536285423,0.5366841561834803,0.5650109451327876
ODAM,OXR1,0.5842044027639327,0.546348571112996,0.5649595035823327
SLCO1A2,SLAIN1,0.582973616835981,0.5474892497858825,0.5649529078839172
OGFRL1,CBS,0.5501311993698478,0.5801523157691646,0.5649423769653726
PLA2R1,PRSS8,0.6747444382466189,0.4729360832452644,0.5648990987918835
TBC1D24,SSR3,0.6012257816677337,0.5307603909815142,0.5648954159365543
SLCO1A2,CADM1,0.6824658145632612,0.4674541386058996,0.564819855772301
GALNT6,ELF5,0.5564250930250972,0.5733222156158154,0.5648104701201855
OXGR1,OXR1,0.5702812133510711,0.5593653210764662,0.5647968962467823
KIAA1324,RASAL1,0.6500926380485837,0.49059437989709775,0.5647404666208306
STATH,SNPH,0.6288507831493718,0.5071184210890864,0.5647139242584204
DMBT1,SLCO1A2,0.7795763132075315,0.4090094694280991,0.5646716694183674
F5,TBCD,0.5958370965550911,0.5350534079278909,0.5646279032085302
EPHA7,ELF5,0.6330573558488655,0.5035709344656961,0.5646142791811025
ID4,PTH2R,0.5732079045251686,0.5560506655428344,0.5645641122190052
MGAM2,SLC5A1,0.7265245495879853,0.4386823016040832,0.5645471296403226
KCNMA1,SLC39A8,0.6935254816342453,0.45943849004694687,0.5644752431162232
ST3GAL6,GNPTAB,0.7002392829639393,0.4549541108276275,0.5644260273476361
ST3GAL5,GNPTAB,0.6060765391577793,0.5255952403070012,0.5644031752595556
CHI3L2,FDCSP,0.7245264791021477,0.4396558541044717,0.5643955244249909
TESC,BHLHA15,0.5753522816130826,0.5535839765356577,0.5643631844514965
RASAL1,OXR1,0.5679758201370553,0.5607654894808025,0.5643591399033209
KIAA1324,LRP6,0.6166186947794723,0.5162868215862394,0.5642269986967561
CCL28,ID2,0.5872786855512924,0.5420772125797486,0.5642254805227634
F5,MAPT,0.5590949215467472,0.5694024146933198,0.5642251309286835
ACSL1,CRISP3,0.6547955485807987,0.4861236442642037,0.5641911008905371
EGF,CLDN10-AS1,0.7323537691872155,0.43456302777942746,0.5641399395040847
GALNT6,FOLH1,0.7484732622802391,0.42520254112887124,0.5641389306620966
GALNT13,ALDH18A1,0.590484146696424,0.5389433720406992,0.5641254445220014
KIAA1324,LONRF3,0.5718939982226677,0.5564132379533722,0.5641005152605115
TMPRSS5,KANK4,0.6737356542260398,0.4722419722372867,0.5640622785812606
STATH,PART1,0.7665405885558539,0.4148738460166453,0.5639305294998933
LPO,TMED3,0.6222961688038786,0.5110372098776156,0.5639295149423054
ATP2A3,MUC7,0.6614613418566193,0.48075631378054645,0.5639164090708145
RDH11,HM13,0.5663168237513777,0.5614176364119695,0.5638619092036918
KIAA1324,CEACAM1,0.6151515501443555,0.5168048275170275,0.563838000465724
TUSC8,ROPN1,0.6932970442075456,0.4585089620557276,0.5638110571245527
PHLDA1,ADGRG6,0.5708618656401565,0.5568338396859301,0.5638042253962645
CHRM3,SLC39A8,0.7427449063602329,0.42797057620980555,0.5638022397542306
SLC13A2,SLC5A1,0.7939660169634986,0.4003575499016215,0.5637998663148613
LYZ,GNPTAB,0.5544489679059799,0.5732770970682629,0.56378444000667
SLC22A3,CHPT1,0.5968445319078277,0.532521126260957,0.563766194742333
LYZ,CES3,0.6054619805583085,0.5248696912289921,0.56372745434876
PHLDA1,MPO,0.7371254097859313,0.4310493057075897,0.5636819990984706
PKDCC,MPO,0.5698417660636012,0.5575869510997814,0.5636810560491795
DYNC1I1,ATP6V0E2,0.5827498220848666,0.5451002014938692,0.5636107215436708
SRPRA,RASAL1,0.603627330630894,0.5262341836986125,0.5636038818112602
SSR3,CRISP2,0.5532332652670381,0.5739580230934154,0.5635003737728878
SLCO1A2,C6orf58,0.6705639833152638,0.4735294620104977,0.5634996027176001
SLCO1A2,SEC63,0.5571417922834615,0.5699228995384148,0.5634961097578399
CCDC129,FOLH1,0.8162586821944862,0.38896851040865604,0.5634704284355319
CA2,ATP6V0E2,0.6694051079789469,0.4742971213881507,0.5634686466494286
SLC12A2,ATP6V0E2,0.7003451935371533,0.45323671678310157,0.563402303983224
SLC37A2,HM13,0.6701543163801043,0.4735449466111644,0.5633366577557845
DEPTOR,CRISP2,0.5924536636088767,0.535649853108187,0.563336238746898
SLC22A3,GNPTAB,0.5600646122471535,0.566436303569216,0.5632414479787544
FREM3,ITGA6,0.6527822557312161,0.4858356484183433,0.5631561865851819
GLYATL2,LINC01554,0.6007204205456014,0.5279392356153149,0.563155289100045
SLC39A8,ANO5,0.669666369435307,0.4735695134155971,0.5631461415336767
MGAM2,OXR1,0.566693297584108,0.5594760950759319,0.5630731331168801
NRG3,ST3GAL1,0.6347105281024041,0.4994733813340037,0.5630461913907233
ROPN1,LINC01554,0.6400192660536772,0.4952540416077129,0.5630027781635591
MUC7,SMR3A,0.6677775238438591,0.4746507116508781,0.562992963470192
PYCR1,SOX8,0.5811661887612637,0.5453610972892298,0.5629790674707563
DEPTOR,SLITRK5,0.7018719400386105,0.4515457427718696,0.5629629530399558
GALNT6,LONRF3,0.6031675976550307,0.5253910539303384,0.5629377051047539
HP,EGF,0.6523852677552096,0.4856102879115558,0.5628543308031526
GATM,DLX6-AS1,0.6948382397825916,0.4558927534827241,0.5628247670097462
KIAA1324,DLK1,0.6087978600783396,0.5202771793479136,0.5627998164841601
SLC22A3,DYNC1I1,0.5949084786182431,0.5323623684126512,0.5627671691436654
CA2,ST3GAL1,0.6497426740061336,0.4873458997596677,0.5627161167727219
KIAA1324,TTYH1,0.5781036588899939,0.5476813941279083,0.5626869625744999
FOLR1,XBP1,0.5960591641761004,0.5311388031193073,0.5626634438532404
SLC22A3,SLC5A1,0.622350523360336,0.5086299060662498,0.5626242869242751
RTN1,ABCA3,0.6149011231129389,0.514741480292884,0.5625967599843702
DMBT1,ARHGEF37,0.6271284890785022,0.5046748794513254,0.5625797673452049
EGF,MAPT,0.6306445807642065,0.5017982126071762,0.5625445079439322
NOSTRIN,AIF1L,0.6702769988817766,0.4721106488150106,0.5625343623529622
GRIA2,LYZ,0.810569687142119,0.3903917095086148,0.5625297199608879
AZGP1,ROPN1,0.7518941919619848,0.4208487324889484,0.5625244151616918
ADGRG6,AIF1L,0.6713767981479764,0.47128616756539016,0.5625038650458166
RDH11,KIRREL3,0.5549681673168033,0.5699342888793016,0.5624014471801718
DTNB,FBP1,0.5899881091482335,0.5360619684198369,0.562379042225348
F5,ALDH9A1,0.6052599896728721,0.5224838151661703,0.5623509123062921
GATM,GLYATL2,0.6234182064947175,0.5070418508174382,0.5622269303887617
ATP2A3,ITGA6,0.5699753517166564,0.5545360574968093,0.5622027075809151
CCL28,GPD1,0.8124385806674332,0.3890338763760219,0.5621975901357857
AIF1L,SLC43A1,0.5552546182671422,0.5691966102532169,0.5621823961536871
MGLL,SERP1,0.5845463251301122,0.5406051351814589,0.5621465512807041
NDRG2,CHPT1,0.6872736066966442,0.45975507679562977,0.5621187862244288
NPY1R,C2orf88,0.5934364338791623,0.5324189082064803,0.562100327535833
CAMKK1,PRSS8,0.6164704734015719,0.5122325107358471,0.5619396928363429
CHRM3,KIRREL3,0.6539840464555045,0.48265233910103217,0.5618246432442309
NRG3,ARHGEF37,0.5706523947513894,0.5531193990079085,0.5618175056255477
MPO,ID4,0.5916466420405138,0.5334471393725002,0.5617937421472917
ST3GAL6,MAPT,0.6278171416547232,0.502704555104577,0.5617886941569444
DMBT1,HID1,0.7090777389593012,0.44507268261636174,0.5617749829443818
RNF128,MPO,0.6307951126751062,0.5002866463671143,0.5617636259718093
CADPS2,CEP85L,0.589736324584952,0.5350105897469614,0.561707378277516
MPO,OXGR1,0.6661767673991967,0.47358987019640847,0.5616890321169256
ACSL1,EPHA7,0.6659210014402899,0.47370798258068425,0.5616512210886652
PART1,OXGR1,0.678617600382009,0.464833395630557,0.5616441253322513
CEACAM1,CSN3,0.559672126586969,0.5636201385857867,0.5616426635767171
KRT14,ITGA6,0.6252487378351214,0.5044758355115802,0.5616252125946037
MANSC1,DYNC1I1,0.6694460344837179,0.4711663766036454,0.5616230607795342
PPP1R1B,XBP1,0.6005493268285768,0.5252174234964965,0.5616217322357286
MYBPC1,HM13,0.5854416768224507,0.5387545733377695,0.5616131950111463
PLCB1,DUSP6,0.6738424015727004,0.4680568448392227,0.5616017702954671
ADGRG2,DLK1,0.5530794107466547,0.5701300402580952,0.5615400134584478
GALNT6,MGLL,0.550240733526805,0.5729056606951581,0.5614588417529487
CHRM3,MANSC1,0.8038676178590703,0.3921470464563176,0.5614573110088693
SLC13A2,KIRREL3,0.7311905096258337,0.4310037875179334,0.5613785523565201
C2orf88,CD46,0.5653706485819767,0.5573469151431604,0.5613444458615873
LTF,GNPTAB,0.6599156434566935,0.477478126435036,0.5613334882606535
ANO1,SEC63,0.6467314245913262,0.48706120217125526,0.5612466348615195
SLCO1A2,LYZ,0.7713133297970806,0.40838549003347163,0.5612425252584924
CADM1,SLC5A1,0.7559176210148074,0.41655381412973536,0.5611420214184586
FOLH1,ELF5,0.6212399798361145,0.5067482501378104,0.5610813423182058
CHRM3,LYZ,0.8014093662008657,0.3927249096725993,0.5610110702579852
ANO1,MYBPC1,0.6508242426922052,0.48351297673171867,0.5609652100739176
GALNT13,SLC5A1,0.6898666895592838,0.4560745836744234,0.5609194801677002
PKDCC,PIP,0.6040640464281741,0.5208551209678813,0.560918757018068
SERP1,CRISP2,0.5650413202866373,0.5565173006050858,0.5607631142436644
SRPRA,LDLRAD3,0.6586932139326357,0.47736128414724194,0.5607447177298748
PADI2,ATP2A3,0.7876795574380857,0.399177960189976,0.5607355161049441
GNPTAB,AACS,0.5524044473087047,0.5691567670940343,0.5607180480050461
ST3GAL1,CBS,0.6435063861675239,0.488576399321006,0.5607156437034744
BPIFB2,CEACAM1,0.6543543886610566,0.4804597147925555,0.5607057365047625
SRPRA,CRISP2,0.6038906495341546,0.5204378692318313,0.5606135593192355
SLC5A1,OXR1,0.6573305052949392,0.47811344851181137,0.5606055250339358
SLC22A3,FDCSP,0.6356507217426187,0.4944144093284388,0.560602244135334
AIF1L,CBS,0.6173656632320431,0.5088892329276766,0.5605093565660084
TBC1D24,DTNB,0.6724957067034596,0.4671414881144455,0.560491431852468
RAPGEF3,ACVR1C,0.5511488362319137,0.569948778781982,0.5604699868302404
CHRM3,DYNC1I1,0.7334319235925494,0.4282540316741141,0.5604419490339834
ANO1,OXR1,0.7053869091344894,0.44527912176026996,0.5604409544283829
GRIA2,ELF5,0.6726287023425624,0.46688735807092013,0.5603943591787753
ROPN1,CRISP3,0.6548328359258812,0.4795130014777638,0.5603577951818064
CCDC129,BARX2,0.6392327653357374,0.4908171000875568,0.5601306741850837
SRPRA,FBP1,0.6229426924818146,0.5034113820373518,0.5599968229841481
GATM,KIAA1324,0.7548098331557189,0.4154501399277107,0.5599873666462087
EGF,DUSP6,0.628573906185695,0.4988627984309934,0.5599751225371503
MUC7,DLK1,0.5905130617196396,0.531006924717222,0.5599701107283289
ANO1,GPAT2,0.6607323848224824,0.4745566085549074,0.5599597482888866
SLC39A8,DLX6-AS1,0.6596788302373325,0.475211232597226,0.5598989105502697
MCFD2,CEACAM1,0.6555738301473651,0.47801544864030937,0.5597985517440526
GALNT6,SLC12A2,0.7209407483817082,0.4345892773962828,0.5597437975402156
LIMCH1,AGFG2,0.580429721115296,0.5397349749552446,0.5597126235752092
F5,BPIFB2,0.6119371927883935,0.5119442046034579,0.5597121576572435
CHRM1,CADPS2,0.6405232581242676,0.4889229460582634,0.5596128289996168
SLC13A2,AGFG2,0.7077679287909113,0.4424187632149189,0.5595800315404936
ANO1,ARHGEF37,0.6708915920844152,0.4667012911509874,0.5595587299364904
GALNT6,ANO5,0.6866003290421258,0.4559064430333682,0.5594868307647068
CCL28,ABCA3,0.6489070555732475,0.48230936689562753,0.5594407485584499
AIF1L,KIAA1324,0.7213403888130285,0.43386840113606984,0.5594343582308648
SLC5A1,RYR2,0.5969046304422156,0.5241607677263002,0.5593514005989215
TBC1D24,PRSS8,0.6278402345495527,0.49830542702026925,0.559335495188461
CHRM3,CEACAM1,0.6581146482292172,0.4753049211412055,0.5592898452309503
ATP2A3,FOLH1,0.7199640660471367,0.434454308344509,0.5592776504987564
ADGRG2,ARHGEF37,0.6042170633664907,0.5175824735378365,0.5592246080163104
SRPRA,DMRTA1,0.6126510710648245,0.5104119932281762,0.5591998339910109
C6orf58,SH3BP4,0.6200453824489417,0.5042955146279295,0.5591834271817795
KCNMA1,FDCSP,0.7040479808892036,0.444093443946553,0.5591628497465683
SH3BP4,IRX2,0.5647950493875389,0.5534534321473646,0.559095482492368
SLC39A8,MCFD2,0.6638393836081359,0.4708328758294907,0.5590683375698315
LTF,HID1,0.7188435687365428,0.43475911368043585,0.559038274913964
AZGP1,CRISP2,0.6907744446050197,0.4523767201812853,0.5590082983601118
KIRREL3,TTYH1,0.6591636748617001,0.4740673915045754,0.5590062646484888
FAHD2A,TBC1D24,0.7859048558953114,0.3976144346880491,0.5590054695576842
CRISP3,ALDH1L2,0.562921967614838,0.5550117609839219,0.5589528714860006
GPAT2,C6orf58,0.571290617569647,0.5468237481232722,0.5589233192192765
DMBT1,PYCR1,0.6424032784183185,0.4861927240095666,0.5588665313354149
CHRM1,SERP1,0.6299326849343773,0.4958054384589953,0.5588595986950041
MCFD2,LIMCH1,0.6370434192248952,0.4902487190967844,0.5588467771080377
MCFD2,MGLL,0.5790400863578856,0.5393452710290677,0.5588403459964112
DTNB,GPD1,0.6582363641961315,0.47440979284734874,0.5588146179037183
ADGRG2,FDCSP,0.5995183056316072,0.5207993950412785,0.5587743470213297
EPHA7,FOLR1,0.5798078933629351,0.538491824688405,0.5587681186912394
ADGRG2,CHPT1,0.6272173137569447,0.49778786611582904,0.5587675439804749
CRISP3,CES3,0.5583590230128248,0.5591039202075795,0.5587313474736714
PADI2,TMEM63A,0.70241705419905,0.44440426542574407,0.5587102424279009
AIF1L,ARHGEF37,0.664902128961627,0.46944811840203726,0.558692270720246
GRIA2,KIAA1324,0.7280360615738583,0.4287235781560499,0.5586825801334625
KCNMA1,ANGPTL1,0.6186316571180918,0.5045173778313532,0.5586684360984469
SLITRK5,ABCA3,0.5857696584476569,0.5327724064300946,0.5586429186384562
LYZ,NPY5R,0.5977010985398461,0.5221269563302886,0.5586374990777827
RAPGEF3,SLC25A48,0.5643038832015225,0.552939861615494,0.5585929744335635
KCNMA1,SERP1,0.6460398162836932,0.48297606032493356,0.558589084463474
PHLDA1,SSR3,0.6310569262398148,0.49439131175716644,0.5585598101879041
CA2,FDCSP,0.5641455936433382,0.5529453798074416,0.5585174120327944
SLC13A2,POLR2F,0.5578244079560797,0.5590772116800387,0.5584504585074251
MUC7,PART1,0.6655542003976708,0.46857530901065475,0.5584462956405726
DEPTOR,CAMKK1,0.6266583842480435,0.49758159450378625,0.558402791937243
DEPTOR,LDLRAD3,0.5689872048130378,0.5479921601454968,0.5583910166367694
ANO1,ALDH9A1,0.5828196278561955,0.5349779111930371,0.5583866287016646
PADI2,MGLL,0.6664684359949204,0.4677989046845515,0.5583665501847778
LYZ,TNFSF13,0.6423677545258236,0.4853331396472595,0.5583568385111604
SMAD9,MGAM2,0.6844990041407703,0.4554206034955178,0.5583322931354325
ATP2A3,HID1,0.7727094913747294,0.40343055990234594,0.5583320004685063
SNPH,PYCR1,0.5646379148886982,0.5519426827935748,0.5582542122999505
STATH,FOLR1,0.6706665378689404,0.46459407737083414,0.5582004132788796
SRPRA,ROPN1,0.6208213072394523,0.5018430212053845,0.5581709777959822
GPAT2,TTYH1,0.6493175337808477,0.47980570264636113,0.5581632875210639
PKDCC,SEC63,0.5622517332934359,0.5540785042023979,0.5581501584416442
SLC12A2,SERP1,0.6832386262046156,0.4558413609504624,0.5580756447140801
GALNT13,TRIL,0.5792064915006403,0.5376896375124451,0.5580621188181781
PADI2,LPO,0.7494631206029253,0.4154258750970328,0.5579842047311225
MANSC1,EPHA7,0.5890881628845855,0.5285119957422103,0.5579786381522546
ATP6V0E2,MAPT,0.6555896740057587,0.4747728369718961,0.557903369247036
CHRM3,OXR1,0.6487827751482564,0.47971944794993854,0.5578832447148334
CHI3L2,RASAL1,0.6073866626234626,0.5123303462335753,0.5578374486887148
EGF,OXR1,0.650125950007141,0.4785932038945018,0.5578045010116666
HP,ATP2A3,0.589748243001315,0.5275293744675688,0.5577719262600364
ODAM,LIMCH1,0.6045652976295852,0.5145973595908305,0.5577702984745864
EGF,SAP30BP,0.5837935175936919,0.5328903428091615,0.5577615330230911
CA2,LTF,0.7306994255507494,0.42570457026820735,0.5577294011878052
AZGP1,PKDCC,0.5934540319836206,0.5241085120874631,0.5577045003361916
TCN1,CEACAM1,0.7535706651138211,0.4127224808066064,0.5576876853301144
PLCB1,KCNMA1,0.6652602725348596,0.46748343930593467,0.557672090244975
PPP1R1B,GNPTAB,0.6474867018129913,0.4799655660215917,0.5574686729558226
ROPN1,SLC31A2,0.6789792922755206,0.4576774673208269,0.5574527090722116
SLC39A8,MAPT,0.5848811874542647,0.5312899493815952,0.5574419220661678
DTNB,CES3,0.6299711187203905,0.4932116541093505,0.5574128609076057
STATH,GALNT13,0.8076308468946208,0.384698347940844,0.5573995448028509
MUC7,TNFSF13,0.5673165322994913,0.5476184984040552,0.5573805051646883
CHRM3,ANO1,0.6089347910274298,0.5101784092754919,0.5573736475999543
LPO,ELF5,0.5816656547925064,0.5338449425494535,0.5572425576584185
ANO1,IRX2,0.6399519818161612,0.48520016956279116,0.5572295847218144
DEPTOR,SLC43A1,0.6377868843937788,0.4867673686632235,0.5571838507030469
CHRM3,SNPH,0.6724568728888827,0.46164199489360164,0.5571663416613901
SLCO1A2,ZG16B,0.7209481522559767,0.430555163493655,0.5571426653605166
KCNN4,KIRREL3,0.7192404799154333,0.43156948448449906,0.5571375441823027
C2orf88,SMR3A,0.5511493952923772,0.5630654700445853,0.5570755723643708
SLITRK5,SLAIN1,0.6313002975448537,0.4915689324067374,0.5570705640151697
C3orf70,LONRF3,0.5641248004299987,0.5500471208623527,0.5570414906302493
EGF,GNPTAB,0.6157552908606865,0.5038912912746186,0.5570221976016483
KIRREL3,PTH2R,0.6195613277087636,0.5007562284058067,0.5570001739044024
CHI3L2,CEACAM1,0.6644366847279309,0.46683428048711695,0.5569396930047354
EGF,SSR3,0.6479853995897719,0.4786293838472122,0.5569065025187281
LRP6,EPHA7,0.5642155425551186,0.5496910488842938,0.5569059466228962
NRG3,XBP1,0.6016022653011518,0.5155270476739061,0.5569041566595071
CADM1,DTNB,0.6704194225424571,0.462492755858226,0.5568340204338645
SLC43A1,OXR1,0.6001481165701823,0.5165725841102982,0.556794453479547
ALDH18A1,TECPR1,0.6248553638896024,0.49613589512273254,0.5567882679130448
CHRM3,TCN1,0.7775064585323856,0.3986435288637794,0.5567296636103828
SLCO1A2,LPO,0.7697286192775963,0.40266677917889643,0.5567262738243353
GLYATL1,CHDH,0.6197658256972816,0.5000917890573714,0.5567223729737943
KANK4,PART1,0.6070903772738019,0.5104683325722494,0.5566869969809026
KCNMA1,CEACAM1,0.591410112094607,0.5239416440837593,0.5566546384057254
CCDC129,CEACAM1,0.6667108743392404,0.4647553369536281,0.5566483962558247
CADM1,ATP2A3,0.730579195598861,0.4241094743518124,0.5566377265491469
SLC39A8,P4HB,0.7344340287938633,0.42174539681683504,0.5565466475592632
DMBT1,NPY5R,0.6044089030729365,0.5124542499744891,0.5565356332726102
DLX6-AS1,FDCSP,0.6446150888345565,0.48039859998945195,0.5564819729409005
CA2,XBP1,0.6055789319282788,0.5113647651545992,0.5564815615167112
PADI2,P4HB,0.6822378819483417,0.4538982726382554,0.5564769502366961
C3orf70,DAPK1,0.6007682566701301,0.5153058785429423,0.5563986109832709
ADGRG6,ANO1,0.61121703756697,0.5063055478222591,0.556293606869289
TNFRSF11A,ARHGEF37,0.6240544539571323,0.49582915735036526,0.5562592867056758
AGFG2,SOX9,0.5771205172972832,0.5360946005169885,0.5562294429195966
GATM,TNFRSF11A,0.5794417847825608,0.5339404203869864,0.5562260243431497
GPAT2,ST3GAL6,0.5884434446765574,0.5255873246048806,0.5561280569876257
SRPRA,PART1,0.5949174706854433,0.5197670320645101,0.5560741749636446
CA2,PLCB1,0.6532277528069642,0.47335943868250374,0.5560679116803431
SLCO1A2,MGAM2,0.7487171076248387,0.41297313754809534,0.5560575986997791
DYNC1I1,DUSP6,0.575011804934176,0.5377172602155383,0.556051951116797
MPO,GP2,0.7238913199230412,0.4271013073582871,0.5560350071033721
CBS,ALDH9A1,0.566104972084416,0.5460417919030259,0.5559828894509138
KANK4,SEC63,0.586911105680843,0.5266637036279279,0.5559719207102415
TCN1,GATM,0.7463409312871533,0.414136265680703,0.5559557951923154
PADI2,ATP6V0E2,0.7316805958686708,0.4223990464418349,0.5559327171474261
BPIFB2,CLDN10-AS1,0.6729592920625835,0.4591624372693373,0.555875551473982
SLC22A3,CLDN10-AS1,0.6591937699266525,0.46873992075217547,0.5558690812374321
PLCB1,SERP1,0.5637424397460298,0.5480156497944823,0.5558234246900244
PKDCC,LRP6,0.5566044750068775,0.5549190788878278,0.5557611380581224
MPO,SEC63,0.5731651485628241,0.5388520738185872,0.5557438519170648
PLCB1,LRP6,0.7457459557590506,0.4140815887654961,0.5556974628124111
LRP6,SLAIN1,0.5878454632366523,0.5252008395811788,0.5556410089580113
KCNN4,DUSP6,0.6080468848139918,0.5077093797411472,0.5556177703623675
P4HB,CES3,0.563199034907478,0.5481136797169489,0.5556051614556619
GATM,LRP6,0.6825285785829033,0.4521772590288166,0.55553928922485
OXGR1,PTH2R,0.5967473455544843,0.5170881121363037,0.5554916366023153
RNF128,DUSP6,0.6281783254635461,0.4911985748594219,0.5554820413166136
MCFD2,OGFRL1,0.6425170936280634,0.4801746324109803,0.5554461353278343
SLCO1A2,SLC12A2,0.6966972252332855,0.4427890067008198,0.5554186460070132
TCN1,TRIL,0.5627955405810093,0.5480035568842139,0.5553503020949633
PHLDA1,NPY5R,0.568171321527672,0.5428087282513645,0.5553452551947597
SLC12A2,TMEM63A,0.683269817191396,0.451304822361722,0.5553043881266284
ADGRG2,GNPTAB,0.605578730972851,0.5091978490751222,0.5553011680673992
TCN1,LRP6,0.6456205324407206,0.4776007916534422,0.5552917047835354
TBC1D24,CES3,0.5721487226390175,0.5387692007048794,0.5552081681500564
FOLH1,P4HB,0.7283169490747698,0.42324384585832864,0.5552077687948991
ATP6V0E2,ALDH1L2,0.5593280753942325,0.5510607645793159,0.5551790313740451
DMBT1,SOX8,0.5749568428634679,0.5360520498635877,0.5551637544004999
MUC7,FOLR1,0.5577546276546447,0.552560312182525,0.5551513948267611
C6orf58,PIGR,0.7118695393698089,0.43289695733871925,0.5551271544568018
C2orf88,PIGR,0.5852359078073697,0.526517154702109,0.5551006620499043
SLC43A1,ACVR1C,0.5500131213715271,0.5601517065595186,0.555059265814371
LYZ,SERP1,0.5502038730512927,0.5599423046999357,0.5550517315810948
PHLDA1,CLDN10-AS1,0.7551308725876188,0.40796998111727617,0.5550411947149897
SLC5A1,LIMCH1,0.5644463872265646,0.545633775675153,0.5549603710434016
C6orf58,SSR3,0.5841927175890658,0.5271384625186855,0.5549328346426374
PKDCC,EGF,0.6147430491873211,0.5008065733647327,0.554857963773874
AIF1L,P4HB,0.6827397133067205,0.450920544941105,0.554852560215054
CCDC129,CES3,0.64533599900389,0.47704744537722615,0.5548476274931397
PPP1R1B,LONRF3,0.6106191032915579,0.5040857533154668,0.5548012172585238
GALNT13,ROPN1,0.6164207290659112,0.4991440767832749,0.5546915861266308
SLC22A3,C10orf90,0.6575376257170348,0.46782077509262165,0.554625785296271
OXR1,FREM3,0.6251290997888178,0.4920606708680916,0.5546182869517122
DTNB,ABCA3,0.6281790146403359,0.4896547426728684,0.5546087213218069
SLC39A8,NRG3,0.7183031758477347,0.4281980678070665,0.5545953768268174
MANSC1,LDLRAD3,0.5869473608553182,0.5239862667461913,0.5545740314792136
NDRG2,SLC25A48,0.7111363389686146,0.43244698943218784,0.5545527647237954
GATM,LINC01554,0.6170572234272993,0.49823909229511515,0.5544745538747127
NRG3,MAPT,0.5779023987917821,0.5319962394057817,0.5544744384557402
RNF128,SOX9,0.5978350949666179,0.5141417276054777,0.5544113712301739
KCNN4,TNFRSF11A,0.6465907444054483,0.4752535401751448,0.5543415376130238
SAP30BP,TTYH1,0.5658761663772137,0.542832033523131,0.5542343458473289
SLITRK5,PYCR1,0.6700502104834862,0.45838833028534715,0.5542050136825457
FAHD2A,ANO5,0.6369986085685264,0.48216981614676935,0.5542034842720084
ODAM,PIGR,0.6477262567144015,0.47414229206860087,0.5541790432627178
CRISP3,CADPS2,0.6130706664653766,0.5009410743895718,0.5541771181994946
ACSL1,CES3,0.588777861307604,0.5215993630572868,0.5541715956635433
SLCO1A2,RNF128,0.5840812333642986,0.5257762202554835,0.5541624519943966
DMBT1,ATP2A3,0.7089103309785935,0.4331914402824176,0.5541605248551201
GRIA2,SLC12A2,0.7177509973765067,0.4278437821620105,0.5541527780027092
ROPN1,CES3,0.5600903478789291,0.5481325084594725,0.5540791706487584
ACSL1,SLC12A2,0.7095310365098627,0.43264730487644393,0.554054772267311
KIRREL3,CRISP2,0.5610196045843104,0.5470907424774789,0.5540114006195649
MPO,SOX8,0.6317113488039071,0.4858560163986544,0.5540042955101406
RTN1,NDRG2,0.6925354538901108,0.4431580124155791,0.5539879378409447
PPP1R1B,MYBPC1,0.713622807170245,0.4300289941543468,0.5539661523712633
SLC39A8,LINC01554,0.5558895341341135,0.5520384926942535,0.5539606669501967
TUSC8,C2orf88,0.6426407265998569,0.47749633748640913,0.5539481864498127
GATM,PART1,0.765021522572707,0.40108180293695816,0.5539279840909268
MANSC1,GATM,0.7294772291893535,0.42054067386783933,0.553872589621959
AIF1L,DYNC1I1,0.6889493356437316,0.4452269931115737,0.553840086229658
TRIL,ALDH9A1,0.6059902983479664,0.5061185665534333,0.553807675231357
DMBT1,PADI2,0.8164749413931317,0.3756043205128171,0.5537793022294255
DEPTOR,MGLL,0.6680529949939578,0.4590415992230523,0.5537726204750251
SLC37A2,TBC1D24,0.5706557553178062,0.5372789906085709,0.5537159454107516
LRP6,TMEM63A,0.6265347807731015,0.4893047488658657,0.5536844259701664
SMAD9,TMEM63A,0.5679409151367592,0.5397619959223483,0.5536722152322456
LPO,PIP,0.8438455941678651,0.3632544201040644,0.5536520947010112
LIMCH1,SLC43A1,0.5843829907164987,0.5245214917787199,0.553643782644335
ACSL1,AACS,0.6463202015388657,0.47418575065581187,0.5536025920556393
DYNC1I1,CADPS2,0.6458020723516431,0.474547235247252,0.5535915352960322
CHRM1,PIGR,0.7485261308845916,0.409412853166796,0.5535848795942346
DMBT1,ABCA3,0.6503700689757195,0.4711261252881224,0.5535398184411846
TMPRSS5,DTNB,0.6927896406457729,0.4422789387369636,0.5535397610224353
PHLDA1,GNPTAB,0.6960405879958198,0.44012314681266484,0.5534831288287456
CHRM1,ID4,0.6651297637782253,0.4605474805205429,0.5534652987561962
MGAM2,SEC63,0.6458054089553164,0.4742661902837446,0.5534290116806975
ANO1,PIP,0.6682576680932807,0.45831042475520123,0.553416168637809
BPIFB2,DLK1,0.6456717285328278,0.47424693748564156,0.5533604972147489
EGF,TMED3,0.7131279024164752,0.4293447244677808,0.5533332655581878
ID2,FAM171B,0.5967990343099927,0.5128053212161765,0.553210376340538
LYZ,AACS,0.5564059757833442,0.549895535887299,0.5531411774802862
ATP6V0E2,RASAL1,0.5684925914454138,0.5381141857891595,0.5530948634482318
GALNT13,MCFD2,0.6116684368559206,0.5000434539038521,0.5530468314794009
LYZ,ID4,0.577792729240804,0.5293452860218507,0.5530387486617182
DMBT1,TNFSF13,0.5885838884378124,0.5195909333150055,0.553012524204993
GALNT6,SLC39A8,0.725220254859073,0.42162157984885373,0.5529633890160096
PIGR,ST3GAL6,0.665340943417791,0.4595611363457726,0.5529600709042638
F5,PLCB1,0.6051557258012159,0.5052531727818692,0.5529528465323054
PIGR,FBP1,0.6090228450553754,0.5020081685888451,0.552932584566163
BPIFB2,HID1,0.6472251042992018,0.4722774553957215,0.552874149627795
ADGRG2,BHLHA15,0.5795953338917577,0.5272237755051753,0.5527896889410974
CCL28,NDRG2,0.8769876332429419,0.3484249633532843,0.5527787839397923
NDRG2,MCFD2,0.6963797124550903,0.43878873944640634,0.5527780532946474
MYBPC1,SLC31A2,0.6467333072475363,0.4723437614252392,0.5527028523395607
HP,ADGRG2,0.5580097521449436,0.5474424123232683,0.5527008275858983
SRPRA,LINC01554,0.63430625599653,0.4815909984928018,0.5526989987105094
TMPRSS5,AACS,0.6503113362797478,0.46972240082417493,0.5526896074294327
KCNN4,TECPR1,0.5882750117493355,0.5191616249760923,0.5526389517873445
SLC39A8,BPIFB2,0.6469192166296673,0.47201417611960433,0.5525893964359
FOLH1,TUSC8,0.7586936272769608,0.40245561543536423,0.5525762487590632
SAP30BP,ST3GAL1,0.6003269903636838,0.5086003709591995,0.5525635981457604
GATM,MGLL,0.6542623164634018,0.46666653524890434,0.5525597961921388
SLC37A2,FAHD2A,0.6270622195568313,0.48681152842526887,0.5525044049780984
ROPN1,EPHA7,0.6401017896299444,0.47689281101007935,0.5525033409756059
ATP6V0E2,KIRREL3,0.6405021081755917,0.47653639013201754,0.5524695127352671
AZGP1,CHPT1,0.6378774256787129,0.47832365415942424,0.5523693159077978
ADGRG6,KCNMA1,0.6871703574572987,0.4439193468451786,0.5523117020793711
MPO,FBP1,0.6581368340341838,0.46350037446029213,0.5523103013894954
GATM,IRX2,0.6052939887991778,0.5038910191923518,0.552270047102884
DEPTOR,FOLR1,0.6839240543416396,0.44594654216085966,0.552262226785691
ARHGEF37,TMEM63A,0.6134491747865731,0.4971704167094648,0.552257894338069
NDRG2,MGLL,0.734330827781585,0.415292161316416,0.5522334982511359
BPIFB2,TMEM63A,0.6440624377330851,0.47339997854200766,0.5521767327609483
GRIA2,ID4,0.6611379968715037,0.46115703622150306,0.5521670391925654
ADGRG2,OXGR1,0.5733660517930449,0.5316082451050019,0.5520924927912753
SRPRA,SLAIN1,0.6204666033276967,0.4912313015469445,0.5520802632942751
SMAD9,NPY5R,0.6235175628295635,0.4887587786689476,0.5520413775136935
TCN1,OXR1,0.6281259970460473,0.485165086159466,0.5520369584328988
ZG16B,SOX8,0.577286903424567,0.52786125922672,0.5520211877969774
TMPRSS5,OXGR1,0.6356030807926406,0.47942366897054994,0.5520173557077646
CHRM3,C2orf88,0.7049503472578097,0.43219110335463246,0.5519721626962578
SLITRK5,FDCSP,0.6479989638984932,0.4701508365800127,0.5519576568722079
TMPRSS5,MGLL,0.7065607938516915,0.4311105961743379,0.5519110843884332
FOLH1,CRISP2,0.6575001290679253,0.46317654072729253,0.5518501928145264
SLC22A3,TRIL,0.5830548525589893,0.5223004601299427,0.5518422036892031
PLCB1,SMAD9,0.6908924245415455,0.44073887814752616,0.5518180425765953
TUSC8,ATP6V0E2,0.6785827446156528,0.44872131522935843,0.5518102406225202
CLDN10-AS1,CBS,0.7027925761768735,0.4331983229762373,0.5517685795693437
CHI3L2,GP2,0.6302049240501214,0.48306720289857724,0.5517529609470188
F5,C2orf88,0.6416495358183302,0.4744101977478556,0.5517291755675005
SLC12A2,PYCR1,0.7231151949814428,0.4209610830084248,0.5517276099845253
LYZ,FBP1,0.6520331140802221,0.46682672996038804,0.5517123222042071
SLC13A2,LINC01554,0.6494711816502399,0.46864670690811405,0.5516996741997465
TMPRSS5,FDCSP,0.6903781526049021,0.4406875507864021,0.5515805083466014
PPP1R1B,SMR3A,0.7576198598842165,0.4015605501591999,0.551570709652572
ANO1,AIF1L,0.7657934982373633,0.3972356093066789,0.551543694438992
FAHD2A,DTNB,0.724260365316981,0.41994000064461584,0.5514942413825213
RTN1,PIGR,0.6422322624779713,0.47349358857279406,0.551446152092767
SLC25A48,SEC63,0.5662202569795571,0.5370486033958162,0.5514415637447827
CHRM1,DTNB,0.7199270234941876,0.42233326573905633,0.5514065024336389
CHRM3,FOLR1,0.671323503628876,0.4528454663855766,0.5513672143829534
SMAD9,RTN1,0.6169272456089109,0.49265169773886325,0.5512986984662585
SLC39A8,MGLL,0.560381801309464,0.5423285358784964,0.551281272888093
PPP1R1B,GLYATL2,0.6615967165372227,0.45933188319947305,0.5512644245057271
OGFRL1,ELF5,0.5789168347336894,0.5248910018659202,0.5512424488194043
CCDC129,FDCSP,0.7088506104241827,0.4286349468957161,0.5512151519653333
MANSC1,ST3GAL1,0.659581342036668,0.4606415377191627,0.5512082761049945
DMBT1,KCNMA1,0.7759034187990543,0.39157185851831644,0.5512004569390897
CHI3L2,CCL28,0.7933487527511793,0.3829123524159117,0.5511651632697622
PYCR1,OXGR1,0.5894583907095021,0.515282231778428,0.5511237929043826
FAHD2A,ABCA3,0.6154934247620574,0.49345870060616326,0.5511085062079174
FAHD2A,MCFD2,0.6742335105702402,0.45044626253075465,0.5510952412327245
RNF128,TBC1D24,0.634172004403479,0.4788424312961413,0.5510612166071108
RNF128,RASAL1,0.7004683324486111,0.4334774498152269,0.5510328723643885
PADI2,TNFSF13,0.6877831863861688,0.44146365429129,0.551027475560108
NRG3,TMPRSS5,0.6764200990462867,0.4488787057580978,0.5510268401889888
DMBT1,GALNT6,0.7614410153743738,0.3987292453427777,0.5510070792950509
KCNMA1,CADM1,0.7664096688646557,0.39610645838288144,0.5509807797050417
PART1,SOX8,0.5569800006131707,0.5449605396132411,0.5509374934490634
LYZ,XBP1,0.56888233683446,0.5334970898327551,0.5509056826340073
PKDCC,PLCB1,0.7105008773395055,0.4271255708279547,0.5508839195396784
CHRM1,TMPRSS5,0.7369877677492686,0.4115543818343885,0.550736366309286
PRSS8,IRX2,0.5573841912382669,0.5440861441239538,0.550695029400554
TMPRSS5,TNFSF13,0.5766187788761318,0.5258920773838869,0.5506716330824832
CRISP3,GPD1,0.6809900766317974,0.4452565665813298,0.5506498918523737
SRPRA,ACVR1C,0.5835802354433278,0.5195732903652003,0.5506475307502868
PADI2,PRSS8,0.6472793290932938,0.468387726728491,0.5506157403419836
KCNMA1,DYNC1I1,0.6322052499504154,0.47944978105434494,0.5505548734414528
CADM1,KIAA1324,0.7452383333810978,0.406648612218394,0.5504998946788021
ST3GAL1,LDLRAD3,0.6394912092778143,0.47377381779463484,0.550430914525754
BPIFB2,TMED3,0.6686716051168033,0.45305999943211217,0.5504074463835754
MANSC1,TMED3,0.670962332376585,0.4514366904858143,0.550360804171889
GRIA2,C3orf70,0.5950380966229352,0.5089113098604854,0.5502923015718719
AACS,CEP85L,0.5678026774335196,0.5332325623589957,0.5502461963541174
LTF,GALNT13,0.7567390436047259,0.39997483021818775,0.5501604952059662
C6orf58,HID1,0.6258852950045898,0.4835575850760701,0.5501377843659196
FOLH1,SERP1,0.6507994579944194,0.4648372241135322,0.5500143757291415
RTN1,DAPK1,0.5509748620977016,0.5489836218195583,0.5499783407789146
C2orf88,CEP85L,0.6608463145115611,0.45769782090126887,0.5499708338653752
MPO,AGFG2,0.6699497617420395,0.451256505878495,0.5498356014281387
PADI2,AACS,0.6724277129256678,0.4495469242852043,0.5498070662967768
SMAD9,RAPGEF3,0.6523059563475807,0.4633278128698788,0.5497558476965199
ST3GAL6,ARHGEF37,0.6062179464893743,0.4985433282693764,0.5497507732595194
PADI2,NPY5R,0.582627818171384,0.51868730731152,0.5497287096123878
GALNT13,DLK1,0.5970046735437231,0.5061611039622838,0.5497095093151779
TCN1,SNPH,0.5943171577169873,0.5084171969449286,0.5496917894809306
LYZ,GATM,0.7419416351515347,0.4072510374330107,0.5496876391462763
AZGP1,GNPTAB,0.5912513620457023,0.5109570555009462,0.5496399321481255
HP,CADM1,0.6195510756605571,0.48759907055698215,0.5496294466771828
PKDCC,DLK1,0.6225014540159094,0.4852760012337693,0.5496226126780517
TTYH1,ELF5,0.5906901618740134,0.5113994053091132,0.5496167733105625
DYNC1I1,C2orf88,0.6457155773317689,0.46773171353546134,0.5495649674441848
MANSC1,TNFRSF11A,0.6534388493047244,0.46213625118666424,0.5495250496541654
PIP,AACS,0.6820271155585511,0.44274214446780225,0.5495108258511223
PPP1R1B,TMED3,0.6787993132247955,0.44479938228162497,0.5494811327202967
LINC01554,TMEM63A,0.5687103374065422,0.5305419182911199,0.5492947053810522
TUSC8,LONRF3,0.5698885748882645,0.5294449925652199,0.5492946862065216
ANO1,DEPTOR,0.7665155319408552,0.3936023487961384,0.5492743519960148
CRISP3,P4HB,0.6864465195864029,0.439493191262269,0.5492618424066119
LYZ,SNPH,0.5998557490695805,0.5029049779552812,0.5492453388625033
SLCO1A2,FOLH1,0.6926353033606208,0.4355137461434812,0.5492287280157608
GPD1,TMED3,0.6789540164895841,0.4442291607835585,0.5491913809919037
FBP1,FREM3,0.6013955609902326,0.5014276008925102,0.5491414511168662
MANSC1,PIGR,0.6275302416472195,0.4804647790403115,0.5490957829870347
GALNT13,XBP1,0.5703890078495305,0.5285677220115478,0.5490803388753355
LPO,AGFG2,0.6991011259189583,0.43124848451646547,0.5490776821874164
GATM,ALDH9A1,0.7238395337360854,0.416484838049551,0.5490611905625238
SLC25A48,SLC31A2,0.7198258818938091,0.4187637640454631,0.5490327820442022
SAP30BP,ID2,0.5730006076735761,0.5259402771775332,0.5489663909773854
SLC12A2,CLDN10-AS1,0.7436591321560636,0.4052436062991036,0.5489654894182192
MGAM2,CES3,0.6409454928668105,0.470139524549552,0.5489388028538159
SNPH,SSR3,0.6311907250674643,0.47723314166346775,0.5488398060570936
FOLH1,ABCA3,0.5765511731101788,0.5224466771673868,0.5488326198472279
PHLDA1,OXGR1,0.6425976506871799,0.46874784229352184,0.5488317248688361
CLDN10-AS1,GLYATL1,0.6140446843877454,0.49051971205172995,0.5488178402464449
MGAM2,CD46,0.6302523186648021,0.47790411078753725,0.5488170678133888
SLC37A2,OXR1,0.5556541934949075,0.542056643265284,0.5488133079127439
CCL28,ANO5,0.7120925008556666,0.42295886813020483,0.5488040070607354
DYNC1I1,FDCSP,0.5564880705325737,0.5411419473596357,0.5487613672357077
ADGRG2,LONRF3,0.5716696258628371,0.52675605284124,0.5487535290535602
NRG3,C6orf58,0.7168054976362989,0.42001163692442334,0.548695407688681
ROPN1,FOLR1,0.6208166420096243,0.48490478971201917,0.5486683545124493
SLCO1A2,TUSC8,0.6736380513315732,0.44684899056199323,0.5486478681646924
BPIFB2,TBC1D24,0.7233545553379637,0.41611000401946685,0.5486301731851609
PIGR,ALDH9A1,0.5846396185582642,0.5148364827863462,0.5486290230347715
NRG3,CHPT1,0.6129685281666104,0.49103277213900937,0.5486234005395861
TNFRSF11A,CES3,0.6578697912895036,0.4574368618553574,0.5485744186862066
DEPTOR,ACVR1C,0.6038134875262376,0.498356311673928,0.5485565263330181
ACSL1,PIP,0.6777346430190859,0.4439661984218153,0.5485355713168925
CHPT1,XBP1,0.6749401397357319,0.4457854682387258,0.5485239340495583
F5,AGFG2,0.6603377440082898,0.45560717385636407,0.5485021543606772
RTN1,TMPRSS5,0.6628317110113355,0.453854195623043,0.5484787626102718
DAPK1,FBP1,0.5836731518236228,0.5153749943182402,0.5484619834635842
SRPRA,SLC43A1,0.5906116673754915,0.509294442058774,0.548448028175326
CADM1,TBCD,0.6054261733541006,0.4967215872508181,0.5483869526088653
HP,TNFSF13,0.5639382515176282,0.5332296130686932,0.5483690141240479
GALNT13,GALNT6,0.6744652648131136,0.4457808579990448,0.5483280992607826
ADGRG6,MGAM2,0.5916453680962157,0.5081707639662562,0.5483218750903075
SLC25A48,CSN3,0.5606117850632661,0.536238986632572,0.5482899739340517
PIP,ALDH18A1,0.6123708058567189,0.4908743823316474,0.5482673992522719
CLDN10-AS1,IRX2,0.5734309031709203,0.5241768541953556,0.5482510437040085
HP,CA2,0.6708294011297838,0.4480605053043572,0.5482446173408638
GALNT13,FBP1,0.6094648558110439,0.4930442652086799,0.5481725567773985
SLC37A2,PRSS8,0.6070494462390232,0.49485133902620904,0.54808688300898
SLCO1A2,MPO,0.7429677030877522,0.40430319955547867,0.5480731881097296
TBC1D24,GPD1,0.7620262314850497,0.39414997341132607,0.548044358495337
RTN1,SEC63,0.5732167788784771,0.523906132784234,0.5480071038492643
TUSC8,CBS,0.6177805727722608,0.4860833797399645,0.5479898436566426
ABCA3,C3orf70,0.5772994183929606,0.5201656852777367,0.5479884556984874
HP,DEPTOR,0.6839042049404481,0.4389542271544067,0.5479075120193949
PADI2,DMRTA1,0.633812836144128,0.47364527104494114,0.5479073393989611
PLCB1,MCFD2,0.7071385195374128,0.42448867227501935,0.5478798146244842
BPIFB2,EPHA7,0.5928300765777422,0.5063159705941268,0.5478679910524524
MCFD2,GPD1,0.7190171510059574,0.4174040523691857,0.5478327048952384
DEPTOR,NRG3,0.7313648870841554,0.4100911295687354,0.5476552315748037
GLYATL2,CHDH,0.5524902023494311,0.5428279812880695,0.5476377828663566
SMAD9,DYNC1I1,0.7169909623261254,0.41825865925108413,0.5476200129630671
LYZ,BHLHA15,0.6008318421908322,0.498911715682442,0.5475052924164938
LPO,FBP1,0.6422320776625221,0.4667306780898025,0.5474937562186912
PPP1R1B,SLC25A48,0.7369058633940976,0.4067315048446616,0.5474694792836728
MUC7,CES3,0.5796231799321959,0.5170795216194322,0.5474589268601563
DMBT1,TMPRSS5,0.786617337519078,0.38097213029514104,0.5474297058086409
SLC37A2,FREM3,0.6428967390148679,0.46613105907576663,0.5474250065838764
SRPRA,AACS,0.7041684115685947,0.42556272474856577,0.5474192432761207
GNPTAB,OXR1,0.6627656572776811,0.452136170979502,0.5474123916557275
RTN1,CRISP3,0.5733544518792398,0.5225440755386042,0.5473600022043814
SLC5A1,KIRREL3,0.6413667098410063,0.4670877554589663,0.5473340268298124
GP2,TMED3,0.6465393569336896,0.4632145054731662,0.5472535139137783
TUSC8,TNFSF13,0.6468626721081348,0.4629741641325033,0.5472483028094114
SLC39A8,PIP,0.677222363261124,0.44208925063118615,0.5471679148897449
DMBT1,ID4,0.6734735466589823,0.444466654227449,0.5471165634434875
SMAD9,CCL28,0.6639486080917295,0.45083355664987124,0.5471108776278588
LTF,ALDH9A1,0.6501840712765595,0.46036900813663095,0.5471056534160712
CA2,CES3,0.6264000943148471,0.4778285970606358,0.5470940305515254
CADM1,CSN3,0.5791414971456027,0.5166919938871306,0.547026301838348
RTN1,PYCR1,0.5929121205857232,0.5046722342963971,0.5470157992575825
DEPTOR,GNPTAB,0.7091993327352871,0.4218424052690983,0.5469646719270753
EGF,HM13,0.6187321740202728,0.48348858849198717,0.5469460169629543
NOSTRIN,GALNT6,0.593993116251428,0.5036089717026071,0.5469371650142353
GRIA2,C2orf88,0.6615436584046627,0.4521558554619208,0.546919407949077
SMAD9,CCDC129,0.695830105761396,0.42986812870185337,0.5469142395824633
MGAM2,MGLL,0.6448570846683337,0.4637042358312805,0.5468299202371035
PADI2,NRG3,0.742877146083336,0.40248245761988705,0.5468043703787204
LPO,EPHA7,0.592607804017817,0.504448105966088,0.5467539522651029
AZGP1,PADI2,0.82846380041889,0.3608074881597221,0.5467320576483484
ATP2A3,KIRREL3,0.6045041875459458,0.49430411783082856,0.5466341639066666
MANSC1,MYBPC1,0.6652950431466769,0.4490333588088522,0.5465708259896722
RNF128,HID1,0.6411378371608246,0.46578768105516943,0.5464742504527248
RTN1,AGFG2,0.6214440349158755,0.4805406783979315,0.5464697046724756
SLAIN1,TMEM63A,0.5626157359766061,0.5307140656007147,0.5464321409023108
ACSL1,MUC7,0.6310701304741497,0.4731259353993071,0.5464207589240593
C3orf70,CDC42EP1,0.5677389779438903,0.5258157679679004,0.5463754265089871
STATH,SLC5A1,0.7161008493791877,0.41674328855688464,0.5462876741321014
ODAM,TNFRSF11A,0.6828508403519529,0.43698347527381903,0.5462550075840441
HP,TBC1D24,0.6303575115519052,0.47335981637587166,0.5462471198270625
SLC13A2,ANO5,0.7204800951292475,0.4141433335324594,0.5462435613722234
GRIA2,DAPK1,0.5584060206147239,0.5342887207584128,0.5462142788485456
KCNN4,MAPT,0.6677798436373482,0.44667508645988335,0.5461507295544701
CHRM1,LDLRAD3,0.5806273810650672,0.5136671259969721,0.5461219626666206
CHRM3,SEC63,0.6689607033802892,0.4458365483109785,0.5461200700860137
GRIA2,CES3,0.6230162976379446,0.47869135577920496,0.546106689382989
KANK4,GLYATL2,0.5542931531025342,0.5380395815004466,0.5461059019309812
FDCSP,SLAIN1,0.5764725432935934,0.5172812091094457,0.5460754656760431
MCFD2,ST3GAL6,0.7558773291653922,0.39448878144429966,0.5460632989899864
CADM1,AACS,0.6095950561523078,0.489152131031666,0.546062927493956
LIMCH1,TNFRSF11A,0.5890151100753509,0.5062261668169952,0.5460538996937347
NOSTRIN,MYRIP,0.7978736340686271,0.37368997259046255,0.546037889203449
DMBT1,ALDH9A1,0.5807671788126808,0.5132996648714159,0.5459923060381591
MGAM2,BPIFB2,0.6616377500418917,0.4505487732298439,0.5459854179407435
DEPTOR,KCNAB1,0.6031452020509378,0.4942228944421242,0.5459745117919831
SLCO1A2,PYCR1,0.7142140432454015,0.41732228587507175,0.5459463683652894
PHLDA1,PIGR,0.6340463876104092,0.47008679179500373,0.5459458143451497
LTF,DYNC1I1,0.6865991167544144,0.4340564744624862,0.5459146380044028
F5,DAPK1,0.6521414792987386,0.45697128075024035,0.5459028549343746
LPO,C2orf88,0.5620902744866028,0.5300837606221697,0.5458524768735651
LRP6,P4HB,0.5635646731111418,0.5286783908394037,0.5458428936189725
MUC7,HM13,0.5822135825268963,0.5116255214869473,0.5457795596915546
SLC31A2,CD46,0.5949915069437058,0.5006234213917162,0.5457716408033411
SMAD9,SRPRA,0.612491158434397,0.48631639229575174,0.5457696313307123
GALNT6,LIMCH1,0.6458204987781295,0.4610701941518519,0.5456817595988325
GRIA2,AACS,0.5780738866798807,0.5150819440215594,0.5456696998543822
KCNMA1,ID4,0.6599237612288529,0.45116638182700447,0.5456513682153555
LYZ,CRISP2,0.6246338679571547,0.4766485241260576,0.5456471490633196
SRPRA,OXGR1,0.5842669745120133,0.5095402050435929,0.5456258003366876
DMBT1,TTYH1,0.7554722639145187,0.394043775829628,0.5456089656589544
HP,RTN1,0.6010012134264419,0.49531569603350467,0.5456054749957142
RAPGEF3,SAP30BP,0.6740633189828227,0.44156887155697205,0.5455688582765629
AIF1L,SLITRK5,0.7107649418019067,0.41875658478013944,0.5455616368573042
ELF5,CEP85L,0.6025186444722002,0.49392358030532135,0.5455255870061624
FOLH1,PYCR1,0.6646781281673992,0.4477214469684372,0.5455187011564134
SLAIN1,FBP1,0.5670710394297728,0.5247514459046619,0.5455010062973604
FOLH1,LRP6,0.6530618760449554,0.4555665169091765,0.5454476365298255
STATH,SH3BP4,0.6821192303794893,0.43615363588129413,0.5454436565169352
TCN1,CADM1,0.743855310381298,0.39993813931071315,0.5454320386173601
FOLH1,ARHGEF37,0.5734715084514018,0.5187374654235791,0.545418331912961
LPO,OXGR1,0.680968822588109,0.43684747881791536,0.5454168252824804
SLC31A2,LDLRAD3,0.5899331756904098,0.5042440209636185,0.5454083576642084
C6orf58,SNPH,0.58159832423484,0.5114214363189836,0.5453822974216305
GALNT13,ZG16B,0.7061617581707021,0.42119238797628794,0.5453713938422623
NRG3,EPHA7,0.6359336414478298,0.4676651968522145,0.5453476245594593
TUSC8,RASAL1,0.6960896272098451,0.42718124626612597,0.545303983539846
DEPTOR,ALDH9A1,0.6206561918285562,0.47898739046741307,0.5452398460323697
OXR1,TECPR1,0.6081704235068728,0.4887321665901329,0.5451902867224916
AZGP1,SH3BP4,0.624306397689384,0.47585373827379246,0.5450491107861184
PHLDA1,TBC1D24,0.6534074038006634,0.45464190096065915,0.5450379658021105
PKDCC,CHRM1,0.6174390923006128,0.4809827012742118,0.5449564409079373
MAPT,TMEM63A,0.6120025321282274,0.48521812371776446,0.5449355194422358
DLX6-AS1,AACS,0.6476840381051224,0.4584708119478859,0.5449258911409339
SLC13A2,ARHGEF37,0.6233475223531603,0.47634625235144124,0.544912154558406
SLC22A3,GRIA2,0.7711732827101907,0.3850254258921488,0.5449048739111604
TCN1,TNFRSF11A,0.7034076334811581,0.422111107110577,0.5449001513293629
TMEM63A,ALDH9A1,0.6296100006177416,0.4714857972720027,0.5448414201505627
NPY1R,COLGALT2,0.6231263379612271,0.4762551633331634,0.5447633760293732
CHRM3,ANO5,0.6554657486142778,0.45273726861594116,0.5447511107826501
AIF1L,CEP85L,0.6055584283834012,0.4900228657063908,0.5447361530402517
PADI2,HID1,0.80357693117388,0.36925362700150455,0.5447235045513399
ATP2A3,CRISP3,0.7251750314290806,0.4091217655225398,0.5446878823428412
PPP1R1B,ARHGEF37,0.6683807161194057,0.4438632367372618,0.5446738730924482
CLDN10-AS1,C10orf90,0.5695625327793784,0.5207787373899279,0.54462469342241
FOLH1,ITGA6,0.6161125417278481,0.4814060990821486,0.5446102600105793
ANO5,PRSS8,0.5827525343938659,0.5089640556383719,0.5446100378607079
NPY5R,CEP85L,0.5520157484697132,0.5372798404793012,0.544597955633208
SRPRA,CEACAM1,0.7009624462102615,0.4229135332118797,0.5444690117680012
NDRG2,SLC31A2,0.7620660473526103,0.38898605301554967,0.5444566685208777
GPAT2,MUC7,0.604109328649764,0.49052942182440407,0.5443651345386639
DMBT1,SLAIN1,0.6746997700595312,0.439173506559444,0.544343883856423
EGF,AGFG2,0.6435409024750359,0.4603421832801016,0.5442876299121678
ACSL1,IRX2,0.5740840296154087,0.5160102032423631,0.544273108650466
DLX6-AS1,NPY5R,0.5744459374708938,0.5155799252677862,0.5442175975762147
SLC39A8,SLC25A48,0.7433244953876079,0.39843899037105807,0.544214536244958
AZGP1,ARHGEF37,0.5794974516293596,0.5108963519597637,0.544116838562656
CHRM3,SAP30BP,0.6054836866656221,0.48889144531437045,0.5440733357629552
AZGP1,XBP1,0.6174824891001206,0.4793252066132297,0.5440357724157178
FBP1,PLA2R1,0.5850913763435062,0.5058591580156667,0.54403477002794
LTF,CBS,0.6072766333766323,0.48735716231171455,0.5440226252470084
SLC5A1,RASAL1,0.6329607757811925,0.4675494322690841,0.5440040913128279
SH3BP4,TECPR1,0.6190445628486044,0.47804771643514277,0.5439970952508538
PHLDA1,MYBPC1,0.6723452256779521,0.44008467127103246,0.5439566413080456
F5,SLC31A2,0.5506393622255482,0.5370424147980178,0.543798393499327
PLCB1,C3orf70,0.6392401245858796,0.4625601984723364,0.5437711273136204
SAP30BP,CSN3,0.5947434591088729,0.4970400163300799,0.5437014793318871
DTNB,ST3GAL6,0.729926428323182,0.4048345837358464,0.5435986219335076
MGLL,SH3BP4,0.6038098301956916,0.48938765358491343,0.5435964275185908
FOLH1,FOLR1,0.6039946292165114,0.48923775955715765,0.5435963384556983
SLC5A1,DLK1,0.6600705810033264,0.4476554815275084,0.5435845967107478
SLC39A8,CBS,0.6551675994448061,0.4509827842355797,0.5435708860291909
SLC5A1,SRPRA,0.8195234870225009,0.3604870515290678,0.5435325247816929
GRIA2,TBCD,0.5556599128435509,0.5316648994335132,0.5435300099177609
F5,GPAT2,0.657019230026292,0.4496306658457762,0.5435218430479136
FOLR1,SMPDL3B,0.5602379352847352,0.5272998635489873,0.5435194447585175
TCN1,ADGRG6,0.6176032471300233,0.4783062075302735,0.5435103190309671
SMAD9,CD46,0.5993913232432847,0.49280121967091894,0.5434894434618365
RNF128,CEACAM1,0.6270787632910283,0.4710237964825591,0.543478628631272
LTF,ATP6V0E2,0.6835145484196105,0.432122831790741,0.5434723932576996
TCN1,MYBPC1,0.7278914869374757,0.40577589529253405,0.5434710845922421
NDRG2,OGFRL1,0.7500743066582084,0.39376127446829295,0.5434613279118004
ARHGEF37,CAMKK1,0.6236363716656297,0.4735196748512528,0.5434188917736703
ST3GAL4,TMED3,0.6299831859673426,0.46874717426291646,0.5434177382597492
ATP2A3,SLC39A8,0.817063173900778,0.36135476492067986,0.543368816854869
SLITRK5,AGFG2,0.675622818465944,0.43698754679112484,0.5433587746577194
P4HB,IRX2,0.5983614101348105,0.4933806872016397,0.543341479851534
CA2,SAP30BP,0.6411222004352487,0.46045426447425597,0.5433299653429111
KCNMA1,TNFSF13,0.6069663472179068,0.48636030952410714,0.5433271026772158
SERP1,PRSS8,0.6004042157078175,0.49151372412697564,0.543237436158523
HP,SERP1,0.5547693513356763,0.5319364482429272,0.5432329503477603
PYCR1,SLC43A1,0.6338317137695453,0.46549220440724903,0.5431792721245998
RTN1,CLDN10-AS1,0.5901475380860111,0.4998213465118688,0.5431098757404568
C3orf70,SEC63,0.5707908163685352,0.516745783843268,0.5430964443033094
SLC39A8,DYNC1I1,0.591553561556307,0.4985966271039196,0.5430898733573345
F5,NPY5R,0.5589697739874897,0.5276603683152378,0.5430894924589538
PKDCC,DEPTOR,0.6451366963955715,0.45712007771613045,0.5430515047340089
LPO,CRISP3,0.8001979258366084,0.36850391270312205,0.5430249226395717
TESC,ATP2A3,0.5839064952098113,0.5048828061207029,0.5429588840912674
ID4,PART1,0.7028163442447902,0.41929630781209554,0.5428520039677805
ANO5,ALDH18A1,0.6279615726306467,0.4691960181252946,0.5428048170512099
FOLH1,ALDH9A1,0.5718040403766743,0.5152745769498321,0.5428039102689807
NRG3,MUC7,0.6678868281376704,0.44111675841963244,0.5427854756892997
DMBT1,SLC39A8,0.7053505039085185,0.41764672197981567,0.542758994217695
DLX6-AS1,TMEM63A,0.6605180441949986,0.4459267535413848,0.5427178522062643
DEPTOR,RASAL1,0.738627967678216,0.39874363988309275,0.5426999210903418
CA2,SLCO1A2,0.7291765339210482,0.403834414133713,0.5426477479692126
SLAIN1,ID2,0.6054136790007023,0.48618698871534866,0.5425350251554568
RDH11,PLA2R1,0.5992047103973864,0.49118862459556806,0.5425150113603106
AZGP1,PTH2R,0.6687091024992026,0.44009861822266255,0.5424923520224187
MGAM2,CRISP2,0.5723776737343645,0.5141646253505666,0.5424908775036299
KIRREL3,CES3,0.5597351168985193,0.5257214082782841,0.5424617349810947
CRISP3,DLK1,0.693261564600396,0.4243699089121791,0.5424014629605868
CA2,OXGR1,0.6400823461419649,0.45958746254948174,0.5423779321525763
LRP6,ELF5,0.6205416808091031,0.4740595201160359,0.5423778124300087
DMBT1,AACS,0.5950596924590146,0.4943367376402781,0.5423650680781501
PLCB1,KCNAB1,0.6718076470753652,0.43785275724717265,0.5423585812095943
ST3GAL6,SERP1,0.7280673301399334,0.4039654095705576,0.5423227979855914
GLYATL2,TMEM63A,0.6174277271095657,0.47634920704441563,0.5423202081942711
AGFG2,ITGA6,0.6192148798972388,0.4747145648947968,0.542171856782332
SRPRA,ARHGEF37,0.6261470152179506,0.46945260500407937,0.5421681910713647
GALNT6,EGF,0.6784502332534845,0.43325691787101656,0.542165341006115
MANSC1,SAP30BP,0.6868773615471503,0.4279091313206754,0.5421449023125446
GNPTAB,TNFSF13,0.5771492735857789,0.509261274110187,0.542143684292331
DTNB,RASAL1,0.6869441267421393,0.427864935628295,0.542143250966717
SLC13A2,SLC31A2,0.6778890464028292,0.4335469060232425,0.5421224019490366
AZGP1,CHRM3,0.8643041591182957,0.33998802915048426,0.5420821594972444
F5,SLC5A1,0.6913565276645238,0.42501343021052945,0.5420662407133837
TBC1D24,FOLR1,0.6431308741839803,0.4568751453295834,0.5420613541000207
CEACAM1,CDC42EP1,0.550125934938487,0.5341077431573533,0.5420576736495152
SLC37A2,NRG3,0.5979927577532741,0.49135114063277097,0.542055738473644
SLC22A3,GLYATL2,0.5558819269078747,0.5282947852088067,0.541912837250838
PIP,BHLHA15,0.5900348933700535,0.4976763740520195,0.541891526319224
PHLDA1,TMPRSS5,0.6886552980356333,0.426374256536365,0.5418716552005393
AZGP1,OGFRL1,0.6394430165888989,0.45917333105299785,0.5418626947352088
PART1,TMEM63A,0.5958293151115878,0.49275195412627537,0.5418450510496107
GP2,ALDH1L2,0.6261289272647488,0.4688949712983985,0.5418382649637264
EGF,TBC1D24,0.6427898300899412,0.4566521250668515,0.5417853282269021
KIAA1324,CEP85L,0.6345502083495884,0.4625582097229452,0.5417715462752797
SAP30BP,ANO5,0.5775904568979576,0.5081393030477206,0.5417530915602998
ATP2A3,C6orf58,0.7282574740010508,0.4029866737002216,0.5417361507643819
CADM1,KANK4,0.6184573039989973,0.47445897885603616,0.5416942134834204
TCN1,PIGR,0.6966133634896631,0.4212050250807174,0.5416798401641199
FDCSP,CRISP2,0.567929290242514,0.5164494265343974,0.5415780241644169
GPAT2,ELF5,0.5645308815744308,0.519543130238099,0.5415700705626681
PYCR1,FAM171B,0.5769417346609133,0.5083667008674934,0.5415699089151254
KANK4,AGFG2,0.5982881006724232,0.490213766783842,0.5415616894247405
DEPTOR,MPO,0.7029839260593979,0.4171952794511922,0.5415547760679863
SLC39A8,OXR1,0.631415796862208,0.46442545731924706,0.5415215325509483
CHRM1,KIRREL3,0.5994186945041052,0.48921014044756933,0.5415179625139428
DYNC1I1,DTNB,0.5931203181723814,0.4943489301544817,0.5414872064429617
SRPRA,AGFG2,0.7162122474709466,0.4093743681323723,0.5414784725703183
AIF1L,AGFG2,0.7671668143515612,0.3821500347402239,0.5414543607322745
SLC13A2,GATM,0.7964724261811621,0.36799261896346924,0.5413833891454319
PIP,SLAIN1,0.6630943856508327,0.4420081820793046,0.5413807753776614
FAHD2A,SLC5A1,0.6512441676696575,0.45002107214340603,0.5413627236537804
CADM1,TMEM63A,0.6717188482194999,0.4362849185914896,0.5413509056165083
CRISP3,AACS,0.6472352775082275,0.45260006185688295,0.5412381422591913
PPP1R1B,MAPT,0.5924329649611785,0.49445697140635464,0.5412324912789247
ODAM,SRPRA,0.6139676865333306,0.47704200101872213,0.541191623867827
GRIA2,CEACAM1,0.6093631194401059,0.4806275648566376,0.5411808498181938
SLCO1A2,PRSS8,0.5685474611778439,0.5151213154620825,0.5411754947376666
FDCSP,ABCA3,0.5592567601129838,0.5236722629108663,0.5411721104385977
MGLL,FBP1,0.5590789569245024,0.5238061646966599,0.5411552496181042
FAHD2A,FREM3,0.5897634509802948,0.49646375891537947,0.5411064403096523
GATM,PRSS8,0.6192681221516066,0.47278238073870077,0.5410906182021835
MANSC1,CES3,0.6124063103470923,0.4778078103886722,0.540936704444383
SMAD9,C3orf70,0.6489682586177852,0.45087605745208525,0.5409290617605346
EGF,CHPT1,0.5922084781498118,0.4940490989413435,0.540906706387838
DMBT1,TRIL,0.6204364842248534,0.471565150541437,0.5409031559206259
MGLL,ARHGEF37,0.6923453718884894,0.4225715730006961,0.5408932176120079
ZG16B,CBS,0.5568572800788699,0.5253585093841432,0.5408786468348916
CA2,CEACAM1,0.7416512195178439,0.3942307599586301,0.5407233339654988
FAHD2A,ALDH9A1,0.5728183774239695,0.5103975435740703,0.5407079551396287
ITGA6,PRSS8,0.6030107880940406,0.48476980081573706,0.5406675685059061
SLC22A3,SLC25A48,0.6665790105185487,0.4384567449112515,0.540616373390712
MCFD2,GP2,0.6169862591910252,0.47369717193696154,0.540615062778271
C6orf58,XBP1,0.574323414592397,0.5086830905130326,0.5405077330518576
CA2,DYNC1I1,0.6522619994473171,0.4478545067864303,0.5404798572176479
SLC37A2,EGF,0.6003923774240486,0.48643746017759115,0.5404195991857993
EGF,TNFRSF11A,0.6596736599114816,0.44270964511253247,0.5404108546925177
PART1,CAMKK1,0.578130392317568,0.5051381259594643,0.5404032780576985
CHRM1,SRPRA,0.7418777196753581,0.3935839248080663,0.5403620495903518
KCNMA1,NDRG2,0.763740407019121,0.38226624382564456,0.5403259910915524
EPHA7,ALDH18A1,0.5527670625635558,0.5281244892084269,0.5403053049597241
ADGRG2,MUC7,0.5621298149425119,0.5192644475097019,0.540272179354864
GPD1,SMR3A,0.5529513144794552,0.5278165402107894,0.5402377714613763
LIMCH1,OXGR1,0.5559704193916603,0.5249498798769795,0.5402375448585612
SLC12A2,RDH11,0.7225765829118658,0.4038393228327206,0.5401896314609427
EGF,CHDH,0.5868046582970565,0.49694437622964743,0.5400085877891964
MGLL,TMEM63A,0.5810836028037083,0.5017381330979623,0.5399553704192324
SLC13A2,SRPRA,0.7486401434255892,0.38942418952669555,0.5399431276538846
PART1,RASAL1,0.6920226118550107,0.421126345051236,0.5398416001229535
SLCO1A2,FOLR1,0.6062670720660598,0.48065865636908606,0.5398217448937123
BHLHA15,TECPR1,0.6518682658974788,0.4469358696919047,0.5397622720637701
PADI2,TMED3,0.602987665545019,0.4830817418596072,0.5397150468454127
ST3GAL6,AGFG2,0.6402787576991215,0.45492169985417075,0.5397005659002045
DTNB,CEACAM1,0.6006963226102195,0.4848583623158297,0.5396782701109359
NDRG2,CEACAM1,0.6881802981429297,0.42321844320147467,0.5396763793441189
RAPGEF3,SLC43A1,0.5513571274728685,0.5282258844115639,0.5396675886932393
GALNT6,GP2,0.6850227745233345,0.4251433713443718,0.5396599779569778
MANSC1,ELF5,0.5683575027289383,0.5123416550850366,0.5396232237664929
TCN1,ARHGEF37,0.6348381879013035,0.4586572956030666,0.5396046389796546
TCN1,TTYH1,0.6564477319871025,0.44350971023114144,0.5395747801699871
LPO,TTYH1,0.6201181261665386,0.46946878170298034,0.5395610263939936
PADI2,CCDC129,0.7978733546217099,0.3648601267117196,0.539548119510375
GPAT2,ADGRG2,0.6182077145169655,0.47085599532648437,0.5395246136529795
AGFG2,CEP85L,0.6298538277665259,0.4620964260675396,0.5394934686869446
STATH,PLA2R1,0.6215638067098019,0.46819372124118597,0.5394555325995827
LRP6,DUSP6,0.5897998701115825,0.49338038076933566,0.5394401583988323
GATM,KIRREL3,0.6996371854284716,0.4158584346244172,0.5393978353101886
MANSC1,FAM171B,0.6336531841715575,0.45910098349638945,0.5393614743831643
CADPS2,SERP1,0.6433382623246344,0.45201311515781295,0.5392562767864388
PKDCC,LDLRAD3,0.6746044963206098,0.4310321579743175,0.5392367122407838
RNF128,GLYATL2,0.5884867482879241,0.4940904801131137,0.5392269466576995
GPAT2,ANGPTL1,0.5725730242641957,0.5077985140260175,0.5392139935987765
RTN1,SLC39A8,0.6381531881994061,0.45558227539284957,0.5391950310686169
NRG3,PTH2R,0.5687219144969887,0.5111976854879351,0.5391932180370298
SLCO1A2,PADI2,0.7611255662013805,0.38196519857156924,0.5391877947728494
AZGP1,PIGR,0.797946548259716,0.36427531406034636,0.5391402688268401
LTF,ARHGEF37,0.6014046991760235,0.48331107445818844,0.5391340754793444
MCFD2,TMEM63A,0.7140231645271345,0.40682615790977417,0.5389650273284462
ODAM,MGAM2,0.8398089330636204,0.3458735366385186,0.5389505411253757
SMAD9,GALNT13,0.566088088347226,0.5130630975137331,0.5389238425538951
CRISP3,ITGA6,0.5974239915299534,0.4861065162122065,0.5388985945650782
DMBT1,AGFG2,0.7342117419300342,0.39547609296764974,0.5388535896785529
RTN1,MCFD2,0.5519845639601692,0.5259594253394991,0.5388148884883978
SMAD9,PIGR,0.617251254987353,0.4703372151889596,0.5388100187845823
CCL28,GNPTAB,0.6555998196272413,0.4428199509438621,0.5388067185606912
ZG16B,HID1,0.582544937431491,0.49834471847883177,0.5388025546019294
ODAM,LRP6,0.6405154381885122,0.45315395942144054,0.5387505052300956
RNF128,LIMCH1,0.5564147096911386,0.5215589029661165,0.5387049708149355
PADI2,CD46,0.7083520251920875,0.4096834674387109,0.5387022497149306
FOLH1,C3orf70,0.6733620603543532,0.4309615394329889,0.5386957862523906
PHLDA1,ALDH1L2,0.5551740547486939,0.5226968337288752,0.538690746704975
SEC63,ARHGEF37,0.7139269145307126,0.4064653384021585,0.5386896554688376
FOLH1,FDCSP,0.5993590720369069,0.48403866601818846,0.5386213565155431
RAPGEF3,LINC01554,0.5552015961483178,0.5224759586500348,0.5385902767332713
CHRM3,SLCO1A2,0.7393563015226042,0.392227307118917,0.5385125171689262
ST3GAL6,DLK1,0.6000036526474221,0.48332016020038787,0.5385107812461789
ANO1,OGFRL1,0.6528907576056727,0.44401643979958616,0.5384182665643183
SMAD9,SLC13A2,0.6529095883030251,0.44393365498901843,0.5383758351864776
DMBT1,SERP1,0.5852092315649086,0.49528832056650546,0.538374681315716
CHRM1,LONRF3,0.6085710890207285,0.47621728235888666,0.5383419639370866
DEPTOR,ADGRG2,0.6838124682230384,0.4236957094603746,0.5382642556046334
SH3BP4,CRACR2A,0.6245881926890452,0.4636804262316778,0.5381536206375739
CHRM1,GPD1,0.7563875523611591,0.3828033930527442,0.5380963868181163
CHRM3,LONRF3,0.574247960603998,0.5041074919347631,0.5380359645681078
SLITRK5,P4HB,0.5620433185953743,0.5148133238804833,0.5379102053418415
MPO,CEACAM1,0.5814912838324131,0.49756187181760125,0.5378920817685231
ANO1,PYCR1,0.6249697037780187,0.46294302902404094,0.5378897356477939
FAHD2A,SLC39A8,0.6907709869013505,0.4187116014233597,0.5378046356645312
FAHD2A,GATM,0.7876909712045701,0.3671875434180252,0.5378013691774729
PIP,PYCR1,0.7865553954865544,0.3675771358053452,0.5376985953349592
SLC13A2,SLC39A8,0.7095396960389571,0.4073897192089121,0.5376422393533524
NRG3,CEACAM1,0.6769588829448824,0.42698599387032204,0.5376355284424231
KCNMA1,MCFD2,0.6897173662989571,0.4190755185839143,0.5376278108115939
SLC31A2,ID2,0.5553059740458791,0.5205106822759554,0.5376269072717014
GPAT2,LIMCH1,0.600948534613577,0.48084647860545787,0.5375537058676543
SLC12A2,EPHA7,0.6006561388429338,0.48106780343568306,0.5375465834077349
MGAM2,EGF,0.6900044741531861,0.41876778806686854,0.5375422284782587
DTNB,TMEM63A,0.576881395811225,0.5007153998405808,0.5374508338110657
FDCSP,MYBPC1,0.5627731298098683,0.5131617033650246,0.5373952157409835
HID1,CD46,0.7340183525963418,0.39338526237845695,0.5373564945422309
KCNMA1,CLDN10-AS1,0.6410383720359568,0.4504329106727107,0.5373497741406913
ROPN1,CRISP2,0.5976347028941018,0.48305326379417945,0.5372982354239223
PKDCC,SRPRA,0.7342007832188324,0.39318386170582637,0.5372856774690935
SLC37A2,GALNT6,0.5608746598674352,0.5146737807445372,0.5372778440600163
C6orf58,CRISP2,0.5951999254364145,0.4846603454241241,0.5370938479059555
SLC22A3,PIP,0.6931086493904792,0.4161749867242127,0.5370795871735582
ADGRG6,CCL28,0.5678285122014082,0.5079705837811612,0.5370662722891258
LPO,TMEM63A,0.5906310192926949,0.4883211009276348,0.5370452397917888
SLC39A8,AGFG2,0.5963492389423733,0.48352098556886614,0.5369798615932069
GALNT13,ALDH9A1,0.5507953907109747,0.5234991405318775,0.5369738481957151
SLCO1A2,SLC25A48,0.6691277253768669,0.4309072398369435,0.5369655307750378
ODAM,AGFG2,0.6535418628374344,0.4411827685005236,0.5369649973486249
PPP1R1B,SNPH,0.6405061157263693,0.450148671324129,0.5369571463061126
ODAM,CLDN10-AS1,0.6106246542467767,0.4721208778637952,0.5369251789665527
C3orf70,P4HB,0.5511410693016928,0.5230645360450641,0.5369193121034765
ODAM,HID1,0.6024481334079899,0.4785110042135995,0.5369153204218201
SLC5A1,KANK4,0.5783004715363321,0.4984834979387934,0.5369108323651931
TCN1,TMEM63A,0.6106786383281931,0.4720343501202577,0.5368997058814361
DMRTA1,BARX2,0.6118194052425294,0.471065968017411,0.5368494205849614
MGAM2,TTYH1,0.7510181763438963,0.38371425868291237,0.536820624411163
BPIFB2,SLC25A48,0.6564544900014577,0.4389087596065357,0.5367714839153443
GRIA2,ABCA3,0.6430257475347568,0.44807199551632065,0.536769810874524
ABCA3,CEP85L,0.5687015095548218,0.5065977678244918,0.5367521917038548
DEPTOR,PIGR,0.6996586653185762,0.41175806307760826,0.5367402508169492
ATP6V0E2,LONRF3,0.5760263892914171,0.5000276448570378,0.5366834437663328
P4HB,TBCD,0.6492935079188977,0.4435065860933462,0.5366245867174587
PADI2,CHI3L2,0.7301407302537896,0.3943822264839586,0.536613945815903
AGFG2,P4HB,0.6401821300646369,0.44975943299702353,0.5365891834846263
CCL28,TTYH1,0.6287921412597696,0.4578466570744418,0.5365541723539811
DYNC1I1,MAPT,0.5675541518508408,0.5072077078801221,0.5365331680875952
CHRM1,HID1,0.7442664839633879,0.3867590736478348,0.536518234438319
ANO1,LRP6,0.632610111642927,0.454897714381594,0.5364446792364078
SRPRA,FAM171B,0.646564074967243,0.44506743851671565,0.5364369643141685
KIAA1324,FREM3,0.5858187147295294,0.4911879470426032,0.5364206295689363
AZGP1,AGFG2,0.6826320277194661,0.42145369178859515,0.5363746714895322
SLCO1A2,KIRREL3,0.6235841337596945,0.46132349283204865,0.5363525059703457
DEPTOR,SNPH,0.6663105806915093,0.4315730064360588,0.5362477603955011
GATM,RYR2,0.5621435986147999,0.5115444541169776,0.5362475550422222
NDRG2,ITGA6,0.5775977292779954,0.49776648078193353,0.5361984604699492
MCFD2,CDC42EP1,0.5504948854155393,0.5222549983260337,0.5361890575731498
CHRM3,AGFG2,0.7146527148955838,0.40217687406747965,0.5361126699869567
GLYATL1,AACS,0.5959544677503305,0.4822645031054719,0.5361041738907646
FOLH1,SOX9,0.6280113766034469,0.4575943483236233,0.5360731821465011
SLC31A2,HM13,0.7276489620075776,0.39488146926069567,0.5360364644532799
ROPN1,PART1,0.7006845364211822,0.4100565817506748,0.5360226729257133
CHRM1,ACSL1,0.7001524832142354,0.41033942151982306,0.5360038851890879
TBCD,ALDH18A1,0.6618999962803481,0.43395345805553803,0.5359419672621326
DEPTOR,SLC5A1,0.808835084521781,0.35504034344264757,0.5358815971808287
PIP,SH3BP4,0.6222846345491974,0.4614669999228978,0.5358766867512851
ROPN1,AGFG2,0.5862077012991207,0.4897303742260995,0.535801938155733
MPO,MCFD2,0.6067165490805373,0.4731541060510443,0.5357895355515785
AIF1L,GPAT2,0.6800684431376596,0.4220472583048724,0.5357434291579433
ST3GAL1,AACS,0.5876778120137595,0.4883954258299967,0.5357416870557123
DYNC1I1,C6orf58,0.5925667558727107,0.48432764943883494,0.5357205092279237
TRIL,DAPK1,0.5727134708352988,0.5010434472021761,0.5356811847418584
GPD1,OXR1,0.6839396819776746,0.4193330103839913,0.5355356998041941
DTNB,ELF5,0.6568672122246256,0.43644828185586193,0.5354330641479733
GRIA2,CEP85L,0.5748047349164157,0.49866060759583575,0.5353806854588454
DEPTOR,P4HB,0.7521272046646483,0.3810371525544806,0.5353395263047356
FAHD2A,ARHGEF37,0.6985935334255409,0.410227026340981,0.535333492169319
ALDH18A1,CAMKK1,0.5626762478411758,0.5092711545804397,0.5353081191174529
AIF1L,ABCA3,0.5951820596876722,0.48130943118925196,0.5352258762450868
AZGP1,ACVR1C,0.5678602481837814,0.5043210467264195,0.5351484604839755
CRISP3,SOX8,0.5896360744273627,0.4856919016664916,0.5351462101891321
RNF128,CADM1,0.5926619301983245,0.4831878383842167,0.5351327283442361
ATP6V0E2,ALDH9A1,0.6699256206344326,0.4274454859150725,0.5351230535484727
GALNT6,SNPH,0.6921452335989265,0.413602652147172,0.5350449553893017
CRISP3,IRX2,0.5572239868651409,0.5136360263085612,0.5349862749428482
ROPN1,DMRTA1,0.5724643868130901,0.49995437727781306,0.5349823137477197
SLC43A1,LDLRAD3,0.6100599430595101,0.46896198547308066,0.5348784181052573
CHRM3,ADGRG6,0.6236127117329596,0.45868897938869974,0.5348310745259766
PHLDA1,FREM3,0.6742610466370448,0.42422256241555234,0.5348240354933194
EPHA7,TTYH1,0.6300513895624095,0.4539800591938443,0.5348184431456217
SLC43A1,TNFSF13,0.5865091687283039,0.4876708326139224,0.5348115692928038
GRIA2,ALDH9A1,0.5806241336817055,0.49259278118785965,0.5348002027253383
MANSC1,ID2,0.5649751801015644,0.5062078391173068,0.5347848773797967
SLC37A2,PLA2R1,0.6918637605402145,0.41336565906421974,0.5347828712275247
F5,C6orf58,0.6754741195384987,0.4233109954863707,0.5347294848492288
DEPTOR,DTNB,0.7568128831180305,0.3777787100304489,0.5347034642853499
FAHD2A,AGFG2,0.7239301126579759,0.3949093199178638,0.5346837836121681
GATM,PLA2R1,0.6190768436239872,0.4617202670740255,0.5346403703214079
MAPT,CD46,0.5779736238976373,0.4944323055446792,0.534573504214081
LTF,ACSL1,0.7382996039092986,0.38706251870570485,0.5345728240834521
CBS,CES3,0.663112039138946,0.4308767991330954,0.5345274482108556
LIMCH1,RDH11,0.560179044168269,0.5100172894531321,0.534510053895291
KCNN4,GATM,0.7661418325484005,0.37269750869810714,0.5343586364046072
CCL28,AGFG2,0.6923613528045722,0.41241161674403914,0.5343574317638183
ATP2A3,XBP1,0.6941090232586509,0.4113604069088523,0.5343491089604104
DMBT1,PTH2R,0.6958259252137052,0.41028179443902363,0.5343076915166698
RASAL1,XBP1,0.6178350700173267,0.4619253745165371,0.5342225155374908
ATP2A3,GPD1,0.6888800761702105,0.4142349753445227,0.5341893122926553
PIP,ELF5,0.5641349992703555,0.5058120996031669,0.534178161703162
GATM,LONRF3,0.5940693357454562,0.4802855653640444,0.5341562756197372
KCNMA1,TTYH1,0.705602785895989,0.4043171684525798,0.5341229450657575
PART1,KIRREL3,0.5863894527774075,0.486474303392579,0.5341005528518435
ACSL1,CRISP2,0.5724759273281619,0.4982151846603454,0.5340563639236993
F5,SLC39A8,0.7083829552766125,0.40262784130412577,0.5340549598118715
ODAM,GRIA2,0.7677188478830337,0.37147834113203476,0.5340326994364543
ATP6V0E2,FAM171B,0.5752162750022761,0.4957855728072476,0.5340261514102608
TUSC8,SSR3,0.6890983565050532,0.4137791359603855,0.5339798896460265
SLC13A2,ID4,0.6465309491125609,0.4410083931879328,0.5339715114258434
MCFD2,IRX2,0.5911359147610169,0.4823241309781756,0.5339654636557465
AZGP1,CCDC129,0.803973036667989,0.3546213638292329,0.5339531952757022
MGAM2,CLDN10-AS1,0.6314215377354644,0.45151313613494504,0.5339429920188943
AIF1L,OXGR1,0.6095971213147979,0.46751427766235354,0.5338495647994272
OGFRL1,TMEM63A,0.5807328156433066,0.49074119231538316,0.5338440918147038
KIRREL3,MYBPC1,0.6058059436012906,0.4701891780424079,0.533707221868972
GPAT2,AACS,0.5536633061649934,0.5143628393979713,0.5336514126557657
ATP2A3,DMRTA1,0.61475622300127,0.46322443503948674,0.5336385519120335
SLITRK5,ALDH1L2,0.551637472284572,0.5161375392157673,0.5335923607813038
PIGR,MGLL,0.6644436893323685,0.4284915123146714,0.5335808104588904
KCNMA1,COLGALT2,0.6454882410476696,0.4410371941976502,0.5335581718231299
GNPTAB,ELF5,0.5694965971139457,0.49984639596369324,0.5335361483357929
ATP2A3,ZG16B,0.6730097972493307,0.42296187539540453,0.5335330224119758
DTNB,AACS,0.7443239441427253,0.3824131047094392,0.5335159139043509
CHRM3,DAPK1,0.6011643736654487,0.47334918429264783,0.5334422798207326
SLC13A2,MAPT,0.6844740475877917,0.41555820674423083,0.5333280489328759
KCNN4,TMED3,0.7102505630078338,0.40036903921376765,0.5332563506536833
TESC,SLC39A8,0.5896296420187481,0.4821469751075203,0.5331867855949447
ADGRG6,GPAT2,0.6168793325631575,0.4607736345611284,0.533143256686952
CBS,FBP1,0.5986771714675523,0.474763299786395,0.5331322063360274
RTN1,SRPRA,0.6227230729838887,0.45630623275985854,0.5330594896312425
HP,PKDCC,0.5542913774954092,0.5125326679354467,0.5330032256200106
TBC1D24,SOX8,0.5871595343262839,0.48379110504006034,0.5329751963708256
F5,OXGR1,0.5549527762327449,0.5117980489229479,0.5329387845900241
CHRM3,RAPGEF3,0.6467637177180154,0.4390434012195188,0.5328764795074917
TESC,SLC25A48,0.553041604616246,0.5134164923540852,0.5328608455947461
SLC13A2,LONRF3,0.5806150013581687,0.48900289558202,0.5328437077441217
PHLDA1,SEC63,0.6508617740331839,0.43620289231987414,0.5328299807008978
NPY1R,TCN1,0.5665734273754068,0.5010420758709896,0.5328012070045592
ST3GAL6,FOLR1,0.5526322326313726,0.5135223057794864,0.5327184794513214
TUSC8,OXGR1,0.5703809530470201,0.49750111850177087,0.532696125490883
ZG16B,TMED3,0.674200898351137,0.4208465434339087,0.5326679243685619
DMRTA1,ELF5,0.6072465402927051,0.4671500622782197,0.5326117339262915
CCL28,ARHGEF37,0.6380562145534217,0.44458470122811933,0.5326068263869491
LTF,KANK4,0.7648642327983984,0.3707897803697057,0.5325446844086997
SLC13A2,DTNB,0.7375374027695626,0.38442469907532195,0.5324730923872901
ANO1,CCDC129,0.7466035603574002,0.37969992014191295,0.5324333876132983
PADI2,LINC01554,0.6442818112802754,0.4398204963532882,0.5323235351068806
KCNMA1,TMEM63A,0.6310061437448479,0.4489079122839766,0.5322251878921764
KCNMA1,ITGA6,0.553001644638171,0.5122110054528971,0.5322156784774602
SAP30BP,SLAIN1,0.6045253550021616,0.4684159752569407,0.5321365743217485
ATP2A3,ALDH1L2,0.6313388086396367,0.44848374413363234,0.5321138907372849
CLDN10-AS1,PTH2R,0.5708672960002114,0.49583785051654855,0.5320315902077047
KCNN4,ANO5,0.6958030736968929,0.40663821239229836,0.5319211577528865
AIF1L,GNPTAB,0.6368800971371672,0.4441613938213197,0.5318623427556248
ANO5,MAPT,0.5648836311939269,0.5007651265029331,0.531859025526749
ZG16B,SSR3,0.582990712691016,0.4851620262380971,0.5318316984226924
MANSC1,DLX6-AS1,0.7818946516065611,0.3617403292808267,0.531829698996845
MUC7,ALDH18A1,0.6435221247520643,0.4394701026138883,0.5317976440330449
PLCB1,SNPH,0.5936064981650137,0.47639583890087805,0.5317815958364244
DEPTOR,EGF,0.8020566924365827,0.35256480670308604,0.5317677714320607
LYZ,ARHGEF37,0.5639412584381266,0.5013368542074592,0.531718474818363
KCNMA1,FREM3,0.5560320115324418,0.5084552162306006,0.5317117420697642
SLC13A2,CEP85L,0.6276248079158899,0.450388143147501,0.5316716767240329
ODAM,CSN3,0.6786085746663973,0.4163761265903344,0.5315603538551218
PKDCC,SLC13A2,0.5672339492267912,0.4977760977291557,0.5313713407266242
KCNN4,SMAD9,0.6026564442114467,0.46844503185620145,0.5313298572515723
NRG3,BHLHA15,0.6478088314003801,0.4357919508040613,0.5313284053992134
MPO,DYNC1I1,0.6310814039284095,0.44723194156112034,0.5312624225013663
MPO,FDCSP,0.6552856557613193,0.4304468610062072,0.53109853472294
SLC12A2,MYBPC1,0.6842373049882118,0.4122303755937607,0.5310964142512667
SLC25A48,OXGR1,0.5740211663467235,0.49128535841859705,0.5310444373576576
AZGP1,MYBPC1,0.7591817103830176,0.37140485124572764,0.5310026084806757
NDRG2,CSN3,0.6191204950935814,0.4553579917885746,0.5309627720668948
TCN1,AGFG2,0.6823424871593246,0.41315780214765996,0.5309567989080791
EGF,ROPN1,0.6818332508765186,0.41335664374512543,0.5308863382835782
LYZ,MGAM2,0.7757055832628739,0.3632714843851043,0.5308405774596713
AZGP1,SAP30BP,0.6755987204309091,0.41699629071394817,0.5307750563381617
DMBT1,EPHA7,0.6791293240421361,0.41472974419173264,0.5307119094509746
P4HB,ARHGEF37,0.6116370278801423,0.4602974009361327,0.5305986564716597
GALNT6,ZG16B,0.6543622344275892,0.43023560579117576,0.5305939429882528
MGAM2,SAP30BP,0.6859129872837247,0.4104047218925945,0.5305675534639258
SLCO1A2,C10orf90,0.5752346110775274,0.4892836858412061,0.5305213574696548
SLC12A2,FAM171B,0.6206586233641133,0.4534509558921819,0.5305075362774622
GALNT6,ALDH9A1,0.63327519893369,0.4443957198039172,0.5304948518733297
DEPTOR,SH3BP4,0.7364879310935848,0.38210561466797144,0.5304867327333048
SRPRA,SLC31A2,0.7351799154945203,0.38275329189325547,0.5304644500711928
SLC5A1,TMEM63A,0.6687021305513675,0.42079987805331454,0.5304618506452722
TUSC8,KIRREL3,0.6642494651924933,0.42359317521190637,0.5304446626121323
FDCSP,ANGPTL1,0.5518559143921076,0.5098547606545549,0.5304397846581538
CHRM3,C10orf90,0.5704271299714878,0.49323716799052686,0.5304298842751046
CLDN10-AS1,SH3BP4,0.5780929522789459,0.486631723699903,0.5303945416633444
MCFD2,ACVR1C,0.6016567866121354,0.46729785067343244,0.5302385531314513
LPO,DYNC1I1,0.6027971801840012,0.4662431404283276,0.5301415380163388
MPO,TBC1D24,0.6568120069418855,0.42784082069171936,0.5301046954047771
SLCO1A2,LTF,0.7574840964544962,0.370928513739502,0.5300683447246929
HP,KCNN4,0.7542143659690239,0.37238317541307914,0.5299591876189216
CCDC129,CRISP3,0.7059063756933286,0.39761290974729696,0.5297900414773695
PIGR,CBS,0.7252006607701029,0.38702848218701746,0.5297860993069514
KIRREL3,DAPK1,0.5959053215220979,0.4709868864519065,0.5297769266434837
TNFRSF11A,XBP1,0.5847682866911784,0.47993008633023665,0.5297621110601265
ANO1,CADM1,0.7829305196467147,0.358443480947182,0.5297512065129767
CCDC129,PYCR1,0.6090557091844827,0.46051800571289564,0.5296046832890465
NPY1R,RTN1,0.6295943561409075,0.4454611598225019,0.5295845844661927
FOLH1,HID1,0.7345218053508648,0.38174823094408,0.5295303577534951
TMPRSS5,SLAIN1,0.6051137265269794,0.46326907216342816,0.5294624393113341
ADGRG6,MGLL,0.5982129456482631,0.4684707948106451,0.529381992623341
KCNN4,LDLRAD3,0.567649861393506,0.49367039341374497,0.5293693704733868
HID1,CBS,0.6873573615313443,0.4075304931717541,0.5292627745554229
MUC7,CBS,0.569353335057515,0.49194138926595066,0.5292338524994373
MGAM2,SLITRK5,0.6809281457311109,0.4110831808035738,0.5290728759309293
NDRG2,AGFG2,0.7780386993609217,0.3597678338407396,0.5290683297205998
MGAM2,C3orf70,0.5563258499905911,0.5029800925758415,0.5289809330501443
C2orf88,KCNAB1,0.6317543403983694,0.44290656594256417,0.5289689456151009
CHRM1,AIF1L,0.720180550817421,0.38844916114983485,0.5289173194757884
ATP6V0E2,ABCA3,0.7210362486929809,0.3879452750547636,0.5288880844031688
DEPTOR,CES3,0.5868221629700489,0.4765790616120646,0.528835660447958
HP,MANSC1,0.7165639978566777,0.3902821178030336,0.5288308941664742
F5,MANSC1,0.6878379618394119,0.4065604721591609,0.5288172903134184
RASAL1,CBS,0.6486527369429659,0.4311085248380093,0.5288097243391231
SLCO1A2,TNFSF13,0.592719485872162,0.4715875532479781,0.528695689508485
MCFD2,DLK1,0.629879469283106,0.4437500607350771,0.5286861571387664
DEPTOR,SSR3,0.6936663793428736,0.40287506258336564,0.528640601911863
RASAL1,TMED3,0.7020423378237067,0.3980162206445157,0.528605938325547
SLC22A3,ZG16B,0.7251870513364456,0.3852328744058393,0.5285507471078192
C6orf58,AGFG2,0.6397286519019596,0.4366182629482999,0.5285046951084648
GRIA2,DTNB,0.6480806557431497,0.430933302747718,0.5284690505850862
DYNC1I1,DAPK1,0.5806688741041007,0.48094490171817966,0.5284597757510052
PIGR,BHLHA15,0.5952173626116973,0.46914719863675075,0.5284359547279432
TESC,CDC42EP1,0.5794001422618184,0.4819489330058543,0.5284328532051386
SH3BP4,SERP1,0.6193446627486703,0.450838208415169,0.5284167277302144
DYNC1I1,CBS,0.5570347156950145,0.501202775553069,0.5283818179931592
TMPRSS5,HID1,0.7389009696955472,0.3777519186127294,0.5283192774897573
GATM,FOLR1,0.6930133035541511,0.40273738137838555,0.5283013942190414
FOLH1,POLR2F,0.5889168028861705,0.47377998895461876,0.5282205944173317
NDRG2,ADGRG2,0.7725523107779665,0.36114334956590843,0.5282065213808302
CLDN10-AS1,GLYATL2,0.5745584750140026,0.48552450687927157,0.5281687422164245
CCL28,ID4,0.6368149643417337,0.4380316407820476,0.5281525382928408
DMBT1,NRG3,0.6889228341363172,0.40489853143470717,0.5281513455569636
SMAD9,MCFD2,0.6504681730848129,0.4287891294850593,0.5281227903572935
DLX6-AS1,ALDH9A1,0.5962931386464763,0.46774495986253944,0.528122249296982
DLK1,ALDH18A1,0.6085698680111055,0.45828586883987255,0.5281088625569884
ARHGEF37,MATN4,0.700149682228603,0.39824753132586616,0.5280462882230409
AIF1L,LONRF3,0.6072969362235311,0.4590061416462949,0.5279706654063074
SLCO1A2,ALDH1L2,0.5515400464214066,0.5053279608858494,0.5279286002908122
AZGP1,TMPRSS5,0.7238019432104241,0.3850184485920532,0.5278987604292994
CHRM1,MUC7,0.7896248752942526,0.3529027066494607,0.5278832785086914
RASAL1,SLC31A2,0.6548626915806188,0.42541132446581786,0.5278124714030178
GALNT6,OGFRL1,0.5958335702975528,0.46755581215140485,0.5278119446048407
BPIFB2,C2orf88,0.5712981372554071,0.48759096264200874,0.5277876549332604
CADM1,BPIFB2,0.6798546186620769,0.40970378830877724,0.5277679535222578
CADM1,PART1,0.6726937526483187,0.41405266936732843,0.5277600249647199
SLC22A3,DLX6-AS1,0.7442758673508677,0.3740128733339595,0.5276066296977541
CADM1,OXGR1,0.6115030886664998,0.4550567579976589,0.5275117183856036
KIAA1324,MAPT,0.5870939565233835,0.4739716289171432,0.5275091268412315
HP,C6orf58,0.691255717114355,0.4024840946574815,0.5274650997739844
NRG3,SSR3,0.6160184171862284,0.4514674052731888,0.5273634765582115
RNF128,SH3BP4,0.5927768370699537,0.4691494489707053,0.5273527533577181
SLAIN1,DLK1,0.5889423302967791,0.47215460547750915,0.5273251687623877
NDRG2,BPIFB2,0.7684590714727622,0.36174960197471084,0.5272473454073786
DMBT1,COLGALT2,0.579663366730331,0.47956332513322436,0.5272431048454946
MPO,ELF5,0.5654306924508354,0.49161341937365716,0.5272317480336042
TUSC8,CEACAM1,0.7147452509021439,0.3888534564967858,0.5271917690252391
TCN1,GP2,0.7588553804101159,0.3662146251108159,0.5271659498205629
CHRM1,ST3GAL1,0.6258851807283297,0.4439774102011494,0.5271421834980029
F5,ANO5,0.6283058010025943,0.44225568953880895,0.5271354809379046
KCNAB1,ALDH9A1,0.6527795778721253,0.42554675303557987,0.527056192271203
MUC7,CRISP2,0.5941768652994599,0.4674782246466999,0.5270339136301694
SLC39A8,PRSS8,0.653164913640528,0.4252095415952443,0.5270028021891214
DEPTOR,PART1,0.6698035077657414,0.4146262748672386,0.5269896899541003
AZGP1,TBC1D24,0.7113112247535823,0.39028629960714606,0.5268918539682528
GALNT6,CLDN10-AS1,0.6942043166559007,0.3997981838004183,0.5268221948489258
SLC25A48,CEACAM1,0.6013065068752448,0.4614784020770081,0.5267731636589846
KCNMA1,GNPTAB,0.6738190063843312,0.41173725896824453,0.5267223089345947
CADPS2,ALDH18A1,0.6154639213851356,0.4507339760991959,0.5266977315610207
GRIA2,OGFRL1,0.5955017798607591,0.46576249536506875,0.5266520625444157
PKDCC,RAPGEF3,0.6354184235671013,0.4364165542011227,0.5265995811706118
DTNB,GLYATL1,0.648083329501733,0.4278079114210441,0.5265502593494117
C2orf88,TNFSF13,0.5711375282642985,0.4854230535894056,0.5265390042433336
AIF1L,CD46,0.6893261537083323,0.4020718419914209,0.5264585799038425
SLC39A8,EPHA7,0.5887864900779762,0.47069000117639326,0.5264369988018007
KIAA1324,CLDN10-AS1,0.6708128674963797,0.412830426484563,0.5262432538093605
KCNN4,MATN4,0.645614768777865,0.4289243718043531,0.5262318017049695
TCN1,CEP85L,0.5632727209723281,0.49155476196381787,0.5261932993475541
ZG16B,DYNC1I1,0.6176746864721913,0.44822544714136114,0.5261725121401706
AGFG2,CD46,0.5946941394387701,0.46545891253564836,0.5261232625863383
DLX6-AS1,TTYH1,0.5804280522956407,0.4768393060560606,0.5260902105838162
RTN1,AIF1L,0.6688502499876621,0.41377937562155426,0.526076457203908
SLC37A2,PHLDA1,0.6506339921504284,0.42533279277233943,0.5260570054223763
CADM1,FAM171B,0.6494321666753128,0.4260853545821371,0.5260356784619236
PLCB1,FREM3,0.5929658227646376,0.46663232554826145,0.5260199814144907
PLCB1,DYNC1I1,0.6671697178441836,0.4147310057433845,0.5260189807250764
SLC37A2,MANSC1,0.6250340955641983,0.4426485416096203,0.5259947061119346
STATH,MCFD2,0.683167682408687,0.4049538046607912,0.525976570022556
ANO1,ROPN1,0.7086917381567669,0.39028353556069867,0.5259189264425458
FAHD2A,IRX2,0.5909035150898394,0.4680573745944836,0.5259056454456464
CCDC129,SLC5A1,0.7227396933199526,0.3826001675429166,0.5258520017591737
DEPTOR,TBC1D24,0.755730319662663,0.3658654030196927,0.5258284682076289
CRISP3,CEACAM1,0.5908294168162785,0.46787864294800896,0.5257722565462768
SLC22A3,FOLH1,0.6189137255597152,0.4466233502740085,0.5257578545680971
CCDC129,GNPTAB,0.6138281273270042,0.4502327890792342,0.5257048124011424
PLCB1,SSR3,0.7105002755848308,0.38892827553448034,0.5256744686114985
C6orf58,CBS,0.6434054470379829,0.42941408911334916,0.5256304442955931
ROPN1,CBS,0.5789821856540942,0.4770234636757379,0.5255360002961407
AIF1L,ID4,0.6937612709909294,0.3979003226009175,0.5254025442794442
PPP1R1B,GPD1,0.7309447614696334,0.37764822673592,0.5253950827814409
RTN1,LONRF3,0.5808265269322858,0.4751982911761443,0.5253644193014949
SLC12A2,FDCSP,0.5528925412732884,0.4991926902482094,0.5253569406569042
ADGRG6,NPY5R,0.5505812012665359,0.5010453300886717,0.5252296066761744
DEPTOR,FBP1,0.6128026512421841,0.4501643125657146,0.5252255555805383
GRIA2,KIRREL3,0.6135953135321222,0.44957989559005246,0.5252238732124779
ATP2A3,ITPR2,0.5925537751269274,0.4654894644575889,0.5251928592870966
MPO,C6orf58,0.8256350632395107,0.3339698360401662,0.5251068526491648
PIGR,GPD1,0.7693124078293404,0.3583575852083062,0.525060888602941
ARHGEF37,ALDH18A1,0.5530095773838524,0.49838482908029813,0.5249872224199549
PIP,OGFRL1,0.5916999711088289,0.46573468816052066,0.5249525707423095
CLDN10-AS1,CEACAM1,0.6134392557799707,0.44913360343551273,0.5248963549475815
CBS,ARHGEF37,0.6912343779263422,0.39857802897280237,0.5248912610361528
C2orf88,TNFRSF11A,0.594225782279974,0.4635307725179931,0.5248256242890063
PADI2,BHLHA15,0.6435437293522585,0.4279934217441031,0.5248166182271995
CADM1,SNPH,0.6674909184781403,0.4126295620509657,0.5248109043880775
GALNT6,RYR2,0.6681133012904986,0.41222525162076945,0.5247982219250164
CHRM1,ART3,0.6097051085417681,0.45165211166557406,0.524761469399362
AZGP1,MPO,0.8064060982131188,0.34142698024477053,0.5247178279455282
LYZ,LIMCH1,0.580056505370697,0.47460578817857346,0.5246886456933946
GALNT13,OXGR1,0.5973789186898485,0.46084110502528736,0.5246872983099944
LYZ,ALDH1L2,0.5934823750957338,0.4637783447681017,0.5246372780988223
HP,KIRREL3,0.5538176444952304,0.49688620459945565,0.5245801630003232
AGFG2,PART1,0.7308678703739608,0.37649814774278784,0.5245668684167083
SLCO1A2,DEPTOR,0.7599954094996485,0.362055502825933,0.5245574516979014
LYZ,AGFG2,0.6760253567794083,0.4068848388485637,0.5244658886436108
ODAM,NDRG2,0.7747918632296936,0.3549942733181465,0.5244489245484615
ATP2A3,OGFRL1,0.5565923578970409,0.4941201887077376,0.5244268499203397
SMAD9,SLC5A1,0.5679407522273026,0.48421785715710575,0.524411149801088
SLC13A2,SNPH,0.6170127694800978,0.44567169600398976,0.5243902434545421
SMR3A,FOLR1,0.6211173863916726,0.4427027157326024,0.5243761567275248
CHRM1,TBCD,0.6255117308781681,0.4395606550285059,0.5243570788621262
ATP6V0E2,AGFG2,0.6591718553911048,0.4170357479871263,0.5243073790870115
MGAM2,RASAL1,0.6158365612399519,0.446329860761471,0.5242768797401339
HID1,CDC42EP1,0.6132229094118873,0.44818789189933816,0.5242509733264141
F5,FOLR1,0.608366742109778,0.45175005317826167,0.5242420319852062
PLCB1,KANK4,0.6465528056837078,0.42502715614299186,0.5242160816838976
MGAM2,FOLR1,0.67364076634641,0.4079173591992876,0.5242039321266218
GATM,SLAIN1,0.6485703648747853,0.4236737672256084,0.5241967662981027
DEPTOR,XBP1,0.5582364172101764,0.49218895891267483,0.5241734455443334
PKDCC,SLC43A1,0.6476665520604794,0.424198037198251,0.5241553969416076
PADI2,FOLR1,0.6405601794565093,0.42882800847318087,0.5241089066821496
SLC39A8,MPO,0.6734604517634382,0.4078214390637085,0.5240721425440018
ODAM,OGFRL1,0.6145306088493879,0.44684325033192357,0.5240218074533888
RNF128,NPY5R,0.6081986075683667,0.451454472624508,0.5239980740715915
CHRM3,NDRG2,0.7854064954548426,0.3495897589514442,0.5239943391153734
HP,ZG16B,0.7106285324341408,0.3863281587368668,0.5239616517276464
CHDH,TECPR1,0.5789530684637182,0.4741573460079334,0.523941647901659
MANSC1,KANK4,0.6228441011625278,0.44068801682250897,0.5239083237847176
BHLHA15,XBP1,0.6835222864562636,0.40155879639377534,0.5239030317317304
PADI2,ACVR1C,0.5689720529522238,0.4823516492441804,0.523874611061991
HP,PIGR,0.6649150798244499,0.41270877844217835,0.5238475831404896
KCNMA1,DEPTOR,0.7568360994111669,0.3624350194490265,0.5237403043587648
DEPTOR,FAHD2A,0.7651026998074807,0.35845360793347314,0.5236924891438032
GRIA2,GLYATL1,0.7473775644851189,0.3668538083787396,0.5236203833200088
BPIFB2,FAM171B,0.6109738702563726,0.4487471211516608,0.5236150927699044
RNF128,FAHD2A,0.6586919843598587,0.4162221690792012,0.5236050099887736
SNPH,TBCD,0.6271057661183258,0.4371496904545915,0.5235829366403336
PIP,SSR3,0.6725643779810432,0.4075094212473121,0.5235229893926469
CHI3L2,LPO,0.7185479401139757,0.38138198719201016,0.5234894853704262
PHLDA1,POLR2F,0.5897996248312242,0.4644960892080204,0.5234115198870399
PIP,XBP1,0.5873987060531126,0.4663769698684885,0.5234015940305509
BPIFB2,DTNB,0.6374223253110266,0.42976774854275235,0.5233961765429757
ZG16B,SLAIN1,0.6014900803001472,0.4554024851044355,0.5233737453621011
CADPS2,ELF5,0.6431122595406983,0.4256190929144572,0.5231833871099875
LTF,PTH2R,0.7101860391005347,0.3854147650747989,0.5231789229502031
LRP6,RDH11,0.6987035832443442,0.3916981220601365,0.5231451819844066
GPAT2,KANK4,0.6619539663456699,0.4134342418339953,0.5231390218719381
FOLH1,SLAIN1,0.5915032632197943,0.4626666595713135,0.523133672133073
BPIFB2,DYNC1I1,0.600762644674172,0.45551998644186603,0.5231246426586673
RNF128,TNFRSF11A,0.654159332479559,0.4183046670104707,0.5231041022059125
TUSC8,KANK4,0.5520103600981336,0.49564796385833754,0.5230705602606093
CHRM3,ELF5,0.607580174644015,0.4502683564954512,0.523043140358594
TCN1,FREM3,0.5894000707214808,0.46409739681063306,0.523009596950039
SLC13A2,MATN4,0.5546993447249873,0.49303612944501024,0.5229596714173007
MYBPC1,EPHA7,0.5576390157814302,0.4904091559464329,0.522944814537988
PADI2,CLDN10-AS1,0.6953836107001815,0.39316924104978124,0.5228799541552983
CHRM1,PTH2R,0.6440030553099431,0.42452599659238244,0.522872870652124
SERP1,SOX9,0.5630195081289393,0.48551952385569047,0.5228355032973828
MYBPC1,FOLR1,0.6058343152599923,0.4511319103630898,0.5227917290917624
ANO1,DTNB,0.7573612535028825,0.36080370020314645,0.5227415639245967
F5,PART1,0.5910609788947697,0.46226400502461573,0.5227104507446413
ANO1,SOX9,0.5866178128564888,0.4657000435393832,0.5226738380560525
KCNN4,GNPTAB,0.6666810949199574,0.40972920294478776,0.5226458778560418
RTN1,SLC25A48,0.6003106633739946,0.4549537661970612,0.5226027144880278
MGAM2,FOLH1,0.7740354520492256,0.3528208345940051,0.5225857194732323
STATH,FDCSP,0.6121322335298596,0.4460319914476966,0.5225232618273082
BPIFB2,DUSP6,0.5647038266457948,0.48339387811303164,0.5224694945617206
DMBT1,DTNB,0.6519690748598959,0.41867053798110243,0.522455972612654
ARHGEF37,SOX8,0.5508904224597899,0.4954684252659444,0.5224450307068131
MGAM2,RAPGEF3,0.6591459163789626,0.41398189568749894,0.522373885255797
PPP1R1B,NOSTRIN,0.5791791693009698,0.47110963515654486,0.5223570494782765
TCN1,OXGR1,0.6637678105368477,0.41107087885951943,0.5223558339255349
GRIA2,KCNMA1,0.7404167101491262,0.3683971035763706,0.5222713580682777
GALNT13,CRISP3,0.6816264955792234,0.40016846319309396,0.522269496723322
SLC39A8,CADPS2,0.7092603579797375,0.3845495431874576,0.5222506550135487
PADI2,OXR1,0.6961294779854964,0.3917860449769032,0.522239231551761
PADI2,RAPGEF3,0.7227110089089269,0.3773688939367099,0.5222342903983282
SLC22A3,CEACAM1,0.6883274654613422,0.3961968087768236,0.5222194416231772
AZGP1,P4HB,0.6364863002547139,0.4284641414501372,0.5222179202051671
MYBPC1,SMR3A,0.586781131460523,0.46452889976808365,0.5220888750031244
PADI2,ADGRG2,0.713327635440034,0.38211016737847625,0.5220821220590531
ANO1,MPO,0.6600387121271184,0.4129375726340745,0.5220677960095729
SLC12A2,TNFSF13,0.5933993822927809,0.45929769152906463,0.522060309199854
DTNB,AGFG2,0.6468380454614222,0.4213108719854973,0.5220343867665679
DEPTOR,SMPDL3B,0.6399943201002212,0.4258148372721454,0.5220335978350178
LYZ,SSR3,0.6229414053436056,0.43746890933364707,0.5220320844301014
ODAM,SLC25A48,0.6590269237598392,0.4134239125359539,0.5219746059793776
HP,CRISP2,0.5737944191961497,0.4747007890372963,0.5219010093280233
FAHD2A,FOLH1,0.7005084134860184,0.3887850930091764,0.5218689765552962
ACSL1,KIRREL3,0.6902121297978794,0.3945742879240464,0.5218620120602167
ODAM,CHRM3,0.7519818738046378,0.36215095221677274,0.5218533813707664
AIF1L,AACS,0.6357012637086243,0.4283176461353525,0.5218065435742896
AZGP1,SMPDL3B,0.6075548284511412,0.4480911649308958,0.5217661840710477
DYNC1I1,MCFD2,0.6503977994912775,0.41846547093450864,0.5216982091773802
SLITRK5,LINC01554,0.6605913135967014,0.411914297492928,0.5216387704821371
CRACR2A,ALDH9A1,0.6961253478246733,0.3908150425073125,0.5215901239484098
CA2,CADPS2,0.6319398893487922,0.430299873873759,0.5214629945476309
TCN1,SH3BP4,0.6543782724056985,0.415525470007033,0.5214507063987622
KIAA1324,CAMKK1,0.6370082801126208,0.4268006215491563,0.5214168484849964
CCL28,CLDN10-AS1,0.6956956212432107,0.39073633360977383,0.521376597435046
HID1,CRISP2,0.5788656737366329,0.46954933557654005,0.5213501630297072
SLC22A3,MUC7,0.6804546333885901,0.39927197918925006,0.5212355208747366
RNF128,ATP2A3,0.6006802374659095,0.4522970703472171,0.5212349869505131
ADGRG2,CHDH,0.6036491237199457,0.4499712754549453,0.521176329208766
PHLDA1,ACVR1C,0.5756469301584622,0.4718443764616892,0.5211676954903337
CHRM3,DLK1,0.6243609440422598,0.43495864587370425,0.5211249281669885
PADI2,SLC5A1,0.7733576208233881,0.35114110299999435,0.5211119342227502
PKDCC,TNFSF13,0.6251301782663946,0.434190879099462,0.5209854332446247
SLC22A3,EPHA7,0.600827482705382,0.4517354720059181,0.5209751303987968
CHRM1,SSR3,0.6261460838491507,0.4334234798230868,0.5209476120873356
HP,TUSC8,0.6272362245178638,0.4325418693384748,0.5208703572577
SLITRK5,MCFD2,0.6102903011209514,0.4443910892292106,0.520775932298299
DLX6-AS1,CRISP2,0.6089129818591035,0.4453246998503509,0.520734088457235
SMAD9,GALNT6,0.652970305241527,0.4152746494398911,0.5207321908657403
SLITRK5,DTNB,0.6186731549473634,0.4382806387719857,0.5207230219045534
ODAM,ADGRG6,0.6306011711874117,0.4299739376333518,0.5207130386802838
LTF,TNFSF13,0.6397154336930263,0.42375946002207493,0.5206586854644262
CA2,ARHGEF37,0.6050075691115591,0.4480651031453266,0.5206561042162802
GNG7,C3orf70,0.6737716893503549,0.40232856906039244,0.5206511304604375
AIF1L,C3orf70,0.657772679470013,0.4120959462747614,0.5206394671746278
HID1,SLC43A1,0.5695155609379702,0.47595021458343223,0.5206352402949984
DEPTOR,OXGR1,0.6155364585377932,0.4403416770647516,0.5206211256249882
ATP2A3,ALDH9A1,0.563800853244576,0.4806286544491897,0.52055628463428
TBC1D24,P4HB,0.7049233973355524,0.38440208756026617,0.5205516549833084
PIGR,RASAL1,0.6090314957628422,0.4449218347168949,0.5205491432085722
SLC12A2,GNPTAB,0.6360633609080445,0.4259804510241738,0.5205291128837662
CADM1,FDCSP,0.5638564370066462,0.480441271454809,0.5204804544970459
KCNMA1,ELF5,0.627894776278402,0.43141088662810545,0.5204619507163047
CA2,BHLHA15,0.6104381552074376,0.4436994104490754,0.5204335208085287
MCFD2,NPY5R,0.6021146501858927,0.44981791940859883,0.5204247872575388
NRG3,LDLRAD3,0.6308121554930015,0.42934947446054306,0.5204218168411491
HP,DMBT1,0.7502916891343906,0.3609390422137989,0.5203936621992434
TCN1,ACVR1C,0.5568926282270712,0.4861811452986609,0.520337098235191
LRP6,SLC43A1,0.5743633781565585,0.4712620943182393,0.5202650175533221
CADM1,GPAT2,0.6315250638239992,0.4285099465709889,0.5202064699304135
MUC7,ST3GAL6,0.6052800863057557,0.4470632286832243,0.5201908011888636
F5,OXR1,0.5748538155476823,0.4706977817246993,0.5201753702303421
DMBT1,SAP30BP,0.7064722378572315,0.38299807945163006,0.520170654963556
SLCO1A2,EPHA7,0.6145304000369225,0.44028628090449934,0.5201627671556384
CA2,F5,0.6757776993549213,0.40033823406532293,0.5201342622635774
C6orf58,AACS,0.6301952082669008,0.42925660652332304,0.5201110040634679
RDH11,MYBPC1,0.6015809405201887,0.44961934104297846,0.5200792497886284
LRP6,ABCA3,0.6149246409665012,0.4397275506490847,0.5199993328899254
NOSTRIN,C3orf70,0.6276821782335764,0.4307544719253998,0.5199777930084984
TUSC8,DLK1,0.6785481499934477,0.39837586341498116,0.5199203834456559
SLC22A3,CRISP3,0.6632406186666067,0.4073118110651038,0.5197554593855032
RAPGEF3,ATP6V0E2,0.5960575895596315,0.4532003466875447,0.519743692827693
ANO1,ST3GAL1,0.7597361612598873,0.35551802672839355,0.5197113630519538
KIAA1324,TBCD,0.7105914748917126,0.3800687607563346,0.5196860795385126
SLC25A48,ALDH1L2,0.5621228108756816,0.48045235536998987,0.5196857016432341
PADI2,SLC39A8,0.7341985669385872,0.36781552703163595,0.5196629993028061
PPP1R1B,DLK1,0.5783517888046721,0.4669222007955199,0.519658820826418
EGF,CEACAM1,0.6976341704491549,0.38705971824362717,0.5196403424015272
CCDC129,CADM1,0.7656273591460078,0.3526754947406881,0.5196325698739686
CADM1,LRP6,0.723728296718859,0.3730704182545546,0.5196167995355434
AZGP1,DLX6-AS1,0.7664514007714043,0.35222082206084004,0.5195768879091779
KCNN4,SLC25A48,0.7381379927227564,0.36570997674519035,0.5195617654845097
FAHD2A,ALDH1L2,0.5640196952517749,0.4785952605073813,0.5195547641782501
MGAM2,AIF1L,0.7127106493405129,0.378592977296485,0.5194489837171076
KCNN4,XBP1,0.652456984703834,0.4134999517564611,0.5194140272443568
DLX6-AS1,DLK1,0.5539737996786935,0.4869858222862353,0.5194009880252046
BPIFB2,GPD1,0.7118839271680589,0.3789475093736955,0.5193906440854525
LTF,ID4,0.6665349262818784,0.4046996742999397,0.519371223284281
CEACAM1,FOLR1,0.5510666852867315,0.4894861918172216,0.5193645475177734
GATM,CD46,0.6656903109699428,0.405202528921472,0.5193644168438399
LTF,SH3BP4,0.5913115912182749,0.45612943191255056,0.5193405628156712
CHRM1,C10orf90,0.667672818375881,0.40395439242873216,0.5193355058998068
PYCR1,LONRF3,0.5591027742105568,0.4822593266657786,0.519261521227745
SLC13A2,SLC25A48,0.7200061911595634,0.3744081881440542,0.5192072933661022
DLX6-AS1,TECPR1,0.571068589830841,0.47205032889352994,0.5192043101231083
TCN1,ABCA3,0.5604969898112092,0.480930355364719,0.5191916953214488
TNFSF13,TBCD,0.5701230050446339,0.47278574523737177,0.5191782254842715
MANSC1,GNPTAB,0.6576962432006669,0.40970038919930374,0.5190938323793042
ARHGEF37,CDC42EP1,0.5645661765316969,0.4772673747123602,0.5190847877993323
GP2,SERP1,0.5795751016506139,0.46490583405491104,0.5190836599531318
DEPTOR,AACS,0.7086331182120733,0.38022628026765054,0.519077002584629
ATP2A3,LDLRAD3,0.6223306244374255,0.4329380815673586,0.5190670733581116
SNPH,ANO5,0.6068174840732871,0.44397121201687684,0.5190467164688061
MANSC1,SMPDL3B,0.6121049875956969,0.4401180469222679,0.5190360793355286
GALNT13,RASAL1,0.7339902580673318,0.3668917983498894,0.5189364178332667
ADGRG2,PIGR,0.5939753121589992,0.45334984454340993,0.5189206253656774
ROPN1,SH3BP4,0.5843936174850354,0.4607587176731715,0.5189069799191285
PIGR,AACS,0.6380067523149968,0.421999087166749,0.5188817467238087
MCFD2,DAPK1,0.6167885072820036,0.43645986612118104,0.5188481755903035
GPAT2,GPD1,0.6047694436684801,0.4450063539918079,0.5187737899437137
GPD1,SSR3,0.581908328305062,0.46245394641788706,0.5187540870953321
PADI2,SNPH,0.6448559405486658,0.41724836855859737,0.5187148437718461
SLCO1A2,ID2,0.5906358954813832,0.45551289543298207,0.5186928444632498
ANO1,GALNT6,0.6820052392622596,0.39442943274204434,0.5186549331196179
LYZ,FAHD2A,0.7416196014208887,0.3625307498438155,0.5185170298090376
MANSC1,ITPR2,0.6282273204317115,0.4279259610977173,0.5184927963661441
STATH,CBS,0.6740193513284883,0.398766412775038,0.5184363788067147
SEC63,XBP1,0.5804851529188475,0.46293434054004357,0.5183883789783226
GATM,TMEM63A,0.6454545435070578,0.41626663563472527,0.5183446645629048
SSR3,CD46,0.6280357671897703,0.42778656924004765,0.5183293028627198
DMBT1,MYBPC1,0.6924542391572965,0.3879673665799198,0.5183142363884657
MANSC1,SH3BP4,0.7049991608580499,0.38104564933394336,0.5183019033623558
CHRM3,SLC43A1,0.5865476508079915,0.4579127262747273,0.5182544103734421
TESC,XBP1,0.6278653014315109,0.4277633129376246,0.5182448662735825
SLC5A1,CHDH,0.5897326423593285,0.45538556913842887,0.5182236341390775
CA2,SLC25A48,0.7393101763638402,0.3632425825075866,0.5182170758828202
SLITRK5,ARHGEF37,0.5714573615590162,0.4698776112906136,0.518184349439258
CADM1,TMPRSS5,0.6361769305012542,0.42205999845770525,0.5181745210893595
ATP2A3,MAPT,0.6286890829053865,0.42708067234172203,0.5181707790112571
GNG7,ARHGEF10L,0.5516111103487398,0.4867128154658532,0.5181468870504585
PIGR,BARX2,0.6150872173109777,0.4364797588221692,0.5181439184883817
SLAIN1,ST3GAL1,0.5553431808480588,0.4834025393585662,0.5181257606386842
SLAIN1,XBP1,0.6012248934619282,0.4464598427961645,0.5180953304365454
GPAT2,SOX8,0.5945854932714884,0.45142133619082014,0.518081632421275
SMAD9,SLC12A2,0.571939138736752,0.46928553146959945,0.5180760201846266
ALDH18A1,RYR2,0.6533850941438669,0.41078556375699743,0.5180744775110112
TMPRSS5,CES3,0.6133880926369686,0.4375535872118616,0.5180638573441958
PADI2,SOX8,0.5752937352267612,0.46652493222290176,0.5180626128518876
NRG3,PIP,0.7353090946811962,0.36498760741803626,0.5180528034673803
ZG16B,ALDH1L2,0.5958875265587111,0.4503718903339708,0.5180453568585293
NPY1R,SLITRK5,0.6455208406691848,0.4156321240445527,0.5179760594104311
AZGP1,CAMKK1,0.5754630815038522,0.4661678070307649,0.5179405011502934
LYZ,CHPT1,0.5950456693673379,0.4505706101498342,0.5177934823014461
CLDN10-AS1,EPHA7,0.6072483408925806,0.4413958405453809,0.5177227944064937
CHI3L2,TBC1D24,0.5962629079335666,0.44944812949567237,0.5176767801035621
PADI2,SMR3A,0.647106726415563,0.4141273135228779,0.5176722613517756
AZGP1,CD46,0.6113337429015684,0.43835226100165053,0.5176673916980905
TBC1D24,TMEM63A,0.7377001754142587,0.36322564040433436,0.5176404337387429
PPP1R1B,POLR2F,0.5529996302550826,0.48443560616713216,0.5175835305463465
PADI2,MCFD2,0.7649226195191425,0.350194958736786,0.5175635663175494
RASAL1,FBP1,0.6244636446140455,0.4289305919885613,0.5175437766601363
SLC22A3,SSR3,0.5775435614821021,0.4636525549199929,0.517474200186607
HP,CHRM3,0.7239680869926441,0.3698750051475172,0.5174724146300385
FOLH1,OXGR1,0.6517547157790545,0.41076829618768007,0.517416828227347
KCNMA1,C6orf58,0.6128941805306234,0.4367600060229778,0.5173854133815556
HP,ROPN1,0.5719221090867141,0.4680076638187196,0.5173624746345139
ATP6V0E2,TMED3,0.7106703537181092,0.37660743637074845,0.5173429616980114
SLC25A48,SLC43A1,0.5614296169509162,0.4765133730188426,0.5172317860359684
SLITRK5,DLK1,0.5859094103116524,0.4565973534909549,0.5172278860751289
CHI3L2,SLC5A1,0.7409525883157151,0.3610298261969082,0.5172098067320184
SEC63,LONRF3,0.55541880724515,0.4816253399239867,0.5172076680015685
TMPRSS5,MAPT,0.6378139920961826,0.4193572206333812,0.5171768585373252
PPP1R1B,ST3GAL1,0.5738063216774343,0.4660200982584874,0.5171124427138252
CRISP3,PLA2R1,0.5530813816197688,0.4834307751037786,0.5170846748956244
KIRREL3,ELF5,0.6769977812168737,0.39483401567343696,0.5170123330829403
MCFD2,ABCA3,0.607306610710583,0.440136372841281,0.5170084417499272
MUC7,AGFG2,0.622293143273632,0.4294670100232671,0.5169665130351359
GPD1,FBP1,0.6559519224588901,0.407307342325549,0.5168888025775613
LPO,MYBPC1,0.7490004097893699,0.3567017378425818,0.5168846562016269
SLC43A1,ANO5,0.5546400612726323,0.48169893806548686,0.5168844440719836
SLC22A3,CEP85L,0.5712428574391223,0.4675490429146044,0.5168017523842827
SH3BP4,PLA2R1,0.6796029871181278,0.39295532476881956,0.5167723023894216
AZGP1,ABCA3,0.641906515716833,0.41602190712165255,0.5167660717020147
ANO5,ALDH1L2,0.581338786911371,0.45936174095841853,0.5167637731519718
SLC5A1,FREM3,0.6456091340587798,0.41359982388991534,0.5167434800250817
SLC39A8,SSR3,0.7336490892717734,0.36394286228783507,0.5167265712777238
MANSC1,TRIL,0.633858840242007,0.4211268010163653,0.5166574742390356
DTNB,KIAA1324,0.7062361919656018,0.3779294618189849,0.516630877848633
ANO1,GNPTAB,0.6257685349416485,0.4265145672434571,0.5166230694376794
TUSC8,SLITRK5,0.6822184575070004,0.3912028120029704,0.5166098905141747
PKDCC,HID1,0.6115154788933682,0.4363556380271697,0.5165638653216134
SMAD9,AGFG2,0.5778834779197753,0.4616938495051446,0.5165319423677517
RNF128,DLK1,0.5681769879639769,0.46957434856368996,0.5165281589536662
ACSL1,TBC1D24,0.6637603726909841,0.40194159995211026,0.5165199959190575
GALNT13,ARHGEF37,0.6626839411488192,0.4025884615057828,0.5165161259164053
KIRREL3,SOX9,0.6449397848504246,0.41360494646953505,0.5164787364346506
STATH,IRX2,0.5790621183147728,0.46059826749819577,0.5164445841226527
P4HB,DLK1,0.6576254614079527,0.4055691298381763,0.5164422389218881
SMAD9,SLITRK5,0.6378191104387586,0.4181513615551191,0.5164348259517766
AGFG2,SLC31A2,0.5642069870239599,0.4723205492273885,0.5162233566868965
SMAD9,OGFRL1,0.6013197477711915,0.4430894548927833,0.5161767519524714
SMAD9,TRIL,0.6248187411962026,0.4264049995933247,0.5161645426466916
PADI2,SH3BP4,0.6530701851650081,0.40795811173986657,0.5161640045310422
MANSC1,C3orf70,0.68533543003375,0.38863898970362504,0.5160892065684148
FOLR1,ID2,0.5801159402351864,0.4590149481241006,0.5160250848679916
MUC7,ATP6V0E2,0.6347398464096813,0.41950164147054686,0.5160178363929139
AIF1L,OXR1,0.7038911757332662,0.3782519591529567,0.5159924575530015
MPO,AIF1L,0.6485846251202527,0.4104214267419113,0.5159389762411073
TNFRSF11A,CBS,0.5529896437983649,0.48125023958466473,0.515874401929192
ATP2A3,CEP85L,0.579010575277133,0.4596073292932786,0.515865781124982
SLC31A2,SMPDL3B,0.6602219963146633,0.40305719332658885,0.515855817847454
C3orf70,SLC43A1,0.6180611465880427,0.4302948708039562,0.5157019887687528
ABCA3,MGLL,0.5818390112741705,0.45702764059287926,0.5156709324050831
EGF,ABCA3,0.648902910843955,0.40964706081444896,0.5155784811075483
RAPGEF3,SRPRA,0.7218813755099147,0.36820592569781474,0.5155589201183896
MATN4,CDC42EP1,0.5599229396052211,0.47466999670444254,0.515537214851801
CCL28,POLR2F,0.5952776942674977,0.4464553276156273,0.5155239063481644
DEPTOR,SOX8,0.5618229121459791,0.47287650958521243,0.5154346299004269
DEPTOR,SLC31A2,0.7301259830311383,0.36385225958693185,0.5154202059572457
SMAD9,ALDH9A1,0.6735553136670386,0.39436988443511584,0.5153929871578854
DLX6-AS1,EPHA7,0.5852515164403795,0.45383209754388787,0.515369695749448
SLCO1A2,MANSC1,0.7421093960538482,0.3578861059817277,0.5153548699354294
LRP6,ALDH18A1,0.6066216337080058,0.43759159717349677,0.5152208551429981
PPP1R1B,AIF1L,0.7205004498634989,0.368408484249549,0.515207219121908
F5,GNPTAB,0.598709716178,0.4433292253171684,0.5151946376497474
STATH,BHLHA15,0.6339041169738522,0.4187005627524299,0.5151854137182399
CHRM3,DEPTOR,0.7737335024004648,0.3429215379024364,0.5151018176727838
ATP2A3,IRX2,0.602877077086123,0.4400344585720174,0.5150598879752456
LRP6,MAPT,0.5638640155016209,0.4701972997477673,0.5149051733220354
CADM1,ACVR1C,0.6100746750766577,0.434470792233227,0.5148394190444084
CADM1,MGLL,0.63871697895863,0.414987084965802,0.5148390983756045
CRISP2,FAM171B,0.5908856350863565,0.4485044805247056,0.5147959351179039
SLC37A2,PKDCC,0.6872982939489255,0.38556007780892615,0.5147764404990675
PYCR1,XBP1,0.7115615196155678,0.3723967897122614,0.5147652140419123
SLC25A48,SLAIN1,0.6536733619329385,0.40530919287170897,0.5147230543960274
C6orf58,OGFRL1,0.575183113035749,0.4606088136214783,0.514717797740184
TUSC8,ALDH1L2,0.6103098792081236,0.43390579964668685,0.5146037273184813
ANO1,CHDH,0.6482426166047344,0.40841484850763743,0.5145404843710717
DYNC1I1,CRISP3,0.574578320013541,0.46073329283125314,0.514516628855947
PKDCC,C3orf70,0.6137878498390098,0.4311549781247073,0.5144294771594542
SLC39A8,ABCA3,0.615367400392669,0.42997770813120517,0.5143872709151127
ID4,AGFG2,0.641167206225041,0.4126737695651311,0.5143859328504536
ADGRG6,TMPRSS5,0.5705861404102192,0.4635830121966096,0.5143092860225323
SLC43A1,PLA2R1,0.5685309613714804,0.46525444971724284,0.5143068729660368
LTF,PYCR1,0.6719496186374192,0.39355953849977204,0.5142491437095842
KANK4,DTNB,0.5632745383273432,0.4694474699547589,0.5142254436603717
AZGP1,ID4,0.6303026476285537,0.4192854371339305,0.5140785165104762
MANSC1,ARHGEF37,0.6347004193130374,0.41628341931941404,0.5140187358405305
CRISP3,SH3BP4,0.5923177733509857,0.4459441526641195,0.5139461523787324
CCL28,LONRF3,0.5674497998921811,0.4654419937239966,0.5139211673010752
FOLR1,GLYATL2,0.655707355941604,0.40269972155232375,0.5138610411944988
SLC12A2,OXGR1,0.6315214911357964,0.41810574589406063,0.5138509162193462
DEPTOR,GPAT2,0.693346029635147,0.38077726941596823,0.5138194312449407
CAMKK1,TECPR1,0.6567310582576441,0.40192167014351216,0.5137649693877819
PADI2,ACSL1,0.7823865748540804,0.3372373203150998,0.5136632670868136
LIMCH1,SERP1,0.5681407534315132,0.46440650264749583,0.5136616204396064
MYBPC1,CBS,0.6545669439506913,0.4028864874695758,0.5135330338566242
ODAM,TUSC8,0.6931735819816104,0.38044076210893457,0.5135284663997352
P4HB,HM13,0.8228841169110048,0.3204552470701306,0.5135148809867172
MYBPC1,POLR2F,0.5960090655233786,0.4422033354624307,0.5133782199707
LTF,GPAT2,0.7225369695419352,0.3647419121593766,0.5133609995671338
PHLDA1,MAPT,0.6003163731734524,0.4389722653462919,0.5133441713474697
EPHA7,TMEM63A,0.6144018222739274,0.4288029133403454,0.5132809088137579
CADM1,MPO,0.6767255513809484,0.3892761189451949,0.5132573391902182
STATH,CES3,0.6301990115610578,0.4179750976168065,0.5132323970437254
SAP30BP,DAPK1,0.5872550398516819,0.4483666425155652,0.5131330924025882
MCFD2,MYBPC1,0.5983885654831655,0.43996758224775656,0.5130999614113528
SEC63,TMED3,0.6227277555060194,0.4227545480753588,0.5130896518669322
RNF128,TMEM63A,0.6547813457530105,0.4019647586216543,0.5130292638783589
PADI2,TRIL,0.6863298336530466,0.3834513602993278,0.5130049788532974
AIF1L,NRG3,0.6238531547204913,0.42183405571441523,0.512993670941443
SLC22A3,DLK1,0.5536429211067206,0.4752468964932123,0.5129493932362191
MPO,TMEM63A,0.5533766024614013,0.47532731932921835,0.5128693956822619
GATM,AGFG2,0.6704663752231594,0.3921890577019938,0.5127860917767196
MCFD2,HM13,0.7432079828980322,0.35379041666332306,0.512776619920412
ACSL1,MYBPC1,0.700045909171219,0.37557150006506895,0.5127546120922265
MGAM2,GATM,0.7165919032539553,0.3667805640264187,0.5126714176275585
CHPT1,TMED3,0.5519347529551715,0.4760396498082014,0.512584457932306
C10orf90,LINC01554,0.5861439555211556,0.4482222636909467,0.5125648940304612
RAPGEF3,ST3GAL6,0.6328225810471464,0.415031871769708,0.5124856488821271
SLC39A8,C2orf88,0.6777981470107884,0.38739355887729476,0.5124203707611019
HP,PIP,0.6680812754851966,0.3929396862973346,0.5123628077937316
PHLDA1,KIRREL3,0.6027024212496066,0.4354580850352658,0.5123003437471731
DTNB,P4HB,0.749898884229893,0.34992908729099587,0.5122610976046323
TBC1D24,GP2,0.652493309193999,0.4021396236527759,0.5122435102519397
HID1,PART1,0.6273150164242252,0.4182732385247966,0.5122392834359706
RNF128,ARHGEF37,0.6136019157664401,0.42753715590287206,0.5121890451028189
AIF1L,DTNB,0.6587270295603561,0.39816732016365436,0.5121362866263348
NDRG2,PLIN2,0.5540812083395884,0.47331997001816734,0.5121110240162029
MANSC1,GPD1,0.7155063848428468,0.36650039405067036,0.5120872698971084
FOLH1,RDH11,0.7113797473115694,0.3685974114229419,0.5120671180594893
CA2,GNPTAB,0.6398319827595396,0.409751832198715,0.5120276625682034
DEPTOR,SLAIN1,0.6573495654646871,0.3986798185175032,0.5119296880060983
PADI2,SLITRK5,0.6956691406546989,0.3766547609822377,0.5118858211515672
MANSC1,ID4,0.616217708615204,0.425168691901949,0.5118559143926567
STATH,CHRM1,0.8476237436836158,0.30907432103436583,0.5118385810698729
ST3GAL6,RASAL1,0.5596751741358599,0.4680396094081768,0.5118106582497097
F5,TBC1D24,0.5785106195921195,0.45279393098677456,0.5118066994117118
TMPRSS5,EPHA7,0.6472077538629212,0.40472932798749944,0.5118046104611007
ELF5,CSN3,0.6105799178102267,0.42897392635666665,0.5117840019945756
AZGP1,DUSP6,0.5855911941480925,0.44720301669436974,0.5117403136090466
MUC7,FBP1,0.6109360612150134,0.42857266606025546,0.5116937526951739
GALNT6,TRIL,0.6302360926305147,0.41527866698715715,0.5115892927288399
AIF1L,ELF5,0.6377931986899454,0.410300384479461,0.5115533155408827
OGFRL1,FAM171B,0.5885394356968721,0.4445324428094315,0.5114927888445886
LPO,CLDN10-AS1,0.7476600040974906,0.34975603567924024,0.5113693372397907
SLITRK5,RASAL1,0.5671750491122086,0.46104497840961556,0.5113640662702169
SLAIN1,ARHGEF37,0.5622931997946842,0.4650300405450388,0.5113543091621714
AZGP1,ST3GAL6,0.6420994626649893,0.4071748794485174,0.5113186592571943
TNFSF13,ART3,0.5778216250397031,0.4524390792941464,0.5113013632186117
RAPGEF3,LIMCH1,0.6435354575827129,0.4062150817593587,0.511286425124908
SEC63,ELF5,0.5906930175234981,0.4424896723279161,0.5112490193343755
LYZ,C2orf88,0.6213933153085224,0.4205521864574412,0.5112028143535962
SLC5A1,ART3,0.5700913255095598,0.45835320044650885,0.5111782307513684
PKDCC,SLC5A1,0.697478625166119,0.3745855926460494,0.511141315260078
TMPRSS5,ADGRG2,0.6990368986167916,0.3737222507129167,0.5111219454126816
SLC13A2,BHLHA15,0.6048545620442619,0.43185880439717955,0.5110888063718619
MPO,TMED3,0.6250579938628076,0.41786736500839006,0.5110688181379117
SLC37A2,CA2,0.6440572092313708,0.4054068760165399,0.5109845605988708
MUC7,TMED3,0.6116193960804828,0.4268805972320185,0.5109681527037893
C6orf58,ROPN1,0.7402407600365031,0.3526010986188001,0.5108910894029045
HID1,C2orf88,0.6170123797973235,0.42299791505830814,0.5108766487317978
PLCB1,NRG3,0.5835516246529101,0.4472318614925408,0.5108648347366624
NPY1R,KCNN4,0.618283686857152,0.42208376547576615,0.5108497887646682
FAHD2A,TBCD,0.6777105436795915,0.3850638335116268,0.5108442227925382
DEPTOR,FDCSP,0.6188375026990813,0.42168894473281543,0.5108394400144398
KCNMA1,PTH2R,0.6755237202940279,0.3862594076631761,0.5108105246206232
ADGRG2,SSR3,0.5825510664028418,0.4478804117246897,0.5107966439505665
SLC39A8,LPO,0.6331002342341421,0.41200726649860037,0.510726832001641
PHLDA1,C3orf70,0.6080483563988125,0.4289479522222901,0.5107064688540766
C2orf88,LONRF3,0.5547102461255371,0.47012221626149736,0.5106678081605479
SLC31A2,TMED3,0.727560801627407,0.3583903615150694,0.5106376197651717
CRISP3,AGFG2,0.669692911141984,0.3891926225057586,0.5105286871086332
SLC25A48,HM13,0.6538910625455066,0.39847045270801457,0.5104471252874607
AZGP1,FAM171B,0.578740134195443,0.4501600623728438,0.5104171773236953
PYCR1,IRX2,0.578281952678084,0.450446364709651,0.5103773147006452
AGFG2,TNFRSF11A,0.6680647158089984,0.3897670018249081,0.5102838242643819
ADGRG2,SNPH,0.6028710977065195,0.4318820300942633,0.5102638470072601
CADPS2,RYR2,0.5755819949625809,0.4523432853494075,0.5102554758053459
PPP1R1B,ANO5,0.5861939217755305,0.4440467367920153,0.5101935888383332
F5,SNPH,0.7192994641554407,0.361871455231201,0.5101901055890368
HP,SMAD9,0.594187059221712,0.4377702577794452,0.5100170801891828
CCDC129,FREM3,0.5830967423642767,0.44608438239977616,0.510010147150907
ADGRG2,SH3BP4,0.5830093372990773,0.4460238350295613,0.5099373103433181
GATM,PIP,0.7271759370862633,0.3575586067616077,0.5099098105892167
TUSC8,TECPR1,0.5758288691044935,0.45152600457864644,0.5099036267646979
CBS,CHDH,0.7043043918162208,0.3691420861853998,0.5098905691465366
RAPGEF3,ID4,0.6296906821551669,0.41282016770138713,0.509851952048138
ZG16B,PTH2R,0.6423660924543089,0.40461716529803465,0.509815993680502
ANO1,ACSL1,0.6280492532791224,0.4138297348299499,0.5098092348561835
RDH11,ITPR2,0.634318984409563,0.4096905527181552,0.50977886904262
KCNMA1,GLYATL2,0.6457923062176925,0.4023735461536716,0.5097545883379283
CCDC129,DMRTA1,0.6237240992229411,0.41647086727018834,0.5096694188792332
SLC25A48,ADGRG2,0.6265267695774874,0.4145677082158209,0.5096447458765769
ATP2A3,DLK1,0.6693986689041854,0.38795691914920905,0.5096055781392598
TBC1D24,LIMCH1,0.6269784098759562,0.414181498451167,0.5095908724643264
RTN1,BHLHA15,0.5655238914107344,0.4591307398501605,0.5095580464150795
F5,BHLHA15,0.6165157756764553,0.42114976616490957,0.5095541921750002
LINC01554,DLK1,0.6111637515637816,0.42482477991439127,0.509546373012052
ATP2A3,SERP1,0.5694310422270372,0.45586882838142473,0.5094956938621298
CLDN10-AS1,ANO5,0.5747938201409993,0.45149230614929486,0.5094261353874797
LPO,SMR3A,0.6632663952747161,0.39121308683110295,0.5093903158549052
CHRM3,TBCD,0.5564910580243,0.46624398127976197,0.5093727578501197
RNF128,CLDN10-AS1,0.6012250470452983,0.43155154261995915,0.5093717665066999
NPY1R,ID4,0.6316531759764357,0.41075403664201693,0.5093663630335942
ROPN1,C10orf90,0.6248001987006456,0.4151524504748599,0.5093008281435957
PKDCC,PYCR1,0.6151124097430137,0.42168648392784724,0.509298133989235
MGAM2,TRIL,0.5945997691808533,0.4361315271828787,0.509238358134413
TCN1,SRPRA,0.7213258105007214,0.35949529560480326,0.5092280780488554
ZG16B,EPHA7,0.5729747072137047,0.45244703939560865,0.5091568618092134
CLDN10-AS1,CES3,0.5862858131074722,0.4421334839028678,0.5091331742403281
SLC39A8,SEC63,0.7055382533628415,0.36738743206253416,0.5091226641241381
C3orf70,KCNAB1,0.6095549870981739,0.42522395558949744,0.5091143120785259
C2orf88,OXGR1,0.5988656266025031,0.43280262362370053,0.5091076648329061
NPY1R,LPO,0.6105527222502027,0.4244788789716649,0.5090842121828807
SEC63,CES3,0.5736433741337105,0.451749261865239,0.5090608714474025
SLC39A8,SLC12A2,0.6858490672645317,0.37783402322312537,0.5090551172597972
PHLDA1,CHPT1,0.6310678137873543,0.41057044521177033,0.5090164960642166
DEPTOR,TRIL,0.5959623877780215,0.4347257861769777,0.5089992313930437
GLYATL1,OGFRL1,0.5897894837099916,0.4392234960401857,0.508968956777168
CA2,CEP85L,0.6322364633700909,0.4096889551958308,0.5089403659711025
F5,SLC25A48,0.6922743543584149,0.3740448054255326,0.5088630721295067
HP,FAM171B,0.5503578281938992,0.4704293251994714,0.508826553685539
RAPGEF3,TECPR1,0.7136030312773156,0.36277589983591996,0.5088005324262822
CHRM1,FDCSP,0.644973405933525,0.4013703365072359,0.5087958264154266
SLC22A3,PTH2R,0.555577191543468,0.465946255922172,0.5087918162425908
ATP6V0E2,CHDH,0.6765250067332506,0.3825526561914871,0.5087302215376719
MANSC1,GP2,0.719999221210812,0.35945311104601885,0.5087297514544801
MYBPC1,ALDH1L2,0.5646950941824502,0.4582856110236082,0.5087156733180512
CLDN10-AS1,ARHGEF37,0.6459347326140834,0.40061630225402983,0.5086963574444971
AGFG2,CBS,0.7440849956353702,0.34775212825356433,0.5086817677426075
LIMCH1,PIGR,0.6107612836777827,0.4236603631006565,0.5086800047286629
DMBT1,SSR3,0.5712008566474838,0.4529389681219049,0.5086444009327729
GNPTAB,SOX9,0.6119846648706341,0.4227150592193058,0.508620815394039
LTF,FAM171B,0.6734188286000496,0.3839294776171367,0.5084735382317954
MGAM2,PYCR1,0.5860871369320091,0.4411041702094591,0.5084540099230525
LPO,AIF1L,0.5935767436347013,0.4354332420249776,0.5083926099693886
NPY1R,CHRM1,0.6237061548544794,0.41413312203659985,0.508229650004138
SLC37A2,ALDH1L2,0.6277025202642325,0.4114768168812979,0.5082175075562576
MANSC1,AGFG2,0.6783278936794715,0.38075145034309704,0.5082069748897952
SMAD9,RDH11,0.5850240956413028,0.4414165315782602,0.5081725171511071
SLC39A8,TTYH1,0.5844561834641295,0.44162555010892374,0.5080460447015686
TUSC8,BHLHA15,0.6258011960795808,0.4123934482306446,0.5080121191055584
KIAA1324,GPD1,0.7058866317758874,0.36553116984427236,0.5079602014828261
PPP1R1B,DTNB,0.7395719510251296,0.3488572739980958,0.5079419797182351
HID1,FOLR1,0.6479123874391233,0.39818496330933567,0.5079261464229926
SLC25A48,CBS,0.610306141256109,0.42270452287887067,0.5079164953510648
GPD1,DMRTA1,0.6038269881882016,0.4271755158574036,0.5078780416280245
ANO1,OXGR1,0.6139075459036383,0.42001740794583614,0.5077911540671377
CADM1,SLC39A8,0.6751132409179441,0.38186945575978,0.5077451387118901
DLX6-AS1,SLC31A2,0.592644617319239,0.4350032574160146,0.5077423943536096
SLCO1A2,TNFRSF11A,0.6011116782563,0.4288330503730907,0.5077170024743479
TUSC8,GPAT2,0.6057680432207085,0.4255293765615362,0.507712613367651
CHPT1,OGFRL1,0.5851099147464485,0.440538473880699,0.5077040761062159
PART1,CEACAM1,0.5515376265296491,0.46733691543089323,0.5076946849499631
CHRM1,FREM3,0.5754069368626713,0.44788122866905783,0.5076553613099661
TECPR1,RYR2,0.5842419864287309,0.44106052526584444,0.507627892670031
MPO,ALDH1L2,0.6069058209444046,0.4245795986015993,0.5076217389410637
DMBT1,GNPTAB,0.6188661538459772,0.41637150166381454,0.5076201629227889
ANO1,HM13,0.5821219535679588,0.4426290223107348,0.5076062166417986
RNF128,OXR1,0.5812930120590339,0.44321589833526404,0.507580835469343
ATP6V0E2,TBCD,0.6794579246383126,0.37904628304358373,0.5074899021839349
FOLH1,IRX2,0.5794062425425531,0.44448118533300873,0.5074792345255703
PADI2,NDRG2,0.7943292955225031,0.3239044847205281,0.5072344834143637
PPP1R1B,SH3BP4,0.6154088910381711,0.4180535450137184,0.5072217153587458
GRIA2,PRSS8,0.6067939209989726,0.4239622536887416,0.5072057947927573
TCN1,DTNB,0.744969597645744,0.3452253957714072,0.5071315649660529
GPD1,CD46,0.6488739357838956,0.3963213603015821,0.5071120200647141
HP,CHI3L2,0.652771878478103,0.3938134376222955,0.5070210424101006
DUSP6,FAM171B,0.5508217180720218,0.466683003381178,0.507009993705678
ST3GAL6,DUSP6,0.5603212078495061,0.45875167005989825,0.5069992996749999
HP,CEACAM1,0.5899779680132952,0.4356771457976484,0.5069910425121225
DLX6-AS1,CD46,0.601728234735504,0.4270415905614331,0.5069151629682949
MGAM2,ALDH18A1,0.5943054175109352,0.432363397637247,0.5069081865084155
MCFD2,POLR2F,0.6348704957515376,0.40472124728825365,0.5068979965506614
ST3GAL6,CADPS2,0.655800234592625,0.391729233495936,0.506849211524911
GATM,SLITRK5,0.7261320682172533,0.3537772539832886,0.5068421935110631
RAPGEF3,GPAT2,0.6212877203565401,0.41343365252620295,0.5068148098632108
C2orf88,ABCA3,0.6483206941027577,0.3961633271538215,0.5067947150853326
CRISP3,EPHA7,0.5659728091662596,0.4537470396275989,0.5067627518562372
ST3GAL6,TBCD,0.6090008258965857,0.4216774686531655,0.5067562793609561
CCL28,CEP85L,0.5586325848725313,0.4595963742694224,0.5067006123503017
PIGR,OXGR1,0.5775636120551744,0.4444877563120455,0.5066753931758332
DMBT1,PKDCC,0.5581780125962206,0.45973032392298474,0.5065682170621726
GNPTAB,CHDH,0.653822768034777,0.3923817514138784,0.5065057974354842
FAHD2A,SERP1,0.6603372861387745,0.3884618322154533,0.5064739204081967
MCFD2,ROPN1,0.627051728645045,0.4090344049712408,0.506444202960715
C2orf88,PART1,0.5736191882223941,0.4471201982133911,0.5064353118977797
ZG16B,XBP1,0.5845265937662731,0.43865889429039645,0.5063672474645701
GATM,ST3GAL4,0.588676249915735,0.43551357287639353,0.5063363475677788
DMBT1,CRISP2,0.6432730317766641,0.39851659372565773,0.5063150970089801
DMBT1,SLC13A2,0.8507575923424557,0.30127713407901036,0.5062744406119017
CHRM3,RASAL1,0.6018006881888162,0.42577897058006503,0.5061956909253662
DLX6-AS1,ABCA3,0.6216420133049353,0.41200585698666287,0.5060831457681775
SLC39A8,XBP1,0.8022912102779055,0.31911592730191646,0.5059880468291822
ATP6V0E2,IRX2,0.5622881686704724,0.4552185638297265,0.5059288612054262
HID1,SMPDL3B,0.6113698141285067,0.4186625921857486,0.5059225940469153
C6orf58,SMPDL3B,0.5798064731531428,0.4414394475883677,0.5059144682818264
MANSC1,CEACAM1,0.7476878813240294,0.34227277864667754,0.5058786501733621
MGAM2,BARX2,0.6636399970988557,0.3854785971966795,0.5057855426218462
GNPTAB,ART3,0.5769937823256772,0.44332721061065233,0.5057638224093657
RDH11,OGFRL1,0.6852824108327679,0.3732613223540257,0.5057562840473597
PIP,SERP1,0.5545325749048678,0.46122811120141766,0.5057331431921689
LYZ,C3orf70,0.6333031433630516,0.4037722376091664,0.5056779877358891
SLC39A8,ITPR2,0.551824684807832,0.4633477362421105,0.5056547423966526
HP,F5,0.6312253621020624,0.40493751113152715,0.5055757382358317
DMBT1,CHRM3,0.8308355113467366,0.30762072569384,0.5055514048370312
KCNN4,DLK1,0.6316380850259732,0.4045600604608478,0.5055052342631893
GALNT6,SMPDL3B,0.5972855236848309,0.4278184542613739,0.5054995247233568
PHLDA1,MGAM2,0.7228475338813608,0.35347184204044924,0.5054762598930247
SAP30BP,SLC12A2,0.6264519770334319,0.4078607227329291,0.5054751785303883
AIF1L,FREM3,0.5913728894947089,0.4320247033621504,0.5054579083963069
TNFSF13,MAPT,0.5633135789423969,0.45352761074290254,0.5054485745916973
KCNMA1,ST3GAL1,0.5710820837440068,0.4472395833806236,0.5053815521067305
MPO,SMR3A,0.6234992756865293,0.4096189756115968,0.5053683157869008
TRIL,ALDH18A1,0.5675770327865244,0.4499505898834249,0.5053529664566941
HID1,ROPN1,0.606814933950919,0.4208242199587239,0.505333970003205
ACSL1,OGFRL1,0.6249317313269717,0.4085037756115162,0.5052593113902104
CHRM3,NPY5R,0.5810941592501292,0.43931875034621515,0.5052579142133761
CA2,SLC39A8,0.761499128391142,0.33511163389098597,0.5051605854792288
PIP,FREM3,0.6335972131744078,0.40270595715123636,0.5051270851773401
DMBT1,ST3GAL6,0.6630529439868202,0.3847675876532431,0.5050953194637521
ADGRG2,RASAL1,0.578892169107357,0.4405927951184653,0.5050304137962403
SAP30BP,CLDN10-AS1,0.6279534568725137,0.40614247088189787,0.5050134340520378
FDCSP,TTYH1,0.7376026004289457,0.3456113265530213,0.50489980511306
CHRM3,ABCA3,0.6778051689341202,0.3760608623442424,0.504872257438206
SEC63,GLYATL2,0.6192211675943848,0.41162070498734654,0.5048606278452387
NDRG2,LIMCH1,0.6278715933276003,0.40589037299836767,0.5048237664876913
DLK1,SERP1,0.5860233020434868,0.43481039678011757,0.5047861175626002
SLC5A1,ITPR2,0.5998560423086113,0.42470673490515376,0.5047404294704537
PLCB1,ABCA3,0.6600426454094604,0.38594799677264413,0.5047198597046663
FOLH1,AGFG2,0.7238114754550954,0.35191293528764317,0.5046965632162383
PADI2,SLAIN1,0.6491286133185132,0.3923877710689581,0.5046881509577326
DYNC1I1,OXR1,0.5504454929979822,0.4627053534236734,0.5046722464908284
SLC39A8,ZG16B,0.6342565872179415,0.4015142414614463,0.5046415089038331
SLC25A48,SERP1,0.6049753702337878,0.42092063198241786,0.5046252224895256
CEACAM1,CBS,0.6054753984543747,0.4205304092744755,0.5045996602432906
SLC13A2,TBC1D24,0.7548585273551527,0.3372584805080988,0.5045616314528681
GRIA2,ATP2A3,0.6915270576584851,0.36808495452064177,0.5045202727027098
PIP,AGFG2,0.6455374470267506,0.3941271189076545,0.5044044152697872
CCDC129,C6orf58,0.7300610660176884,0.348419773768979,0.5043487994031736
PKDCC,PADI2,0.6530218383152446,0.3895222476431946,0.504347632313908
MUC7,PIGR,0.6929679152382779,0.36702713087649347,0.5043193687727751
CADM1,ST3GAL1,0.6550774295543386,0.3882325674756114,0.5043038690821288
GP2,SLC31A2,0.6266481228556134,0.40583010169130407,0.5042942310032491
EGF,ARHGEF37,0.5962497256220755,0.42640577909538346,0.5042264657763312
RAPGEF3,ST3GAL1,0.6897908714588084,0.368531780490092,0.5041922827895393
GALNT6,RAPGEF3,0.6728502083688026,0.377808591540404,0.5041910248521732
SMAD9,CADM1,0.644982237665976,0.3940845769895983,0.5041602446607633
NDRG2,XBP1,0.5729974709607746,0.44340033016209857,0.5040508583526616
PKDCC,FREM3,0.6533771892758478,0.3887717348493853,0.5039985946267971
LYZ,P4HB,0.6306622037153182,0.40275298763807893,0.5039852048788329
CRISP3,PRSS8,0.6635407131231863,0.38272448281708166,0.5039377702238135
SMAD9,GNPTAB,0.557728555493018,0.45531207343386976,0.5039251383040968
MANSC1,CAMKK1,0.6133716463253623,0.4139655374381449,0.5038995169876613
HP,SLITRK5,0.6211138679461916,0.4087869594324842,0.5038881319688658
NPY1R,SMAD9,0.7354277353820912,0.3452406896935488,0.5038844893257559
ATP2A3,PLIN2,0.7089787384777836,0.358120094853818,0.5038844441665213
LPO,DLK1,0.5913112051624936,0.429314906106359,0.5038439386595555
KCNN4,CDC42EP1,0.5505318607278965,0.46102036160138826,0.5037920181045548
STATH,ELF5,0.6290657520338946,0.4034532797316459,0.5037843197489666
DLX6-AS1,SAP30BP,0.6123751217220207,0.4143014740960327,0.5036942680130186
F5,CADPS2,0.5527575128683261,0.4588500745948155,0.5036197236134384
AZGP1,TRIL,0.5687792918401453,0.44579917717224155,0.503548746691864
NDRG2,SSR3,0.6280821457568777,0.40362920886752324,0.5035000492509062
ADGRG2,TTYH1,0.5851550705217264,0.4331716756811316,0.5034606264954659
MANSC1,SOX8,0.5779633252655894,0.43850682530672747,0.503429104150657
CHRM1,CAMKK1,0.6465627282582969,0.3919446720215619,0.5034052209389215
NRG3,CRISP3,0.7219954877552376,0.35081294079754216,0.5032746370541344
DEPTOR,KANK4,0.588014639687984,0.4307409414715169,0.5032712782369335
NDRG2,CES3,0.6802118864285174,0.3723453464352949,0.5032630827923222
KIRREL3,TNFRSF11A,0.5776659963937945,0.4384213769066877,0.5032505554205987
KIAA1324,TMED3,0.56619228178299,0.44726325482215323,0.5032265919100876
KCNMA1,GP2,0.6152680766986148,0.41155172998177497,0.503204373359249
PKDCC,SLC39A8,0.6405522541918924,0.3953041022789877,0.5032026766682666
CADM1,SOX9,0.6186847645933434,0.4091568337646642,0.503129306818286
LTF,LPO,0.760971366802162,0.33262189934902986,0.5031060935587667
ADGRG2,ABCA3,0.6388191695083439,0.3961524763481476,0.5030604297093914
PIGR,ARHGEF37,0.6351499710494737,0.39842333995680057,0.5030492747624198
NPY1R,DUSP6,0.5792509157627451,0.43683896048636184,0.5030301858761268
CEACAM1,LINC01554,0.5932034715267096,0.4265608629370948,0.503028214627881
NPY1R,FOLH1,0.6143942279676728,0.41181962882867945,0.5030105395676417
DTNB,TNFSF13,0.5528568787464305,0.4576320932221563,0.5029960742123112
RNF128,AGFG2,0.7088215875868015,0.3569026744542678,0.5029714905644748
DLK1,FREM3,0.6047292913375268,0.4183343976166929,0.5029702414784137
CES3,XBP1,0.5856585437304226,0.43195153700241484,0.5029673032344667
SOX9,BARX2,0.6792568656768351,0.3723080989427476,0.5028845119447921
CHRM1,MAPT,0.6289570790191594,0.4020599562484391,0.5028702175239546
SRPRA,ABCA3,0.5916392202488547,0.4273312445127761,0.5028179832618475
PIP,DLK1,0.6764403481062655,0.3737411529145,0.5028057234947921
FOLH1,C2orf88,0.6692019777931085,0.3776312248021146,0.5027042495483891
SLC39A8,CES3,0.5994610154710673,0.42155599811058175,0.5026991015560787
ST3GAL6,CHPT1,0.6110254110412672,0.4135593713163847,0.5026880591863726
MPO,ANO5,0.6322492616925594,0.39957315003467214,0.502622949238882
SLC22A3,PADI2,0.7324464672668339,0.34491079564100535,0.5026218198501208
AZGP1,CLDN10-AS1,0.7253614113300642,0.34827956705506513,0.5026216850639115
GATM,RDH11,0.6807962215819288,0.37107772732892935,0.5026214427168267
KCNN4,CHPT1,0.6887944176311487,0.36676755166852315,0.5026205747455258
CHRM3,GPD1,0.7639502519385802,0.33065839277029657,0.502599803484317
GRIA2,PADI2,0.7732462629393613,0.3266752486814871,0.5025936880202003
MGAM2,ID4,0.6884163880367835,0.3668681733691668,0.5025515523769221
GNPTAB,OGFRL1,0.7111784122928855,0.3550789580028214,0.5025181485190945
GALNT13,GLYATL2,0.6654058178326036,0.379490142210365,0.5025086550865556
LTF,SLAIN1,0.6434122349889799,0.39236803618410676,0.5024484004347641
CHRM3,GPAT2,0.693465069924089,0.3640204660176527,0.5024295750856342
MPO,C3orf70,0.5752532740768541,0.4388090608134802,0.5024204901549537
ODAM,SMAD9,0.5900183528779337,0.4277562776057285,0.5023783975711218
FDCSP,ROPN1,0.5988586468274617,0.42138378723867687,0.5023438310766691
SLC22A3,PLCB1,0.5860299098209378,0.4305473770060287,0.5023083122152014
PIP,ATP6V0E2,0.7163306488567801,0.3522253389754226,0.5023044949152494
ST3GAL6,KCNAB1,0.6617977953978805,0.3812478540850672,0.5023036823811571
TUSC8,FREM3,0.6641900762021127,0.3797947582013639,0.5022508430962828
PHLDA1,DUSP6,0.6176325825452453,0.40839508423860255,0.5022331237354533
MANSC1,OXR1,0.6405277315571213,0.3937740113468959,0.5022182535852071
SLC37A2,TMED3,0.6549330599279668,0.3850820344553815,0.5021981234026565
ANO1,ART3,0.5560467624188989,0.45352301877779605,0.502175274454885
GP2,P4HB,0.6184688740457271,0.40770473553507847,0.5021480745054101
LPO,FOLH1,0.7350754650621019,0.34299922684349504,0.5021257971742972
PLCB1,RYR2,0.6718367657786583,0.3751541002028479,0.5020381632394931
SLC22A3,BHLHA15,0.6337654146913736,0.3975185001118248,0.5019297531237449
GALNT6,AIF1L,0.7569210754548223,0.3328324072762335,0.5019241612651697
CLDN10-AS1,OGFRL1,0.5788130205302254,0.43518268218864203,0.5018858463436212
SLC5A1,SOX9,0.5914413796732666,0.4258823629587228,0.5018809144875086
SLAIN1,SH3BP4,0.6356766631816122,0.3962281975087007,0.5018695233333018
CADPS2,FREM3,0.5853387197106504,0.4302072551846583,0.501813674544667
SLC5A1,CLDN10-AS1,0.676988732467427,0.3719529808778308,0.5018047200475139
GALNT6,IRX2,0.5790331262257538,0.4348050433994006,0.5017634139495222
NDRG2,GPD1,0.8046539694109353,0.31280633693989085,0.5016979775478247
AZGP1,SEC63,0.5997495114017808,0.41961459519867245,0.5016608898922257
MANSC1,DAPK1,0.6398464440929902,0.3933164189411009,0.5016593585919157
FOLH1,SAP30BP,0.6009403798299507,0.41872156851899783,0.5016240608551381
CHI3L2,TNFSF13,0.6365283791601914,0.39526570335903316,0.5015952925384551
KIAA1324,CSN3,0.5862893475614868,0.42906629945680724,0.501554584037623
CHI3L2,MYBPC1,0.6952058591891259,0.3618424204806158,0.5015525603775735
TUSC8,GNPTAB,0.6594606956854454,0.3813524201147794,0.5014847278534219
FBP1,MATN4,0.5663172602456419,0.4440525683743024,0.5014724657713278
PLCB1,SH3BP4,0.5590700073408054,0.4497038976690959,0.5014139620822801
CHRM3,KCNAB1,0.6024440824503584,0.41732584175031234,0.5014134858737751
PADI2,FDCSP,0.6830798960326473,0.36794212194655923,0.5013320919363604
SMAD9,ITPR2,0.5647552773937172,0.44501815558345004,0.5013245973436489
DLK1,FBP1,0.5666963738925843,0.4434781472564369,0.5013157268137758
RNF128,PADI2,0.6400872872130676,0.3925946904779938,0.5012931980411394
COLGALT2,SERP1,0.5817057725983955,0.4319110546197702,0.5012436071626063
PLCB1,SAP30BP,0.5762756773476566,0.43595072157343845,0.5012262935690155
NPY1R,RNF128,0.5865650351019182,0.42829671335731867,0.5012223824855309
ST3GAL6,C10orf90,0.6064492985846356,0.41423797048724026,0.5012128556303298
ZG16B,ROPN1,0.7391092378860147,0.33978924880220635,0.5011400729577112
HP,MCFD2,0.6330561749528207,0.39668312667378275,0.5011214452010911
ACSL1,ROPN1,0.6529111499952026,0.3846091429553986,0.5011143560363029
TNFSF13,DLK1,0.5852961477180121,0.42884456129258647,0.5010000695552564
LTF,TRIL,0.6632661762064269,0.37834343250465025,0.5009415153190777
ACSL1,C2orf88,0.5540772839855391,0.452844848434835,0.5009102151959136
PIGR,CES3,0.6756342768765494,0.3713066404064551,0.5008667422483511
TBC1D24,CRISP3,0.5929688536050097,0.42298880666256344,0.5008185178030574
ARHGEF37,PLA2R1,0.602956987335169,0.4158719375913376,0.5007523246149861
KANK4,SLC25A48,0.5749088471075371,0.43606217888095283,0.5006955207784959
GPD1,OXGR1,0.6225143232209693,0.4026303059385115,0.5006427193214381
RASAL1,C10orf90,0.6817492050844364,0.3675758171013523,0.5005941680814001
MGAM2,C2orf88,0.6777761262065565,0.3697218211543833,0.500588277645463
TUSC8,GP2,0.6560351468576894,0.3819454523399791,0.5005693167958707
CHRM3,RYR2,0.56361888798046,0.4445611227432741,0.5005627289760085
SLITRK5,SH3BGRL2,0.7424488512458584,0.33748002924042464,0.5005613449198529
AZGP1,NPY5R,0.5765386847048555,0.4345317707466589,0.5005241008870107
MUC7,C2orf88,0.5523560421904806,0.45345824311510313,0.5004701793970417
ST3GAL1,TBCD,0.6379798862598233,0.39248250000066837,0.5003957840643719
RAPGEF3,FREM3,0.5849294937730004,0.4280476169410152,0.5003775333566118
AIF1L,TBCD,0.6801483988179953,0.3680286356415306,0.5003139886618786
SLCO1A2,CRISP2,0.6682213326681102,0.3744348102405279,0.5002052857540157
NDRG2,GNPTAB,0.6777423509255943,0.36916137862796805,0.5001962621034393
C2orf88,ANGPTL1,0.6157823533850981,0.4061891647720385,0.5001241044009509
PADI2,EPHA7,0.7122791217815996,0.35113444888249157,0.5001057256993635
SNPH,SLC12A2,0.5529399463462996,0.45226877088673784,0.5000774639075627
MPO,MUC7,0.7245916051486606,0.3450742515025309,0.5000379043549513
C6orf58,ALDH1L2,0.5601515137317692,0.4463627121688055,0.500030747949338
AZGP1,TTYH1,0.631938718582983,0.3955421395004218,0.4999583910501633
CRISP3,TMED3,0.6845755709693107,0.3650134449295506,0.49987927289908923
CHI3L2,GPD1,0.5842821506478096,0.4276272564289543,0.4998549520230162
MCFD2,LRP6,0.662283274935485,0.37717558305564086,0.4997970391786959
NOSTRIN,COLGALT2,0.6718814672034087,0.3717587296220636,0.49977775130966706
CCDC129,DLX6-AS1,0.7335680902705414,0.3404905066046847,0.49977291911952143
ST3GAL1,SLC31A2,0.5671010566830845,0.44042275444033535,0.49976415380696204
OGFRL1,RASAL1,0.6314937638527032,0.3954640323048137,0.4997329989389672
FOLH1,MAPT,0.6356297325500898,0.3927610822805326,0.49965049953548407
STATH,F5,0.6971776417034073,0.3579659408181591,0.49956566178005635
SLC39A8,KANK4,0.6103460831111986,0.40885765143013497,0.4995444585824435
NPY5R,ANGPTL1,0.5955200713451702,0.4189946784711421,0.49951950994568883
SLC13A2,CHDH,0.671160880691493,0.3717661227197385,0.49951464276419505
SLC37A2,TUSC8,0.6131636998671153,0.4068755755794013,0.49948106401326947
LPO,ANO5,0.6156907584101156,0.4050697072918629,0.49939731205873605
SRPRA,CES3,0.5651199626562053,0.4413099183913486,0.4993926757583975
TUSC8,C3orf70,0.582711786427907,0.4279511767284923,0.49937180006022036
GNG7,ST3GAL4,0.5563011165800188,0.44821137323872506,0.49934005186502545
SMAD9,NDRG2,0.5995868438648418,0.4158093336596995,0.49931333450906573
CHI3L2,GALNT6,0.7038603043617319,0.3541661168991299,0.49928295668411743
MGAM2,DYNC1I1,0.6220403700647668,0.40074875706243307,0.4992813887439739
CA2,EPHA7,0.5616499717090215,0.4437921397199029,0.49925528812258924
CADM1,DYNC1I1,0.6349371513416805,0.3924756330514418,0.4991967151541616
GLYATL1,PRSS8,0.6149374691884009,0.4052068205643744,0.49917617805313474
SLCO1A2,GPAT2,0.737927877519622,0.3376482703810387,0.49915936484298407
ATP6V0E2,TECPR1,0.574020898588184,0.4340366584807394,0.49914538234999906
PKDCC,ATP6V0E2,0.5770595803845291,0.431702377612539,0.499117213564204
GPAT2,KIRREL3,0.6582109609386154,0.37836124453521264,0.4990405978950538
F5,PYCR1,0.5892391800800532,0.42264605281106543,0.49903868950459446
MANSC1,LONRF3,0.6220297314684438,0.4003488019155689,0.4990279127957218
TMPRSS5,CEACAM1,0.5773696497383037,0.4312498741957554,0.4989895678409428
SAP30BP,SMR3A,0.561780818714229,0.44317191845942444,0.49896441073817177
KCNMA1,SNPH,0.7261705252678969,0.34277625694097785,0.4989128326192798
SNPH,ITPR2,0.6333659421151028,0.3929648050254227,0.49888929027691553
CA2,DLX6-AS1,0.7156408892101214,0.34777317294527443,0.49887944709116
NDRG2,C10orf90,0.6822522505382674,0.3647915602348642,0.498878605421802
PADI2,LDLRAD3,0.609941438862947,0.4080333550339325,0.4988751864679907
ATP6V0E2,OGFRL1,0.6030221099018716,0.4126975231841182,0.498864441689086
ODAM,DTNB,0.6110101636581889,0.40722575485211715,0.49881767723089127
CCDC129,GPAT2,0.688125529316604,0.36152915961511234,0.4987759460153789
LTF,DLX6-AS1,0.7665708478833396,0.3244163559258488,0.49868639547244636
CRISP3,PIGR,0.6379597985392274,0.3897397485096162,0.498636432124573
PHLDA1,GPD1,0.6674842819567561,0.37247942501839854,0.49862226339391535
LTF,EPHA7,0.6745958290076242,0.3685404779151022,0.4986139480820852
PIP,GP2,0.7933483668634068,0.313221217491946,0.498491265083154
AZGP1,LIMCH1,0.6104779354173882,0.4070335026578348,0.49848267005811037
RTN1,SNPH,0.6055815983927214,0.4103122131861161,0.4984752008889743
CRISP3,OXGR1,0.6061896708526355,0.4098697162475901,0.49845640570123056
TMPRSS5,PTH2R,0.6125924342394167,0.4055642583857425,0.4984431725733895
STATH,ITGA6,0.6443638502153125,0.3854841150289724,0.49838943463611973
TNFSF13,ITPR2,0.5688851730686224,0.43657787329315106,0.49835998937144355
NPY1R,GALNT13,0.5989446456877479,0.414657747855184,0.4983543296398685
KCNMA1,DLK1,0.5885383356344244,0.4219676802849707,0.4983414053100902
NDRG2,CBS,0.6868609782076185,0.3615095730582876,0.49830394237075226
AZGP1,SOX9,0.6168858986210187,0.40251161487165266,0.49830085214205366
TCN1,CHI3L2,0.8074168125629522,0.30752265265757245,0.4982960565764905
TRIL,FAM171B,0.5738575827870691,0.4324168649134413,0.4981422456041949
CCDC129,ARHGEF37,0.619792282288273,0.40036719409130556,0.4981410412515739
ST3GAL1,ALDH1L2,0.5688190724985234,0.43616842530068334,0.49809729886105203
FOLH1,MYBPC1,0.6514464603195612,0.38078639195952263,0.4980581765013883
SH3BP4,ELF5,0.6412916371635263,0.38678448254555636,0.4980378038272669
SSR3,AACS,0.5530022849967042,0.44851377302663437,0.49802524166574325
KIAA1324,SH3BP4,0.6515542040921192,0.38064100367437714,0.49800426322862357
C6orf58,ID4,0.5898538626373826,0.42041118295581337,0.4979770679081898
FOLH1,FAM171B,0.6120359355838401,0.40516202401155904,0.4979695958880992
SRPRA,DTNB,0.6713219647066846,0.3693668865543438,0.49795994214319406
RASAL1,FOLR1,0.5740687360149533,0.43189475217121476,0.49793300198964596
RTN1,PADI2,0.6865731492369016,0.36111781234230744,0.4979295067229883
MAPT,AACS,0.626162844897052,0.3958894629520117,0.4978868068013027
ATP6V0E2,CLDN10-AS1,0.5848877780117485,0.4237653993245881,0.4978505828149844
SLC39A8,ACSL1,0.7667343747566769,0.3231879892639587,0.4977944765434516
NPY1R,KCNMA1,0.6331746913533417,0.3913575364530423,0.4977928156898804
RTN1,GATM,0.6515205297966001,0.38031929264166725,0.4977809026406771
GATM,ALDH18A1,0.6628325405425787,0.37381417198374095,0.4977712298906029
NRG3,CHDH,0.6598432642648354,0.3754860674058213,0.4977569209996212
PHLDA1,OXR1,0.6460341126854889,0.3833774196577532,0.49766945971422527
SLC13A2,NPY5R,0.5549701873391757,0.44625626385619177,0.497653415896597
DMBT1,LIMCH1,0.6702933306502076,0.369341127682984,0.49756094563453324
PKDCC,LTF,0.5915766998350426,0.4184297957225939,0.4975272029409278
AZGP1,DLK1,0.6498438197225439,0.38087216638772947,0.49750117932664484
PHLDA1,AIF1L,0.6723169760950929,0.3681058027080521,0.4974774167333975
KANK4,GLYATL1,0.6046696326840991,0.4091993521223452,0.4974237850589674
PKDCC,CDC42EP1,0.5509083838220067,0.4488925423224522,0.4972913280971365
MGAM2,PTH2R,0.6498287171092222,0.3804805928108206,0.4972395956791976
GRIA2,SH3BGRL2,0.71812157241572,0.3442525066135872,0.49720735247721576
TMPRSS5,FOLR1,0.6656651800955984,0.37129278224392476,0.4971485459705157
ANO1,CEACAM1,0.6565288694156145,0.3764043617102079,0.497111989431666
KCNMA1,CADPS2,0.6379905705356334,0.3873060137238791,0.49708911139510936
DYNC1I1,C3orf70,0.64502076938913,0.3828937765017377,0.49696522847525304
ANO1,TUSC8,0.7233650490363032,0.34132445132503375,0.49689252205081763
GRIA2,ATP6V0E2,0.6754053239544786,0.36553327566222177,0.49687334449010706
DAPK1,TMEM63A,0.5947853608796883,0.41496066674670307,0.4968023046663671
GNPTAB,PLA2R1,0.5871686645583565,0.4201739594573647,0.49670210655560726
GPD1,PRSS8,0.6706888280308283,0.367735047770089,0.49662439349550846
GALNT13,TTYH1,0.6226966886515214,0.3960297558905789,0.4965948223658135
ABCA3,OXR1,0.5798591298784377,0.42518864596445566,0.496537529581743
CLDN10-AS1,SLAIN1,0.5762464026960809,0.4278189935100074,0.49651702489965005
ADGRG2,GLYATL1,0.7060943865785668,0.3490835054339543,0.4964734672004978
KCNN4,SH3BP4,0.6784591030057959,0.36322213490908095,0.4964185369647927
CADM1,SLC25A48,0.6888864173037023,0.3576774789609455,0.496386096734816
ST3GAL6,SSR3,0.6646885013881947,0.3706757593693649,0.49637074349336324
TCN1,GRIA2,0.8126692567251539,0.3031577265168,0.49635366854582164
SLC22A3,ALDH1L2,0.5882962407915308,0.4185807698925413,0.49623532058430386
ID4,CADPS2,0.5538429690374697,0.44441133639380903,0.4961190321104975
CHRM3,DTNB,0.6421745320417286,0.38323832338991287,0.49609060763470814
ST3GAL6,CEACAM1,0.5934766415164252,0.4145087676023815,0.4959851522735068
MUC7,RDH11,0.5767551421228684,0.42629435714522856,0.49585024205043315
F5,GALNT6,0.7067517572303478,0.3477734931025683,0.495771648411218
CADM1,GPD1,0.636323094261948,0.3862447310337342,0.4957584516614513
PHLDA1,ST3GAL1,0.6324891423853145,0.3883751077827672,0.4956238884934084
SLC22A3,ABCA3,0.5990092398809421,0.4100027306907399,0.49557585096549117
EGF,XBP1,0.6177155095243542,0.3972951225305368,0.49539414514656027
NRG3,ALDH1L2,0.5705780399363762,0.42997794518363786,0.495314014720713
AZGP1,GLYATL2,0.7227206464743298,0.33945435319781797,0.4953086609293769
LYZ,DLX6-AS1,0.7335886178122349,0.3341861202213548,0.49513143106171015
OGFRL1,ITPR2,0.5719714364674521,0.42859159510027406,0.49511831950290464
SLC5A1,FDCSP,0.6276689072796852,0.39053184813835495,0.4951006951913087
LYZ,SOX8,0.6158194653147384,0.39792799812172786,0.49502707707466537
LYZ,RASAL1,0.6785044335011967,0.361146812492696,0.49501486181843024
HP,MGAM2,0.6465705268366343,0.3789692907492326,0.49500542822744575
CCDC129,CEP85L,0.5544268185663584,0.44194617406043535,0.49500182955409494
GALNT6,FDCSP,0.6007224248238812,0.4078448618262846,0.49497631695692923
C2orf88,SLC43A1,0.593895744496583,0.4124343429992898,0.49491716598994856
GP2,PRSS8,0.6112094682235456,0.4006893235147425,0.49487888250388906
ODAM,ABCA3,0.5597171255498198,0.43749826927614743,0.49484873821428127
C10orf90,PRSS8,0.6066895307114616,0.40351151908344157,0.49477895483680606
FOLH1,ID4,0.6050904356888508,0.4045292091220919,0.4947491843313669
TRIL,CDC42EP1,0.5843339675959567,0.4188968497685984,0.4947480755280737
TMPRSS5,PART1,0.7176350611319545,0.3410754939219365,0.49474006602586823
FDCSP,CADPS2,0.572013809091415,0.42788642308115177,0.49472916098118813
PADI2,SERP1,0.6707806121534333,0.36483802573265794,0.4946981647811141
LTF,SOX8,0.5603453817546508,0.43661036865951264,0.494623699093112
TBC1D24,ST3GAL1,0.6004683540336399,0.4074135567772857,0.49460989461296423
SLCO1A2,ID4,0.6256228994543526,0.39099502881023157,0.4945861336476137
RNF128,DLX6-AS1,0.670761885243789,0.364661953292307,0.4945718747230076
GALNT6,C6orf58,0.5944385852983184,0.4114521707056098,0.4945533806093786
SLC12A2,GLYATL1,0.6922738456111612,0.35330141793813064,0.4945516467022487
SMAD9,CEP85L,0.5617602845405488,0.4352841043756331,0.49449501749768277
GNG7,ABCA3,0.7228924484610213,0.3382372638590686,0.49447867884453683
ABCA3,TBCD,0.5989909286396372,0.40807658140130554,0.49440284227505865
KCNMA1,LTF,0.8047428776093685,0.303651903170939,0.4943295523730528
GPAT2,ALDH9A1,0.5583582381042242,0.437548608390897,0.49427610711635295
NDRG2,ARHGEF37,0.7649184833738867,0.31925881236213033,0.49417301277567655
NPY1R,DAPK1,0.5927207517783988,0.41200733300114584,0.49417132267529673
P4HB,ANO5,0.6121346083965364,0.3989096192226594,0.49415218662723137
TUSC8,RAPGEF3,0.628040389860792,0.3886771742979851,0.49406979676569746
STATH,MYBPC1,0.7527066448882909,0.3241498468858305,0.49395317965419216
CRISP3,MYBPC1,0.7102949227203919,0.3434768173824583,0.4939330313503232
SRPRA,ALDH1L2,0.6519715645388556,0.37408660045470365,0.49385607839883366
CCDC129,AIF1L,0.7404005764993563,0.3293645563762199,0.4938235589959312
SLC5A1,PIGR,0.7742615899347336,0.31468046665502336,0.4936040907789585
DEPTOR,PLA2R1,0.6726853712409824,0.36209315098656136,0.4935329428672539
PHLDA1,TNFRSF11A,0.6606862197825403,0.36865992169986095,0.4935266254754736
FAHD2A,C10orf90,0.5846449055252186,0.4165613760381506,0.49349821310647074
AZGP1,DTNB,0.6808636789248069,0.35766753407848323,0.49348032694793403
TCN1,GNPTAB,0.6327204475505693,0.3848768570556424,0.4934769064992835
C2orf88,ITPR2,0.604907036946074,0.40249238204218624,0.49342727348060733
KCNN4,TBCD,0.5883061644472495,0.4137782900459167,0.4933845546310249
SLC5A1,ELF5,0.6340006663206273,0.3839449609964918,0.49337750364424104
ROPN1,MATN4,0.5999777642826034,0.40568785922773765,0.4933595998620616
ODAM,SNPH,0.5748526941124938,0.42334213385881064,0.49331467257732087
PIGR,CEACAM1,0.6446403967065779,0.37749388667858347,0.4933029584979093
PIP,CBS,0.5728851259197706,0.42474502513390616,0.49328501620020243
CHI3L2,ANO5,0.6752914258077116,0.36031884057293323,0.49327499794321383
SLC22A3,LTF,0.7246345003653492,0.3357689500529736,0.49326439701222546
PART1,TTYH1,0.5969752453056603,0.4074729561186867,0.49320509723073175
GALNT13,RDH11,0.6356642271338908,0.3826656288828239,0.4932006196615172
GALNT13,ATP6V0E2,0.6275712533797512,0.3875850053020341,0.4931908429488478
TCN1,FBP1,0.6254856837055907,0.3888344752269221,0.4931636620693134
DMRTA1,XBP1,0.626338885475047,0.3882954379789637,0.4931577149946956
NPY5R,LDLRAD3,0.5810105338069446,0.41856188986779114,0.49314183260328753
PLCB1,TMED3,0.5566152214767324,0.4367743963052373,0.4930672138104558
ADGRG6,CADM1,0.5918613044256125,0.41070564525856523,0.4930322291064726
CBS,TBCD,0.6528841905266467,0.37223961554973894,0.4929800808147744
DEPTOR,RAPGEF3,0.6634007511254278,0.3663290531675404,0.49297359871540086
LTF,SSR3,0.6277641284406206,0.38709176022102765,0.49295265643030983
DLX6-AS1,AGFG2,0.686962208593218,0.353607607544352,0.4928641425931003
FREM3,TECPR1,0.5704298990077564,0.42568897200905115,0.49277349493640454
RAPGEF3,C3orf70,0.6525602864359366,0.3720665166691905,0.4927431711255551
ANO1,TBCD,0.6868677109851171,0.3534474662632496,0.49271863381216635
TMPRSS5,PYCR1,0.5715057574402649,0.42458038435997025,0.49259530464461754
DMBT1,GATM,0.7258322450437736,0.33422815280842844,0.4925378873850976
MGLL,DLK1,0.6027245835278114,0.4023843490884422,0.4924702419663962
PADI2,ST3GAL6,0.7385660310329909,0.32832365225081667,0.4924314132314688
TECPR1,LDLRAD3,0.5836285635715478,0.41547197155626003,0.4924239128673779
SAP30BP,POLR2F,0.5556276100047249,0.43633039137952623,0.49237913495053015
F5,SLAIN1,0.6295185357907076,0.3851021569601435,0.49237074037699763
ODAM,TMEM63A,0.5736364594908757,0.4225856661173652,0.4923520542692583
SLC13A2,AIF1L,0.707876176858141,0.34234702075267043,0.4922796971328139
CCDC129,GATM,0.692460386757569,0.34995961178015356,0.49227346883903245
CEACAM1,OGFRL1,0.619318724436698,0.3912898489549683,0.49227343025987014
DEPTOR,CADPS2,0.6856295346677075,0.3534183012321613,0.49225402529269213
TUSC8,SRPRA,0.7791513053774832,0.3109661716986424,0.49222931506284323
CHRM1,GNPTAB,0.6080516129144451,0.39837309602442467,0.49217009618563023
GLYATL2,ALDH18A1,0.6107722869837805,0.3965976294189398,0.4921695247905458
CHRM3,TBC1D24,0.7258470259069151,0.33361348870516166,0.49208978711112444
SLCO1A2,ACSL1,0.6139474116330813,0.39436816736506386,0.49205824409744703
CHRM3,RDH11,0.6675945307743867,0.36257344979336187,0.49198785766119274
ALDH1L2,TECPR1,0.5652739528709408,0.42819480197499404,0.49198309758689335
GATM,KCNAB1,0.61722589242639,0.39205585042258284,0.49192176426548356
GATM,CADPS2,0.6450498699461402,0.37503633054742175,0.4918507255709724
NPY5R,ALDH1L2,0.5749249883764859,0.4206833900952331,0.49179405563780715
PADI2,GLYATL2,0.604720469377453,0.3999106913067509,0.49176638859938376
SRPRA,BARX2,0.5842333299509994,0.41389675001178333,0.4917441169096795
GALNT13,SLC25A48,0.6587504224281978,0.36706154602204943,0.4917336153845621
C2orf88,RDH11,0.5809838770655691,0.41613955473771735,0.49170150692453507
KCNMA1,DUSP6,0.57044287088105,0.42374226522010594,0.4916510493081414
DYNC1I1,P4HB,0.5524355321495085,0.4374273866456244,0.4915795267485662
GATM,FBP1,0.6418866140299092,0.37633360268405813,0.49149110060360934
DLX6-AS1,FOLR1,0.6290598384107209,0.3839784837808215,0.491472728602877
CHRM1,CHPT1,0.6434528534394509,0.3753603586044928,0.4914536537783766
DMBT1,TBC1D24,0.6841857371056828,0.3529658446061423,0.4914205902940813
PLCB1,MPO,0.5707176210678216,0.42303651614446514,0.49135974002637645
DMBT1,OGFRL1,0.6065958038088127,0.3979402278945816,0.49131341566008135
KCNMA1,CRISP3,0.5977212675252122,0.4037241532281513,0.4912377353156754
MPO,CLDN10-AS1,0.7462061621015865,0.32337039288327596,0.491223960949292
SNPH,CEACAM1,0.5530428052322856,0.43613836667478256,0.4911244096715708
CEACAM1,CES3,0.5699159739322215,0.42322103454267185,0.49112160214145456
HID1,ALDH1L2,0.5540978942398328,0.43525353267034067,0.49109374452652527
NPY1R,TRIL,0.6312799667612231,0.3820356576035936,0.4910921066700203
LYZ,SEC63,0.590302808891469,0.40845155054180343,0.49102963004375044
KANK4,PIGR,0.5596679631455461,0.43077773624093074,0.49101170883229556
SRPRA,C3orf70,0.6399762782347342,0.37670695811444227,0.4910025631696933
PYCR1,FBP1,0.6946523868936885,0.34701248476706265,0.49097153769373414
SLC5A1,MYBPC1,0.6673207848115796,0.3612182667044906,0.49096685960003367
SLC13A2,GPAT2,0.7240032588543586,0.33284631520269436,0.4908989884939831
CEACAM1,SLC31A2,0.6973562746415983,0.34554552467415695,0.49088526134509947
LYZ,PTH2R,0.6068735042959887,0.3970407163248237,0.4908701364559015
SLITRK5,GLYATL1,0.6887949140325254,0.3498176265906654,0.4908692310937603
MANSC1,TBC1D24,0.723556157762045,0.3329924444051874,0.49085510452434816
CADM1,EGF,0.6808993144509626,0.35383086816468257,0.4908392767137949
CHI3L2,SAP30BP,0.6417231302774024,0.37535758607688,0.4907908364167214
RAPGEF3,GNPTAB,0.5853279535353464,0.4115174117227375,0.4907877794401899
GRIA2,MGAM2,0.7486877775990438,0.32166049180902717,0.4907374845616707
HID1,LDLRAD3,0.5576964993518637,0.4317639201467912,0.4907068644438379
EGF,TMEM63A,0.5648252151867189,0.4262577120747787,0.4906741321362227
GATM,LIMCH1,0.6609498871776764,0.3641974684568474,0.490628449732533
AZGP1,RASAL1,0.7137701452758218,0.3372365053921409,0.49062139114194653
GNPTAB,CDC42EP1,0.5973522646869069,0.4028820938120353,0.49057367554774295
ACSL1,DUSP6,0.6185810454850573,0.38902737764194784,0.4905557684749679
FAHD2A,TECPR1,0.5978834604469054,0.40246724133971673,0.4905389963791968
SMPDL3B,TECPR1,0.6038254824469714,0.3984380251125101,0.49049672041592685
MCFD2,ID2,0.5657461322281823,0.4252073239134144,0.4904685503670037
SLC25A48,FREM3,0.6010636603676093,0.3999730473256084,0.4903154738267162
SLCO1A2,RAPGEF3,0.5686629691520336,0.4227211660690914,0.490291620793441
SLC39A8,CHPT1,0.6857766247080569,0.3505301024468192,0.4902910875332623
TUSC8,SAP30BP,0.6483713736561412,0.37068051405951435,0.490243443697447
PLCB1,ACSL1,0.6279679091810393,0.3824666263291356,0.49007832809402324
KCNN4,AIF1L,0.667774567343785,0.35949168405192455,0.4899585735360313
NRG3,HM13,0.664399385333188,0.36116151229649274,0.4898525153306803
DMBT1,NPY1R,0.6915716452049759,0.34693482989022734,0.4898267970273707
RNF128,OXGR1,0.555031880062419,0.43226186157386565,0.4898153873742879
SMPDL3B,LDLRAD3,0.5520746631428981,0.4345767792260137,0.4898150967466469
CCDC129,C10orf90,0.611970883740254,0.39199692551397675,0.48978638704056576
DMBT1,KIRREL3,0.7356526142791762,0.3260434644783539,0.48974965749058036
PHLDA1,CAMKK1,0.6442577986375017,0.372163024100451,0.4896620575879165
TBC1D24,KIRREL3,0.5885273036080064,0.40730720873396764,0.4896033223909999
MUC7,ITGA6,0.5510189492688363,0.43497657793436445,0.48957158509246385
TMPRSS5,ALDH18A1,0.5583861006147267,0.4291999081981622,0.48955006191703265
DMBT1,CHPT1,0.6511965979211861,0.3680135519148199,0.48953975629750696
TMPRSS5,CSN3,0.601709840533686,0.3981478741466209,0.4894583678532724
DEPTOR,IRX2,0.646603767830399,0.3702791826050348,0.4893096306241844
LRP6,PART1,0.5504030624989421,0.4349417591729568,0.48927832187567105
DMBT1,SH3BP4,0.5790212443730124,0.41328052338228666,0.48918115552823727
GPD1,ANO5,0.6064801339351699,0.3945505484359917,0.4891697757012947
TUSC8,RYR2,0.5596221123982793,0.42754858588890055,0.48914787415263666
ZG16B,PRSS8,0.5896681816311317,0.40565037938955406,0.48907987240594664
RNF128,GP2,0.5893712987488954,0.40572610341736376,0.4890023727012174
CLDN10-AS1,ITGA6,0.581081466953526,0.41150352314765054,0.4889959824857266
PHLDA1,XBP1,0.6502699759601869,0.36764073083470006,0.4889434826254114
TCN1,CSN3,0.6548956588711855,0.36503537076496806,0.48893770528402825
ANO1,POLR2F,0.647656670366512,0.36905952558086913,0.48890066834148455
CADM1,ABCA3,0.6132246219448192,0.3897059529616995,0.48885303075114883
F5,ARHGEF37,0.5832077196117512,0.40973388091842394,0.488835312081796
GATM,CEP85L,0.5932313108609417,0.4027937047585964,0.48882495586915087
ATP2A3,ANO5,0.6726188673022425,0.3552367043181396,0.4888137781227619
GPD1,RASAL1,0.5948441564312964,0.40165102121491814,0.4887941927788798
P4HB,FREM3,0.6784328331653937,0.35202490096741673,0.4886975045036466
NOSTRIN,CHI3L2,0.5614578472815828,0.42531818835882745,0.48866986242825533
TBC1D24,TBCD,0.655965599665038,0.36402433616988195,0.4886588195953737
F5,PADI2,0.7834795658187108,0.3046801217585536,0.48858023855758176
SSR3,IRX2,0.5501912651720938,0.4337130660797316,0.4884927231270446
FDCSP,LRP6,0.6205718813457377,0.38452386096391344,0.4884922679231501
KCNMA1,GPD1,0.6607865967066476,0.36109259603591515,0.48847225881368195
SLC5A1,MUC7,0.6449737560028901,0.3697081012676455,0.48831549504320476
PART1,CSN3,0.6017288312174064,0.39616321554345074,0.4882446401756911
FAHD2A,GPD1,0.6836478552662857,0.34858409717560346,0.48816879295386734
ROPN1,GPD1,0.6971386158998318,0.3418218337309535,0.48815694202944543
GALNT6,C3orf70,0.6377164258107597,0.3735281420644404,0.48806252847055226
F5,C3orf70,0.5514177608619466,0.43198496118287283,0.48806165596315254
SLAIN1,TMED3,0.6875435482288522,0.3464323016032035,0.4880443564527249
CCL28,DTNB,0.6782903816342267,0.35113373400324827,0.48802728862402184
SLC5A1,OXGR1,0.584011904704942,0.4077210052129966,0.4879691802180295
SAP30BP,CRISP3,0.5798233614840043,0.4106498520116366,0.48795940157588524
PIGR,ABCA3,0.6264704922862939,0.38002182715639016,0.4879266964803224
PPP1R1B,GATM,0.7733406896484301,0.3077632440174204,0.48785842144711405
NDRG2,CADM1,0.7319916355598481,0.32514633388267355,0.4878569428993162
TMPRSS5,C6orf58,0.6147218337728428,0.3871348980069954,0.487832219538975
OXR1,MAPT,0.595728047221501,0.39939777488449413,0.48778320645195683
AZGP1,ART3,0.5541565422054348,0.4292639068497802,0.4877288204663223
ATP2A3,CLDN10-AS1,0.7121775558076102,0.3340114022256269,0.487724742092217
NOSTRIN,CHRM3,0.6339813955810769,0.37514963571930043,0.4876862614479259
TMPRSS5,LRP6,0.6050548486856283,0.39305170638976406,0.48766570592495706
MANSC1,FAHD2A,0.7306962205200317,0.32542210288555123,0.4876317264618384
AZGP1,SRPRA,0.736422128903313,0.32281576799546813,0.4875742765064423
CBS,FREM3,0.6014639016801788,0.3952052455508273,0.48754660182742915
AGFG2,TECPR1,0.5672560099072449,0.41897077595127746,0.48750763135961667
RAPGEF3,CBS,0.6750136433890752,0.3520808721988654,0.4875032228719719
CHRM1,TMED3,0.6904417168233294,0.3439196376888029,0.48729504932342016
MPO,EPHA7,0.555835066806711,0.42720581017050363,0.4872945413570082
SAP30BP,TBC1D24,0.7182636843481547,0.3304615659350495,0.4871945626584612
RDH11,CBS,0.6189318334388957,0.38347436198311163,0.48718014115829683
GRIA2,SNPH,0.6021092461931699,0.3941773856962386,0.48717332497577964
SNPH,CD46,0.5864703742390076,0.4046340990281842,0.48714054592789013
GALNT13,PYCR1,0.6655099400205193,0.35657298280678223,0.4871374183951376
PLCB1,SLC43A1,0.6483011352429016,0.3660312507287523,0.48713291346595466
KCNN4,GPD1,0.7761955000580582,0.3056695939786639,0.48709276667880486
MCFD2,C3orf70,0.6471603553302587,0.3664752325139515,0.4869992214505769
FOLH1,CLDN10-AS1,0.6838110692460979,0.34681789925311773,0.48698862257958336
FREM3,HM13,0.5984621490347793,0.39626899938748855,0.48698254277673864
TMPRSS5,ATP6V0E2,0.6678257327273832,0.35503744475839255,0.4869323789721026
SSR3,PLA2R1,0.5849287122979855,0.4052703613271328,0.4868821937426127
DYNC1I1,PIP,0.6154102848314448,0.3850197781718894,0.48677010112629365
CADM1,FOLH1,0.7477630608264213,0.31681628190427735,0.486727349423051
GALNT13,CHPT1,0.612987427876955,0.38646757828176836,0.48672350135243825
CCDC129,ABCA3,0.6208324380337248,0.3815455732085879,0.4866989505187603
RTN1,TUSC8,0.6303197011501825,0.3757998816686774,0.4866971020107626
HID1,CES3,0.6830100537428712,0.3465329129886151,0.486503302685632
LTF,SLC39A8,0.6963728734759053,0.3398570754038405,0.4864845816365508
DMBT1,PRSS8,0.5669392008397324,0.4172901526149932,0.48639299505835215
ACSL1,LRP6,0.5750349824371754,0.4113247464703088,0.48633950935794806
GATM,ACVR1C,0.5593410119045195,0.42284570354905565,0.48632802068419545
CHRM3,CES3,0.5555251658973797,0.4257358385982997,0.48631982518274997
NDRG2,ID4,0.7058052887012892,0.33503834302412994,0.4862836974690264
PKDCC,GATM,0.566144642777409,0.417680950452375,0.4862795826361503
SLC37A2,C6orf58,0.587747698524324,0.40231461654548206,0.4862710046438128
MUC7,OGFRL1,0.5834169971668665,0.40519628394344936,0.4862081850827485
RNF128,MYBPC1,0.5709251803149983,0.41405534653963577,0.4862043021030672
PKDCC,DYNC1I1,0.5699625571751985,0.41474216630595456,0.48619698238072534
ST3GAL6,ANO5,0.6637629932792047,0.3560663946306211,0.4861519267740853
MGAM2,GPAT2,0.7092197383131901,0.3329822894123339,0.4859605047325784
GRIA2,RASAL1,0.6738915285717404,0.35038989572701373,0.48592672536872267
LTF,RYR2,0.5587414535655914,0.4224539574291064,0.48584209187602856
SLC13A2,MUC7,0.7216566519974227,0.32705349925884125,0.4858192393258803
DYNC1I1,SLAIN1,0.5544486162755589,0.42565474303788114,0.48580210300952975
SLC25A48,CD46,0.5566436691926158,0.42389947300761377,0.48575812707949034
COLGALT2,ALDH9A1,0.5639130385011092,0.4184293092859997,0.48575481798679926
PADI2,ZG16B,0.689925746038103,0.3419462310865013,0.48571340169617716
C2orf88,DMRTA1,0.6335453354520958,0.37233589910413206,0.48568680453434704
AZGP1,CADM1,0.7286713716702471,0.32343998461608997,0.48547034640975745
SLC13A2,DLK1,0.628849999447638,0.37477994247485646,0.48546922314220836
TTYH1,ARHGEF37,0.6342363093360904,0.3715655954311342,0.4854486501397542
CBS,GLYATL2,0.5955167104458984,0.39571595798677134,0.48544357609430716
LRP6,AGFG2,0.6074582317096322,0.38792877119008407,0.48543848773703446
ADGRG6,SLC12A2,0.550261963156385,0.42817766035093957,0.4853966212948086
FAHD2A,CHPT1,0.596819903431732,0.394731736293336,0.48536971139125346
LYZ,LINC01554,0.6902253123499638,0.3410982436927076,0.4852160774282146
CHI3L2,SMPDL3B,0.6114964761974364,0.3849685532789097,0.48518750373116404
DEPTOR,ID4,0.5914218308989722,0.3980273165805671,0.48518248558648924
CA2,HID1,0.6424718123476727,0.36627941569485817,0.48510225728924633
DMRTA1,P4HB,0.6126786050413074,0.3840778177153619,0.48509407498459256
FOLR1,HM13,0.6010452384145888,0.3914555070766946,0.48505924234016573
GLYATL1,ARHGEF37,0.6253012455350189,0.37618840980348767,0.4850062692439748
SLC37A2,SLC22A3,0.606334768199557,0.3876895200332142,0.48483980371122215
MANSC1,XBP1,0.5598314443531622,0.4196357921124305,0.48469094441776533
CHI3L2,CSN3,0.6708800559101448,0.35013432225870467,0.4846629072798747
SLCO1A2,SERP1,0.6135465074242795,0.38285289502122427,0.48466282774475955
MANSC1,TMEM63A,0.6404308441189042,0.3667549113096052,0.4846453934938042
PLCB1,CRISP3,0.6114800199050762,0.38410224896333933,0.48463476024908414
SLC25A48,FBP1,0.7056664188341557,0.3325991202150072,0.4844626198887949
MCFD2,ITPR2,0.6562134690530322,0.3576249135478186,0.4844360485544039
DTNB,MGLL,0.6274649533902978,0.37398871360261393,0.4844221410600073
AACS,CAMKK1,0.7012943797420443,0.334607085901241,0.4844151822191412
SAP30BP,MUC7,0.554988984093443,0.42276766577224373,0.4843876519219847
NDRG2,SOX8,0.5971428431827565,0.39284636208652307,0.4843401630985696
RAPGEF3,PLA2R1,0.6024434219446981,0.3893874012792262,0.484338599007771
PADI2,ST3GAL4,0.6729623006484667,0.3485801575405945,0.48433594206802727
ACSL1,ST3GAL4,0.7462448069065131,0.3142443922422533,0.48425535186539226
PYCR1,C2orf88,0.6048306248605059,0.387653620003506,0.4842156350389335
SLC39A8,DTNB,0.7460935655097558,0.3142215176239209,0.48418865377445364
TMPRSS5,TNFRSF11A,0.660040158304659,0.35517730895508415,0.48418104798611905
MYBPC1,MGLL,0.6177186277925034,0.3794484582152968,0.48414086888707736
EGF,GLYATL2,0.6274204999558868,0.3735705283840165,0.48413408027888766
PIP,MYBPC1,0.7654093343209671,0.3061873623285343,0.48410604744970515
KIRREL3,EPHA7,0.6215373023970955,0.37705945337617736,0.4841038271845748
CCL28,XBP1,0.5575569321639829,0.4200968599548326,0.4839709871966902
SAP30BP,DTNB,0.6676921625259397,0.35073459969835236,0.48392431572019884
PHLDA1,SLC25A48,0.6988770472061058,0.3350423610545632,0.48389401317104047
RNF128,ST3GAL1,0.5949068720431312,0.3934492723501981,0.4838033442644877
HID1,TRIL,0.6645961069609314,0.3521751847368088,0.48379154265481944
LPO,ARHGEF37,0.5829873694439958,0.40139978043773544,0.4837468367780743
CADPS2,SH3BP4,0.646397852455133,0.36196610140973,0.483708704297128
HP,LTF,0.7542165406972292,0.3101046707741912,0.48361769203097155
MANSC1,CDC42EP1,0.6458444012549799,0.3618597353371744,0.48343053700311783
DEPTOR,OXR1,0.709260334294473,0.3294832291499166,0.4834142998001738
SLC13A2,TBCD,0.6261032296748348,0.37322901892933485,0.48340448297468924
GALNT13,BARX2,0.6232378392812817,0.3749129590621969,0.48338384594902967
P4HB,MAPT,0.6298543005080663,0.3708368709797245,0.4832941112547663
ROPN1,ID4,0.5638365093807014,0.4141148429355049,0.4832112038472333
ATP2A3,TBCD,0.7059751452179507,0.3304565029588774,0.48300525635298175
CA2,DMRTA1,0.5997334946583653,0.3889282370154939,0.4829630324948475
SLCO1A2,OGFRL1,0.5583503249546672,0.41756265873866244,0.48285219912066984
SRPRA,ITGA6,0.6140904005981589,0.37944238462088625,0.48271308867251644
MPO,DLK1,0.5851130524755067,0.3981709721335393,0.4826748728825596
KCNN4,ST3GAL1,0.6557722300903016,0.35517994843108697,0.4826149053500236
CCL28,GP2,0.6936292927142287,0.3357414915490413,0.4825765569502747
DEPTOR,C2orf88,0.6336008565242804,0.36750357626473595,0.48254593635950654
DTNB,CRISP3,0.6225142932051587,0.3739963136510608,0.4825122287091022
KCNMA1,ID2,0.6488015175685697,0.3586289173517261,0.4823681019944966
BPIFB2,ID4,0.5712028868561587,0.40721660246919994,0.4822896421302906
GATM,SOX9,0.5776600981749177,0.40266059760760975,0.48228721768794874
PHLDA1,ART3,0.5836878764184492,0.3984600146193134,0.48226163000057476
ID4,TNFRSF11A,0.6039326362501036,0.38502430099765494,0.4822123402836837
BPIFB2,SMPDL3B,0.5535554761413851,0.420006483300342,0.48217931192222413
SLC25A48,PIGR,0.6079799350769933,0.3821363303743672,0.48200749094964096
ATP6V0E2,CADPS2,0.6931804317401964,0.3351545653799797,0.481998533534898
TMED3,XBP1,0.7061210318464753,0.32900877530088074,0.4819958671005417
CCL28,C3orf70,0.5968403658713101,0.38917624424719793,0.4819503003473698
F5,SEC63,0.5905143416662431,0.3931234156886693,0.4818142951480159
AZGP1,NPY1R,0.6358643109597671,0.365074402722454,0.481806790670453
GALNT6,TBCD,0.5838316722225585,0.39751441699577506,0.48174838537064013
HID1,SLAIN1,0.580946977575514,0.39948176846733346,0.4817444612941789
TMPRSS5,DYNC1I1,0.5828004142877802,0.39818614626454174,0.4817292299691078
DLX6-AS1,C6orf58,0.638828457091919,0.36322462113772197,0.4817034609583034
GRIA2,MUC7,0.7253145098692066,0.3198595646235661,0.48166252017560973
NOSTRIN,LRP6,0.6526940410196498,0.3553563888569732,0.4816004541580166
SLITRK5,GPAT2,0.6790920105828891,0.3414933450210529,0.48156557421707696
LTF,MYBPC1,0.6717400174692746,0.3451605024111886,0.4815164814618451
C6orf58,P4HB,0.6367767253962618,0.3639574382298406,0.48141419349621395
KCNN4,CHDH,0.6999112718735475,0.33105015339337873,0.48135821787468497
GNPTAB,SSR3,0.6061698813481129,0.3822380807335468,0.48135352086069183
DEPTOR,C10orf90,0.663095336476638,0.34940628448401945,0.4813415396337436
AGFG2,NPY5R,0.5629514299052506,0.4114743969398254,0.4812900374271998
PADI2,DAPK1,0.6701420778556788,0.3456275417563696,0.48126869729576627
AZGP1,FBP1,0.6860051044288579,0.33759301379961415,0.481238538238634
ANO5,ART3,0.5602984247268874,0.4132862991576552,0.4812106216400874
PHLDA1,GATM,0.6954026512929649,0.332946194546005,0.48117737522164855
TMPRSS5,TTYH1,0.7284071953803916,0.3176301286248468,0.48100319246335327
RDH11,MAPT,0.5831266527555719,0.3967305653733969,0.4809825013781837
GNPTAB,FREM3,0.6025877741941804,0.3839102434291404,0.4809777739961709
CLDN10-AS1,SEC63,0.6239371258043047,0.37075808383570463,0.4809674970277732
ACSL1,TMEM63A,0.6661980685483095,0.34718887806565196,0.4809330098764192
DEPTOR,RYR2,0.5873349128091573,0.39380140905629646,0.4809296375273655
SNPH,GLYATL2,0.574436617987714,0.4025313794688899,0.4808625211596743
KCNMA1,ARHGEF37,0.674928422548338,0.3425734290496112,0.4808456551487484
CHI3L2,GPAT2,0.5829335782825306,0.39653541736882986,0.4807845772927504
PKDCC,MAPT,0.55006740748157,0.4202166952265174,0.48077802375287854
DAPK1,CDC42EP1,0.638078281833328,0.3621520745843571,0.48070924009546756
DMBT1,ALDH1L2,0.5561338697064636,0.41530246626641293,0.48058689917992803
SLCO1A2,PIP,0.6837034874546978,0.3377808012991098,0.4805641599656009
F5,RAPGEF3,0.7197934678152031,0.3207418120203194,0.48048710820108137
HP,FDCSP,0.6525613034826867,0.35371856226708565,0.48044047087962033
CEACAM1,EPHA7,0.5506217078591433,0.41913631120595984,0.4804014482721789
AZGP1,FAHD2A,0.7541621846290834,0.30598501117270677,0.48037727307790384
ODAM,ID2,0.5648988266365171,0.4084997565763523,0.4803759290090255
TMPRSS5,SEC63,0.6162483516322332,0.3744541053899923,0.48037144503863394
GPD1,FOLR1,0.6684415446948863,0.34520109201615445,0.48036106334468853
ITPR2,CD46,0.5869903246003508,0.39303743090315973,0.48032194322759575
CA2,GPD1,0.6964745539583437,0.33124285915388546,0.4803147120181609
KANK4,SNPH,0.5999505211120821,0.38445020365415306,0.4802614912981835
CRISP3,CRACR2A,0.6354316874282986,0.3629292756681573,0.4802257407250754
ZG16B,SAP30BP,0.6059456620843184,0.3805766783972931,0.4802174375897844
FOLH1,GATM,0.6900942192925725,0.33409146270325435,0.4801610012553247
RNF128,PIGR,0.6869300735807442,0.33561448893126816,0.4801496491473465
CHRM3,ST3GAL1,0.5623405615542995,0.4098338823701599,0.4800689695825116
PLCB1,FAM171B,0.6408799747456384,0.3594886393692939,0.47998861457365527
CRISP3,TMEM63A,0.5738147925492127,0.40150403647453653,0.4799884950676503
DLX6-AS1,PIP,0.6650931619844999,0.3463226472758877,0.4799341877211528
C6orf58,PRSS8,0.6675337747645717,0.3449181552846979,0.4798380124396431
ST3GAL6,ABCA3,0.6165035162102662,0.37345872480992603,0.4798318632653751
MANSC1,CEP85L,0.5835834033285304,0.39452016486267294,0.4798285323866137
CEP85L,CD46,0.550557276902333,0.4181298082911025,0.4797962157462728
AGFG2,SLAIN1,0.5656231672120038,0.4067603302322293,0.47965932314732934
FAHD2A,DMRTA1,0.6371140572189579,0.3610831076625032,0.4796364495282726
KCNMA1,FOLH1,0.6929274083943326,0.33198297221337525,0.47962495824014606
STATH,ACSL1,0.7339809911978743,0.313408011365983,0.47962018601364026
NRG3,SERP1,0.6014088605109523,0.38242895878795313,0.47957915335328416
RAPGEF3,TBC1D24,0.661818456611084,0.3473825445418932,0.4794832421288015
ELF5,BARX2,0.6044440087202391,0.3803030046240955,0.47944955171878084
CLDN10-AS1,ELF5,0.5643158797274916,0.40732718141354196,0.47943841806461707
KCNMA1,C10orf90,0.574388229920049,0.4001482538839754,0.4794167782358217
DEPTOR,SLC25A48,0.6823543133621713,0.33669014927998114,0.47931406783835223
PPP1R1B,ANGPTL1,0.6003199914556582,0.38252233184271395,0.47920330026348573
SLC13A2,C6orf58,0.7429877506874131,0.30905513441983706,0.4791911718312336
ABCA3,ALDH9A1,0.6458512839829157,0.3555284872382956,0.4791852772940305
DEPTOR,CBS,0.5960561855706472,0.38520405893522575,0.4791693458843767
NOSTRIN,ID4,0.6765662494082388,0.3392906053827893,0.4791164496688509
RASAL1,SH3BP4,0.6373336995761967,0.3601137420349362,0.4790747577146536
PADI2,SLC43A1,0.6150379483631391,0.373101750024444,0.4790320812489815
SLC37A2,DLK1,0.6065851205349709,0.37808212959279186,0.4788935102412249
ANO1,SRPRA,0.7605860934276898,0.3015272614359499,0.47889188950901934
GPD1,LINC01554,0.7221674500288677,0.31755038885452397,0.4788784340255332
RTN1,CADM1,0.6296335149609559,0.3640791027807643,0.47878638786799665
AZGP1,C2orf88,0.6321319998907059,0.362614681193059,0.47876961433689497
TBC1D24,SLC43A1,0.6204986648342539,0.3693621308428029,0.4787365758204549
SLC39A8,SLAIN1,0.6259000640781537,0.3661684242892652,0.4787325351655637
GATM,P4HB,0.6388988615725335,0.35870325337721437,0.47872236236159504
SAP30BP,CHPT1,0.5724466054961874,0.40029375896632874,0.4786928070501832
TMPRSS5,GPD1,0.5995939862629057,0.3820798784705013,0.47863639373012
RNF128,LRP6,0.5950374447259844,0.38499203476022975,0.47862791038925473
GALNT6,LRP6,0.6561255271418177,0.3491467356918647,0.47862729341907534
STATH,CAMKK1,0.6321468337396474,0.36236285828175463,0.47860895679840737
CRISP3,OGFRL1,0.633756344386021,0.36141290678042703,0.47858930474373246
TMPRSS5,SLC31A2,0.5513229992162092,0.41538046208552365,0.47854864138643816
GALNT6,DTNB,0.6293400368930747,0.3638783042067261,0.4785427727947111
FOLH1,ANO5,0.6341133273411358,0.3611218337486478,0.4785312608115456
PADI2,SLC12A2,0.7464754145626431,0.30675989953535504,0.47852766187217316
SLC13A2,ACSL1,0.7243890373426143,0.31611229645229366,0.4785272010233484
PART1,MAPT,0.5820103856776604,0.3932401332706525,0.47840342978367856
PLCB1,TNFSF13,0.6032951151169645,0.37921472663570516,0.47830784246104097
DLK1,TMEM63A,0.5766672314212835,0.3966662079873008,0.4782723115113562
CADM1,MATN4,0.55735944851775,0.4103996859606482,0.4782678565813143
PHLDA1,CDC42EP1,0.6161734355445889,0.37117051292084235,0.47823154446280797
ANO1,CHPT1,0.5523176529721119,0.4139575421863552,0.478159030167236
SLC25A48,CHDH,0.5819504375665203,0.3928612167726517,0.4781482583924783
SLC12A2,RASAL1,0.7022147803041062,0.32546973745034186,0.47806867726230184
PIP,PRSS8,0.7216717162085216,0.316687358927872,0.4780630814223385
SLITRK5,KCNAB1,0.5850131558752173,0.3905965330852245,0.4780210356188375
TCN1,DUSP6,0.5579835092648923,0.4094628010221011,0.47798900680637446
CHI3L2,FOLR1,0.6960754604408768,0.32818594301941234,0.4779562546901764
KIRREL3,ALDH9A1,0.5948908085076418,0.38398228239799587,0.477940927760276
STATH,XBP1,0.6110207262977017,0.37379672393452223,0.4779095581238915
TBC1D24,ALDH9A1,0.6368349751787558,0.3585946208394024,0.47787613087650255
PKDCC,SLC25A48,0.6004339188904187,0.3802569592050552,0.477827559063775
MPO,CES3,0.6090762909759488,0.37485391966620607,0.47782280716609693
ATP2A3,HM13,0.6701793321812111,0.34065169152772085,0.4778051099919798
DMBT1,C2orf88,0.6691067603999534,0.34111974496475816,0.477750486616003
ANO1,ANO5,0.5744958687856417,0.39727908889559516,0.4777396731750914
CCDC129,CHPT1,0.585516396958212,0.389743482312028,0.4777040919871686
CBS,DLK1,0.5917183202166391,0.38548273563874585,0.47759522276156974
ANO5,CRISP2,0.5744542008436421,0.3970465547565182,0.4775825178022925
CADM1,ELF5,0.647391364632558,0.35220314915319423,0.4775073584335332
GNPTAB,SERP1,0.5871485741700084,0.3882434494515134,0.47744799483954464
SLC5A1,SAP30BP,0.5743271763084054,0.3968565237999321,0.4774154236234775
DEPTOR,CLDN10-AS1,0.6896266431597297,0.3304608551173092,0.47738308538347246
SEC63,COLGALT2,0.64176476886044,0.3549347705670194,0.47726788179540897
PADI2,CBS,0.7072272452361786,0.32203499053249257,0.47723361074420734
TESC,FOLR1,0.5501145984376719,0.4139626836868338,0.4772074135054521
GALNT13,C10orf90,0.5739855258448373,0.3967016959160132,0.47718029248271726
CA2,ALDH1L2,0.5667386335681642,0.40174748591634346,0.47716435450238087
ADGRG2,MAPT,0.6237664754168145,0.36494841301684944,0.4771190473000214
MPO,DLX6-AS1,0.6693862532010985,0.3400750312099481,0.4771179633475078
DEPTOR,TMEM63A,0.6561512022916174,0.3468563732407599,0.47706417422023484
NDRG2,PLA2R1,0.684504206841043,0.3324293710793898,0.47702128147637657
LRP6,GLYATL2,0.6160840825743359,0.36929982937891487,0.47699030029736195
SLC12A2,SSR3,0.6410461966398954,0.3548588483431449,0.47694959385074065
ELF5,LINC01554,0.5669461020513281,0.40122963816591384,0.47694400026169703
MANSC1,FBP1,0.5917656393115889,0.3843851172158259,0.47693385771098623
PKDCC,CD46,0.5587277507519182,0.4070076990345158,0.47687157204038555
ZG16B,PIGR,0.6796374230090628,0.3344698203570283,0.4767789915482381
ATP6V0E2,DLK1,0.6161044689711025,0.3689502256170004,0.47677235954963926
DEPTOR,ST3GAL6,0.7237650989948213,0.3140577874130306,0.4767641614017214
SLC5A1,LRP6,0.6273494516852011,0.36228509225432987,0.4767382447208073
ZG16B,CRISP2,0.6398427385525279,0.3551429785234538,0.47669241231232984
GALNT13,CLDN10-AS1,0.705242359137629,0.32209237886374903,0.47660590547130377
ST3GAL1,ART3,0.557672843252488,0.4073078774531813,0.47659683391568136
TMPRSS5,CHPT1,0.6721024037159052,0.3377442436501063,0.4764438245989204
F5,MYBPC1,0.6272201867869235,0.361816050418398,0.4763804474639303
GATM,DAPK1,0.5502153209444207,0.41242382146952344,0.47636320732711745
PIGR,DLK1,0.6130462675326767,0.3701231131357822,0.47634293637616365
PLCB1,LDLRAD3,0.5885863108520146,0.3854198242981557,0.47629070168635784
RAPGEF3,CLDN10-AS1,0.5873088389809084,0.38611009328823304,0.4761994021499002
SLITRK5,TNFRSF11A,0.654754860699998,0.3462718020717366,0.47615453954553155
FOLH1,GLYATL1,0.6700122977372307,0.33833165492834705,0.4761159202502912
C6orf58,GP2,0.6929512531794627,0.32711513002415665,0.47610381145733566
PHLDA1,LRP6,0.5957974913253289,0.3802102533779117,0.47594990822430827
CHRM1,POLR2F,0.674557900147331,0.3357588988943993,0.4759084132414408
SLITRK5,TBC1D24,0.7296926846397114,0.31037295886466426,0.475895868435026
SLC12A2,CHDH,0.5555244090734129,0.40761823422921584,0.4758590954239849
LIMCH1,CADPS2,0.5787752365767095,0.39119326236798113,0.47582872230902906
PIP,SMPDL3B,0.6307558750825628,0.3589510143332786,0.4758260828890748
GRIA2,FDCSP,0.6797842054764736,0.3329980702858676,0.4757802314456512
CCDC129,SERP1,0.6187093643737375,0.3658084919704762,0.4757406221351807
ARHGEF37,BHLHA15,0.577224085184333,0.39203954537447516,0.4757043913344328
COLGALT2,RYR2,0.6023766929373482,0.37558165217650163,0.4756486450795655
CADM1,NPY5R,0.5906240175079239,0.38291528827927657,0.47556173724208634
CHRM3,CADM1,0.685272416058049,0.3299660745416173,0.4755172437654857
SLITRK5,HID1,0.643655682143629,0.3512999806922522,0.4755168017110597
GNPTAB,CBS,0.5738182647114217,0.394012600634841,0.4754909323748655
CHRM3,GNPTAB,0.6249059231402729,0.36178601035797303,0.47548104145379494
CADM1,CDC42EP1,0.5690415945040519,0.3972971669198866,0.4754772479898851
RNF128,CRACR2A,0.6217910317253115,0.36353322397028653,0.47543842755809423
SLC5A1,DYNC1I1,0.6047542059850487,0.37374381685556196,0.47541891548854764
RTN1,TBC1D24,0.6227176805678803,0.3628999309079912,0.47537795831660973
MCFD2,DUSP6,0.6443513428500302,0.3506151958709809,0.475309764556855
ST3GAL1,ITGA6,0.6612972287570207,0.3415176193131957,0.475231159777546
RAPGEF3,KIAA1324,0.6397790927572948,0.3528908465763372,0.47515490701976626
TUSC8,GLYATL1,0.7031901944305727,0.321049371984167,0.47514078998477877
CHRM1,RAPGEF3,0.7103944177497024,0.3177918770914855,0.4751395326553988
SLC39A8,SERP1,0.6537502263561318,0.345326053339278,0.47513891183234264
GRIA2,TNFSF13,0.5978260100586482,0.3776274860113911,0.47513738355413365
KIAA1324,GLYATL2,0.5560997991260117,0.40589334785831727,0.4750970524120252
LPO,GATM,0.6904482397872908,0.32688414843405444,0.4750753465511133
NPY1R,MUC7,0.5559897668761494,0.40587234186537663,0.4750377550629082
CCDC129,MUC7,0.7187511389418071,0.3139604835841829,0.4750362672037283
ODAM,TBC1D24,0.6025949475930844,0.37445648662366476,0.4750216699613585
SLITRK5,SLC25A48,0.6818670244953751,0.3308685751199912,0.47498249527334463
CADM1,SH3BGRL2,0.6909214922681168,0.32651878157680336,0.4749724663815917
HID1,GLYATL2,0.6019516019790021,0.3747782569801255,0.47497196988462875
RDH11,CADPS2,0.5804125218986745,0.3886355420145203,0.47494098058612083
GPAT2,CRISP3,0.5904024397242306,0.38200579811050767,0.47490752278022047
GALNT6,KCNAB1,0.6360698212087594,0.354434329287593,0.4748104679345284
ZG16B,TBC1D24,0.578043458758002,0.3898425541281342,0.4747061600182583
ZG16B,NRG3,0.6868914184370398,0.3280211952068048,0.47467351311508343
DEPTOR,TMPRSS5,0.707068012363662,0.3185567803498646,0.4745959434160246
TBCD,CD46,0.5700144959651481,0.395093160854869,0.4745617230076245
GALNT6,TMED3,0.5608838348226522,0.401508216565545,0.4745518604115749
ROPN1,CSN3,0.6062153701017929,0.3713750261146912,0.4744820849122552
C10orf90,TECPR1,0.5902056419395171,0.3812813013234182,0.47437788229124095
GPAT2,OXGR1,0.6383622902270261,0.3525057375325746,0.47436944455715235
ATP2A3,DAPK1,0.610658556426784,0.3684930689090857,0.4743663621224609
PIP,CRISP2,0.6574172098601879,0.3422655720481795,0.4743535363071675
RASAL1,BARX2,0.6279798980150229,0.3582006901396643,0.4742813857435449
NPY1R,MRAS,0.7056870959267413,0.3187153053773091,0.4742502274950617
PYCR1,POLR2F,0.5698356651150716,0.3943610268410667,0.47404744280023475
PADI2,GPAT2,0.7256319878869791,0.30963255972607556,0.47400347027059414
NOSTRIN,SLC43A1,0.5713915537144351,0.3931640976986507,0.4739732530942711
PLA2R1,HM13,0.6234575254976963,0.3600929717631697,0.4738171304676284
KCNMA1,PIP,0.5938439663086906,0.37778506693095365,0.47365111903010604
AGFG2,GNPTAB,0.5572819091004191,0.4023821161399528,0.473540150219957
GLYATL2,KCNAB1,0.5585791778197644,0.4014269840181114,0.47352798722726447
ANO1,ITGA6,0.7340437749531981,0.30540268244133295,0.4734753825702756
FAHD2A,TMED3,0.6772443705798565,0.33088879695051293,0.47338417276317557
RAPGEF3,ANGPTL1,0.5774036742668103,0.3879993033396598,0.47332042356239207
HP,PHLDA1,0.6626313854207027,0.3380510123783782,0.4732897745305257
STATH,ALDH18A1,0.6239656295587157,0.3589973061882285,0.4732884745750957
P4HB,XBP1,0.5665928268075552,0.39523537063648645,0.4732203777345801
ATP2A3,DLX6-AS1,0.700712763079733,0.3194414983954687,0.47311387105327923
STATH,ID4,0.6356153792215808,0.352085459832516,0.4730654638312221
SNPH,MGLL,0.5949777707355212,0.37612872976718187,0.47306261017592705
RTN1,ANO5,0.6098799396683275,0.36693013491601933,0.47305742626564184
GALNT13,RAPGEF3,0.6932871095862514,0.3227689949057727,0.4730450121735591
SSR3,SLC43A1,0.60843075332555,0.36777894331018796,0.47304124506800926
C3orf70,ITPR2,0.5793427399693695,0.3862419115868406,0.4730395832800118
LTF,DUSP6,0.6090160190793102,0.3673434043056551,0.4729883906876274
SLC5A1,RAPGEF3,0.5973845922834258,0.3744787643578007,0.4729776357975986
HID1,TMED3,0.5839602804134474,0.3830650642313636,0.472963827713222
TUSC8,CHDH,0.6281936309330354,0.35605731603589647,0.4729407343218187
TUSC8,CRISP3,0.7068088270905153,0.31637211732164056,0.4728790597692518
SLC43A1,ALDH9A1,0.5541585820718866,0.4034797091402774,0.47285488631498074
P4HB,CAMKK1,0.6713563709823033,0.33302163180649214,0.47283844406753917
GALNT6,PLA2R1,0.5683088845043291,0.3933022478484472,0.4727760164684713
PLCB1,RDH11,0.6493883590394022,0.34412762908654076,0.47272875558043725
DEPTOR,CCDC129,0.7364101229053305,0.303443907496347,0.4727146763262789
PKDCC,FBP1,0.5796688995255381,0.38543202099927704,0.47267637496976195
AZGP1,ID2,0.5967376442020933,0.374362877585884,0.47264830651057776
AGFG2,MYBPC1,0.6435464370112327,0.34711216436995057,0.47263389280027207
CHI3L2,CRISP3,0.700815895177236,0.3186077041030829,0.4725307856228692
SLC25A48,C2orf88,0.6531478741045337,0.3418222812680503,0.47250449345142637
SLC39A8,ELF5,0.6188960111500534,0.36064089204044725,0.472439635870478
AACS,SERP1,0.5936743017171817,0.3759529402426026,0.47243369828691145
SMAD9,MANSC1,0.616001606134431,0.36225907852229083,0.47238985404696204
SSR3,ANO5,0.6626550291254519,0.3367370951883959,0.47237752869890687
SRPRA,PLIN2,0.6583038148510661,0.3389283060619617,0.47235346599935
SLCO1A2,BHLHA15,0.5676225311423694,0.393051476815206,0.472339786741593
ELF5,TBCD,0.6635916620539927,0.33616147594592655,0.4723070532413005
SH3BGRL2,CEP85L,0.6567350220672921,0.3396588636363294,0.4722984980979255
TCN1,GPD1,0.7240806701005894,0.30781101500914415,0.47210169032970395
ITPR2,ART3,0.578717968809818,0.3850922804360653,0.4720803134407328
P4HB,GLYATL2,0.5953884806536458,0.3742997211055405,0.4720738737296432
PKDCC,C10orf90,0.637932428662809,0.3491941994131702,0.47197701607875875
PLCB1,ANGPTL1,0.6656320097745064,0.3344046363026851,0.47179490262196466
SLC39A8,ST3GAL6,0.662336727694307,0.3358390095836306,0.4716338735075322
DLX6-AS1,C3orf70,0.6440918710105208,0.3451769239637248,0.4715142105869682
TMPRSS5,PRSS8,0.5889941524501593,0.37746159218550474,0.4715110503177938
PKDCC,BHLHA15,0.5732920375269404,0.3877753404823239,0.4714960392705484
COLGALT2,KCNAB1,0.5500349669561311,0.404035601713775,0.47141670402918134
GATM,ELF5,0.7152871902001742,0.3105209933194991,0.47128726782045743
F5,MCFD2,0.6081054317144171,0.36519068234829966,0.4712477454030898
DMRTA1,TMEM63A,0.5650042189816136,0.3930230070425212,0.4712320629327602
CHRM3,ID4,0.6390635736919608,0.3473913087776776,0.47117420478734834
NRG3,CADPS2,0.6312498099848178,0.35141344223379334,0.4709879707977612
MYBPC1,FREM3,0.578148728591283,0.38365594643755097,0.4709672999788366
BPIFB2,SH3BP4,0.5645686038897958,0.39286779985388287,0.47095734974280035
DMBT1,CAMKK1,0.6004855323885107,0.36929610787066863,0.47091078766972766
GATM,ID2,0.6102857397379226,0.36327079791667594,0.4708492196359297
CEACAM1,GLYATL2,0.6314320233358094,0.3510280928752623,0.4707975986896464
TUSC8,MAPT,0.6874191992405779,0.3224177931573424,0.47078252005903387
FOLH1,ROPN1,0.6586886072740574,0.3364547043317187,0.4707641454136716
NDRG2,FOLR1,0.7000477059878186,0.3165475907083859,0.4707424080230891
SLC5A1,GPD1,0.6840676708275479,0.32391196589363747,0.4707204096510292
EGF,POLR2F,0.5971923092701722,0.37093753288269066,0.4706602191148031
HID1,FBP1,0.6361443353919081,0.34810505508746725,0.4705794926632273
RTN1,CHPT1,0.6164886679908792,0.3591106298518025,0.47051847345104675
SLC5A1,FAM171B,0.6833543214830126,0.32393207339846936,0.4704895134047054
SLC39A8,OGFRL1,0.5955235682385002,0.3716782221867204,0.4704711905241147
KCNMA1,CHI3L2,0.6982368733584408,0.31681227082658414,0.47032968163145056
CADM1,PTH2R,0.5558095347006194,0.3979899391523339,0.47032606019206136
GRIA2,AIF1L,0.6472496449557026,0.34171505864314694,0.47029240944628686
ANO1,SLAIN1,0.6187969650121722,0.3574262666039967,0.47029170627407907
SLC37A2,AACS,0.5996690346079098,0.36877656438584505,0.4702593819917699
SLC39A8,ROPN1,0.586506824536218,0.37694928375888903,0.47019498873193855
CADM1,CRISP3,0.6587720038906053,0.33552238238984944,0.4701412045302039
ADGRG6,MUC7,0.5537624422247684,0.3988388874808328,0.4699595688839579
SLCO1A2,MCFD2,0.5660843147408953,0.39011206337973636,0.46993225051115056
PYCR1,PLA2R1,0.5683771029557696,0.3882127155952489,0.4697352643996613
CHDH,PRSS8,0.5677756188081553,0.388573174307036,0.4697045608618534
CHRM3,BHLHA15,0.5526808356408441,0.39910191419569196,0.46965517078334773
CADPS2,AACS,0.6313262503663413,0.34934818701687387,0.469630366332547
HID1,AACS,0.719809939205802,0.3063902836729942,0.4696198158765305
SMAD9,FAM171B,0.6461433444984309,0.3412419939364695,0.46956495104024076
SLC25A48,SLC12A2,0.6720098493136263,0.32809320397235925,0.46955496436763394
TUSC8,RDH11,0.6833140045152423,0.3226140784340734,0.4695175373165322
C6orf58,TMED3,0.7274700274552431,0.30302916755944176,0.46951532120284056
NPY1R,LRP6,0.6112975690357546,0.3605835203332611,0.4694931622655191
NDRG2,ALDH9A1,0.677350468743852,0.32539333344588084,0.469473457115194
GALNT13,GPAT2,0.6701089262023885,0.32884302255304115,0.4694258671315059
TMED3,SMPDL3B,0.6593227631765218,0.33417085600590457,0.46938944614773415
CHRM1,TBC1D24,0.6890173040184415,0.3197420281495927,0.469369566777631
GALNT13,DUSP6,0.5533792075278916,0.3980038228072776,0.46930484768235947
SLCO1A2,SLC5A1,0.6497936811119002,0.3388649992248933,0.46924656125146474
OXR1,ANO5,0.6470859084834761,0.34026850587806184,0.46923656640805467
MANSC1,ROPN1,0.6703635790381388,0.32832873164760773,0.4691477631283591
ROPN1,BARX2,0.5695839710564616,0.3863976433035406,0.4691331411014243
PHLDA1,SH3BP4,0.7109900565546384,0.3094791528765428,0.469080590523819
AGFG2,ST3GAL1,0.5980660557669714,0.36791050801295244,0.4690786569462836
CRISP3,FBP1,0.6150660466020494,0.35766423783126616,0.4690278550084334
PART1,GPD1,0.657821076116829,0.33435798180007964,0.46898584988886344
C6orf58,MYBPC1,0.7125936885897101,0.3085716782511503,0.46892028149708387
CEACAM1,ITGA6,0.6781690136542959,0.32412352123609495,0.4688395553905832
TMPRSS5,DAPK1,0.5786928755717935,0.3798256864816508,0.4688309063256144
SAP30BP,SH3BGRL2,0.5829776571701815,0.37696230088310495,0.46878630420513945
GALNT6,C2orf88,0.642904565735691,0.34179915536488065,0.46876885300613197
KCNMA1,RYR2,0.6296372915385245,0.3489587181702699,0.46874025021058735
FAHD2A,MUC7,0.6126561156512723,0.35858193550517564,0.46870824160592267
ANO1,MGAM2,0.6542660052042838,0.33576663441405086,0.4687010716639853
AIF1L,ALDH18A1,0.6936776969420685,0.3165240794475016,0.46857837600325863
EGF,ST3GAL1,0.5720866859681593,0.38370881884986957,0.46852396582520583
PIGR,ALDH1L2,0.5636189628182057,0.38938596566454453,0.46847125216369045
AZGP1,CEACAM1,0.7213282491756249,0.30424738817584324,0.46846796670544905
KCNMA1,MUC7,0.6364246760538338,0.3447972797632601,0.468441562073196
ADGRG6,PART1,0.5902609838927724,0.371759348469583,0.4684389381755023
SLC39A8,SMPDL3B,0.6756202122432967,0.3246888327807669,0.4683656030457083
DTNB,ART3,0.5565488442802233,0.39411119789788435,0.46833976097269586
SLC13A2,TMED3,0.63709193647849,0.34422724229631296,0.46829947723994786
ZG16B,ID4,0.5686270714753101,0.38566451770366644,0.46829401584236985
SLC5A1,DTNB,0.6681146270540999,0.32820621492316027,0.46827275479171854
CHPT1,KIRREL3,0.6409689464039182,0.3420409492194157,0.46822817818683765
ID4,CHPT1,0.5679247775789493,0.386018337506288,0.4682193700282533
HP,SLC12A2,0.6374205321815378,0.34386241246461346,0.468171936312314
PKDCC,GNPTAB,0.6037060660746637,0.3630008925011188,0.4681301536895934
F5,XBP1,0.566096500247913,0.3870699745203685,0.4681014397831195
MPO,TMPRSS5,0.6394994601549573,0.3425990975200901,0.46807257761342225
PLCB1,HID1,0.6192083161506998,0.353803038644913,0.46805745780653635
STATH,PKDCC,0.6358517037076205,0.34451893356661856,0.4680416123250869
SLCO1A2,HID1,0.6233553669009491,0.35137557938040037,0.46800839010075773
EGF,ART3,0.613984966353406,0.35672551425826804,0.4680001099030471
ZG16B,TTYH1,0.5568681027114907,0.39318824778094913,0.4679252008069587
GRIA2,RNF128,0.6233529961769491,0.35121825862091155,0.467902718332984
ODAM,CEACAM1,0.6335398919272839,0.34521173314017967,0.4676594959002327
PHLDA1,GLYATL2,0.6470343445404548,0.3379858216110001,0.46764135248076655
TUSC8,HM13,0.7261003170720514,0.3011199413883632,0.4675930762092271
OXR1,BARX2,0.5548099150748461,0.3940550228950149,0.4675742013704346
LYZ,CEP85L,0.5508546039685609,0.396750584311603,0.4674953325919556
C3orf70,DUSP6,0.5733904821759385,0.3810970125936613,0.46745844714465173
C6orf58,SMR3A,0.6744990925042771,0.32390747659298424,0.467413413390457
DMBT1,CD46,0.6263284881794541,0.3487956646150429,0.46739775491746616
RNF128,GATM,0.6061749648389342,0.3603810901690257,0.4673906232069979
RASAL1,EPHA7,0.6313708872972823,0.345922512170063,0.4673386389385299
SRPRA,LIMCH1,0.6072174090033433,0.35958731743780864,0.4672768763859912
MANSC1,RASAL1,0.6933202053975609,0.31488870773412403,0.46724587052599553
PYCR1,DLK1,0.6597062843188198,0.330901276390659,0.46722334222942724
FBP1,HM13,0.6759019357418179,0.3227899307445691,0.4670913604726827
MPO,TTYH1,0.5668515074471184,0.3848736362645349,0.4670826488890436
ADGRG6,PADI2,0.5589809939183643,0.39023062820945476,0.4670455057207046
MAPT,ALDH18A1,0.5753200041459365,0.37913101902949037,0.46703496597139227
STATH,SLC39A8,0.7197597668268442,0.30302464446446037,0.46701707403747816
BPIFB2,LRP6,0.5712913914279039,0.3817748250084289,0.46701677806178427
TNFSF13,POLR2F,0.5636412232948379,0.38666672543516833,0.466841842738724
TBCD,AACS,0.6674276923470099,0.32650469108618907,0.46681717246918897
NPY1R,BPIFB2,0.5546168117777296,0.392753134066944,0.4667199278281566
MYBPC1,BHLHA15,0.568516665183419,0.38310276149066164,0.4666908016934014
LYZ,LONRF3,0.5534558325689671,0.3934105310372386,0.4666212093300243
CA2,GP2,0.6835701722550226,0.318517582275403,0.46661452890180194
TMPRSS5,ALDH9A1,0.6313099492871003,0.34478737624241784,0.46654871236606493
PIGR,EPHA7,0.6360808331471579,0.3421551520177717,0.4665172388680366
SLC39A8,KIRREL3,0.5910492436347765,0.3681915801562533,0.4664968970572545
ACSL1,GPD1,0.7111792512928797,0.3059050515632114,0.46642612012775875
SRPRA,MGLL,0.585864971786223,0.3711356950987422,0.4662996928348601
LTF,COLGALT2,0.5964401845149192,0.36452553350281997,0.4662806842051484
LYZ,OXR1,0.6560071206102835,0.33137370601938176,0.4662440463230959
SLC5A1,TRIL,0.5502466725283447,0.39488168697459586,0.4661355321150178
GPAT2,DTNB,0.6175243945919072,0.35181000915102006,0.46610220221787946
AIF1L,SOX9,0.5920881565018709,0.3667861855541716,0.4660147598897728
HP,GALNT13,0.6048864303368585,0.3589984051147368,0.4659970641178746
KCNMA1,ZG16B,0.6552447067032557,0.3313601235559119,0.46596348244529645
CHDH,SOX8,0.6373874385246752,0.34063580362302437,0.46595813367841726
DMBT1,CLDN10-AS1,0.7110684844821297,0.30531354874539446,0.46593866806506673
SLC25A48,RASAL1,0.6011932110446864,0.3610129170209101,0.46587392587738785
NPY1R,SLC13A2,0.5734128429809524,0.3784926671659721,0.46586753087877186
GPAT2,OGFRL1,0.5620013684332369,0.38606480001356,0.46579925494951646
SLC12A2,SH3BP4,0.7205693924989791,0.30102068099162615,0.4657319929227163
RAPGEF3,SEC63,0.6482315217116877,0.3344456162453722,0.4656159262187461
C2orf88,SH3BGRL2,0.645294017149742,0.33594592089460107,0.4656005722066357
MCFD2,MAPT,0.6477865045702883,0.33462870441660214,0.46558346057706446
SLC39A8,GPAT2,0.5845165873601914,0.37084605587021446,0.4655810037074587
PLCB1,CHPT1,0.61510867486813,0.35237648621712303,0.46556399505514
MAPT,ALDH9A1,0.5628942945830442,0.3849357592148305,0.46548699513844694
MGAM2,TNFSF13,0.5519778871706101,0.3925229994600779,0.4654718207451922
CRISP3,CBS,0.6081230127273661,0.35619476090092017,0.46541404267251263
TCN1,ST3GAL1,0.5739482773059595,0.37729659998965104,0.4653479704451884
SEC63,MAPT,0.6328895918430901,0.34213303438046394,0.4653304594426307
GPAT2,SNPH,0.5985205026377741,0.36177495672473275,0.4653275501629428
HP,PLCB1,0.5857702630862025,0.36953852380794433,0.46525764723587987
KIRREL3,SEC63,0.5504244160688875,0.393215130790703,0.4652259760105017
AIF1L,SEC63,0.693591118747918,0.3120021346315182,0.4651901864945275
PPP1R1B,MATN4,0.6262701812954442,0.3453903050121566,0.4650888613347476
PHLDA1,ANO5,0.6230235703174709,0.3470782888016069,0.4650139295428207
DMBT1,ROPN1,0.688714663411875,0.3139264089648828,0.46497926952322066
SLC37A2,SLC39A8,0.65783507615753,0.328434393218427,0.464817882697725
ABCA3,MAPT,0.5827381504469935,0.3707521753087617,0.46481333555915466
MCFD2,CADPS2,0.6210913338706702,0.34776135558697235,0.4647489259914272
PKDCC,ALDH1L2,0.5597216907082506,0.38586180905885187,0.4647313462057027
PADI2,ABCA3,0.7009218082427351,0.3081177481746757,0.46472190523179924
SLCO1A2,CEACAM1,0.5658312315873644,0.38154489015520404,0.46463966156838654
SLC5A1,AGFG2,0.5944723754102398,0.3631132815643726,0.46460823823365405
RAPGEF3,ADGRG2,0.6242356188954843,0.34570425051536097,0.46454376195925384
F5,TNFRSF11A,0.6092019111554796,0.3542187194949877,0.4645327985012396
TUSC8,BARX2,0.625183199972881,0.34513757572372167,0.46451503099667163
MGAM2,CBS,0.6107219298665596,0.35327290235428777,0.46449059053480435
GATM,CBS,0.623977529117575,0.34556595101607174,0.46435480859163436
GALNT13,SRPRA,0.6859883156002913,0.3142988992236053,0.4643332558340256
KCNMA1,CDC42EP1,0.6368140275672951,0.33841371808901866,0.46422688720095817
FOLR1,CRACR2A,0.5674337474243345,0.37978137530580486,0.46422060379925023
CRISP3,SEC63,0.5747343495371142,0.37482768376769077,0.46414043674164707
ANO1,HID1,0.6957542659052289,0.3095824429373225,0.46410484302903393
PLCB1,ATP2A3,0.6485616991866145,0.3320482162989445,0.46406223222185183
SLC22A3,DMRTA1,0.5729639122818446,0.37579877834808983,0.4640249328140238
FREM3,PRSS8,0.6281944556996097,0.3427234302929663,0.46400103313289415
GPAT2,PIP,0.6042703535746522,0.3561456446455381,0.46390543714644233
KIRREL3,CD46,0.5692888522295817,0.37786380360458194,0.4638034616657755
CHRM3,PLCB1,0.7047069919988772,0.30520369952050624,0.46376630002192387
CADM1,LIMCH1,0.6623860889853388,0.32462698682367364,0.4637115484665314
NOSTRIN,KANK4,0.6594990677870991,0.3260406133286683,0.463706243812816
PKDCC,ANO1,0.6683949475554226,0.32167895008214215,0.4636901820934284
PLCB1,ATP6V0E2,0.6536490114908995,0.3288801392871025,0.4636509225096008
PPP1R1B,TBC1D24,0.671166200893118,0.32016305376797055,0.4635543338852392
RNF128,DAPK1,0.5887899589942259,0.3649138341091939,0.463527347005091
C2orf88,GLYATL2,0.5634536012572959,0.38129860952728906,0.4635127556956232
RNF128,SMAD9,0.5712628182159181,0.3760417275226301,0.46348533637145417
CCL28,CHDH,0.6404296342127652,0.33541815357981747,0.46347785859245055
ST3GAL6,GLYATL2,0.6200974534498009,0.34640756142391543,0.46347216388336143
TBC1D24,TRIL,0.5607923600929814,0.3829011432916325,0.4633875654663334
SLC12A2,ABCA3,0.5625509903645183,0.38162831773921435,0.46334154583345977
CHRM1,DUSP6,0.556515023952178,0.38565560271305027,0.46327436469239786
STATH,ARHGEF37,0.5958835192809107,0.36015545727874193,0.4632609430671686
SLC31A2,FBP1,0.6469468002013541,0.3317095202813891,0.4632476796945354
RDH11,CRISP2,0.5747116521554552,0.37339267126325004,0.46324196593620615
MUC7,P4HB,0.6258175293425153,0.34288166394195635,0.46322926913679124
NPY1R,CCDC129,0.6004123089864102,0.3573690127992597,0.46321566697921335
AZGP1,LINC01554,0.6879933251473654,0.3118586076559578,0.46320259115968904
GALNT6,ABCA3,0.6564422472645726,0.3268244194688198,0.4631860925989158
ST3GAL6,GLYATL1,0.6480077470198176,0.33104141847498175,0.46316023550842267
GRIA2,FAM171B,0.5532687584734646,0.38770106302945456,0.46314456253004715
CEACAM1,IRX2,0.5622273050913363,0.3813166209511702,0.4630190235658909
OXR1,KCNAB1,0.5747785519410206,0.3728431858982117,0.46292792796681737
EGF,ANO5,0.6505605336146697,0.3292690097574439,0.4628276382094922
C10orf90,PLA2R1,0.6417313181439164,0.33374103351510986,0.4627872873754901
ARHGEF37,TBCD,0.6731092685748591,0.3181378015180321,0.46275425755558025
CHI3L2,ATP6V0E2,0.6508037796837719,0.3290411546689479,0.4627539596049545
SAP30BP,AGFG2,0.6608278883320948,0.3240442108767057,0.46274988017274893
SLC37A2,NDRG2,0.5548519890156424,0.385905065829429,0.4627312323008585
MANSC1,LRP6,0.676416715211043,0.316480968955713,0.46268025400683727
GLYATL1,FBP1,0.5559940439843855,0.3850189913531416,0.4626751192934653
DAPK1,ITPR2,0.5959894815875677,0.3589997622339454,0.46255819329449693
DEPTOR,SOX9,0.6074934041161442,0.3521080575200124,0.4624968351022042
HID1,SLC12A2,0.7027240708272231,0.30437248919929316,0.46248229658868273
ANO1,NPY5R,0.5741024596493888,0.37223887419412843,0.4622804919656123
DYNC1I1,ANGPTL1,0.5698558267620981,0.3747452599891048,0.46211553745385875
PADI2,FBP1,0.6438950867556213,0.3316319657011701,0.4620997655551149
AIF1L,ITPR2,0.602095719563364,0.35461940449333,0.46207664463760034
SLC25A48,MCFD2,0.6209499771791652,0.3437415920693024,0.4620025256976018
SLC25A48,DLK1,0.5927643352847274,0.36003574708665675,0.4619700751137051
AIF1L,MGLL,0.6408633788553976,0.3329269872980655,0.461909854833155
SLC25A48,ROPN1,0.6878343401227752,0.31004484321061854,0.46180027082954933
DLK1,PRSS8,0.6374486222364519,0.33454701030464123,0.4617970666775804
SLC5A1,ROPN1,0.6525733374319048,0.32671198365742343,0.4617396772580008
TMPRSS5,SLITRK5,0.6477238088936866,0.32912505570730183,0.46171650900209354
RAPGEF3,KCNAB1,0.5981862110315292,0.3562976193691986,0.4616625639252277
TUSC8,CES3,0.6527900089806913,0.32647001229576145,0.4616452775221214
SLC39A8,ALDH1L2,0.6219520013955524,0.34265270664303066,0.46164221717715115
MANSC1,TMPRSS5,0.6983644902653873,0.30510945436280695,0.4616033021667329
P4HB,POLR2F,0.5592242566658663,0.38100962702820534,0.4615948715674678
PYCR1,CLDN10-AS1,0.6903818506730932,0.3084953709426649,0.4614971344607455
SEC63,HM13,0.6093420779800128,0.3494452271573199,0.46144520894277247
CHRM3,EPHA7,0.6206635139298846,0.3429978351347504,0.4613959705340711
CCDC129,HID1,0.7032579228223357,0.3025563730226884,0.46127558620481485
ODAM,TMED3,0.5837833675015348,0.3642292690361392,0.4611192787344071
TUSC8,NPY5R,0.5543897605661686,0.38352976655341314,0.46111275784730277
TUSC8,C10orf90,0.6506092204223674,0.3265303564014223,0.4609161101790294
MGAM2,CEACAM1,0.6937711864059546,0.30620579347988275,0.4609086206906039
KCNMA1,RDH11,0.7033779143438682,0.3019095228957556,0.46082153870556974
DEPTOR,DUSP6,0.5973972593863385,0.35540989563078834,0.4607829180955144
SLCO1A2,SSR3,0.5572645487504275,0.3810027773815042,0.46078122879536176
RASAL1,IRX2,0.5669588247924272,0.3744559047055252,0.4607614129551537
GP2,XBP1,0.5738625528464193,0.36992766420810497,0.4607468217481007
CRISP3,LINC01554,0.5927419376308383,0.3581043216348065,0.4607205763581567
TBC1D24,CBS,0.6680355135878406,0.3174666458065594,0.46052035110122336
MCFD2,GNPTAB,0.6085789078277772,0.3484181423112635,0.4604779392274638
DLX6-AS1,ATP6V0E2,0.6359479773617831,0.33305645472096335,0.46022448731796417
GATM,ID4,0.6219250264639116,0.34042873516894295,0.46013166607941774
MUC7,SSR3,0.6026772722693131,0.35125635752881806,0.4601024053650694
DTNB,PYCR1,0.6540752440971793,0.32364895144339445,0.4600986491146593
DTNB,ROPN1,0.6340901684079359,0.33382055085629053,0.4600786120985143
SLC25A48,SMPDL3B,0.6525155252856094,0.324304600908977,0.4600149856414039
SLC22A3,TECPR1,0.5702351867794359,0.37096250272354964,0.4599302904014154
SLC39A8,TRIL,0.5617771546756054,0.37647582015555947,0.459886415380097
PLA2R1,RYR2,0.5602435592522411,0.37742507303836886,0.4598368909407474
CCDC129,ST3GAL1,0.5877866036272672,0.3597233468312168,0.45982666764701063
RAPGEF3,P4HB,0.5973326444074668,0.35390147483758855,0.4597791902907735
F5,RASAL1,0.5992341102340228,0.3525572116855647,0.459634971527393
CADM1,ITPR2,0.6822511337731604,0.3096561931331086,0.45963386390141453
TBC1D24,CRISP2,0.5502586114059616,0.38377776928828605,0.45954001176943204
BPIFB2,SLC43A1,0.5580192867207099,0.3783694929269211,0.4594969799247403
NRG3,RYR2,0.5525976322628365,0.3820802317524666,0.4594960624432476
TNFSF13,HM13,0.6442144447960795,0.3276411474066312,0.45942481416322445
F5,PIP,0.5779863185202968,0.3651821313065493,0.45942385186586476
DLX6-AS1,CBS,0.625712163239598,0.3372853606558262,0.45939476775971777
MCFD2,CEP85L,0.6108677993963127,0.34522615980530796,0.4592249389289613
ST3GAL6,RYR2,0.5843419861565438,0.3608844095387409,0.4592166293186685
NOSTRIN,FDCSP,0.566499909951142,0.37224633977577715,0.4592140219577577
KCNMA1,SH3BP4,0.6223016013928181,0.33885777232614456,0.4592077246333763
ZG16B,TMPRSS5,0.6203444058819538,0.33992676107858855,0.459207648721876
HID1,DLK1,0.6563834186009879,0.3212343030473666,0.45918718406128917
GALNT6,AGFG2,0.6639990658057344,0.31748043398109643,0.45913692029180925
SMAD9,TBC1D24,0.6305974267287667,0.33424586694831676,0.4591019315929027
DEPTOR,GLYATL2,0.6361369185231435,0.33129630865528736,0.4590749534728144
PLCB1,GPAT2,0.6071086791391531,0.34711734586750825,0.45906203650041844
STATH,DYNC1I1,0.6653515351882886,0.31657339656241434,0.4589472686513923
LRP6,PIGR,0.5597429194957092,0.37622518177054864,0.4589001870037217
CADM1,SMPDL3B,0.6400934414110769,0.3289472057293338,0.45886484824820345
AIF1L,TNFSF13,0.5532167187959768,0.38059339956664684,0.45885796462921563
FOLH1,NPY5R,0.5751183121388587,0.3660326264611828,0.4588159394769419
CLDN10-AS1,CHDH,0.6181247312641962,0.34050217895292134,0.45877316602014523
ALDH18A1,ART3,0.5582935773601565,0.3769828102056925,0.4587669143617715
LYZ,LRP6,0.5717080810461127,0.36812923910251844,0.4587618781723983
RAPGEF3,TRIL,0.6238194756631827,0.3373643392884296,0.45875314194277106
NPY1R,GPAT2,0.5675658215616626,0.37076360695877963,0.4587294967502364
LTF,LIMCH1,0.6951261781242573,0.3026908929069991,0.4587029142478399
SLITRK5,RDH11,0.6441521506746657,0.3266065035919458,0.45867666358022274
DLX6-AS1,MYBPC1,0.6335701522636481,0.331924005798602,0.458581664367188
SLC25A48,ELF5,0.6230955662477692,0.3374168925133195,0.4585225945383166
KCNMA1,ANO5,0.5816434211168886,0.3614173135108033,0.45849318716999354
AGFG2,PRSS8,0.5749463006082556,0.3654940124074762,0.45840967521219084
GPAT2,SLC12A2,0.594381179693995,0.35338132643505005,0.45830471270574313
RNF128,TMPRSS5,0.6083249291409694,0.3452676931252966,0.4582956959814395
SH3BP4,SMPDL3B,0.658608386390146,0.3187985354517971,0.45821762189755405
ADGRG2,MYBPC1,0.6146415086537292,0.34152293854710175,0.45816391628809605
CCDC129,SLC39A8,0.6376634043378195,0.32904243153637946,0.4580592942677636
PLCB1,OXR1,0.6678061398941865,0.31413036768239944,0.45801548911093026
ADGRG6,MANSC1,0.6077143489459407,0.3451844147890801,0.4580103949691877
HP,OXGR1,0.5653246774083531,0.3708849149656666,0.4578977996328329
HP,TMED3,0.5598187532318454,0.3745257715500418,0.4578936017049587
RAPGEF3,CEACAM1,0.6060874971289191,0.3457192042479042,0.4577511192908367
AIF1L,TNFRSF11A,0.5747823934480722,0.36448491982982106,0.45771116940218237
FAHD2A,GNPTAB,0.552059530365144,0.3794832639038711,0.45770880748812676
CA2,ABCA3,0.5591141704067816,0.37466753940748476,0.4576919602463714
DEPTOR,CHDH,0.634080071405427,0.33035538439240947,0.45768085575508427
CCDC129,MAPT,0.6642819814824216,0.3153141759526524,0.45766529865320227
TUSC8,FBP1,0.6402636950646601,0.3270746528529453,0.4576177725980687
SSR3,OGFRL1,0.6162646053348747,0.33979590724475345,0.4576070264676818
LPO,DLX6-AS1,0.6586302130394294,0.3177642323726373,0.4574812827470659
PKDCC,TECPR1,0.6190918506254431,0.3380558074371689,0.4574796120494938
SEC63,CEP85L,0.6933625198786558,0.30175445478146273,0.4574114440543491
ATP2A3,TBC1D24,0.653906801800481,0.31989755051627583,0.4573654820402451
TNFRSF11A,DMRTA1,0.6184460970966891,0.33822902684545,0.457358089003988
MCFD2,AGFG2,0.6425346567036352,0.3254783000078294,0.45730852578977077
TMPRSS5,ST3GAL6,0.6948513524171497,0.3009324689327118,0.45727817903780044
SRPRA,ART3,0.6007138179123824,0.34807399967713737,0.4572667287941323
SSR3,SH3BP4,0.6266060534660043,0.33354377541246455,0.45716577821328197
GPAT2,AGFG2,0.6259809060640548,0.33375890032972977,0.4570850017615397
FOLH1,ACVR1C,0.5726586120885756,0.3646827442989421,0.45698874625409003
LIMCH1,MRAS,0.6624304877211931,0.3151816736823763,0.45693101209941794
KIRREL3,GNPTAB,0.5989830857875071,0.34849797363512447,0.45688553450362174
CADM1,FOLR1,0.5802324563515973,0.35971654522948904,0.4568579808089346
ATP6V0E2,XBP1,0.6092378761065039,0.34258630430069525,0.45685506718797814
PPP1R1B,CSN3,0.6523557861127183,0.3199163821414537,0.45683618832380696
TNFSF13,SMPDL3B,0.5820117777319672,0.3585759684755632,0.4568319569211685
TBC1D24,AACS,0.6392527848993874,0.3264268596130685,0.4568033264695162
GPAT2,ABCA3,0.5821649421020705,0.3583482057610745,0.456746934811036
CCDC129,TTYH1,0.6368222231946645,0.3275074106716687,0.4566880744848283
CADPS2,CHDH,0.5903564218013453,0.3524393296435619,0.45614122982957594
TBC1D24,MUC7,0.5725327479828222,0.363366597270957,0.45611322767566004
KIAA1324,ANO5,0.5811549619712273,0.35796111194639046,0.4561040192767246
PHLDA1,SMR3A,0.6579401611618225,0.31615645946035037,0.4560833606805823
EGF,SH3BP4,0.6749784558911477,0.3080253915778882,0.45597204210621195
SLC22A3,AIF1L,0.6455677189915227,0.32204476963491074,0.4559623968556615
ACSL1,FREM3,0.6646670329101645,0.31270696900927997,0.45590131965341896
ANO1,CLDN10-AS1,0.6790356419772056,0.30601810525648804,0.4558477822250399
CADM1,C2orf88,0.6788390528181871,0.3059917086535577,0.45576213277607847
ZG16B,AGFG2,0.6146121581878174,0.3379508848889909,0.45575072432537655
F5,DEPTOR,0.6627717508566173,0.3133469616040247,0.45571648463480086
TUSC8,ELF5,0.6430204162930788,0.32290113923819286,0.4556665721494744
ADGRG2,RDH11,0.6652036975123593,0.3120581301956605,0.4556119204377192
AIF1L,ARHGEF10L,0.657646696452193,0.3155627008148179,0.4555532545316702
SH3BGRL2,EPHA7,0.6157748265720082,0.33697080037507915,0.45551963312331023
DTNB,CD46,0.5535127101134937,0.37483967252577693,0.4554981042746471
HP,SLC39A8,0.6301983277190479,0.32922272255045054,0.4554949057875467
LIMCH1,SSR3,0.5587828157182381,0.37110977250742855,0.45537870352296417
CD46,BARX2,0.5552165594508489,0.37347117850229555,0.4553651093156989
KCNMA1,ITPR2,0.6320365842946973,0.3280755023071266,0.45536328340014787
NRG3,GLYATL1,0.6881364955721141,0.30121454901577316,0.4552765359372795
PLCB1,GATM,0.6293659544414767,0.32931844026750473,0.4552601613079455
TNFSF13,TECPR1,0.5887208939173245,0.3520195362826519,0.4552375820126068
AGFG2,ALDH18A1,0.6522324206998446,0.3177300793601792,0.45522945729625564
KCNMA1,CHDH,0.6717719460919892,0.30844263532493416,0.4551956825256285
CHRM3,CAMKK1,0.5547350184286572,0.37342715424985173,0.4551407686579533
ITPR2,FAM171B,0.6135439597103269,0.3375140272495018,0.45506009793920466
NOSTRIN,F5,0.5711280576438442,0.3622081149309923,0.45482657919626457
LTF,NPY5R,0.6135502873503628,0.33708271180903804,0.454771585184557
F5,NDRG2,0.6855244308456214,0.3016542016019602,0.4547431416364343
ELF5,MAPT,0.5678852458642734,0.36338192350078563,0.4542677987375687
CLDN10-AS1,OXR1,0.6062534138398771,0.3401825275482986,0.4541330406993462
PART1,CHDH,0.6207720247829913,0.3321589880682067,0.45408700440881383
ACSL1,ITPR2,0.654046195063804,0.315119558587963,0.4539854053652415
SMAD9,FOLH1,0.6465834199396002,0.3187203423150777,0.4539595675149969
CHI3L2,NPY5R,0.5970298369262569,0.3451414899380134,0.4539380656589371
SLITRK5,CEACAM1,0.581306754092298,0.35443701233244584,0.45391257877387126
GP2,TNFSF13,0.561669807466406,0.36660797994204736,0.45377597282105825
CHRM3,CADPS2,0.6726460115656222,0.3057717375509307,0.45351531364786757
KANK4,GNPTAB,0.5627709436382496,0.36539853775743486,0.45347070456401944
ODAM,NPY1R,0.5736504198440976,0.35843067545072627,0.45344669748197813
SNPH,SLAIN1,0.5507004997360058,0.3733405302405334,0.4534300569825153
CA2,SOX8,0.5721811377376956,0.35919095236654,0.45334566038528845
PYCR1,MUC7,0.6652769605377477,0.308841442330873,0.4532825785776211
GPAT2,ID4,0.6047817482795529,0.3396715106507692,0.45324069770060255
NDRG2,FDCSP,0.6321635444214779,0.32490652717076973,0.45320421646532266
C2orf88,AGFG2,0.5654236544808701,0.36320734437971003,0.4531732825238791
F5,SRPRA,0.6582737136169797,0.31190355917228246,0.4531201983874607
PYCR1,GLYATL2,0.5980445255037432,0.34312619778906134,0.4529953025635726
ROPN1,TECPR1,0.5558221687233508,0.36899762950005127,0.4528764320236746
PRSS8,XBP1,0.5953647279701982,0.34445874998518894,0.45285603670690594
GLYATL2,DUSP6,0.5689656294595216,0.3603606874278276,0.45280552708071026
BPIFB2,ANO5,0.6381919755363964,0.3212444204425775,0.45278649638907437
CHRM1,MATN4,0.6285785700783019,0.3261474409110271,0.45277951813498685
SLC5A1,MAPT,0.6295730464008071,0.3254652515619992,0.4526633958290563
CCDC129,POLR2F,0.5538505883771127,0.3698649788087627,0.4526035087505636
CLDN10-AS1,AGFG2,0.6711283704643667,0.3052233389667764,0.45259699745851795
ST3GAL1,FREM3,0.6071211174310421,0.33730885596642046,0.4525343407452297
TMEM63A,BARX2,0.6677599504894309,0.3065020532356908,0.45240446051467464
GP2,SLAIN1,0.5807942965653398,0.3522403521811647,0.4523043085876886
C6orf58,LINC01554,0.6253070664685753,0.32671030437148557,0.4519892277605618
GATM,CSN3,0.5825048589288102,0.350696096275817,0.45197586228473446
ZG16B,SRPRA,0.5936681029959134,0.3440627988974141,0.45195033923307576
RDH11,TECPR1,0.5690941992157105,0.3588635529283727,0.45191499895608356
AZGP1,OXGR1,0.6538531795740229,0.3123225118552679,0.45189939967775167
CHI3L2,TMPRSS5,0.6610924816863096,0.30886970810361497,0.45187547161573716
PIP,TNFSF13,0.6086334604866612,0.3352605534599977,0.45171981450566423
KANK4,TBC1D24,0.635848898271634,0.32090632450208456,0.45171665110227005
SAP30BP,ARHGEF37,0.6015701675817684,0.33901697781745305,0.4515999337452452
CADM1,MAPT,0.5814630192729093,0.3507350913573308,0.45159659563109333
TMED3,POLR2F,0.5684372672314821,0.35853839883905775,0.4514494297633182
DMBT1,DLK1,0.5784970430643507,0.35196601185487664,0.4512330851313967
PADI2,OGFRL1,0.6443890411417881,0.31595001860498156,0.45121472664086903
AGFG2,KIRREL3,0.5561254089683542,0.3660355887757999,0.45117811505536703
GALNT6,DLK1,0.6098852475873261,0.33368243735788367,0.4511186051622736
LYZ,KIRREL3,0.6043229992798427,0.33675117426870443,0.4511169245828319
CCL28,HM13,0.6204337421457471,0.3279938965358954,0.4511080587051517
CCDC129,SLC25A48,0.5881937590137835,0.3458509918663593,0.45102926176083
LPO,SNPH,0.6148388967292044,0.33072234358682717,0.45093343284194587
SLC13A2,SSR3,0.6089311716719784,0.33391782370087275,0.45092457421206217
SLCO1A2,PIGR,0.6272264032490451,0.3241153904956982,0.45088106038985104
F5,CRISP3,0.5892492372791575,0.34488775854327747,0.4508046679755484
DLK1,AACS,0.6106021377418349,0.3328102541178147,0.45079335912005286
CEACAM1,DAPK1,0.5721471704039021,0.35516644246448237,0.4507853980315621
CRISP3,ANO5,0.6581473930750044,0.30866067960500476,0.4507152334088488
MANSC1,ABCA3,0.6052146153663434,0.33558534255161293,0.4506674539113702
GPAT2,SLC43A1,0.5729572627107387,0.35443346056473024,0.4506386860648588
MANSC1,KIRREL3,0.6508798495797584,0.3119980236452887,0.45063646845259586
ST3GAL6,HM13,0.6255441277354862,0.3245738932601287,0.4505943774006928
FOLH1,TBCD,0.5940061375063753,0.34172868976271853,0.4505429381103058
SNPH,COLGALT2,0.5869594556773919,0.3456589313377135,0.45043065857911285
LTF,OGFRL1,0.6490297367687464,0.3125992458048348,0.4504289136132588
OGFRL1,KCNAB1,0.6638538426180387,0.3055960407259507,0.45041215117354577
SLITRK5,MYBPC1,0.56741622603515,0.35746414196420917,0.4503675769593373
CRISP3,CLDN10-AS1,0.6462118029209558,0.3138613517858015,0.4503564255172908
C2orf88,CHPT1,0.6212089414037858,0.3264329791060583,0.4503144294709626
SLCO1A2,ANO5,0.5938690428185728,0.3414084621573574,0.45027982036901315
RAPGEF3,C2orf88,0.5762824185108326,0.3517255300742237,0.4502146589385759
KIAA1324,GP2,0.6418464969068021,0.31574196942306637,0.45017538471205837
RTN1,HID1,0.6542274418487726,0.3097552455245438,0.45016705996636486
TBC1D24,SLC31A2,0.6244437024891509,0.32444254136199646,0.450106767082072
RAPGEF3,ALDH18A1,0.6134740702368484,0.3298794446004734,0.44985829498468
SLC39A8,FDCSP,0.5583514994973916,0.3623724540835234,0.4498124088040313
LYZ,CEACAM1,0.6697213086088132,0.3019683226476642,0.44970503688751584
EGF,OXGR1,0.5582320149236186,0.3621290241768139,0.4496131835573181
ALDH18A1,ITPR2,0.5602087418857102,0.3607985817862681,0.44958038166342823
LPO,ABCA3,0.591935330746142,0.3414058938499323,0.4495444479634266
CHPT1,MYBPC1,0.6012795847264956,0.336049738466482,0.4495106752821047
SNPH,CRACR2A,0.5929940771165696,0.34050675167833727,0.44935340987184746
NPY1R,DLX6-AS1,0.5812979561099538,0.34734542149433534,0.4493452832497606
C6orf58,ST3GAL6,0.5925918111751689,0.3406319438783447,0.4492835413933909
ANO1,TMED3,0.6110165811402893,0.33030985750246733,0.44924915119351505
PLA2R1,LDLRAD3,0.5736323206584096,0.35143097525523553,0.44899016234981015
DYNC1I1,SH3BP4,0.5763119555365744,0.34965507993893785,0.44889910100478764
CHRM1,CSN3,0.5820147523415466,0.3461375936352669,0.44883982202532874
TNFRSF11A,TTYH1,0.6614010938283361,0.30445153070735953,0.4487366437316646
NPY1R,MPO,0.5772364293060359,0.3487297840502548,0.4486641676553122
FDCSP,CSN3,0.5631059749205547,0.3574308737892597,0.44863287959288806
GALNT6,NPY5R,0.5577640805393884,0.3608030897731988,0.4486011631985796
ATP6V0E2,FREM3,0.5522471462040055,0.36438221628588785,0.448585598377135
PADI2,MAPT,0.6418146108159881,0.3133702852254798,0.4484703197016348
HID1,COLGALT2,0.6105848870467965,0.32939167074228337,0.44846580256953
TBC1D24,CAMKK1,0.5834680588118648,0.3446553391267824,0.4484365971678145
EGF,AIF1L,0.6237423973103511,0.3222872908201767,0.44835727650929824
MPO,C10orf90,0.618670472091154,0.3248909207749752,0.4483307030909032
FOLH1,HM13,0.6269803454206799,0.3205830961105039,0.4483294551280283
SLC39A8,GLYATL2,0.6131075253058355,0.32765166348337016,0.44820274492759354
PLCB1,CD46,0.6112820320833474,0.32831597496526144,0.4479884555903092
PLCB1,GRIA2,0.5651279175757062,0.3550063658476246,0.4479107146045821
SLC31A2,CEP85L,0.5681026679859157,0.3530907964069329,0.44787478549260884
KIRREL3,TMEM63A,0.6307205300709761,0.31802555787333203,0.4478674451642873
TMPRSS5,GPAT2,0.6603884935995334,0.30357701934808623,0.44774855722684254
LYZ,TBC1D24,0.6662488716551487,0.30079951318453907,0.4476687796279937
ST3GAL6,CAMKK1,0.5805027326575074,0.34508071843157,0.4475715585657139
SSR3,DLK1,0.5685419917594349,0.35228693577466563,0.4475376142137737
OXR1,DLK1,0.64695367050196,0.3095102385305888,0.4474804854686979
SLAIN1,SMPDL3B,0.5684096215515224,0.3522543815964948,0.44746483630909945
TBCD,CES3,0.6088085812690764,0.3286718134227116,0.4473233958033222
TBC1D24,RASAL1,0.5675259059811041,0.35254925640266266,0.44730396392485244
SLCO1A2,SRPRA,0.6146495971067483,0.3254472166661678,0.4472538435870313
AIF1L,ROPN1,0.5578696781364946,0.3583532247202465,0.44711787946117615
SLC25A48,FDCSP,0.5620773482792752,0.35559944931473225,0.44707314336738596
ATP2A3,TMED3,0.6547776739103868,0.305167299343462,0.44700865139013446
KCNMA1,C3orf70,0.6167072368937798,0.3239588919556164,0.44697627803399
STATH,GNPTAB,0.6013834418605638,0.332179805633641,0.4469535041014134
C3orf70,LDLRAD3,0.5722541934833193,0.3489483794060827,0.44686370788456203
RASAL1,PLA2R1,0.6423539238954465,0.3108530669814394,0.44685309367896475
SLITRK5,RYR2,0.6007161289635259,0.33217636064521977,0.4467031424783001
ATP2A3,ART3,0.5812952671325796,0.343161057647647,0.44662948701892435
ATP6V0E2,C2orf88,0.626213313418904,0.31851141866630517,0.44660507256947124
RNF128,KIRREL3,0.5657576325257718,0.3524679000863038,0.44655504105782695
CLDN10-AS1,ALDH18A1,0.5690524502943366,0.350340463757182,0.4464998312858344
ROPN1,POLR2F,0.5872290515420542,0.33937985573697566,0.4464232417750037
PHLDA1,TBCD,0.5658586195082442,0.35216326847845886,0.4464018603710472
MGLL,CHDH,0.6101853014443757,0.3263724472567666,0.446259644279548
ANO5,SERP1,0.5985331578406387,0.3323481834510843,0.44600606245159646
DLK1,CD46,0.559077524517912,0.35575937937224866,0.44597878104621247
PIGR,GP2,0.6005907813529074,0.3307568254916701,0.44570113333920236
CLDN10-AS1,TNFRSF11A,0.5645009951514177,0.3518974665598274,0.4456977339680844
TBC1D24,COLGALT2,0.6510889567449006,0.3050737388084592,0.4456794165440738
PPP1R1B,BARX2,0.6617248157259147,0.30001972605941774,0.44556761320904775
DEPTOR,ART3,0.6117783298993172,0.32437663539216793,0.4454734517999701
MUC7,ALDH1L2,0.5605926606823853,0.35374745860993306,0.44531812115809344
F5,CDC42EP1,0.5608689064765061,0.3531694701191163,0.4450637870087791
PADI2,CES3,0.6204610064156503,0.31923288584615783,0.4450523088728779
DTNB,CAMKK1,0.6497207808875044,0.3047649120045071,0.44498550157806255
LPO,HID1,0.6108951346051259,0.32410532395182307,0.44496557788416274
MGAM2,SLC31A2,0.5779383436074709,0.3425039477192478,0.444911411658413
TUSC8,ARHGEF37,0.6117196066397889,0.3235230980095389,0.44486562269215746
PIP,ALDH1L2,0.6247089334355327,0.31671086309391194,0.44480569408545656
CHRM1,XBP1,0.5860849387128465,0.33743267519575104,0.44470687959802646
ABCA3,OXGR1,0.572019262048113,0.3453358139477205,0.444453301768768
CRISP3,MAPT,0.5674296997426185,0.3480981699712769,0.4444336171665647
TBC1D24,GNPTAB,0.5896859439273537,0.33488499895408264,0.44438381689182727
NPY1R,GALNT6,0.6291562040688882,0.31344142799175706,0.44407614103127135
AGFG2,OXGR1,0.5838827914152842,0.337735678378702,0.44406987136293224
SRPRA,FOLR1,0.5751462436415538,0.34277554505187574,0.4440113367345168
CCDC129,BHLHA15,0.553464866893312,0.3560004695340907,0.4438848414675163
LPO,TMPRSS5,0.6491143400939332,0.3035322658059478,0.44387740020848565
SLITRK5,ACSL1,0.6321687974864444,0.31164477125871465,0.44386045136907576
KANK4,HID1,0.5728413826651381,0.3438520977428752,0.4438160780135582
NDRG2,KCNAB1,0.5863104667368911,0.3359304943637771,0.44380126739519427
C6orf58,TBC1D24,0.5902639009268028,0.33359677378527564,0.443745572407312
FOLR1,FBP1,0.6193888736459561,0.31779449427621553,0.4436647088293494
GPD1,ELF5,0.6132373145097252,0.3209428508950546,0.44363738795775365
CHI3L2,SMR3A,0.6306179947700112,0.3120083646722618,0.44357422071294017
LTF,CHDH,0.6270146235734116,0.3137764718516768,0.44355657630596834
SLITRK5,SH3BP4,0.5708653732434908,0.34456643476099025,0.4435099168981587
BPIFB2,PTH2R,0.5998377632861515,0.3278483056132737,0.4434588981362542
LINC01554,FREM3,0.5796585589354403,0.33912976277105694,0.44337283360619717
GRIA2,OXR1,0.6535173113137076,0.30076795414903856,0.44334756650375806
ADGRG6,FOLH1,0.5770658537932069,0.3406127955500695,0.4433463811479596
DEPTOR,ALDH1L2,0.6115686229250398,0.3213797593978935,0.44333483609000357
LYZ,SAP30BP,0.6528118897486341,0.3007869469867655,0.443122212571377
SMPDL3B,PRSS8,0.6389165774042335,0.3072095930097753,0.44303645641363776
GALNT6,EPHA7,0.5931799965761111,0.33084854449676776,0.44300421949661384
GLYATL1,TMEM63A,0.6509101306666736,0.30144516175093483,0.4429601670851879
PIP,ST3GAL6,0.6233443695221734,0.3147673239595866,0.4429542178372052
SLC22A3,TTYH1,0.6171540754207538,0.31788449570895316,0.4429263054277219
SMAD9,GATM,0.5874284051829647,0.3339441439639364,0.44290887991654165
CLDN10-AS1,SLC31A2,0.6109807289289582,0.32102958383520536,0.4428802198556556
CLDN10-AS1,P4HB,0.6221462187855703,0.3149651345781137,0.4426673327986398
ANGPTL1,COLGALT2,0.5848682848679351,0.33494886250608213,0.4426070116168496
C6orf58,SEC63,0.5514939226808707,0.35519197655172635,0.442590348350801
PYCR1,ABCA3,0.603801111562753,0.3241829122395903,0.44242739829255034
MANSC1,RYR2,0.5966550511698533,0.32750496777257454,0.4420491978329184
SLCO1A2,AIF1L,0.6341611926808273,0.3077926675437335,0.4418033104764465
CHI3L2,CHPT1,0.6150249457763685,0.3172238064098131,0.44170188400794547
ALDH18A1,DUSP6,0.5559374668670574,0.35057790383522486,0.44147411226222283
DLX6-AS1,ROPN1,0.6251622704186999,0.31174012392164674,0.4414613954259914
TCN1,SMPDL3B,0.6344423747358723,0.30703034610938335,0.44135366986308605
GNPTAB,FAM171B,0.5657918328074663,0.3441070488623138,0.441240249589469
CHRM3,ALDH9A1,0.5749231475517915,0.33803069769625627,0.4408420042244838
HP,LIMCH1,0.5520465214077271,0.351896622164076,0.44075311247999993
ART3,CD46,0.5787794647310495,0.3354774066276698,0.44064433939099157
GRIA2,SH3BP4,0.5678438419254185,0.3418744606694171,0.44060334452055877
PLCB1,SLCO1A2,0.5891599129749134,0.32947880323351403,0.4405856364432864
FDCSP,TNFRSF11A,0.586634741442571,0.3308443005087569,0.44055052001638
SMAD9,COLGALT2,0.6240704450782166,0.31085385054082465,0.44044829533248264
ADGRG2,KCNAB1,0.6262460816100532,0.3097293403081611,0.4404166047365297
MYBPC1,TNFSF13,0.5555903941066392,0.3486780510223112,0.44013881422094636
DMBT1,P4HB,0.5742256615877533,0.33733260652087727,0.4401193464897584
ZG16B,DLK1,0.6164501622652038,0.3140534277692913,0.4399980528460587
AIF1L,SLC25A48,0.5829100849774004,0.3320347738538516,0.43993910742578973
CADM1,LINC01554,0.6331189822012028,0.305612634039337,0.43987402720644203
FAHD2A,POLR2F,0.5916806609353079,0.32639837847110537,0.4394583123596553
KCNN4,FREM3,0.590382399119865,0.32708553071280005,0.43943775479539443
SSR3,CRACR2A,0.5964719717428523,0.3237093408971568,0.4394127317642335
SLC39A8,DLK1,0.6402500201867571,0.30149508890093724,0.4393543407718116
GLYATL1,TTYH1,0.5858545124304119,0.3294642561285505,0.43933827643108936
CADM1,ALDH9A1,0.6178845934816911,0.31234846241015574,0.4393123065894357
SLC39A8,CEACAM1,0.5887956355906155,0.32711031932160717,0.4388634507147011
KCNN4,ART3,0.5814907488532651,0.33119176954840895,0.4388450183022958
NPY1R,CHI3L2,0.5976427905855234,0.3217991258090189,0.4385440998992963
NPY1R,FAM171B,0.5674348090325856,0.3386107678583551,0.43833724048508915
ATP6V0E2,GP2,0.6338699819187439,0.3030537728541474,0.43828836343150335
TMPRSS5,PLA2R1,0.5637306503907734,0.340608182451943,0.4381909084201235
ADGRG2,COLGALT2,0.6162482173386162,0.3114945984973954,0.4381301074277228
ELF5,TMED3,0.5686617901209412,0.3374943802961217,0.4380869302489522
EGF,SMPDL3B,0.5506094266864525,0.34846011737195437,0.4380244575925707
CLDN10-AS1,KIRREL3,0.5510957783610797,0.34802563130566755,0.4379445811675297
DLX6-AS1,OXGR1,0.618879712587698,0.3097900152432931,0.43786157127145536
AGFG2,GPD1,0.606429245879874,0.31610722419840276,0.4378317777272655
PART1,CEP85L,0.5853575480752533,0.32747477145419146,0.43782397064908346
PPP1R1B,HM13,0.5565951073425351,0.34435436308308737,0.43779670360122785
ABCA3,BHLHA15,0.5837910816139885,0.32825913976804827,0.43776107439431655
GALNT6,C10orf90,0.5992109944712639,0.31969692844467384,0.4376824355885686
LYZ,CHDH,0.5628027113506163,0.3400700356821463,0.43748410043224745
DLX6-AS1,SLC25A48,0.6199321164511333,0.3087098132561491,0.43746900221743557
SLC5A1,XBP1,0.6028797357068052,0.3173945556594455,0.4374365620644271
C6orf58,CRACR2A,0.5995446066117708,0.3188901154463887,0.4372514709154073
PLCB1,FAHD2A,0.5717758539711493,0.3340611932403651,0.4370447620594839
SH3BGRL2,CBS,0.6091770659174551,0.3135289362112607,0.4370293324725433
TMPRSS5,BHLHA15,0.564437378001646,0.3383728415790433,0.4370243465618838
PADI2,ANGPTL1,0.5928873324369045,0.32210913473006086,0.43700620778618837
MGAM2,NPY5R,0.5647340115536091,0.33814316358766505,0.43699078394434177
GATM,SNPH,0.6202874730715618,0.3076783972211044,0.4368627422097095
MCFD2,FBP1,0.5872242182562744,0.3246105672391815,0.436599572359793
BPIFB2,KIRREL3,0.6017122285296037,0.3166073734521602,0.4364705353730121
GATM,ITPR2,0.5530966903476474,0.34430090409760744,0.43638479641262645
DYNC1I1,SEC63,0.5888709009382861,0.3231186341544649,0.4362054117093095
ACSL1,CAMKK1,0.579092743299681,0.3282832210552771,0.43601196206085446
SEC63,FBP1,0.5611891841369717,0.3386287491357241,0.4359298010606757
OGFRL1,C10orf90,0.6140766539300405,0.3090995749012231,0.4356728505272517
NOSTRIN,C2orf88,0.5720589093505598,0.33162401628670113,0.43555536166074516
FOLH1,SLC43A1,0.5507468796351909,0.34434724819400436,0.4354861334805191
ANO5,KCNAB1,0.560565781093513,0.33831414176804375,0.43548516752604205
ABCA3,KIRREL3,0.5651958671095036,0.3354987039255947,0.435456634901044
PART1,ANO5,0.5582892806371791,0.33945757980516966,0.43533381219044537
HID1,RASAL1,0.5892661935444252,0.32161145264229357,0.4353329260449036
HID1,SLC31A2,0.6078481669915432,0.31144923211733433,0.4351021085371172
MAPT,CEP85L,0.5734798795221704,0.32998513659124445,0.43501705297201143
TMPRSS5,SLC12A2,0.6238901227418845,0.3031611874310407,0.43490144910879225
GPD1,DLK1,0.5931056715303543,0.3188018164851605,0.4348369412222562
PLCB1,PYCR1,0.6167944910477732,0.3064961875804152,0.43479323824864735
SLITRK5,GNPTAB,0.579036154316006,0.32642895480187323,0.43475759527105445
GALNT6,DAPK1,0.6211394433380166,0.30430026873275434,0.4347561379995364
KIRREL3,BHLHA15,0.5624596408525502,0.3359787007686603,0.4347119268762327
FOLH1,RYR2,0.5559508578353739,0.33970880885877924,0.4345818722626053
DLK1,HM13,0.5984164514311529,0.31538963137967274,0.4344356615523214
PADI2,C3orf70,0.6263202225407496,0.3012595777366344,0.4343788274887959
TNFRSF11A,SOX8,0.5610896535644343,0.3362606906154554,0.4343643567383991
GLYATL1,DAPK1,0.571155050548278,0.33032243833192365,0.43435622358002457
AGFG2,GLYATL2,0.5880076240995686,0.32080250583855024,0.4343205259521059
CHI3L2,PART1,0.6058682231291279,0.3113051837471659,0.4342924343432454
ACSL1,DYNC1I1,0.5630282867541991,0.3349716382378692,0.4342792967530399
GPAT2,ROPN1,0.5612189989216761,0.33604249556633653,0.43427345412410506
CCL28,COLGALT2,0.6190325024609504,0.3043984405556694,0.4340881574085924
SRPRA,C2orf88,0.6214922217462864,0.3029497409479608,0.43391347937026575
GPAT2,RASAL1,0.5518177837618473,0.3410294269620947,0.43380422149144177
MUC7,CD46,0.6130901065633225,0.30694197145204427,0.433800744566316
GRIA2,SMAD9,0.5867638507436117,0.3206855273737851,0.43378182871068727
KANK4,CADPS2,0.5914657090830604,0.3179175600295642,0.43363271909859685
RDH11,CHDH,0.5500084303878324,0.34144941728627437,0.4333590405869754
PLCB1,MAPT,0.6050201305232387,0.31015648691462844,0.43318693216176046
ABCA3,GPD1,0.6027931348395587,0.31118922641904057,0.43310821894929524
SNPH,TMEM63A,0.5750639186721113,0.32614412860287195,0.4330747287088783
GP2,ACVR1C,0.5561669822829683,0.3371905415773259,0.4330522439191617
PPP1R1B,TBCD,0.6136479219499724,0.3055662979138655,0.4330243916141327
FDCSP,GP2,0.5573303602183257,0.33638432198910767,0.43298636854523104
MANSC1,POLR2F,0.5913957721101251,0.31682223862736275,0.4328594834755125
GPAT2,EPHA7,0.561272125658312,0.3337719671362691,0.43282433097011774
CHRM3,ALDH1L2,0.606363400024951,0.3089451686506633,0.4328198734858395
STATH,SMPDL3B,0.6121806240029647,0.30589708631966706,0.43274041778399036
NOSTRIN,MANSC1,0.5911400930865527,0.31661335430006593,0.43262321682196697
GALNT13,SSR3,0.5738921350530204,0.32529290382281906,0.43206832687952773
TBC1D24,OXGR1,0.5983767276379812,0.31163804038688725,0.4318297706437325
GRIA2,CHDH,0.5773413218136598,0.32286457448190536,0.4317442069075022
GPD1,TNFRSF11A,0.5568501026343463,0.3346669074713785,0.43169352760234475
C6orf58,SAP30BP,0.5764172734875563,0.3232911266107155,0.4316834369577654
SLC25A48,ID4,0.5599079240455752,0.3325914699519704,0.4315328486871817
C3orf70,ALDH18A1,0.5753140259832189,0.3236348909731037,0.4314993535040075
ST3GAL5,MCFD2,0.5709998021686578,0.3260722067320592,0.43149410834529767
ABCA3,CHPT1,0.5682592070895045,0.32755307900981323,0.4314337179194995
PHLDA1,MATN4,0.5933471910287,0.3135989983956688,0.431361895405104
SLITRK5,C10orf90,0.5505399138810531,0.3375332729972773,0.43107486478326595
EGF,RAPGEF3,0.6182019160467814,0.30046386261911945,0.43098414770610366
GATM,CEACAM1,0.5992047001713563,0.30992624079677816,0.43093997284061386
SAP30BP,SNPH,0.5504594562637715,0.33723572525293244,0.43085333230166367
SLITRK5,SSR3,0.5741712609609402,0.32328223174618614,0.4308356608359788
SH3BP4,ITGA6,0.612925267973116,0.30246481343149595,0.43056744747476927
ATP6V0E2,CEP85L,0.6053474656507702,0.30609517777443607,0.430457826173107
ACSL1,AGFG2,0.5648866550879763,0.3278880193405537,0.4303714285227437
HID1,PIP,0.6153819962256896,0.3008465920884008,0.4302738388480711
GPAT2,ARHGEF37,0.567877467409832,0.32585154652493076,0.43016711984082967
RASAL1,MATN4,0.5864583160569841,0.31530708978693556,0.43001681934230723
ALDH18A1,KCNAB1,0.5905273569276928,0.3130969749492572,0.42999108023171934
GRIA2,P4HB,0.569229404457304,0.32476954384119555,0.4299632240396776
SLC39A8,ART3,0.5753161414238255,0.32102784964160674,0.42975865755723547
DEPTOR,LIMCH1,0.5625322398570884,0.32828912482051414,0.4297362175870299
ODAM,ANO5,0.594434051811493,0.31022102451664696,0.42942512800317467
GATM,OXGR1,0.6088591511684889,0.30277302597871486,0.4293554792874026
RTN1,RAPGEF3,0.6120816980636076,0.3009359616550751,0.42918223916914716
HP,CRISP3,0.6064014257403055,0.303618998609862,0.42908623100591814
TRIL,MRAS,0.6111277303066915,0.3012538870349713,0.42907412440014425
SLC5A1,ABCA3,0.609630916925637,0.30197250529448233,0.4290591745773618
SLC5A1,EPHA7,0.6131363894987358,0.30014778525393815,0.4289889618237765
FAHD2A,BARX2,0.5989504863064247,0.306901341586233,0.42874083989184936
TMPRSS5,TRIL,0.6085625648651661,0.3019546177150257,0.4286703589350875
C3orf70,FAM171B,0.5586257005198086,0.32839256616778084,0.42830891576171304
TBCD,FBP1,0.5657553315078583,0.32396463614969434,0.4281176475242442
CBS,MATN4,0.5610420967094595,0.3266646638101355,0.4281035247518164
CADPS2,ARHGEF37,0.5559906259963129,0.3295817774314337,0.42807053011283114
DLX6-AS1,SOX9,0.5640729672174036,0.3247105966357755,0.4279725104855163
ID4,TTYH1,0.5813252389343859,0.3148364996909383,0.42781117728280593
CRISP3,POLR2F,0.5946010115708412,0.3074483399102129,0.42756180128302906
CADPS2,MAPT,0.5889391563411354,0.3102948346876775,0.42748658243034116
NDRG2,PTH2R,0.6087330727645285,0.30012662805159196,0.42743070141521455
P4HB,BARX2,0.5888724264430308,0.3100979323334559,0.4273267155797411
TUSC8,XBP1,0.5963276265069604,0.30598568220094063,0.4271623995765545
NOSTRIN,SLITRK5,0.5787653162617646,0.3152504097937417,0.42714868971580117
P4HB,DUSP6,0.5717387581505986,0.3191236513202881,0.42714793702222903
RASAL1,DMRTA1,0.5644774000305519,0.3230737538444064,0.4270454689938778
SLC5A1,SLC43A1,0.5748395739838632,0.31724967923156644,0.42704527916368645
FOLR1,TMEM63A,0.5508467528994805,0.3308213739520985,0.4268862607665632
TNFSF13,XBP1,0.5675628843556986,0.32069784208143226,0.4266335573514887
RNF128,MAPT,0.5545992341764998,0.32761462490322346,0.42625675370174365
MUC7,SLAIN1,0.5641250564121338,0.3216565707168541,0.42597480101642027
C10orf90,LDLRAD3,0.5529621733172689,0.327418141858966,0.42549952679860376
GPAT2,DYNC1I1,0.5581785498252432,0.3240070726659753,0.42526908887646214
HP,EPHA7,0.5512362128381867,0.32806182906441145,0.4252523488826778
DEPTOR,CSN3,0.5833434038067872,0.3098419223205032,0.4251402611003579
MANSC1,FREM3,0.5942204611422932,0.30393388793768256,0.42497498167198006
AIF1L,PTH2R,0.5553597701749553,0.3249685058106638,0.4248228274246911
CHI3L2,ANGPTL1,0.5636574100673688,0.3195022862560716,0.4243699225695671
MANSC1,ANGPTL1,0.5630051045760252,0.31981379039924923,0.4243309987599118
SEC63,DLK1,0.5626323785990822,0.31995189665116736,0.4242820956040144
CHDH,DLK1,0.554023663344894,0.32430212064106373,0.42387621885177734
GP2,CRACR2A,0.5647059364676174,0.31791581251639706,0.42370856331319934
CBS,POLR2F,0.580078987235083,0.3086524950592826,0.42313452558444115
ADGRG6,GATM,0.5674750550597466,0.31550375488807175,0.42313178878059415
EPHA7,CES3,0.5579839000011577,0.32085237479378026,0.42311991138691013
LRP6,ATP6V0E2,0.5953128653699666,0.30025728962363674,0.4227848476874108
NDRG2,ID2,0.5712872706323328,0.3128843928654218,0.4227846624743397
MPO,DAPK1,0.5548709683960071,0.32205795182489205,0.42272994643000217
GRIA2,GLYATL2,0.5917820391769992,0.30162245130561993,0.422486389479241
LYZ,SLC43A1,0.5917011090116466,0.30130430673713754,0.4222346414570335
DYNC1I1,TNFRSF11A,0.5912816834131188,0.30139491034534127,0.4221484217205359
SMAD9,SLC43A1,0.5650187388008997,0.3151994074574501,0.42201134069169205
SLC5A1,FBP1,0.555159353755337,0.32077008128394713,0.42199349643050543
NOSTRIN,MGAM2,0.5706000077866983,0.3119435094891942,0.4218944997787293
TCN1,C3orf70,0.584477383130167,0.3044685603056662,0.4218471137424852
PLCB1,SLAIN1,0.5884274229194818,0.30240666834667124,0.4218345369086061
RAPGEF3,MAPT,0.5744145736618962,0.3094972983703859,0.4216393704256446
C3orf70,PLIN2,0.5513745170975927,0.32221446819029553,0.4214983354656123
LRP6,SSR3,0.5894257371458631,0.30139202681323085,0.42148335385193364
CCDC129,SH3BP4,0.5864963741087181,0.3027366455485798,0.4213715046417808
SLC25A48,TRIL,0.5774224468158691,0.3074269932464716,0.42132558272388737
GNG7,RYR2,0.5518249541872614,0.3207916802383749,0.4207384630042704
MPO,DMRTA1,0.5844167630439469,0.3026743935888875,0.42058053849115173
PIGR,FREM3,0.5835405360612076,0.3030321870690246,0.42051345387045436
ROPN1,KIRREL3,0.5517020868832581,0.3204634879555695,0.4204763668447675
SMAD9,OXGR1,0.5864458148516618,0.3012256077941597,0.4203004841979522
SLC37A2,CAMKK1,0.5871126343879544,0.3007205280237003,0.42018665069529676
ST3GAL1,IRX2,0.5704671872361693,0.30936828197142074,0.42010052801243003
CA2,SNPH,0.5818052218078565,0.30240505147399266,0.4194530224573934
HP,TMPRSS5,0.5819989559361186,0.3022351108820472,0.4194049582212739
MANSC1,PTH2R,0.5629181890805635,0.31224808795310716,0.4192494820681733
AZGP1,SLC43A1,0.5605520354357,0.3132499797298186,0.41903808148871335
LYZ,CD46,0.5687737334331693,0.30861586307395056,0.4189661044013831
PYCR1,MAPT,0.5547707495101345,0.3159185245886636,0.41864347202624425
PIGR,DAPK1,0.5546221478210869,0.31552737282859133,0.4183281836244579
PADI2,ALDH1L2,0.5637119982836898,0.3101453023705183,0.4181299177977869
DLX6-AS1,PART1,0.5701679155353813,0.3064921028825349,0.4180334477390422
STATH,EPHA7,0.5712572198457391,0.30558737478283354,0.41781454514939925
NOSTRIN,TRIL,0.571809438418379,0.30509873802478105,0.41768210166597536
DLX6-AS1,HM13,0.5654679160962204,0.3077886059486463,0.4171865069773251
SNPH,ID2,0.5520820453810373,0.31517401729039124,0.4171353690549839
TUSC8,DYNC1I1,0.5785377349412277,0.3006254019221191,0.41704093215632804
ATP6V0E2,COLGALT2,0.5737002169634539,0.30267316002535677,0.4167057205937559
MGAM2,MATN4,0.5613519926628069,0.3088537858705468,0.4163840632635732
PIP,SOX8,0.5593173808650221,0.30945462396609813,0.4160328710249808
MCFD2,TRIL,0.5621313964319827,0.30766548968357743,0.41587069065967985
ALDH18A1,FREM3,0.5647850219754662,0.30614192582217514,0.4158177176396993
TMPRSS5,GLYATL2,0.5559148470829284,0.3107771569982931,0.41565085794398804
CADM1,CHPT1,0.5662764147425485,0.3044340743420715,0.41520336721165296
TMED3,IRX2,0.554421430502509,0.3106530930455882,0.4150093158428664
SSR3,DAPK1,0.5655767167018292,0.30333031654317266,0.4141938730915924
SLAIN1,CADPS2,0.5558682147569044,0.30738153548555563,0.41335653542624906
SLC5A1,CEP85L,0.5634052498924812,0.3031585255938044,0.4132809031024946
LYZ,ANGPTL1,0.5553309236877157,0.3066990441713956,0.41269778712011607
PADI2,IRX2,0.5571026957160633,0.30552339899165293,0.41256261243911113
ELF5,DLK1,0.5536640860240075,0.30578093616905044,0.41146071811000706
ODAM,NOSTRIN,0.554401862819054,0.3049768531144141,0.4111930635155756
FREM3,CD46,0.5534898224060292,0.30445518170243896,0.4105031600987723
MANSC1,SMR3A,0.555625351716704,0.30055125227890467,0.4086488654778846
GP2,CEACAM1,0.5520950288936989,0.30002318819325124,0.4069905536426278
