gene,role
A2M,pseudobulk_variable
A4GALT,pseudobulk_variable
AAK1,pseudobulk_variable
AAMDC,pseudobulk_variable
AAMP,pseudobulk_variable
AARSD1,pseudobulk_variable
AASDHPPT,pseudobulk_variable
AASS,pseudobulk_variable
ABCA13,pseudobulk_variable
ABCA5,pseudobulk_variable
ABCA7,pseudobulk_variable
ABCB6,pseudobulk_variable
ABCC5,pseudobulk_variable
ABCD3,pseudobulk_variable
ABCF1,pseudobulk_variable
ABCG1,pseudobulk_variable
ABHD11,pseudobulk_variable
ABHD14B,pseudobulk_variable
ABHD16A,pseudobulk_variable
ABHD17C,pseudobulk_variable
ABHD2,pseudobulk_variable
ABHD5,pseudobulk_variable
ABI1,pseudobulk_variable
ABI2,pseudobulk_variable
ABL2,pseudobulk_variable
ABLIM1,pseudobulk_variable
ABO,pseudobulk_variable
ABRACL,pseudobulk_variable
AC004832.3,pseudobulk_variable
AC004922.1,pseudobulk_variable
AC005261.1,pseudobulk_variable
AC005520.1,pseudobulk_variable
AC005943.1,pseudobulk_variable
AC006064.6,pseudobulk_variable
AC007192.1,pseudobulk_variable
AC007906.2,pseudobulk_variable
AC008575.1,pseudobulk_variable
AC008763.2,pseudobulk_variable
AC008763.3,pseudobulk_variable
AC008982.1,pseudobulk_variable
AC009133.6,pseudobulk_variable
AC009779.3,pseudobulk_variable
AC010132.3,pseudobulk_variable
AC010323.1,pseudobulk_variable
AC010422.3,pseudobulk_variable
AC011448.1,pseudobulk_variable
AC011462.1,pseudobulk_variable
AC011479.1,pseudobulk_variable
AC012254.2,pseudobulk_variable
AC013394.1,pseudobulk_variable
AC015802.6,pseudobulk_variable
AC015813.2,pseudobulk_variable
AC018523.2,pseudobulk_variable
AC018630.2,pseudobulk_variable
AC019117.3,pseudobulk_variable
AC020656.1,pseudobulk_variable
AC020916.1,pseudobulk_variable
AC022167.2,pseudobulk_variable
AC023055.1,pseudobulk_variable
AC024592.3,pseudobulk_variable
AC025154.2,pseudobulk_variable
AC025165.3,pseudobulk_variable
AC025259.3,pseudobulk_variable
AC026954.2,pseudobulk_variable
AC027644.4,pseudobulk_variable
AC036214.3,pseudobulk_variable
AC040162.1,pseudobulk_variable
AC040162.3,pseudobulk_variable
AC046185.1,pseudobulk_variable
AC048338.1,pseudobulk_variable
AC068547.1,pseudobulk_variable
AC068631.2,pseudobulk_variable
AC068946.2,pseudobulk_variable
AC069503.2,pseudobulk_variable
AC073283.3,pseudobulk_variable
AC073508.2,pseudobulk_variable
AC073610.2,pseudobulk_variable
AC073896.1,pseudobulk_variable
AC078927.1,pseudobulk_variable
AC087289.3,pseudobulk_variable
AC091167.2,pseudobulk_variable
AC091959.3,pseudobulk_variable
AC092143.1,pseudobulk_variable
AC092647.5,pseudobulk_variable
AC093484.3,pseudobulk_variable
AC093512.2,pseudobulk_variable
AC093525.2,pseudobulk_variable
AC097376.2,pseudobulk_variable
AC099329.1,pseudobulk_variable
AC104109.3,pseudobulk_variable
AC104452.1,pseudobulk_variable
AC106886.5,pseudobulk_variable
AC107871.1,pseudobulk_variable
AC114490.2,pseudobulk_variable
AC116366.3,pseudobulk_variable
AC118553.2,pseudobulk_variable
AC119674.2,pseudobulk_variable
AC120057.2,pseudobulk_variable
AC124312.1,pseudobulk_variable
AC126283.2,pseudobulk_variable
AC135050.2,pseudobulk_variable
AC135178.3,pseudobulk_variable
AC138811.2,pseudobulk_variable
AC138894.1,pseudobulk_variable
AC244197.3,pseudobulk_variable
AC245033.1,pseudobulk_variable
AC245297.3,pseudobulk_variable
ACAA1,pseudobulk_variable
ACAD11,pseudobulk_variable
ACADM,pseudobulk_variable
ACAP2,pseudobulk_variable
ACAT1,pseudobulk_variable
ACAT2,pseudobulk_variable
ACBD3,pseudobulk_variable
ACIN1,pseudobulk_variable
ACKR1,pseudobulk_variable
ACKR3,pseudobulk_variable
ACLY,pseudobulk_variable
ACO2,pseudobulk_variable
ACOT13,pseudobulk_variable
ACOX1,pseudobulk_variable
ACP1,pseudobulk_variable
ACP2,pseudobulk_variable
ACSL1,pseudobulk_variable
ACSL3,pseudobulk_variable
ACSL4,pseudobulk_variable
ACTA2,pseudobulk_variable
ACTN1,pseudobulk_variable
ACTN4,pseudobulk_variable
ACTR10,pseudobulk_variable
ACTR1B,pseudobulk_variable
ACTR2,pseudobulk_variable
ACTR3,pseudobulk_variable
ACTR6,pseudobulk_variable
ACY1,pseudobulk_variable
ADAM10,pseudobulk_variable
ADAM15,pseudobulk_variable
ADAM17,pseudobulk_variable
ADAM28,pseudobulk_variable
ADAM9,pseudobulk_variable
ADAMTS1,pseudobulk_variable
ADAR,pseudobulk_variable
ADD3,pseudobulk_variable
ADGRE5,pseudobulk_variable
ADGRF1,pseudobulk_variable
ADGRG1,pseudobulk_variable
ADGRG6,required
ADH1C,pseudobulk_variable
ADH5,pseudobulk_variable
ADH7,pseudobulk_variable
ADI1,pseudobulk_variable
ADIPOR1,pseudobulk_variable
ADIPOR2,pseudobulk_variable
ADIRF,pseudobulk_variable
ADM,pseudobulk_variable
ADNP,pseudobulk_variable
ADNP2,pseudobulk_variable
ADORA2B,pseudobulk_variable
ADRA2A,pseudobulk_variable
ADRB2,pseudobulk_variable
ADRM1,pseudobulk_variable
ADSL,pseudobulk_variable
ADSS,pseudobulk_variable
AEBP1,pseudobulk_variable
AEBP2,pseudobulk_variable
AFDN,pseudobulk_variable
AFF1,pseudobulk_variable
AFF4,pseudobulk_variable
AFG3L2,pseudobulk_variable
AFTPH,pseudobulk_variable
AGAP3,pseudobulk_variable
AGFG1,pseudobulk_variable
AGL,pseudobulk_variable
AGO2,pseudobulk_variable
AGPAT2,pseudobulk_variable
AGPAT3,pseudobulk_variable
AGR2,required
AGR3,pseudobulk_variable
AGRN,pseudobulk_variable
AHCTF1,pseudobulk_variable
AHCY,pseudobulk_variable
AHCYL1,pseudobulk_variable
AHDC1,pseudobulk_variable
AHI1,pseudobulk_variable
AHNAK2,pseudobulk_variable
AHR,pseudobulk_variable
AHSA1,pseudobulk_variable
AIG1,pseudobulk_variable
AIMP1,pseudobulk_variable
AK1,pseudobulk_variable
AK2,pseudobulk_variable
AK3,pseudobulk_variable
AK6,pseudobulk_variable
AK9,pseudobulk_variable
AKAP1,pseudobulk_variable
AKAP12,pseudobulk_variable
AKAP13,pseudobulk_variable
AKAP8,pseudobulk_variable
AKAP8L,pseudobulk_variable
AKAP9,pseudobulk_variable
AKIRIN1,pseudobulk_variable
AKIRIN2,pseudobulk_variable
AKR1A1,pseudobulk_variable
AKR1B1,pseudobulk_variable
AKR1C1,pseudobulk_variable
AKR1C2,pseudobulk_variable
AKR1C3,pseudobulk_variable
AKR7A2,pseudobulk_variable
AKT1,pseudobulk_variable
AKT2,pseudobulk_variable
AL022238.4,pseudobulk_variable
AL034430.1,pseudobulk_variable
AL035078.4,pseudobulk_variable
AL049629.2,pseudobulk_variable
AL049839.2,pseudobulk_variable
AL109811.3,pseudobulk_variable
AL118516.1,pseudobulk_variable
AL121594.1,pseudobulk_variable
AL121758.1,pseudobulk_variable
AL121845.3,pseudobulk_variable
AL132780.3,pseudobulk_variable
AL133352.1,pseudobulk_variable
AL136295.1,pseudobulk_variable
AL136295.4,pseudobulk_variable
AL136295.5,pseudobulk_variable
AL138752.2,pseudobulk_variable
AL139011.2,pseudobulk_variable
AL139260.3,pseudobulk_variable
AL139300.1,pseudobulk_variable
AL157935.2,pseudobulk_variable
AL163636.2,pseudobulk_variable
AL355075.4,pseudobulk_variable
AL357093.2,pseudobulk_variable
AL358075.4,pseudobulk_variable
AL358113.1,pseudobulk_variable
AL360181.3,pseudobulk_variable
AL365205.1,pseudobulk_variable
AL513165.2,pseudobulk_variable
AL645608.5,pseudobulk_variable
AL645922.1,pseudobulk_variable
AL662899.1,pseudobulk_variable
AL662899.2,pseudobulk_variable
AL713999.1,pseudobulk_variable
AL928654.3,pseudobulk_variable
AL929554.1,pseudobulk_variable
ALAS1,pseudobulk_variable
ALCAM,pseudobulk_variable
ALDH1A1,pseudobulk_variable
ALDH1A3,pseudobulk_variable
ALDH1L1,pseudobulk_variable
ALDH2,pseudobulk_variable
ALDH3A1,pseudobulk_variable
ALDH3A2,pseudobulk_variable
ALDH3B1,pseudobulk_variable
ALDH7A1,pseudobulk_variable
ALDH9A1,pseudobulk_variable
ALDOA,pseudobulk_variable
ALG11,pseudobulk_variable
ALG5,pseudobulk_variable
ALKBH5,pseudobulk_variable
ALKBH7,pseudobulk_variable
ALOX15,pseudobulk_variable
ALOX5AP,pseudobulk_variable
ALYREF,pseudobulk_variable
AMD1,pseudobulk_variable
AMMECR1L,pseudobulk_variable
AMN,pseudobulk_variable
AMOTL1,required
AMZ2,pseudobulk_variable
ANAPC11,pseudobulk_variable
ANAPC13,pseudobulk_variable
ANAPC15,pseudobulk_variable
ANAPC16,pseudobulk_variable
ANAPC5,pseudobulk_variable
ANG,pseudobulk_variable
ANK3,pseudobulk_variable
ANKH,pseudobulk_variable
ANKHD1,pseudobulk_variable
ANKHD1-EIF4EBP3,pseudobulk_variable
ANKLE2,pseudobulk_variable
ANKRD11,pseudobulk_variable
ANKRD12,pseudobulk_variable
ANKRD17,pseudobulk_variable
ANKRD26,pseudobulk_variable
ANKRD36,pseudobulk_variable
ANKRD36C,pseudobulk_variable
ANKRD37,pseudobulk_variable
ANKRD54,pseudobulk_variable
ANKRD65,pseudobulk_variable
ANO1,required
ANOS1,pseudobulk_variable
ANP32A,pseudobulk_variable
ANP32E,pseudobulk_variable
ANPEP,pseudobulk_variable
ANTXR1,pseudobulk_variable
ANXA1,pseudobulk_variable
ANXA11,pseudobulk_variable
ANXA3,pseudobulk_variable
ANXA4,pseudobulk_variable
ANXA5,pseudobulk_variable
ANXA6,pseudobulk_variable
ANXA7,pseudobulk_variable
AP000295.1,pseudobulk_variable
AP000311.1,pseudobulk_variable
AP000350.4,pseudobulk_variable
AP001273.2,pseudobulk_variable
AP001931.1,pseudobulk_variable
AP002807.1,pseudobulk_variable
AP002990.1,pseudobulk_variable
AP003352.1,pseudobulk_variable
AP003419.1,pseudobulk_variable
AP1B1,pseudobulk_variable
AP1M2,pseudobulk_variable
AP1S1,pseudobulk_variable
AP2B1,pseudobulk_variable
AP2S1,pseudobulk_variable
AP3D1,pseudobulk_variable
APC,pseudobulk_variable
APCDD1,pseudobulk_variable
APEH,pseudobulk_variable
APEX1,pseudobulk_variable
APH1A,pseudobulk_variable
API5,pseudobulk_variable
APLP2,pseudobulk_variable
APMAP,pseudobulk_variable
APOD,pseudobulk_variable
APOL1,pseudobulk_variable
APOL6,pseudobulk_variable
APOLD1,pseudobulk_variable
APOO,pseudobulk_variable
APP,pseudobulk_variable
APPBP2,pseudobulk_variable
APPL1,pseudobulk_variable
APPL2,pseudobulk_variable
APTR,pseudobulk_variable
APTX,pseudobulk_variable
AQP1,pseudobulk_variable
AQP3,pseudobulk_variable
AQP5,pseudobulk_variable
ARAP2,pseudobulk_variable
ARCN1,pseudobulk_variable
AREG,pseudobulk_variable
ARF3,pseudobulk_variable
ARF4,pseudobulk_variable
ARF5,pseudobulk_variable
ARF6,pseudobulk_variable
ARFGAP2,pseudobulk_variable
ARFGAP3,pseudobulk_variable
ARFGEF1,pseudobulk_variable
ARFGEF3,pseudobulk_variable
ARFIP1,pseudobulk_variable
ARFIP2,pseudobulk_variable
ARG2,pseudobulk_variable
ARHGAP1,pseudobulk_variable
ARHGAP18,pseudobulk_variable
ARHGAP21,pseudobulk_variable
ARHGAP23,pseudobulk_variable
ARHGAP24,pseudobulk_variable
ARHGAP26,pseudobulk_variable
ARHGAP32,pseudobulk_variable
ARHGAP35,pseudobulk_variable
ARHGAP5,pseudobulk_variable
ARHGDIA,pseudobulk_variable
ARHGEF12,pseudobulk_variable
ARID1A,pseudobulk_variable
ARID1B,pseudobulk_variable
ARID2,pseudobulk_variable
ARID4A,pseudobulk_variable
ARID4B,pseudobulk_variable
ARID5A,pseudobulk_variable
ARID5B,pseudobulk_variable
ARIH1,pseudobulk_variable
ARIH2,pseudobulk_variable
ARL1,pseudobulk_variable
ARL13B,pseudobulk_variable
ARL2,pseudobulk_variable
ARL3,pseudobulk_variable
ARL4A,pseudobulk_variable
ARL4C,pseudobulk_variable
ARL4D,pseudobulk_variable
ARL5A,pseudobulk_variable
ARL5B,pseudobulk_variable
ARL6IP1,pseudobulk_variable
ARL6IP5,pseudobulk_variable
ARL8B,pseudobulk_variable
ARMC10,pseudobulk_variable
ARMC3,pseudobulk_variable
ARPC1A,pseudobulk_variable
ARPC1B,pseudobulk_variable
ARPC4,pseudobulk_variable
ARPC5,pseudobulk_variable
ARPC5L,pseudobulk_variable
ARPP19,pseudobulk_variable
ARRB2,pseudobulk_variable
ARRDC1,pseudobulk_variable
ARRDC2,pseudobulk_variable
ARRDC3,pseudobulk_variable
ARSD,pseudobulk_variable
ASAH1,pseudobulk_variable
ASCC3,pseudobulk_variable
ASH1L,pseudobulk_variable
ASNSD1,pseudobulk_variable
ASPH,pseudobulk_variable
ASRGL1,pseudobulk_variable
ASS1,pseudobulk_variable
ASXL1,pseudobulk_variable
ATAD1,pseudobulk_variable
ATF3,pseudobulk_variable
ATF4,pseudobulk_variable
ATF5,pseudobulk_variable
ATF6,pseudobulk_variable
ATF7IP,pseudobulk_variable
ATG101,pseudobulk_variable
ATG3,pseudobulk_variable
ATG4B,pseudobulk_variable
ATG9A,pseudobulk_variable
ATM,pseudobulk_variable
ATOX1,pseudobulk_variable
ATP11C,pseudobulk_variable
ATP12A,pseudobulk_variable
ATP13A3,pseudobulk_variable
ATP1B1,pseudobulk_variable
ATP1B3,pseudobulk_variable
ATP2A2,pseudobulk_variable
ATP2A3,pseudobulk_variable
ATP2B1,pseudobulk_variable
ATP2B4,pseudobulk_variable
ATP2C2,pseudobulk_variable
ATP5F1A,pseudobulk_variable
ATP5F1B,pseudobulk_variable
ATP5F1C,pseudobulk_variable
ATP5F1D,pseudobulk_variable
ATP5IF1,pseudobulk_variable
ATP5MC1,pseudobulk_variable
ATP5MC3,pseudobulk_variable
ATP5MD,pseudobulk_variable
ATP5MF,pseudobulk_variable
ATP5PB,pseudobulk_variable
ATP5PD,pseudobulk_variable
ATP5PF,pseudobulk_variable
ATP6AP1,pseudobulk_variable
ATP6AP2,pseudobulk_variable
ATP6V0A4,pseudobulk_variable
ATP6V0B,pseudobulk_variable
ATP6V0C,pseudobulk_variable
ATP6V0D1,pseudobulk_variable
ATP6V0E1,pseudobulk_variable
ATP6V1A,pseudobulk_variable
ATP6V1B2,pseudobulk_variable
ATP6V1C2,pseudobulk_variable
ATP6V1D,pseudobulk_variable
ATP6V1E1,pseudobulk_variable
ATP6V1F,pseudobulk_variable
ATP6V1G2-DDX39B,pseudobulk_variable
ATP7B,pseudobulk_variable
ATP8B1,pseudobulk_variable
ATP9A,pseudobulk_variable
ATXN1,pseudobulk_variable
ATXN10,pseudobulk_variable
ATXN2,pseudobulk_variable
ATXN2L,pseudobulk_variable
ATXN3,pseudobulk_variable
ATXN7,pseudobulk_variable
ATXN7L3,pseudobulk_variable
ATXN7L3B,pseudobulk_variable
AURKAIP1,pseudobulk_variable
AUTS2,pseudobulk_variable
AVPI1,pseudobulk_variable
AZGP1,required
AZI2,pseudobulk_variable
AZIN1,pseudobulk_variable
B3GALNT2,pseudobulk_variable
B3GNT2,pseudobulk_variable
B3GNT5,pseudobulk_variable
B3GNT6,pseudobulk_variable
B3GNT7,pseudobulk_variable
B4GALT1,pseudobulk_variable
B4GALT4,pseudobulk_variable
B4GALT5,pseudobulk_variable
BABAM1,pseudobulk_variable
BACE2,pseudobulk_variable
BAD,pseudobulk_variable
BAG1,pseudobulk_variable
BAG3,pseudobulk_variable
BAG5,pseudobulk_variable
BAG6,pseudobulk_variable
BAIAP2,pseudobulk_variable
BAIAP2L1,pseudobulk_variable
BAMBI,pseudobulk_variable
BANF1,pseudobulk_variable
BASP1,pseudobulk_variable
BAX,pseudobulk_variable
BAZ1A,pseudobulk_variable
BAZ1B,pseudobulk_variable
BAZ2A,pseudobulk_variable
BAZ2B,pseudobulk_variable
BBC3,pseudobulk_variable
BBX,pseudobulk_variable
BCAM,pseudobulk_variable
BCAP31,pseudobulk_variable
BCAR1,pseudobulk_variable
BCAS1,pseudobulk_variable
BCAS2,pseudobulk_variable
BCCIP,pseudobulk_variable
BCKDHA,pseudobulk_variable
BCL10,pseudobulk_variable
BCL11A,pseudobulk_variable
BCL11B,pseudobulk_variable
BCL2L11,pseudobulk_variable
BCL2L13,pseudobulk_variable
BCL2L15,pseudobulk_variable
BCL2L2-PABPN1,pseudobulk_variable
BCL3,pseudobulk_variable
BCL6,pseudobulk_variable
BCL7A,pseudobulk_variable
BCL7B,pseudobulk_variable
BCL7C,pseudobulk_variable
BCR,pseudobulk_variable
BDH1,pseudobulk_variable
BDH2,pseudobulk_variable
BDP1,pseudobulk_variable
BECN1,pseudobulk_variable
BEST1,pseudobulk_variable
BEX2,pseudobulk_variable
BEX3,pseudobulk_variable
BEX4,pseudobulk_variable
BFAR,pseudobulk_variable
BHLHE40,pseudobulk_variable
BHLHE41,pseudobulk_variable
BICD2,pseudobulk_variable
BICDL2,pseudobulk_variable
BIRC2,pseudobulk_variable
BIRC3,pseudobulk_variable
BIRC6,pseudobulk_variable
BIVM-ERCC5,pseudobulk_variable
BLCAP,pseudobulk_variable
BLMH,pseudobulk_variable
BLOC1S1,pseudobulk_variable
BLOC1S4,pseudobulk_variable
BLOC1S5-TXNDC5,pseudobulk_variable
BLOC1S6,pseudobulk_variable
BLVRA,pseudobulk_variable
BLVRB,pseudobulk_variable
BMP7,pseudobulk_variable
BMPR2,pseudobulk_variable
BMS1,pseudobulk_variable
BNIP2,pseudobulk_variable
BNIP3,pseudobulk_variable
BNIP3L,pseudobulk_variable
BOC,pseudobulk_variable
BOD1,pseudobulk_variable
BOD1L1,pseudobulk_variable
BOLA3,pseudobulk_variable
BORCS7,pseudobulk_variable
BPIFA1,pseudobulk_variable
BPIFB1,required
BRCC3,pseudobulk_variable
BRD2,pseudobulk_variable
BRD3,pseudobulk_variable
BRD4,pseudobulk_variable
BRD7,pseudobulk_variable
BRD9,pseudobulk_variable
BRI3,pseudobulk_variable
BRIX1,pseudobulk_variable
BRK1,pseudobulk_variable
BROX,pseudobulk_variable
BRWD1,pseudobulk_variable
BSCL2,pseudobulk_variable
BSDC1,pseudobulk_variable
BSG,pseudobulk_variable
BSPRY,pseudobulk_variable
BST2,pseudobulk_variable
BTAF1,pseudobulk_variable
BTBD6,pseudobulk_variable
BTBD7,pseudobulk_variable
BTF3L4,pseudobulk_variable
BTG2,pseudobulk_variable
BTG3,pseudobulk_variable
BTN3A2,pseudobulk_variable
BUB3,pseudobulk_variable
BUD23,pseudobulk_variable
BUD31,pseudobulk_variable
BX284668.5,pseudobulk_variable
BZW1,pseudobulk_variable
BZW2,pseudobulk_variable
C11ORF1,pseudobulk_variable
C11ORF54,pseudobulk_variable
C11ORF58,pseudobulk_variable
C11ORF88,pseudobulk_variable
C11ORF96,pseudobulk_variable
C11ORF98,pseudobulk_variable
C12ORF45,pseudobulk_variable
C12ORF49,pseudobulk_variable
C12ORF65,pseudobulk_variable
C12ORF75,pseudobulk_variable
C14ORF119,pseudobulk_variable
C15ORF40,pseudobulk_variable
C15ORF48,pseudobulk_variable
C16ORF72,pseudobulk_variable
C16ORF74,pseudobulk_variable
C16ORF89,pseudobulk_variable
C17ORF49,pseudobulk_variable
C18ORF32,pseudobulk_variable
C19ORF33,pseudobulk_variable
C19ORF53,pseudobulk_variable
C1D,pseudobulk_variable
C1GALT1,pseudobulk_variable
C1ORF116,pseudobulk_variable
C1ORF122,pseudobulk_variable
C1ORF194,pseudobulk_variable
C1ORF21,pseudobulk_variable
C1ORF43,pseudobulk_variable
C1ORF52,pseudobulk_variable
C1QBP,pseudobulk_variable
C1R,pseudobulk_variable
C1S,pseudobulk_variable
C22ORF39,pseudobulk_variable
C3,pseudobulk_variable
C3ORF52,pseudobulk_variable
C4ORF19,pseudobulk_variable
C4ORF3,pseudobulk_variable
C4ORF48,pseudobulk_variable
C5ORF15,pseudobulk_variable
C5ORF24,pseudobulk_variable
C5ORF49,pseudobulk_variable
C6ORF132,pseudobulk_variable
C6ORF89,pseudobulk_variable
C7ORF50,pseudobulk_variable
C8ORF33,pseudobulk_variable
C8ORF76,pseudobulk_variable
C9ORF116,pseudobulk_variable
C9ORF16,pseudobulk_variable
C9ORF24,pseudobulk_variable
C9ORF78,pseudobulk_variable
CA12,pseudobulk_variable
CA2,required
CAAP1,pseudobulk_variable
CAB39,pseudobulk_variable
CACHD1,pseudobulk_variable
CACUL1,pseudobulk_variable
CACYBP,pseudobulk_variable
CADM1,pseudobulk_variable
CADPS2,pseudobulk_variable
CALD1,pseudobulk_variable
CALM3,pseudobulk_variable
CALML3,pseudobulk_variable
CALML4,pseudobulk_variable
CALR,pseudobulk_variable
CALU,pseudobulk_variable
CAMK1D,pseudobulk_variable
CAMLG,pseudobulk_variable
CAMSAP1,pseudobulk_variable
CAMSAP2,pseudobulk_variable
CAMTA1,pseudobulk_variable
CANT1,pseudobulk_variable
CANX,pseudobulk_variable
CAP1,pseudobulk_variable
CAPG,pseudobulk_variable
CAPN1,pseudobulk_variable
CAPN13,pseudobulk_variable
CAPN2,pseudobulk_variable
CAPN5,pseudobulk_variable
CAPN8,pseudobulk_variable
CAPRIN1,pseudobulk_variable
CAPS,required
CAPZA1,pseudobulk_variable
CAPZA2,pseudobulk_variable
CAPZB,pseudobulk_variable
CARD19,pseudobulk_variable
CARD9,pseudobulk_variable
CARHSP1,pseudobulk_variable
CARS,pseudobulk_variable
CARS2,pseudobulk_variable
CASC3,pseudobulk_variable
CASK,pseudobulk_variable
CASP3,pseudobulk_variable
CASP4,pseudobulk_variable
CASP7,pseudobulk_variable
CASP8AP2,pseudobulk_variable
CAST,pseudobulk_variable
CASZ1,pseudobulk_variable
CAT,pseudobulk_variable
CAV1,pseudobulk_variable
CAV2,pseudobulk_variable
CAVIN1,pseudobulk_variable
CAVIN2,pseudobulk_variable
CBR1,pseudobulk_variable
CBR3,pseudobulk_variable
CBX1,pseudobulk_variable
CBX3,pseudobulk_variable
CBX4,pseudobulk_variable
CBX5,pseudobulk_variable
CCAR1,pseudobulk_variable
CCDC12,pseudobulk_variable
CCDC125,pseudobulk_variable
CCDC137,pseudobulk_variable
CCDC142,pseudobulk_variable
CCDC146,pseudobulk_variable
CCDC17,pseudobulk_variable
CCDC170,pseudobulk_variable
CCDC173,pseudobulk_variable
CCDC174,pseudobulk_variable
CCDC186,pseudobulk_variable
CCDC190,pseudobulk_variable
CCDC25,pseudobulk_variable
CCDC34,pseudobulk_variable
CCDC47,pseudobulk_variable
CCDC50,pseudobulk_variable
CCDC57,pseudobulk_variable
CCDC59,pseudobulk_variable
CCDC6,pseudobulk_variable
CCDC66,pseudobulk_variable
CCDC69,pseudobulk_variable
CCDC71L,pseudobulk_variable
CCDC78,pseudobulk_variable
CCDC80,pseudobulk_variable
CCDC88A,pseudobulk_variable
CCDC88C,pseudobulk_variable
CCDC90B,pseudobulk_variable
CCDC91,pseudobulk_variable
CCL2,pseudobulk_variable
CCL26,required
CCL28,pseudobulk_variable
CCL4,pseudobulk_variable
CCL4L2,pseudobulk_variable
CCL5,pseudobulk_variable
CCM2,pseudobulk_variable
CCNB1IP1,pseudobulk_variable
CCNC,pseudobulk_variable
CCND1,pseudobulk_variable
CCND2,pseudobulk_variable
CCNDBP1,pseudobulk_variable
CCNG1,pseudobulk_variable
CCNG2,pseudobulk_variable
CCNH,pseudobulk_variable
CCNK,pseudobulk_variable
CCNL1,pseudobulk_variable
CCNO,pseudobulk_variable
CCNT1,pseudobulk_variable
CCNT2,pseudobulk_variable
CCNY,pseudobulk_variable
CCP110,pseudobulk_variable
CCPG1,pseudobulk_variable
CCS,pseudobulk_variable
CCT2,pseudobulk_variable
CCT3,pseudobulk_variable
CCT5,pseudobulk_variable
CCT6A,pseudobulk_variable
CCT7,pseudobulk_variable
CCT8,pseudobulk_variable
CD151,pseudobulk_variable
CD164,pseudobulk_variable
CD177,pseudobulk_variable
CD24,pseudobulk_variable
CD2AP,pseudobulk_variable
CD2BP2,pseudobulk_variable
CD36,pseudobulk_variable
CD3D,required
CD40,pseudobulk_variable
CD44,pseudobulk_variable
CD47,pseudobulk_variable
CD52,pseudobulk_variable
CD53,pseudobulk_variable
CD55,pseudobulk_variable
CD59,pseudobulk_variable
CD63,pseudobulk_variable
CD69,pseudobulk_variable
CD74,pseudobulk_variable
CD79A,required
CD82,pseudobulk_variable
CD83,pseudobulk_variable
CD9,pseudobulk_variable
CDC123,pseudobulk_variable
CDC16,pseudobulk_variable
CDC26,pseudobulk_variable
CDC27,pseudobulk_variable
CDC37,pseudobulk_variable
CDC40,pseudobulk_variable
CDC42BPA,pseudobulk_variable
CDC42BPB,pseudobulk_variable
CDC42BPG,pseudobulk_variable
CDC42EP3,pseudobulk_variable
CDC42EP4,pseudobulk_variable
CDC42EP5,pseudobulk_variable
CDC42SE1,pseudobulk_variable
CDC5L,pseudobulk_variable
CDC73,pseudobulk_variable
CDCP1,pseudobulk_variable
CDH1,pseudobulk_variable
CDH26,pseudobulk_variable
CDH3,pseudobulk_variable
CDHR3,pseudobulk_variable
CDIPT,pseudobulk_variable
CDK11A,pseudobulk_variable
CDK11B,pseudobulk_variable
CDK12,pseudobulk_variable
CDK13,pseudobulk_variable
CDK16,pseudobulk_variable
CDK2AP1,pseudobulk_variable
CDK2AP2,pseudobulk_variable
CDK4,pseudobulk_variable
CDK5RAP2,pseudobulk_variable
CDK5RAP3,pseudobulk_variable
CDK6,pseudobulk_variable
CDKN1A,pseudobulk_variable
CDKN1B,pseudobulk_variable
CDKN1C,pseudobulk_variable
CDKN2AIP,pseudobulk_variable
CDKN2C,pseudobulk_variable
CDS1,pseudobulk_variable
CDV3,pseudobulk_variable
CEACAM1,pseudobulk_variable
CEACAM5,pseudobulk_variable
CEACAM6,pseudobulk_variable
CEBPA,pseudobulk_variable
CEBPB,pseudobulk_variable
CEBPD,pseudobulk_variable
CEBPG,pseudobulk_variable
CEBPZ,pseudobulk_variable
CEBPZOS,pseudobulk_variable
CELF1,pseudobulk_variable
CELF2,pseudobulk_variable
CELSR1,pseudobulk_variable
CEMIP2,pseudobulk_variable
CENPC,pseudobulk_variable
CENPF,pseudobulk_variable
CENPW,pseudobulk_variable
CENPX,pseudobulk_variable
CEP104,pseudobulk_variable
CEP126,pseudobulk_variable
CEP290,pseudobulk_variable
CEP350,pseudobulk_variable
CEP57,pseudobulk_variable
CEP63,pseudobulk_variable
CEP68,pseudobulk_variable
CEP78,pseudobulk_variable
CEP95,pseudobulk_variable
CERK,pseudobulk_variable
CERS2,pseudobulk_variable
CERS6,pseudobulk_variable
CES1,pseudobulk_variable
CES2,pseudobulk_variable
CETN2,required
CETN3,pseudobulk_variable
CFAP126,pseudobulk_variable
CFAP20,pseudobulk_variable
CFAP298,pseudobulk_variable
CFAP300,pseudobulk_variable
CFAP43,pseudobulk_variable
CFAP44,pseudobulk_variable
CFAP45,pseudobulk_variable
CFAP53,pseudobulk_variable
CFAP54,required
CFAP70,pseudobulk_variable
CFAP97,pseudobulk_variable
CFB,pseudobulk_variable
CFD,pseudobulk_variable
CFDP1,pseudobulk_variable
CFH,pseudobulk_variable
CFI,pseudobulk_variable
CFLAR,pseudobulk_variable
CFTR,pseudobulk_variable
CGN,pseudobulk_variable
CGNL1,pseudobulk_variable
CH25H,pseudobulk_variable
CHCHD1,pseudobulk_variable
CHCHD10,pseudobulk_variable
CHCHD5,pseudobulk_variable
CHCHD7,pseudobulk_variable
CHD1,pseudobulk_variable
CHD2,pseudobulk_variable
CHD3,pseudobulk_variable
CHD4,pseudobulk_variable
CHD6,pseudobulk_variable
CHD7,pseudobulk_variable
CHD8,pseudobulk_variable
CHD9,pseudobulk_variable
CHI3L2,required
CHID1,pseudobulk_variable
CHKA,pseudobulk_variable
CHKB,pseudobulk_variable
CHKB-CPT1B,pseudobulk_variable
CHL1,pseudobulk_variable
CHMP1B,pseudobulk_variable
CHMP1B-AS1,pseudobulk_variable
CHMP2B,pseudobulk_variable
CHMP3,pseudobulk_variable
CHMP4A,pseudobulk_variable
CHMP4B,pseudobulk_variable
CHMP5,pseudobulk_variable
CHORDC1,pseudobulk_variable
CHP1,pseudobulk_variable
CHP2,pseudobulk_variable
CHPF,pseudobulk_variable
CHPT1,pseudobulk_variable
CHRM3,required
CHST1,required
CHST6,pseudobulk_variable
CHST9,pseudobulk_variable
CHSY1,pseudobulk_variable
CHTOP,pseudobulk_variable
CHURC1,pseudobulk_variable
CHURC1-FNTB,pseudobulk_variable
CIAO1,pseudobulk_variable
CIR1,pseudobulk_variable
CISD1,pseudobulk_variable
CISD2,pseudobulk_variable
CISH,pseudobulk_variable
CITED2,pseudobulk_variable
CITED4,pseudobulk_variable
CKAP4,pseudobulk_variable
CKB,pseudobulk_variable
CKLF,pseudobulk_variable
CKS1B,pseudobulk_variable
CKS2,pseudobulk_variable
CLCA4,pseudobulk_variable
CLCF1,pseudobulk_variable
CLCNKB,pseudobulk_variable
CLDN1,pseudobulk_variable
CLDN10,pseudobulk_variable
CLDN22,pseudobulk_variable
CLDN3,pseudobulk_variable
CLDN4,pseudobulk_variable
CLDN5,required
CLDN7,pseudobulk_variable
CLDND1,pseudobulk_variable
CLEC2B,pseudobulk_variable
CLEC2D,pseudobulk_variable
CLIC1,pseudobulk_variable
CLIC4,pseudobulk_variable
CLIC6,pseudobulk_variable
CLINT1,pseudobulk_variable
CLIP1,pseudobulk_variable
CLK1,pseudobulk_variable
CLK4,pseudobulk_variable
CLMN,pseudobulk_variable
CLN3,pseudobulk_variable
CLN5,pseudobulk_variable
CLN8,pseudobulk_variable
CLNS1A,pseudobulk_variable
CLPP,pseudobulk_variable
CLPTM1L,pseudobulk_variable
CLSTN1,pseudobulk_variable
CLTA,pseudobulk_variable
CLTB,pseudobulk_variable
CLTC,pseudobulk_variable
CLU,pseudobulk_variable
CLUAP1,pseudobulk_variable
CLUH,pseudobulk_variable
CMAS,pseudobulk_variable
CMC1,pseudobulk_variable
CMC2,pseudobulk_variable
CMPK1,pseudobulk_variable
CMTM3,pseudobulk_variable
CMTM4,pseudobulk_variable
CMTM6,pseudobulk_variable
CMTM7,pseudobulk_variable
CMTM8,pseudobulk_variable
CMYA5,pseudobulk_variable
CNBP,pseudobulk_variable
CNDP2,pseudobulk_variable
CNFN,pseudobulk_variable
CNIH1,pseudobulk_variable
CNIH4,pseudobulk_variable
CNKSR3,pseudobulk_variable
CNN2,pseudobulk_variable
CNN3,pseudobulk_variable
CNOT1,pseudobulk_variable
CNOT2,pseudobulk_variable
CNOT4,pseudobulk_variable
CNOT6L,pseudobulk_variable
CNOT7,pseudobulk_variable
CNP,pseudobulk_variable
CNPPD1,pseudobulk_variable
CNPY2,pseudobulk_variable
CNTRL,pseudobulk_variable
COA1,pseudobulk_variable
COA3,pseudobulk_variable
COA4,pseudobulk_variable
COA5,pseudobulk_variable
COA6,pseudobulk_variable
COASY,pseudobulk_variable
COG8,pseudobulk_variable
COL17A1,pseudobulk_variable
COL1A1,required
COL1A2,required
COL3A1,required
COL4A5,pseudobulk_variable
COL4A6,pseudobulk_variable
COL6A1,required
COL7A1,pseudobulk_variable
COLCA1,pseudobulk_variable
COLGALT1,pseudobulk_variable
COMMD1,pseudobulk_variable
COMMD3,pseudobulk_variable
COMMD4,pseudobulk_variable
COMT,pseudobulk_variable
COPA,pseudobulk_variable
COPB1,pseudobulk_variable
COPB2,pseudobulk_variable
COPE,pseudobulk_variable
COPRS,pseudobulk_variable
COPS3,pseudobulk_variable
COPS5,pseudobulk_variable
COPS6,pseudobulk_variable
COPZ1,pseudobulk_variable
COQ4,pseudobulk_variable
CORO1B,pseudobulk_variable
CORO1C,pseudobulk_variable
CORO2A,pseudobulk_variable
CORO7-PAM16,pseudobulk_variable
COTL1,pseudobulk_variable
COX14,pseudobulk_variable
COX16,pseudobulk_variable
COX17,pseudobulk_variable
COX19,pseudobulk_variable
COX20,pseudobulk_variable
COX5A,pseudobulk_variable
COX6A1,pseudobulk_variable
COX6B1,pseudobulk_variable
COX7A2L,pseudobulk_variable
COX7B,pseudobulk_variable
COX8A,pseudobulk_variable
CP,pseudobulk_variable
CPA3,pseudobulk_variable
CPD,pseudobulk_variable
CPE,pseudobulk_variable
CPEB2,pseudobulk_variable
CPEB4,pseudobulk_variable
CPLANE1,pseudobulk_variable
CPM,pseudobulk_variable
CPNE1,pseudobulk_variable
CPNE3,pseudobulk_variable
CPSF6,pseudobulk_variable
CPT1A,pseudobulk_variable
CPXM2,pseudobulk_variable
CRACR2B,pseudobulk_variable
CRCP,pseudobulk_variable
CREB3,pseudobulk_variable
CREB3L1,pseudobulk_variable
CREB3L2,pseudobulk_variable
CREB3L4,pseudobulk_variable
CREBBP,pseudobulk_variable
CREBRF,pseudobulk_variable
CREG1,pseudobulk_variable
CRELD2,pseudobulk_variable
CREM,pseudobulk_variable
CRIM1,pseudobulk_variable
CRIP1,pseudobulk_variable
CRIP2,pseudobulk_variable
CRK,pseudobulk_variable
CRLS1,pseudobulk_variable
CRNDE,pseudobulk_variable
CROT,pseudobulk_variable
CRTAP,pseudobulk_variable
CRY1,pseudobulk_variable
CRYAB,pseudobulk_variable
CRYBG1,pseudobulk_variable
CRYL1,pseudobulk_variable
CRYM,pseudobulk_variable
CS,pseudobulk_variable
CSF3,pseudobulk_variable
CSNK1A1,pseudobulk_variable
CSNK1D,pseudobulk_variable
CSNK1E,pseudobulk_variable
CSNK1G1,pseudobulk_variable
CSNK2A1,pseudobulk_variable
CSNK2A2,pseudobulk_variable
CSPP1,pseudobulk_variable
CSRNP1,pseudobulk_variable
CSRP1,pseudobulk_variable
CSRP2,pseudobulk_variable
CST1,required
CST3,pseudobulk_variable
CST4,pseudobulk_variable
CSTA,pseudobulk_variable
CSTB,pseudobulk_variable
CTBP2,pseudobulk_variable
CTBS,pseudobulk_variable
CTDNEP1,pseudobulk_variable
CTDSP1,pseudobulk_variable
CTDSP2,pseudobulk_variable
CTDSPL,pseudobulk_variable
CTNNA1,pseudobulk_variable
CTNNAL1,pseudobulk_variable
CTNNB1,pseudobulk_variable
CTNNBIP1,pseudobulk_variable
CTNND1,pseudobulk_variable
CTR9,pseudobulk_variable
CTSA,pseudobulk_variable
CTSB,pseudobulk_variable
CTSC,pseudobulk_variable
CTSD,pseudobulk_variable
CTSF,pseudobulk_variable
CTSG,pseudobulk_variable
CTSH,pseudobulk_variable
CTSL,pseudobulk_variable
CTSS,pseudobulk_variable
CTSV,pseudobulk_variable
CTSZ,pseudobulk_variable
CTTN,pseudobulk_variable
CTTNBP2NL,pseudobulk_variable
CUEDC1,pseudobulk_variable
CUL1,pseudobulk_variable
CUL3,pseudobulk_variable
CUL4A,pseudobulk_variable
CUL5,pseudobulk_variable
CUTA,pseudobulk_variable
CUX1,pseudobulk_variable
CWC15,pseudobulk_variable
CWC22,pseudobulk_variable
CWC25,pseudobulk_variable
CWC27,pseudobulk_variable
CWF19L2,pseudobulk_variable
CX3CL1,pseudobulk_variable
CXADR,pseudobulk_variable
CXCL1,pseudobulk_variable
CXCL14,pseudobulk_variable
CXCL16,pseudobulk_variable
CXCL17,pseudobulk_variable
CXCL2,pseudobulk_variable
CXCL3,pseudobulk_variable
CXCL6,pseudobulk_variable
CXCL8,pseudobulk_variable
CXCR4,pseudobulk_variable
CXXC5,pseudobulk_variable
CYB561,pseudobulk_variable
CYB5A,pseudobulk_variable
CYB5B,pseudobulk_variable
CYB5R1,pseudobulk_variable
CYB5R3,pseudobulk_variable
CYBA,pseudobulk_variable
CYBRD1,pseudobulk_variable
CYC1,pseudobulk_variable
CYCS,pseudobulk_variable
CYFIP1,pseudobulk_variable
CYHR1,pseudobulk_variable
CYLD,pseudobulk_variable
CYP1B1,pseudobulk_variable
CYP26A1,pseudobulk_variable
CYP2A13,pseudobulk_variable
CYP2B6,pseudobulk_variable
CYP2J2,pseudobulk_variable
CYP2S1,pseudobulk_variable
CYP3A5,pseudobulk_variable
CYP4B1,pseudobulk_variable
CYP51A1,pseudobulk_variable
CYSTM1,pseudobulk_variable
CYTH1,pseudobulk_variable
CYTH2,pseudobulk_variable
CYTOR,pseudobulk_variable
D2HGDH,pseudobulk_variable
DAAM1,pseudobulk_variable
DAB2,pseudobulk_variable
DAB2IP,pseudobulk_variable
DAD1,pseudobulk_variable
DAG1,pseudobulk_variable
DALRD3,pseudobulk_variable
DAP,pseudobulk_variable
DAP3,pseudobulk_variable
DAPK3,pseudobulk_variable
DAPL1,pseudobulk_variable
DAPP1,pseudobulk_variable
DARS,pseudobulk_variable
DBI,pseudobulk_variable
DBNDD2,pseudobulk_variable
DBNL,pseudobulk_variable
DBP,pseudobulk_variable
DCAF1,pseudobulk_variable
DCAF10,pseudobulk_variable
DCAF11,pseudobulk_variable
DCAF5,pseudobulk_variable
DCAF6,pseudobulk_variable
DCAF7,pseudobulk_variable
DCN,required
DCP1A,pseudobulk_variable
DCTD,pseudobulk_variable
DCTN2,pseudobulk_variable
DCTN3,pseudobulk_variable
DCTN5,pseudobulk_variable
DCTN6,pseudobulk_variable
DCTPP1,pseudobulk_variable
DCUN1D1,pseudobulk_variable
DCUN1D5,pseudobulk_variable
DCXR,pseudobulk_variable
DDAH2,pseudobulk_variable
DDB1,pseudobulk_variable
DDB2,pseudobulk_variable
DDI2,pseudobulk_variable
DDIT3,pseudobulk_variable
DDIT4,pseudobulk_variable
DDOST,pseudobulk_variable
DDR1,pseudobulk_variable
DDR2,pseudobulk_variable
DDRGK1,pseudobulk_variable
DDT,pseudobulk_variable
DDX1,pseudobulk_variable
DDX10,pseudobulk_variable
DDX18,pseudobulk_variable
DDX21,pseudobulk_variable
DDX23,pseudobulk_variable
DDX27,pseudobulk_variable
DDX39A,pseudobulk_variable
DDX39B,pseudobulk_variable
DDX3X,pseudobulk_variable
DDX3Y,pseudobulk_variable
DDX42,pseudobulk_variable
DDX46,pseudobulk_variable
DDX47,pseudobulk_variable
DDX50,pseudobulk_variable
DDX52,pseudobulk_variable
DDX54,pseudobulk_variable
DDX58,pseudobulk_variable
DDX6,pseudobulk_variable
DECR1,pseudobulk_variable
DEDD2,pseudobulk_variable
DEFB1,pseudobulk_variable
DEGS2,pseudobulk_variable
DEK,pseudobulk_variable
DENND2C,pseudobulk_variable
DENND4A,pseudobulk_variable
DENR,pseudobulk_variable
DEPP1,pseudobulk_variable
DESI2,pseudobulk_variable
DEXI,pseudobulk_variable
DFFA,pseudobulk_variable
DGCR2,pseudobulk_variable
DGCR6L,pseudobulk_variable
DGKA,pseudobulk_variable
DGKD,pseudobulk_variable
DGKH,pseudobulk_variable
DGUOK,pseudobulk_variable
DHCR24,pseudobulk_variable
DHRS1,pseudobulk_variable
DHRS3,pseudobulk_variable
DHRS7,pseudobulk_variable
DHRS9,pseudobulk_variable
DHX29,pseudobulk_variable
DHX32,pseudobulk_variable
DHX36,pseudobulk_variable
DHX38,pseudobulk_variable
DHX40,pseudobulk_variable
DHX9,pseudobulk_variable
DIABLO,pseudobulk_variable
DIAPH1,pseudobulk_variable
DICER1,pseudobulk_variable
DIP2A,pseudobulk_variable
DIS3,pseudobulk_variable
DKC1,pseudobulk_variable
DKK3,pseudobulk_variable
DLD,pseudobulk_variable
DLG1,pseudobulk_variable
DLG3,pseudobulk_variable
DLG5,pseudobulk_variable
DLK2,pseudobulk_variable
DLL1,pseudobulk_variable
DMAC1,pseudobulk_variable
DMBT1,required
DMD,pseudobulk_variable
DMKN,pseudobulk_variable
DMRT2,pseudobulk_variable
DMRT3,pseudobulk_variable
DMRTA2,pseudobulk_variable
DNAAF1,pseudobulk_variable
DNAH11,pseudobulk_variable
DNAH12,pseudobulk_variable
DNAH5,required
DNAI2,required
DNAJA1,pseudobulk_variable
DNAJA2,pseudobulk_variable
DNAJA4,pseudobulk_variable
DNAJB1,pseudobulk_variable
DNAJB12,pseudobulk_variable
DNAJB14,pseudobulk_variable
DNAJB2,pseudobulk_variable
DNAJB4,pseudobulk_variable
DNAJB6,pseudobulk_variable
DNAJB9,pseudobulk_variable
DNAJC1,pseudobulk_variable
DNAJC10,pseudobulk_variable
DNAJC15,pseudobulk_variable
DNAJC19,pseudobulk_variable
DNAJC2,pseudobulk_variable
DNAJC21,pseudobulk_variable
DNAJC25-GNG10,pseudobulk_variable
DNAJC3,pseudobulk_variable
DNAJC4,pseudobulk_variable
DNAJC5,pseudobulk_variable
DNAJC7,pseudobulk_variable
DNAJC8,pseudobulk_variable
DNAJC9,pseudobulk_variable
DNALI1,pseudobulk_variable
DNASE2,pseudobulk_variable
DNLZ,pseudobulk_variable
DNM1L,pseudobulk_variable
DNMT1,pseudobulk_variable
DNPEP,pseudobulk_variable
DNPH1,pseudobulk_variable
DNTTIP1,pseudobulk_variable
DNTTIP2,pseudobulk_variable
DOCK7,pseudobulk_variable
DOCK9,pseudobulk_variable
DOK1,pseudobulk_variable
DPCD,pseudobulk_variable
DPH1,pseudobulk_variable
DPM1,pseudobulk_variable
DPM2,pseudobulk_variable
DPM3,pseudobulk_variable
DPP3,pseudobulk_variable
DPP7,pseudobulk_variable
DPY30,pseudobulk_variable
DPYS,pseudobulk_variable
DPYSL3,pseudobulk_variable
DSC2,pseudobulk_variable
DSC3,pseudobulk_variable
DSE,pseudobulk_variable
DSG2,pseudobulk_variable
DSG3,pseudobulk_variable
DSP,pseudobulk_variable
DST,pseudobulk_variable
DSTN,pseudobulk_variable
DSTYK,pseudobulk_variable
DTD1,pseudobulk_variable
DTX2,pseudobulk_variable
DTX4,pseudobulk_variable
DUOX1,pseudobulk_variable
DUOXA1,pseudobulk_variable
DUSP1,pseudobulk_variable
DUSP10,pseudobulk_variable
DUSP14,pseudobulk_variable
DUSP16,pseudobulk_variable
DUSP2,pseudobulk_variable
DUSP23,pseudobulk_variable
DUSP3,pseudobulk_variable
DUSP4,pseudobulk_variable
DUSP5,pseudobulk_variable
DUSP6,pseudobulk_variable
DUT,pseudobulk_variable
DYNC1I2,pseudobulk_variable
DYNC1LI1,pseudobulk_variable
DYNC1LI2,pseudobulk_variable
DYNC2H1,pseudobulk_variable
DYNLL2,pseudobulk_variable
DYNLRB1,pseudobulk_variable
DYNLRB2,pseudobulk_variable
DYNLT1,pseudobulk_variable
DYRK1A,pseudobulk_variable
DYRK3,pseudobulk_variable
EAPP,pseudobulk_variable
EBAG9,pseudobulk_variable
EBLN3P,pseudobulk_variable
EBNA1BP2,pseudobulk_variable
EBP,pseudobulk_variable
EBPL,pseudobulk_variable
ECE1,pseudobulk_variable
ECH1,pseudobulk_variable
ECHDC1,pseudobulk_variable
ECHDC2,pseudobulk_variable
ECHS1,pseudobulk_variable
ECI1,pseudobulk_variable
ECI2,pseudobulk_variable
ECPAS,pseudobulk_variable
EDARADD,pseudobulk_variable
EDC4,pseudobulk_variable
EDEM3,pseudobulk_variable
EDN1,pseudobulk_variable
EEA1,pseudobulk_variable
EEF1E1,pseudobulk_variable
EEF1G,pseudobulk_variable
EFCAB1,pseudobulk_variable
EFCAB14,pseudobulk_variable
EFEMP1,pseudobulk_variable
EFEMP2,pseudobulk_variable
EFHC1,pseudobulk_variable
EFHD2,pseudobulk_variable
EFNA1,pseudobulk_variable
EFNB2,pseudobulk_variable
EFR3A,pseudobulk_variable
EGFR,pseudobulk_variable
EGLN2,pseudobulk_variable
EGLN3,pseudobulk_variable
EGR1,pseudobulk_variable
EGR2,pseudobulk_variable
EGR3,pseudobulk_variable
EHBP1,pseudobulk_variable
EHD1,pseudobulk_variable
EHD4,pseudobulk_variable
EHF,pseudobulk_variable
EI24,pseudobulk_variable
EID1,pseudobulk_variable
EIF1AX,pseudobulk_variable
EIF1B,pseudobulk_variable
EIF2A,pseudobulk_variable
EIF2AK1,pseudobulk_variable
EIF2AK2,pseudobulk_variable
EIF2AK3,pseudobulk_variable
EIF2AK4,pseudobulk_variable
EIF2B4,pseudobulk_variable
EIF2B5,pseudobulk_variable
EIF2S1,pseudobulk_variable
EIF2S2,pseudobulk_variable
EIF2S3,pseudobulk_variable
EIF3A,pseudobulk_variable
EIF3B,pseudobulk_variable
EIF3D,pseudobulk_variable
EIF3H,pseudobulk_variable
EIF3J,pseudobulk_variable
EIF4A1,pseudobulk_variable
EIF4A3,pseudobulk_variable
EIF4E,pseudobulk_variable
EIF4E2,pseudobulk_variable
EIF4EBP2,pseudobulk_variable
EIF4EBP3,pseudobulk_variable
EIF4G3,pseudobulk_variable
EIF4H,pseudobulk_variable
EIF5A,pseudobulk_variable
EIF5B,pseudobulk_variable
EIF6,pseudobulk_variable
ELF2,pseudobulk_variable
ELF3,pseudobulk_variable
ELF5,pseudobulk_variable
ELK4,pseudobulk_variable
ELL2,pseudobulk_variable
ELMSAN1,pseudobulk_variable
ELOA,pseudobulk_variable
ELOC,pseudobulk_variable
ELOVL5,pseudobulk_variable
ELP5,pseudobulk_variable
EMB,pseudobulk_variable
EMC10,pseudobulk_variable
EMC2,pseudobulk_variable
EMC3,pseudobulk_variable
EMC4,pseudobulk_variable
EMC6,pseudobulk_variable
EMC7,pseudobulk_variable
EMCN,required
EMD,pseudobulk_variable
EMG1,pseudobulk_variable
EML2,pseudobulk_variable
EML4,pseudobulk_variable
EMP1,pseudobulk_variable
EMP2,pseudobulk_variable
EMP3,pseudobulk_variable
ENAH,pseudobulk_variable
ENC1,pseudobulk_variable
ENDOD1,pseudobulk_variable
ENDOG,pseudobulk_variable
ENKUR,pseudobulk_variable
ENOSF1,pseudobulk_variable
ENPP4,pseudobulk_variable
ENSA,pseudobulk_variable
ENTPD5,pseudobulk_variable
ENY2,pseudobulk_variable
EP300,pseudobulk_variable
EPAS1,pseudobulk_variable
EPB41L1,pseudobulk_variable
EPB41L2,pseudobulk_variable
EPB41L4A-AS1,pseudobulk_variable
EPC1,pseudobulk_variable
EPCAM,required
EPHA2,pseudobulk_variable
EPHA4,pseudobulk_variable
EPHX1,pseudobulk_variable
EPN3,pseudobulk_variable
EPRS,pseudobulk_variable
EPS8,pseudobulk_variable
EPS8L1,pseudobulk_variable
ERAP2,pseudobulk_variable
ERBB2,pseudobulk_variable
ERBB3,pseudobulk_variable
ERBIN,pseudobulk_variable
ERC1,pseudobulk_variable
ERCC5,pseudobulk_variable
ERF,pseudobulk_variable
ERG28,pseudobulk_variable
ERGIC2,pseudobulk_variable
ERGIC3,pseudobulk_variable
ERH,pseudobulk_variable
ERICH1,pseudobulk_variable
ERLEC1,pseudobulk_variable
ERN2,pseudobulk_variable
ERO1A,pseudobulk_variable
ERO1B,pseudobulk_variable
ERP29,pseudobulk_variable
ERP44,pseudobulk_variable
ERRFI1,pseudobulk_variable
ERVK3-1,pseudobulk_variable
ESCO1,pseudobulk_variable
ESD,pseudobulk_variable
ESF1,pseudobulk_variable
ESRP1,pseudobulk_variable
ESRRA,pseudobulk_variable
ESYT2,pseudobulk_variable
ETF1,pseudobulk_variable
ETFA,pseudobulk_variable
ETFB,pseudobulk_variable
ETHE1,pseudobulk_variable
ETS1,pseudobulk_variable
ETS2,pseudobulk_variable
ETV3,pseudobulk_variable
ETV6,pseudobulk_variable
EVA1C,pseudobulk_variable
EWSR1,pseudobulk_variable
EXOC1,pseudobulk_variable
EXOC3,pseudobulk_variable
EXOC4,pseudobulk_variable
EXOC7,pseudobulk_variable
EXOSC7,pseudobulk_variable
EXPH5,pseudobulk_variable
EYA1,pseudobulk_variable
EYA2,pseudobulk_variable
EYA4,pseudobulk_variable
EZH2,pseudobulk_variable
F11R,pseudobulk_variable
F2RL1,pseudobulk_variable
F3,pseudobulk_variable
F5,required
FAAP20,pseudobulk_variable
FABP5,pseudobulk_variable
FAF2,pseudobulk_variable
FAIM,pseudobulk_variable
FAM102A,pseudobulk_variable
FAM104B,pseudobulk_variable
FAM107A,pseudobulk_variable
FAM107B,pseudobulk_variable
FAM110C,pseudobulk_variable
FAM114A1,pseudobulk_variable
FAM118A,pseudobulk_variable
FAM120A,pseudobulk_variable
FAM120AOS,pseudobulk_variable
FAM133B,pseudobulk_variable
FAM13B,pseudobulk_variable
FAM162A,pseudobulk_variable
FAM174A,pseudobulk_variable
FAM177A1,pseudobulk_variable
FAM183A,pseudobulk_variable
FAM192A,pseudobulk_variable
FAM200B,pseudobulk_variable
FAM204A,pseudobulk_variable
FAM210B,pseudobulk_variable
FAM214A,pseudobulk_variable
FAM229B,pseudobulk_variable
FAM32A,pseudobulk_variable
FAM3B,pseudobulk_variable
FAM3C,pseudobulk_variable
FAM3D,pseudobulk_variable
FAM43A,pseudobulk_variable
FAM49B,pseudobulk_variable
FAM53B,pseudobulk_variable
FAM53C,pseudobulk_variable
FAM83D,pseudobulk_variable
FAM83G,pseudobulk_variable
FAM98B,pseudobulk_variable
FANK1,pseudobulk_variable
FARP1,pseudobulk_variable
FAS,pseudobulk_variable
FASTK,pseudobulk_variable
FASTKD2,pseudobulk_variable
FAT1,pseudobulk_variable
FAT2,pseudobulk_variable
FBL,pseudobulk_variable
FBLN1,pseudobulk_variable
FBP1,pseudobulk_variable
FBXL3,pseudobulk_variable
FBXL5,pseudobulk_variable
FBXO11,pseudobulk_variable
FBXO16,pseudobulk_variable
FBXO2,pseudobulk_variable
FBXO21,pseudobulk_variable
FBXO25,pseudobulk_variable
FBXO32,pseudobulk_variable
FBXO33,pseudobulk_variable
FBXO7,pseudobulk_variable
FBXO9,pseudobulk_variable
FBXW11,pseudobulk_variable
FBXW2,pseudobulk_variable
FBXW4,pseudobulk_variable
FBXW7,pseudobulk_variable
FCGBP,required
FCGRT,pseudobulk_variable
FDFT1,pseudobulk_variable
FDPS,pseudobulk_variable
FDX1,pseudobulk_variable
FEM1B,pseudobulk_variable
FER1L6,pseudobulk_variable
FERMT2,pseudobulk_variable
FEZ2,pseudobulk_variable
FGD5-AS1,pseudobulk_variable
FGFBP1,pseudobulk_variable
FGFR1,pseudobulk_variable
FGFR1OP2,pseudobulk_variable
FGFR2,pseudobulk_variable
FGFR3,pseudobulk_variable
FGGY,pseudobulk_variable
FH,pseudobulk_variable
FHAD1,pseudobulk_variable
FHL2,pseudobulk_variable
FIBP,pseudobulk_variable
FILIP1L,pseudobulk_variable
FIP1L1,pseudobulk_variable
FIS1,pseudobulk_variable
FKBP11,pseudobulk_variable
FKBP1A,pseudobulk_variable
FKBP2,pseudobulk_variable
FKBP3,pseudobulk_variable
FKBP4,pseudobulk_variable
FKBP5,pseudobulk_variable
FKBP8,pseudobulk_variable
FKBP9,pseudobulk_variable
FLII,pseudobulk_variable
FLNA,pseudobulk_variable
FLNB,pseudobulk_variable
FLOT2,pseudobulk_variable
FLRT3,pseudobulk_variable
FLYWCH2,pseudobulk_variable
FMC1,pseudobulk_variable
FMNL2,pseudobulk_variable
FMO2,pseudobulk_variable
FMO3,pseudobulk_variable
FMOD,pseudobulk_variable
FMR1,pseudobulk_variable
FN1,pseudobulk_variable
FNBP1,pseudobulk_variable
FNBP1L,pseudobulk_variable
FNBP4,pseudobulk_variable
FNDC3B,pseudobulk_variable
FNIP2,pseudobulk_variable
FOLR1,pseudobulk_variable
FOS,pseudobulk_variable
FOSB,pseudobulk_variable
FOSL1,pseudobulk_variable
FOSL2,pseudobulk_variable
FOXA1,pseudobulk_variable
FOXA3,pseudobulk_variable
FOXC1,pseudobulk_variable
FOXE1,pseudobulk_variable
FOXG1,pseudobulk_variable
FOXJ1,required
FOXJ3,pseudobulk_variable
FOXN3,pseudobulk_variable
FOXO1,pseudobulk_variable
FOXO3,pseudobulk_variable
FOXP1,pseudobulk_variable
FOXQ1,pseudobulk_variable
FP565260.2,pseudobulk_variable
FRA10AC1,pseudobulk_variable
FRAT2,pseudobulk_variable
FRG1,pseudobulk_variable
FRMD4B,pseudobulk_variable
FRMD6,pseudobulk_variable
FRMD8,pseudobulk_variable
FRYL,pseudobulk_variable
FSCN1,pseudobulk_variable
FSCN3,pseudobulk_variable
FST,pseudobulk_variable
FSTL1,pseudobulk_variable
FTSJ3,pseudobulk_variable
FUBP1,pseudobulk_variable
FUCA1,pseudobulk_variable
FUCA2,pseudobulk_variable
FUNDC2,pseudobulk_variable
FURIN,pseudobulk_variable
FUT2,pseudobulk_variable
FUT3,pseudobulk_variable
FUT6,pseudobulk_variable
FXR1,pseudobulk_variable
FXYD3,pseudobulk_variable
FXYD5,pseudobulk_variable
FYB1,pseudobulk_variable
FYTTD1,pseudobulk_variable
FZD3,pseudobulk_variable
FZD6,pseudobulk_variable
FZD8,pseudobulk_variable
G0S2,pseudobulk_variable
G3BP1,pseudobulk_variable
GAA,pseudobulk_variable
GABARAP,pseudobulk_variable
GABARAPL1,pseudobulk_variable
GABARAPL2,pseudobulk_variable
GABBR1,pseudobulk_variable
GABPB1-AS1,pseudobulk_variable
GABPB2,pseudobulk_variable
GABRP,pseudobulk_variable
GADD45A,pseudobulk_variable
GADD45B,pseudobulk_variable
GADD45G,pseudobulk_variable
GADD45GIP1,pseudobulk_variable
GAK,pseudobulk_variable
GALE,pseudobulk_variable
GALNT1,pseudobulk_variable
GALNT12,pseudobulk_variable
GALNT2,pseudobulk_variable
GALNT3,pseudobulk_variable
GALNT4,pseudobulk_variable
GALNT5,pseudobulk_variable
GALNT6,pseudobulk_variable
GALNT7,pseudobulk_variable
GANAB,pseudobulk_variable
GAPVD1,pseudobulk_variable
GAR1,pseudobulk_variable
GARS,pseudobulk_variable
GART,pseudobulk_variable
GATA2,pseudobulk_variable
GATA3,pseudobulk_variable
GATAD1,pseudobulk_variable
GATAD2A,pseudobulk_variable
GATD3B,pseudobulk_variable
GBP1,pseudobulk_variable
GBP2,pseudobulk_variable
GBP3,pseudobulk_variable
GCC1,pseudobulk_variable
GCC2,pseudobulk_variable
GCH1,pseudobulk_variable
GCHFR,pseudobulk_variable
GCLC,pseudobulk_variable
GCLM,pseudobulk_variable
GCNT2,pseudobulk_variable
GCNT3,pseudobulk_variable
GCSH,pseudobulk_variable
GDE1,pseudobulk_variable
GDF15,pseudobulk_variable
GDI1,pseudobulk_variable
GDI2,pseudobulk_variable
GEM,pseudobulk_variable
GET4,pseudobulk_variable
GFPT1,pseudobulk_variable
GGA1,pseudobulk_variable
GGA2,pseudobulk_variable
GGCT,pseudobulk_variable
GGCX,pseudobulk_variable
GGNBP2,pseudobulk_variable
GGPS1,pseudobulk_variable
GGT1,pseudobulk_variable
GGT6,pseudobulk_variable
GGT7,pseudobulk_variable
GHITM,pseudobulk_variable
GIGYF2,pseudobulk_variable
GINM1,pseudobulk_variable
GIPC1,pseudobulk_variable
GJB1,pseudobulk_variable
GJB2,pseudobulk_variable
GJB3,pseudobulk_variable
GJB5,pseudobulk_variable
GJC3,required
GK,pseudobulk_variable
GK5,pseudobulk_variable
GLA,pseudobulk_variable
GLIPR1,pseudobulk_variable
GLIPR2,pseudobulk_variable
GLIS3,pseudobulk_variable
GLO1,pseudobulk_variable
GLRX,pseudobulk_variable
GLRX3,pseudobulk_variable
GLRX5,pseudobulk_variable
GLS,pseudobulk_variable
GLTP,pseudobulk_variable
GLUD1,pseudobulk_variable
GLUL,pseudobulk_variable
GLYR1,pseudobulk_variable
GM2A,pseudobulk_variable
GMCL1,pseudobulk_variable
GMDS,pseudobulk_variable
GMFG,pseudobulk_variable
GMPPB,pseudobulk_variable
GMPR2,pseudobulk_variable
GNA11,pseudobulk_variable
GNA13,pseudobulk_variable
GNA15,pseudobulk_variable
GNAI2,pseudobulk_variable
GNAI3,pseudobulk_variable
GNAL,pseudobulk_variable
GNAQ,pseudobulk_variable
GNB1,pseudobulk_variable
GNE,pseudobulk_variable
GNG10,pseudobulk_variable
GNG12,pseudobulk_variable
GNG5,pseudobulk_variable
GNL1,pseudobulk_variable
GNL2,pseudobulk_variable
GNL3,pseudobulk_variable
GNPDA1,pseudobulk_variable
GNPNAT1,pseudobulk_variable
GNPTAB,pseudobulk_variable
GNPTG,pseudobulk_variable
GNS,pseudobulk_variable
GOLGA2,pseudobulk_variable
GOLGA3,pseudobulk_variable
GOLGA4,pseudobulk_variable
GOLGA7,pseudobulk_variable
GOLGA8A,pseudobulk_variable
GOLGA8B,pseudobulk_variable
GOLGB1,pseudobulk_variable
GOLIM4,pseudobulk_variable
GOLM1,pseudobulk_variable
GOLPH3,pseudobulk_variable
GOLPH3L,pseudobulk_variable
GON7,pseudobulk_variable
GOPC,pseudobulk_variable
GORASP1,pseudobulk_variable
GORASP2,pseudobulk_variable
GOSR1,pseudobulk_variable
GOT1,pseudobulk_variable
GOT2,pseudobulk_variable
GPAA1,pseudobulk_variable
GPAT4,pseudobulk_variable
GPATCH4,pseudobulk_variable
GPATCH8,pseudobulk_variable
GPC1,pseudobulk_variable
GPCPD1,pseudobulk_variable
GPD2,pseudobulk_variable
GPI,pseudobulk_variable
GPNMB,pseudobulk_variable
GPR107,pseudobulk_variable
GPR108,pseudobulk_variable
GPR155,pseudobulk_variable
GPR183,pseudobulk_variable
GPR87,pseudobulk_variable
GPRC5A,pseudobulk_variable
GPRC5B,pseudobulk_variable
GPRC5C,pseudobulk_variable
GPT2,pseudobulk_variable
GPX2,pseudobulk_variable
GPX3,pseudobulk_variable
GPX4,pseudobulk_variable
GRAMD2B,pseudobulk_variable
GRASP,pseudobulk_variable
GRB2,pseudobulk_variable
GRHL1,pseudobulk_variable
GRHPR,pseudobulk_variable
GRIA2,required
GRINA,pseudobulk_variable
GRN,pseudobulk_variable
GRPEL1,pseudobulk_variable
GRSF1,pseudobulk_variable
GSDMD,pseudobulk_variable
GSN,pseudobulk_variable
GSPT1,pseudobulk_variable
GSR,pseudobulk_variable
GSS,pseudobulk_variable
GSTA1,pseudobulk_variable
GSTA4,pseudobulk_variable
GSTM3,pseudobulk_variable
GSTO1,pseudobulk_variable
GSTP1,pseudobulk_variable
GSTZ1,pseudobulk_variable
GTF2A2,pseudobulk_variable
GTF2B,pseudobulk_variable
GTF2E2,pseudobulk_variable
GTF2F1,pseudobulk_variable
GTF2F2,pseudobulk_variable
GTF2H1,pseudobulk_variable
GTF2H5,pseudobulk_variable
GTF2I,pseudobulk_variable
GTF3A,pseudobulk_variable
GTF3C6,pseudobulk_variable
GTPBP4,pseudobulk_variable
GUK1,pseudobulk_variable
GUSB,pseudobulk_variable
GYPC,pseudobulk_variable
GZMB,pseudobulk_variable
H1F0,pseudobulk_variable
H1FX,pseudobulk_variable
H2AFJ,pseudobulk_variable
H2AFX,pseudobulk_variable
H2AFY,pseudobulk_variable
H2AFZ,pseudobulk_variable
H6PD,pseudobulk_variable
HACD3,pseudobulk_variable
HADH,pseudobulk_variable
HADHA,pseudobulk_variable
HADHB,pseudobulk_variable
HAS3,pseudobulk_variable
HAUS4,pseudobulk_variable
HAX1,pseudobulk_variable
HBB,pseudobulk_variable
HBEGF,pseudobulk_variable
HBP1,pseudobulk_variable
HCAR2,pseudobulk_variable
HCAR3,pseudobulk_variable
HCG18,pseudobulk_variable
HCLS1,pseudobulk_variable
HCST,pseudobulk_variable
HDAC1,pseudobulk_variable
HDAC2,pseudobulk_variable
HDAC7,pseudobulk_variable
HDDC2,pseudobulk_variable
HDGF,pseudobulk_variable
HDGFL3,pseudobulk_variable
HDLBP,pseudobulk_variable
HEBP2,pseudobulk_variable
HECA,pseudobulk_variable
HECTD1,pseudobulk_variable
HELZ,pseudobulk_variable
HEPACAM2,pseudobulk_variable
HERC1,pseudobulk_variable
HERC2,pseudobulk_variable
HERPUD2,pseudobulk_variable
HES1,pseudobulk_variable
HES4,pseudobulk_variable
HES6,pseudobulk_variable
HEXA,pseudobulk_variable
HEXB,pseudobulk_variable
HEXIM1,pseudobulk_variable
HEY1,pseudobulk_variable
HIBCH,pseudobulk_variable
HIF1A,pseudobulk_variable
HIGD1A,pseudobulk_variable
HIGD2A,pseudobulk_variable
HIKESHI,pseudobulk_variable
HINT2,pseudobulk_variable
HINT3,pseudobulk_variable
HIPK1,pseudobulk_variable
HIPK2,pseudobulk_variable
HIPK3,pseudobulk_variable
HIST1H1C,pseudobulk_variable
HIST1H2AC,pseudobulk_variable
HIST1H2BD,pseudobulk_variable
HIST1H2BG,pseudobulk_variable
HIST1H4C,pseudobulk_variable
HIVEP2,pseudobulk_variable
HK1,pseudobulk_variable
HK2,pseudobulk_variable
HLA-DMA,pseudobulk_variable
HLA-DMB,pseudobulk_variable
HLA-DPA1,pseudobulk_variable
HLA-DPB1,pseudobulk_variable
HLA-DQA1,pseudobulk_variable
HLA-DQB1,pseudobulk_variable
HLA-DRA,pseudobulk_variable
HLA-DRB1,pseudobulk_variable
HLA-DRB5,pseudobulk_variable
HLA-F,pseudobulk_variable
HLF,pseudobulk_variable
HM13,pseudobulk_variable
HMCES,pseudobulk_variable
HMGA1,pseudobulk_variable
HMGB2,pseudobulk_variable
HMGB3,pseudobulk_variable
HMGCS1,pseudobulk_variable
HMGN3,pseudobulk_variable
HMGN4,pseudobulk_variable
HMGN5,pseudobulk_variable
HMOX1,pseudobulk_variable
HNMT,pseudobulk_variable
HNRNPA0,pseudobulk_variable
HNRNPA1P48,pseudobulk_variable
HNRNPA3,pseudobulk_variable
HNRNPAB,pseudobulk_variable
HNRNPD,pseudobulk_variable
HNRNPF,pseudobulk_variable
HNRNPH2,pseudobulk_variable
HNRNPH3,pseudobulk_variable
HNRNPL,pseudobulk_variable
HNRNPM,pseudobulk_variable
HNRNPR,pseudobulk_variable
HNRNPUL1,pseudobulk_variable
HNRNPUL2,pseudobulk_variable
HNRNPUL2-BSCL2,pseudobulk_variable
HOMER1,pseudobulk_variable
HOMER2,pseudobulk_variable
HOMER3,pseudobulk_variable
HOOK1,pseudobulk_variable
HOOK2,pseudobulk_variable
HOOK3,pseudobulk_variable
HP,required
HP1BP3,pseudobulk_variable
HPGD,pseudobulk_variable
HPS5,pseudobulk_variable
HRAS,pseudobulk_variable
HS3ST1,pseudobulk_variable
HS6ST1,pseudobulk_variable
HSBP1,pseudobulk_variable
HSBP1L1,pseudobulk_variable
HSD17B10,pseudobulk_variable
HSD17B11,pseudobulk_variable
HSD17B12,pseudobulk_variable
HSD17B2,pseudobulk_variable
HSD17B4,pseudobulk_variable
HSD17B8,pseudobulk_variable
HSDL2,pseudobulk_variable
HSPA14,pseudobulk_variable
HSPA1A,pseudobulk_variable
HSPA1B,pseudobulk_variable
HSPA2,pseudobulk_variable
HSPA4,pseudobulk_variable
HSPA4L,pseudobulk_variable
HSPA5,pseudobulk_variable
HSPA6,pseudobulk_variable
HSPA9,pseudobulk_variable
HSPB1,pseudobulk_variable
HSPB11,pseudobulk_variable
HSPB8,pseudobulk_variable
HSPD1,pseudobulk_variable
HSPE1-MOB4,pseudobulk_variable
HSPG2,pseudobulk_variable
HSPH1,pseudobulk_variable
HTATIP2,pseudobulk_variable
HTATSF1,pseudobulk_variable
HTD2,pseudobulk_variable
HTRA1,pseudobulk_variable
HUWE1,pseudobulk_variable
HYPK,pseudobulk_variable
IARS,pseudobulk_variable
IARS2,pseudobulk_variable
IBTK,pseudobulk_variable
ICA1,pseudobulk_variable
ICAM1,pseudobulk_variable
ICE1,pseudobulk_variable
ICK,pseudobulk_variable
ICMT,pseudobulk_variable
ID1,pseudobulk_variable
ID2,pseudobulk_variable
ID3,pseudobulk_variable
ID4,pseudobulk_variable
IDH1,pseudobulk_variable
IDH2,pseudobulk_variable
IDI1,pseudobulk_variable
IDO1,pseudobulk_variable
IDS,pseudobulk_variable
IER3,pseudobulk_variable
IER3-AS1,pseudobulk_variable
IER3IP1,pseudobulk_variable
IER5,pseudobulk_variable
IER5L,pseudobulk_variable
IFFO2,pseudobulk_variable
IFI16,pseudobulk_variable
IFI27,pseudobulk_variable
IFI27L2,pseudobulk_variable
IFI30,pseudobulk_variable
IFI44,pseudobulk_variable
IFI44L,pseudobulk_variable
IFI6,pseudobulk_variable
IFIH1,pseudobulk_variable
IFIT3,pseudobulk_variable
IFITM1,pseudobulk_variable
IFITM2,pseudobulk_variable
IFITM3,pseudobulk_variable
IFNAR1,pseudobulk_variable
IFNGR1,pseudobulk_variable
IFNGR2,pseudobulk_variable
IFRD1,pseudobulk_variable
IFT172,pseudobulk_variable
IFT20,pseudobulk_variable
IFT22,pseudobulk_variable
IFT27,pseudobulk_variable
IFT43,pseudobulk_variable
IFT57,pseudobulk_variable
IFT74,pseudobulk_variable
IFT81,pseudobulk_variable
IFT88,required
IK,pseudobulk_variable
IKZF2,pseudobulk_variable
IL10RB,pseudobulk_variable
IL13RA1,pseudobulk_variable
IL18,pseudobulk_variable
IL1R1,pseudobulk_variable
IL1RN,pseudobulk_variable
IL20RA,pseudobulk_variable
IL20RB,pseudobulk_variable
IL2RB,pseudobulk_variable
IL32,pseudobulk_variable
IL33,pseudobulk_variable
IL4R,pseudobulk_variable
IL6,pseudobulk_variable
IL6R,pseudobulk_variable
IL6ST,pseudobulk_variable
IL7R,pseudobulk_variable
ILF2,pseudobulk_variable
ILF3,pseudobulk_variable
ILF3-DT,pseudobulk_variable
ILVBL,pseudobulk_variable
IMMP1L,pseudobulk_variable
IMMT,pseudobulk_variable
IMP3,pseudobulk_variable
IMP4,pseudobulk_variable
IMPA2,pseudobulk_variable
IMPAD1,pseudobulk_variable
IMPDH2,pseudobulk_variable
INAVA,pseudobulk_variable
ING1,pseudobulk_variable
ING2,pseudobulk_variable
INO80B-WBP1,pseudobulk_variable
INPP1,pseudobulk_variable
INPPL1,pseudobulk_variable
INSIG1,pseudobulk_variable
INSR,pseudobulk_variable
INTS6,pseudobulk_variable
IP6K2,pseudobulk_variable
IPO5,pseudobulk_variable
IPO7,pseudobulk_variable
IQCA1,pseudobulk_variable
IQCG,pseudobulk_variable
IQGAP2,pseudobulk_variable
IRAK1,pseudobulk_variable
IRF1,pseudobulk_variable
IRF2,pseudobulk_variable
IRF2BP2,pseudobulk_variable
IRF2BPL,pseudobulk_variable
IRF3,pseudobulk_variable
IRF6,pseudobulk_variable
IRF7,pseudobulk_variable
IRF8,pseudobulk_variable
IRF9,pseudobulk_variable
IRS2,pseudobulk_variable
IRX2,pseudobulk_variable
IRX3,pseudobulk_variable
ISCA1,pseudobulk_variable
ISCA2,pseudobulk_variable
ISCU,pseudobulk_variable
ISG15,pseudobulk_variable
ISG20,pseudobulk_variable
ISG20L2,pseudobulk_variable
ISL1,pseudobulk_variable
ISOC2,pseudobulk_variable
IST1,pseudobulk_variable
ISY1,pseudobulk_variable
ISY1-RAB43,pseudobulk_variable
ISYNA1,pseudobulk_variable
ITCH,pseudobulk_variable
ITFG1,pseudobulk_variable
ITGA2,pseudobulk_variable
ITGA6,pseudobulk_variable
ITGAV,pseudobulk_variable
ITGB1,pseudobulk_variable
ITGB1BP1,pseudobulk_variable
ITGB2,pseudobulk_variable
ITGB4,pseudobulk_variable
ITGB5,pseudobulk_variable
ITGB8,pseudobulk_variable
ITLN1,pseudobulk_variable
ITM2A,pseudobulk_variable
ITM2B,pseudobulk_variable
ITM2C,pseudobulk_variable
ITPA,pseudobulk_variable
ITPKC,pseudobulk_variable
ITPR2,pseudobulk_variable
ITPR3,pseudobulk_variable
ITPRIPL2,pseudobulk_variable
ITSN1,pseudobulk_variable
ITSN2,pseudobulk_variable
IVD,pseudobulk_variable
IVNS1ABP,pseudobulk_variable
IWS1,pseudobulk_variable
JADE1,pseudobulk_variable
JAG1,pseudobulk_variable
JAG2,pseudobulk_variable
JAK1,pseudobulk_variable
JARID2,pseudobulk_variable
JCHAIN,pseudobulk_variable
JDP2,pseudobulk_variable
JKAMP,pseudobulk_variable
JMJD1C,pseudobulk_variable
JMJD6,pseudobulk_variable
JMJD7,pseudobulk_variable
JMJD7-PLA2G4B,pseudobulk_variable
JMY,pseudobulk_variable
JOSD1,pseudobulk_variable
JOSD2,pseudobulk_variable
JPT1,pseudobulk_variable
JPT2,pseudobulk_variable
JPX,pseudobulk_variable
JTB,pseudobulk_variable
JUN,pseudobulk_variable
JUP,pseudobulk_variable
KANSL1,pseudobulk_variable
KANSL2,pseudobulk_variable
KANSL3,pseudobulk_variable
KARS,pseudobulk_variable
KAT6A,pseudobulk_variable
KAT6B,pseudobulk_variable
KATNBL1,pseudobulk_variable
KAZN,pseudobulk_variable
KBTBD2,pseudobulk_variable
KCMF1,pseudobulk_variable
KCNE3,pseudobulk_variable
KCNK1,pseudobulk_variable
KCNK6,pseudobulk_variable
KCNMA1,required
KCNN4,required
KCNQ1OT1,pseudobulk_variable
KCTD1,pseudobulk_variable
KCTD11,pseudobulk_variable
KCTD12,pseudobulk_variable
KCTD9,pseudobulk_variable
KDELR1,pseudobulk_variable
KDELR2,pseudobulk_variable
KDELR3,pseudobulk_variable
KDM1A,pseudobulk_variable
KDM2A,pseudobulk_variable
KDM3A,pseudobulk_variable
KDM3B,pseudobulk_variable
KDM4A,pseudobulk_variable
KDM5A,pseudobulk_variable
KDM5B,pseudobulk_variable
KDM6A,pseudobulk_variable
KDM6B,pseudobulk_variable
KDM7A,pseudobulk_variable
KDR,required
KDSR,pseudobulk_variable
KEAP1,pseudobulk_variable
KHSRP,pseudobulk_variable
KIAA0040,pseudobulk_variable
KIAA0100,pseudobulk_variable
KIAA0232,pseudobulk_variable
KIAA0319L,pseudobulk_variable
KIAA0930,pseudobulk_variable
KIAA1109,pseudobulk_variable
KIAA1143,pseudobulk_variable
KIAA1191,pseudobulk_variable
KIAA1211L,pseudobulk_variable
KIAA1217,pseudobulk_variable
KIAA1324,pseudobulk_variable
KIAA1522,pseudobulk_variable
KIAA1671,pseudobulk_variable
KIAA2013,pseudobulk_variable
KIAA2026,pseudobulk_variable
KIDINS220,pseudobulk_variable
KIF13B,pseudobulk_variable
KIF16B,pseudobulk_variable
KIF1B,pseudobulk_variable
KIF1C,pseudobulk_variable
KIF21A,pseudobulk_variable
KIF2A,pseudobulk_variable
KIF3B,pseudobulk_variable
KIF5B,pseudobulk_variable
KIF9,pseudobulk_variable
KIN,pseudobulk_variable
KIT,pseudobulk_variable
KITLG,pseudobulk_variable
KLC1,pseudobulk_variable
KLF10,pseudobulk_variable
KLF16,pseudobulk_variable
KLF2,pseudobulk_variable
KLF3,required
KLF4,pseudobulk_variable
KLF5,pseudobulk_variable
KLF6,pseudobulk_variable
KLF9,pseudobulk_variable
KLHDC10,pseudobulk_variable
KLHDC2,pseudobulk_variable
KLHL15,pseudobulk_variable
KLHL21,pseudobulk_variable
KLHL24,pseudobulk_variable
KLHL36,pseudobulk_variable
KLK11,pseudobulk_variable
KLRB1,pseudobulk_variable
KMT2A,pseudobulk_variable
KMT2C,pseudobulk_variable
KMT2E,pseudobulk_variable
KMT5B,pseudobulk_variable
KNOP1,pseudobulk_variable
KPNA2,pseudobulk_variable
KPNA3,pseudobulk_variable
KPNA4,pseudobulk_variable
KPNA6,pseudobulk_variable
KPNB1,pseudobulk_variable
KRAS,pseudobulk_variable
KRCC1,pseudobulk_variable
KREMEN1,pseudobulk_variable
KRI1,pseudobulk_variable
KRIT1,pseudobulk_variable
KRR1,pseudobulk_variable
KRT10,pseudobulk_variable
KRT13,required
KRT14,required
KRT15,pseudobulk_variable
KRT16,required
KRT17,required
KRT18,required
KRT19,required
KRT23,pseudobulk_variable
KRT4,required
KRT5,required
KRT6A,pseudobulk_variable
KRT6B,pseudobulk_variable
KRT7,pseudobulk_variable
KRT8,required
KRTCAP2,pseudobulk_variable
KRTCAP3,pseudobulk_variable
KXD1,pseudobulk_variable
LAD1,pseudobulk_variable
LAGE3,pseudobulk_variable
LAMA3,pseudobulk_variable
LAMA5,pseudobulk_variable
LAMB1,pseudobulk_variable
LAMB2,pseudobulk_variable
LAMB3,pseudobulk_variable
LAMC1,pseudobulk_variable
LAMC2,pseudobulk_variable
LAMP1,pseudobulk_variable
LAMP2,pseudobulk_variable
LAMTOR1,pseudobulk_variable
LAMTOR2,pseudobulk_variable
LAMTOR3,pseudobulk_variable
LAMTOR5,pseudobulk_variable
LAP3,pseudobulk_variable
LAPTM4B,pseudobulk_variable
LAPTM5,pseudobulk_variable
LARP1,pseudobulk_variable
LARP1B,pseudobulk_variable
LARP4,pseudobulk_variable
LARP4B,pseudobulk_variable
LARP7,pseudobulk_variable
LARS,pseudobulk_variable
LASP1,pseudobulk_variable
LATS2,pseudobulk_variable
LAYN,pseudobulk_variable
LBH,pseudobulk_variable
LBHD1,pseudobulk_variable
LBR,pseudobulk_variable
LCA5,pseudobulk_variable
LCMT1,pseudobulk_variable
LCN2,pseudobulk_variable
LCOR,pseudobulk_variable
LCP1,pseudobulk_variable
LDHB,pseudobulk_variable
LDLR,pseudobulk_variable
LDLRAD1,pseudobulk_variable
LDLRAP1,pseudobulk_variable
LENG8,pseudobulk_variable
LEO1,pseudobulk_variable
LEPROT,pseudobulk_variable
LFNG,pseudobulk_variable
LGALS1,pseudobulk_variable
LGALS3,pseudobulk_variable
LGALS3BP,pseudobulk_variable
LGALS8,pseudobulk_variable
LGALS9,pseudobulk_variable
LGALSL,pseudobulk_variable
LGMN,pseudobulk_variable
LGR6,pseudobulk_variable
LIF,pseudobulk_variable
LIMA1,pseudobulk_variable
LIMCH1,pseudobulk_variable
LIMK2,pseudobulk_variable
LIMS1,pseudobulk_variable
LINC00342,pseudobulk_variable
LINC00511,pseudobulk_variable
LINC01133,pseudobulk_variable
LINC01829,required
LINC02185,pseudobulk_variable
LINC02562,pseudobulk_variable
LIPA,pseudobulk_variable
LIPH,pseudobulk_variable
LITAF,pseudobulk_variable
LLGL2,pseudobulk_variable
LLPH,pseudobulk_variable
LMAN1,pseudobulk_variable
LMCD1,pseudobulk_variable
LMNA,pseudobulk_variable
LMO4,pseudobulk_variable
LMO7,pseudobulk_variable
LNPEP,pseudobulk_variable
LONP2,pseudobulk_variable
LOX,pseudobulk_variable
LOXL4,pseudobulk_variable
LPAR3,pseudobulk_variable
LPAR6,pseudobulk_variable
LPGAT1,pseudobulk_variable
LPIN1,pseudobulk_variable
LPP,pseudobulk_variable
LRG1,pseudobulk_variable
LRIF1,pseudobulk_variable
LRIG1,pseudobulk_variable
LRIG3,pseudobulk_variable
LRP1,pseudobulk_variable
LRP10,pseudobulk_variable
LRP11,pseudobulk_variable
LRPAP1,pseudobulk_variable
LRPPRC,pseudobulk_variable
LRRC23,pseudobulk_variable
LRRC26,pseudobulk_variable
LRRC4,pseudobulk_variable
LRRC46,pseudobulk_variable
LRRC58,pseudobulk_variable
LRRC59,pseudobulk_variable
LRRC75A,pseudobulk_variable
LRRC8A,pseudobulk_variable
LRRC8B,pseudobulk_variable
LRRFIP1,pseudobulk_variable
LRRFIP2,pseudobulk_variable
LRRIQ1,pseudobulk_variable
LRRN1,pseudobulk_variable
LSAMP,pseudobulk_variable
LSG1,pseudobulk_variable
LSM1,pseudobulk_variable
LSM14A,pseudobulk_variable
LSM2,pseudobulk_variable
LSM3,pseudobulk_variable
LSM4,pseudobulk_variable
LSM5,pseudobulk_variable
LSM6,pseudobulk_variable
LSM7,pseudobulk_variable
LSM8,pseudobulk_variable
LSP1,pseudobulk_variable
LSR,pseudobulk_variable
LST1,required
LTA4H,pseudobulk_variable
LTB,pseudobulk_variable
LTB4R,pseudobulk_variable
LTBP3,pseudobulk_variable
LTBR,pseudobulk_variable
LTF,required
LTV1,pseudobulk_variable
LUC7L,pseudobulk_variable
LUC7L2,pseudobulk_variable
LUM,required
LURAP1L,pseudobulk_variable
LUZP1,pseudobulk_variable
LXN,pseudobulk_variable
LY6D,pseudobulk_variable
LY6E,pseudobulk_variable
LYAR,pseudobulk_variable
LYN,pseudobulk_variable
LYPD3,pseudobulk_variable
LYPD6B,pseudobulk_variable
LYPLA1,pseudobulk_variable
LYPLA2,pseudobulk_variable
LYRM2,pseudobulk_variable
LYZ,required
LZIC,pseudobulk_variable
M6PR,pseudobulk_variable
MACC1,pseudobulk_variable
MACF1,pseudobulk_variable
MACO1,pseudobulk_variable
MAF,pseudobulk_variable
MAFB,pseudobulk_variable
MAFF,pseudobulk_variable
MAFG,pseudobulk_variable
MAGED1,pseudobulk_variable
MAGED2,pseudobulk_variable
MAGEF1,pseudobulk_variable
MAGI3,pseudobulk_variable
MAGOH,pseudobulk_variable
MAGT1,pseudobulk_variable
MAL2,pseudobulk_variable
MALSU1,pseudobulk_variable
MAML2,pseudobulk_variable
MAN1A2,pseudobulk_variable
MAN2A1,pseudobulk_variable
MANBAL,pseudobulk_variable
MANF,pseudobulk_variable
MAOA,pseudobulk_variable
MAP1B,pseudobulk_variable
MAP1LC3B,pseudobulk_variable
MAP1LC3B2,pseudobulk_variable
MAP2K1,pseudobulk_variable
MAP2K2,pseudobulk_variable
MAP2K3,pseudobulk_variable
MAP2K4,pseudobulk_variable
MAP2K7,pseudobulk_variable
MAP3K11,pseudobulk_variable
MAP3K13,pseudobulk_variable
MAP3K2,pseudobulk_variable
MAP3K20,pseudobulk_variable
MAP3K5,pseudobulk_variable
MAP3K8,pseudobulk_variable
MAP4,pseudobulk_variable
MAP4K4,pseudobulk_variable
MAP4K5,pseudobulk_variable
MAP7,pseudobulk_variable
MAP7D1,pseudobulk_variable
MAP9,pseudobulk_variable
MAPK1,pseudobulk_variable
MAPK10,pseudobulk_variable
MAPK13,pseudobulk_variable
MAPK1IP1L,pseudobulk_variable
MAPK3,pseudobulk_variable
MAPK6,pseudobulk_variable
MAPKAP1,pseudobulk_variable
MAPKAPK2,pseudobulk_variable
MAPRE1,pseudobulk_variable
MARCKS,pseudobulk_variable
MARCKSL1,pseudobulk_variable
MARF1,pseudobulk_variable
MARK3,pseudobulk_variable
MARVELD3,pseudobulk_variable
MAST4,pseudobulk_variable
MAT2A,pseudobulk_variable
MAT2B,pseudobulk_variable
MATR3,pseudobulk_variable
MAVS,pseudobulk_variable
MAX,pseudobulk_variable
MAZ,pseudobulk_variable
MB,pseudobulk_variable
MBD2,pseudobulk_variable
MBD6,pseudobulk_variable
MBNL1,pseudobulk_variable
MBNL2,pseudobulk_variable
MBOAT2,pseudobulk_variable
MBOAT7,pseudobulk_variable
MBP,pseudobulk_variable
MBTPS1,pseudobulk_variable
MCAM,pseudobulk_variable
MCC,pseudobulk_variable
MCFD2,pseudobulk_variable
MCL1,pseudobulk_variable
MCM7,pseudobulk_variable
MCMBP,pseudobulk_variable
MCTS1,pseudobulk_variable
MDFIC,pseudobulk_variable
MDH1,pseudobulk_variable
MDH2,pseudobulk_variable
MDK,pseudobulk_variable
MDM2,pseudobulk_variable
MDN1,pseudobulk_variable
MEA1,pseudobulk_variable
MEAF6,pseudobulk_variable
MECOM,pseudobulk_variable
MECP2,pseudobulk_variable
MED1,pseudobulk_variable
MED10,pseudobulk_variable
MED11,pseudobulk_variable
MED13,pseudobulk_variable
MED13L,pseudobulk_variable
MED24,pseudobulk_variable
MED29,pseudobulk_variable
MED4,pseudobulk_variable
MEF2D,pseudobulk_variable
MEIS1,pseudobulk_variable
MEIS2,pseudobulk_variable
MEPCE,pseudobulk_variable
MESD,pseudobulk_variable
MET,pseudobulk_variable
METAP1,pseudobulk_variable
METAP2,pseudobulk_variable
METRN,pseudobulk_variable
METRNL,pseudobulk_variable
METTL16,pseudobulk_variable
METTL23,pseudobulk_variable
METTL26,pseudobulk_variable
METTL5,pseudobulk_variable
METTL7A,pseudobulk_variable
METTL9,pseudobulk_variable
MEX3C,pseudobulk_variable
MFAP1,pseudobulk_variable
MFF,pseudobulk_variable
MFGE8,pseudobulk_variable
MFHAS1,pseudobulk_variable
MFN2,pseudobulk_variable
MFSD1,pseudobulk_variable
MFSD10,pseudobulk_variable
MFSD14A,pseudobulk_variable
MFSD2A,pseudobulk_variable
MFSD4A,pseudobulk_variable
MFSD6,pseudobulk_variable
MGAT1,pseudobulk_variable
MGAT4B,pseudobulk_variable
MGLL,pseudobulk_variable
MGMT,pseudobulk_variable
MGP,pseudobulk_variable
MGST1,pseudobulk_variable
MGST2,pseudobulk_variable
MGST3,pseudobulk_variable
MIA,pseudobulk_variable
MIA-RAB4B,pseudobulk_variable
MIA2,pseudobulk_variable
MIA3,pseudobulk_variable
MIB1,pseudobulk_variable
MICU2,pseudobulk_variable
MID1,pseudobulk_variable
MID1IP1,pseudobulk_variable
MIDN,pseudobulk_variable
MIEF1,pseudobulk_variable
MIEN1,pseudobulk_variable
MIER1,pseudobulk_variable
MIF,pseudobulk_variable
MINDY2,pseudobulk_variable
MIR200CHG,pseudobulk_variable
MIR222HG,pseudobulk_variable
MIR22HG,pseudobulk_variable
MIR4435-2HG,pseudobulk_variable
MIS18BP1,pseudobulk_variable
MISP,pseudobulk_variable
MITD1,pseudobulk_variable
MKKS,pseudobulk_variable
MKLN1,pseudobulk_variable
MKNK2,pseudobulk_variable
MKRN1,pseudobulk_variable
MLEC,pseudobulk_variable
MLF1,pseudobulk_variable
MLF2,pseudobulk_variable
MLLT10,pseudobulk_variable
MLPH,pseudobulk_variable
MLXIP,pseudobulk_variable
MMAB,pseudobulk_variable
MMADHC,pseudobulk_variable
MMP10,pseudobulk_variable
MMP24OS,pseudobulk_variable
MMP7,pseudobulk_variable
MNAT1,pseudobulk_variable
MNS1,pseudobulk_variable
MOAP1,pseudobulk_variable
MOB1A,pseudobulk_variable
MOB4,pseudobulk_variable
MOCS2,pseudobulk_variable
MOGS,pseudobulk_variable
MOK,pseudobulk_variable
MON1B,pseudobulk_variable
MORC3,pseudobulk_variable
MORF4L2,pseudobulk_variable
MORN2,pseudobulk_variable
MOV10,pseudobulk_variable
MPC1,pseudobulk_variable
MPC2,pseudobulk_variable
MPDU1,pseudobulk_variable
MPG,pseudobulk_variable
MPHOSPH10,pseudobulk_variable
MPHOSPH6,pseudobulk_variable
MPHOSPH8,pseudobulk_variable
MPLKIP,pseudobulk_variable
MPP5,pseudobulk_variable
MPST,pseudobulk_variable
MPV17L,pseudobulk_variable
MPZL1,pseudobulk_variable
MPZL2,pseudobulk_variable
MPZL3,pseudobulk_variable
MRFAP1L1,pseudobulk_variable
MRNIP,pseudobulk_variable
MROH7-TTC4,pseudobulk_variable
MRPL11,pseudobulk_variable
MRPL12,pseudobulk_variable
MRPL13,pseudobulk_variable
MRPL14,pseudobulk_variable
MRPL15,pseudobulk_variable
MRPL16,pseudobulk_variable
MRPL17,pseudobulk_variable
MRPL18,pseudobulk_variable
MRPL19,pseudobulk_variable
MRPL20,pseudobulk_variable
MRPL21,pseudobulk_variable
MRPL23,pseudobulk_variable
MRPL24,pseudobulk_variable
MRPL27,pseudobulk_variable
MRPL28,pseudobulk_variable
MRPL3,pseudobulk_variable
MRPL30,pseudobulk_variable
MRPL32,pseudobulk_variable
MRPL33,pseudobulk_variable
MRPL34,pseudobulk_variable
MRPL35,pseudobulk_variable
MRPL36,pseudobulk_variable
MRPL37,pseudobulk_variable
MRPL38,pseudobulk_variable
MRPL4,pseudobulk_variable
MRPL40,pseudobulk_variable
MRPL41,pseudobulk_variable
MRPL42,pseudobulk_variable
MRPL43,pseudobulk_variable
MRPL47,pseudobulk_variable
MRPL51,pseudobulk_variable
MRPL52,pseudobulk_variable
MRPL53,pseudobulk_variable
MRPL54,pseudobulk_variable
MRPL57,pseudobulk_variable
MRPL58,pseudobulk_variable
MRPS11,pseudobulk_variable
MRPS12,pseudobulk_variable
MRPS15,pseudobulk_variable
MRPS16,pseudobulk_variable
MRPS17,pseudobulk_variable
MRPS18A,pseudobulk_variable
MRPS18B,pseudobulk_variable
MRPS18C,pseudobulk_variable
MRPS21,pseudobulk_variable
MRPS22,pseudobulk_variable
MRPS24,pseudobulk_variable
MRPS25,pseudobulk_variable
MRPS26,pseudobulk_variable
MRPS28,pseudobulk_variable
MRPS30,pseudobulk_variable
MRPS31,pseudobulk_variable
MRPS33,pseudobulk_variable
MRPS34,pseudobulk_variable
MRPS35,pseudobulk_variable
MRPS36,pseudobulk_variable
MRPS5,pseudobulk_variable
MRPS6,pseudobulk_variable
MRPS7,pseudobulk_variable
MRTO4,pseudobulk_variable
MS4A1,required
MS4A2,pseudobulk_variable
MS4A8,pseudobulk_variable
MSH3,pseudobulk_variable
MSH6,pseudobulk_variable
MSI2,pseudobulk_variable
MSL1,pseudobulk_variable
MSLN,pseudobulk_variable
MSMB,pseudobulk_variable
MSMO1,pseudobulk_variable
MSN,pseudobulk_variable
MSRB2,pseudobulk_variable
MSX1,pseudobulk_variable
MT1E,pseudobulk_variable
MT1F,pseudobulk_variable
MT1G,pseudobulk_variable
MT1M,pseudobulk_variable
MT1X,pseudobulk_variable
MT2A,pseudobulk_variable
MT3,pseudobulk_variable
MTA1,pseudobulk_variable
MTAP,pseudobulk_variable
MTCH2,pseudobulk_variable
MTF1,pseudobulk_variable
MTF2,pseudobulk_variable
MTFP1,pseudobulk_variable
MTG1,pseudobulk_variable
MTHFD2,pseudobulk_variable
MTHFR,pseudobulk_variable
MTIF2,pseudobulk_variable
MTIF3,pseudobulk_variable
MTPN,pseudobulk_variable
MTREX,pseudobulk_variable
MTRF1L,pseudobulk_variable
MTRNR2L1,pseudobulk_variable
MTRNR2L12,pseudobulk_variable
MTRNR2L8,pseudobulk_variable
MTSS1,pseudobulk_variable
MTURN,pseudobulk_variable
MTUS1,pseudobulk_variable
MTX1,pseudobulk_variable
MTX2,pseudobulk_variable
MUC1,pseudobulk_variable
MUC15,pseudobulk_variable
MUC16,pseudobulk_variable
MUC20,pseudobulk_variable
MUC20-OT1,pseudobulk_variable
MUC4,pseudobulk_variable
MUC5AC,required
MUC5B,required
MVP,pseudobulk_variable
MX1,pseudobulk_variable
MXD1,pseudobulk_variable
MXD3,pseudobulk_variable
MXD4,pseudobulk_variable
MXI1,pseudobulk_variable
MXRA7,pseudobulk_variable
MYADM,pseudobulk_variable
MYC,pseudobulk_variable
MYCBP,pseudobulk_variable
MYD88,pseudobulk_variable
MYDGF,pseudobulk_variable
MYH10,pseudobulk_variable
MYH11,pseudobulk_variable
MYH14,pseudobulk_variable
MYH9,pseudobulk_variable
MYL6B,pseudobulk_variable
MYL9,pseudobulk_variable
MYLIP,pseudobulk_variable
MYLK,pseudobulk_variable
MYO10,pseudobulk_variable
MYO1B,pseudobulk_variable
MYO1C,pseudobulk_variable
MYO1D,pseudobulk_variable
MYO5B,pseudobulk_variable
MYO5C,pseudobulk_variable
MYO6,pseudobulk_variable
MYO9A,pseudobulk_variable
MYOF,pseudobulk_variable
MZB1,pseudobulk_variable
MZT2A,pseudobulk_variable
N4BP1,pseudobulk_variable
N4BP2L2,pseudobulk_variable
NAA15,pseudobulk_variable
NAA16,pseudobulk_variable
NAA20,pseudobulk_variable
NAA35,pseudobulk_variable
NAA38,pseudobulk_variable
NAA50,pseudobulk_variable
NAB1,pseudobulk_variable
NAB2,pseudobulk_variable
NABP1,pseudobulk_variable
NAE1,pseudobulk_variable
NAMPT,pseudobulk_variable
NANS,pseudobulk_variable
NAP1L4,pseudobulk_variable
NAPG,pseudobulk_variable
NAPRT,pseudobulk_variable
NARS,pseudobulk_variable
NASP,pseudobulk_variable
NAT10,pseudobulk_variable
NAXE,pseudobulk_variable
NBDY,pseudobulk_variable
NBEA,pseudobulk_variable
NBEAL1,pseudobulk_variable
NBL1,pseudobulk_variable
NBPF1,pseudobulk_variable
NBR1,pseudobulk_variable
NCBP2,pseudobulk_variable
NCBP3,pseudobulk_variable
NCK1,pseudobulk_variable
NCK2,pseudobulk_variable
NCKAP1,pseudobulk_variable
NCOA1,pseudobulk_variable
NCOA4,pseudobulk_variable
NCOA7,pseudobulk_variable
NCOR1,pseudobulk_variable
NCOR2,pseudobulk_variable
NDEL1,pseudobulk_variable
NDFIP1,pseudobulk_variable
NDFIP2,pseudobulk_variable
NDRG1,pseudobulk_variable
NDRG2,pseudobulk_variable
NDUFA10,pseudobulk_variable
NDUFA12,pseudobulk_variable
NDUFA13,pseudobulk_variable
NDUFA3,pseudobulk_variable
NDUFA4,pseudobulk_variable
NDUFA4L2,pseudobulk_variable
NDUFA5,pseudobulk_variable
NDUFA6,pseudobulk_variable
NDUFA7,pseudobulk_variable
NDUFA8,pseudobulk_variable
NDUFA9,pseudobulk_variable
NDUFAB1,pseudobulk_variable
NDUFAF2,pseudobulk_variable
NDUFAF3,pseudobulk_variable
NDUFAF8,pseudobulk_variable
NDUFB1,pseudobulk_variable
NDUFB10,pseudobulk_variable
NDUFB2,pseudobulk_variable
NDUFB3,pseudobulk_variable
NDUFB4,pseudobulk_variable
NDUFB5,pseudobulk_variable
NDUFB6,pseudobulk_variable
NDUFB7,pseudobulk_variable
NDUFB8,pseudobulk_variable
NDUFB9,pseudobulk_variable
NDUFC1,pseudobulk_variable
NDUFC2,pseudobulk_variable
NDUFC2-KCTD14,pseudobulk_variable
NDUFS1,pseudobulk_variable
NDUFS2,pseudobulk_variable
NDUFS3,pseudobulk_variable
NDUFS4,pseudobulk_variable
NDUFS6,pseudobulk_variable
NDUFS7,pseudobulk_variable
NDUFS8,pseudobulk_variable
NDUFV1,pseudobulk_variable
NDUFV2,pseudobulk_variable
NDUFV3,pseudobulk_variable
NEAT1,pseudobulk_variable
NEBL,pseudobulk_variable
NECAP2,pseudobulk_variable
NECTIN1,pseudobulk_variable
NECTIN2,pseudobulk_variable
NECTIN4,pseudobulk_variable
NEDD4L,pseudobulk_variable
NEDD8,pseudobulk_variable
NEDD8-MDP1,pseudobulk_variable
NEDD9,pseudobulk_variable
NELFB,pseudobulk_variable
NELFE,pseudobulk_variable
NEMF,pseudobulk_variable
NENF,pseudobulk_variable
NEPRO,pseudobulk_variable
NET1,pseudobulk_variable
NEURL3,pseudobulk_variable
NF1,pseudobulk_variable
NFAT5,pseudobulk_variable
NFATC2IP,pseudobulk_variable
NFATC3,pseudobulk_variable
NFE2L1,pseudobulk_variable
NFE2L2,pseudobulk_variable
NFIA,pseudobulk_variable
NFIB,pseudobulk_variable
NFIC,pseudobulk_variable
NFIL3,pseudobulk_variable
NFIX,pseudobulk_variable
NFKB1,pseudobulk_variable
NFKBIA,pseudobulk_variable
NFKBIB,pseudobulk_variable
NFKBIE,pseudobulk_variable
NFKBIZ,pseudobulk_variable
NFU1,pseudobulk_variable
NFX1,pseudobulk_variable
NFYB,pseudobulk_variable
NGDN,pseudobulk_variable
NGFR,pseudobulk_variable
NGRN,pseudobulk_variable
NHLRC3,pseudobulk_variable
NHP2,pseudobulk_variable
NHSL2,pseudobulk_variable
NIFK,pseudobulk_variable
NIN,pseudobulk_variable
NIPAL2,pseudobulk_variable
NIPAL3,pseudobulk_variable
NIPSNAP2,pseudobulk_variable
NISCH,pseudobulk_variable
NIT2,pseudobulk_variable
NKAP,pseudobulk_variable
NKG7,required
NKTR,pseudobulk_variable
NKX3-1,pseudobulk_variable
NLRP1,pseudobulk_variable
NME1,pseudobulk_variable
NME1-NME2,pseudobulk_variable
NME2,pseudobulk_variable
NME3,pseudobulk_variable
NME4,pseudobulk_variable
NME5,pseudobulk_variable
NMRAL1,pseudobulk_variable
NMRK1,pseudobulk_variable
NMT1,pseudobulk_variable
NNMT,pseudobulk_variable
NOB1,pseudobulk_variable
NOC2L,pseudobulk_variable
NOL3,pseudobulk_variable
NOL7,pseudobulk_variable
NOL8,pseudobulk_variable
NOLC1,pseudobulk_variable
NOM1,pseudobulk_variable
NOMO1,pseudobulk_variable
NOP10,pseudobulk_variable
NOP14,pseudobulk_variable
NOP16,pseudobulk_variable
NOP2,pseudobulk_variable
NOP56,pseudobulk_variable
NOP58,pseudobulk_variable
NORAD,pseudobulk_variable
NOS2,pseudobulk_variable
NOSTRIN,required
NOTCH1,pseudobulk_variable
NOTCH3,pseudobulk_variable
NPC2,pseudobulk_variable
NPDC1,pseudobulk_variable
NPEPPS,pseudobulk_variable
NPHP3,pseudobulk_variable
NPHP3-ACAD11,pseudobulk_variable
NPIPB15,pseudobulk_variable
NPM3,pseudobulk_variable
NPTN,pseudobulk_variable
NPY1R,required
NQO1,pseudobulk_variable
NR1D2,pseudobulk_variable
NR2F2,pseudobulk_variable
NR2F6,pseudobulk_variable
NR3C1,pseudobulk_variable
NR4A1,pseudobulk_variable
NR4A2,pseudobulk_variable
NR4A3,pseudobulk_variable
NRARP,pseudobulk_variable
NRBF2,pseudobulk_variable
NRBP1,pseudobulk_variable
NRDC,pseudobulk_variable
NRIP1,pseudobulk_variable
NSA2,pseudobulk_variable
NSD1,pseudobulk_variable
NSD3,pseudobulk_variable
NSF,pseudobulk_variable
NSFL1C,pseudobulk_variable
NSG1,pseudobulk_variable
NSMCE1,pseudobulk_variable
NSMCE4A,pseudobulk_variable
NSRP1,pseudobulk_variable
NSUN2,pseudobulk_variable
NT5C,pseudobulk_variable
NT5C2,pseudobulk_variable
NT5C3A,pseudobulk_variable
NT5DC1,pseudobulk_variable
NTN1,pseudobulk_variable
NTN4,pseudobulk_variable
NTPCR,pseudobulk_variable
NTRK2,pseudobulk_variable
NTS,pseudobulk_variable
NUAK1,pseudobulk_variable
NUB1,pseudobulk_variable
NUCB1,pseudobulk_variable
NUCB2,pseudobulk_variable
NUDC,pseudobulk_variable
NUDCD2,pseudobulk_variable
NUDT14,pseudobulk_variable
NUDT16L1,pseudobulk_variable
NUDT21,pseudobulk_variable
NUDT22,pseudobulk_variable
NUDT3,pseudobulk_variable
NUDT4,pseudobulk_variable
NUDT5,pseudobulk_variable
NUDT8,pseudobulk_variable
NUDT9,pseudobulk_variable
NUFIP2,pseudobulk_variable
NUMA1,pseudobulk_variable
NUMB,pseudobulk_variable
NUP153,pseudobulk_variable
NUP50,pseudobulk_variable
NUP62,pseudobulk_variable
NUP85,pseudobulk_variable
NUP88,pseudobulk_variable
NUP98,pseudobulk_variable
NUPR1,pseudobulk_variable
NUS1,pseudobulk_variable
NWD1,pseudobulk_variable
NXF1,pseudobulk_variable
NXN,pseudobulk_variable
OAF,pseudobulk_variable
OARD1,pseudobulk_variable
OAS1,pseudobulk_variable
OAT,pseudobulk_variable
OAZ2,pseudobulk_variable
OBSL1,pseudobulk_variable
OCIAD1,pseudobulk_variable
OCIAD2,pseudobulk_variable
OCLN,pseudobulk_variable
ODAM,required
ODC1,pseudobulk_variable
ODF2L,pseudobulk_variable
ODF3B,pseudobulk_variable
ODR4,pseudobulk_variable
OFD1,pseudobulk_variable
OGA,pseudobulk_variable
OGFRL1,pseudobulk_variable
OGT,pseudobulk_variable
OLA1,pseudobulk_variable
OMG,pseudobulk_variable
OPTN,pseudobulk_variable
ORAI3,pseudobulk_variable
ORMDL1,pseudobulk_variable
ORMDL2,pseudobulk_variable
ORMDL3,pseudobulk_variable
OS9,pseudobulk_variable
OSBPL1A,pseudobulk_variable
OSBPL2,pseudobulk_variable
OSBPL8,pseudobulk_variable
OSER1,pseudobulk_variable
OSMR,pseudobulk_variable
OST4,pseudobulk_variable
OSTC,pseudobulk_variable
OSTF1,pseudobulk_variable
OTUB1,pseudobulk_variable
OTUD4,pseudobulk_variable
OTUD5,pseudobulk_variable
OTUD6B-AS1,pseudobulk_variable
OTX1,pseudobulk_variable
OVCA2,pseudobulk_variable
OVOL1,pseudobulk_variable
OXA1L,pseudobulk_variable
OXCT1,pseudobulk_variable
OXR1,pseudobulk_variable
OXSR1,pseudobulk_variable
P2RX5-TAX1BP3,pseudobulk_variable
P4HA1,pseudobulk_variable
P4HB,pseudobulk_variable
P4HTM,pseudobulk_variable
PA2G4,pseudobulk_variable
PABPC4,pseudobulk_variable
PACSIN2,pseudobulk_variable
PACSIN3,pseudobulk_variable
PADI2,required
PAF1,pseudobulk_variable
PAFAH1B1,pseudobulk_variable
PAFAH1B2,pseudobulk_variable
PAFAH1B3,pseudobulk_variable
PAGR1,pseudobulk_variable
PAICS,pseudobulk_variable
PAIP1,pseudobulk_variable
PAK1,pseudobulk_variable
PAK1IP1,pseudobulk_variable
PAK2,pseudobulk_variable
PALLD,pseudobulk_variable
PALM2-AKAP2,pseudobulk_variable
PALMD,pseudobulk_variable
PAM,pseudobulk_variable
PAPSS1,pseudobulk_variable
PAPSS2,pseudobulk_variable
PARD3,pseudobulk_variable
PARD6B,pseudobulk_variable
PARK7,pseudobulk_variable
PARL,pseudobulk_variable
PARM1,pseudobulk_variable
PARN,pseudobulk_variable
PARP1,pseudobulk_variable
PARP14,pseudobulk_variable
PARP4,pseudobulk_variable
PARP9,pseudobulk_variable
PART1,pseudobulk_variable
PARVA,pseudobulk_variable
PATJ,pseudobulk_variable
PAWR,pseudobulk_variable
PAX6,pseudobulk_variable
PAXBP1,pseudobulk_variable
PAXX,pseudobulk_variable
PBDC1,pseudobulk_variable
PBRM1,pseudobulk_variable
PBX1,pseudobulk_variable
PBXIP1,pseudobulk_variable
PCBD1,pseudobulk_variable
PCDH1,pseudobulk_variable
PCDH7,pseudobulk_variable
PCDHGA1,pseudobulk_variable
PCDHGA11,pseudobulk_variable
PCDHGA12,pseudobulk_variable
PCDHGA2,pseudobulk_variable
PCDHGA3,pseudobulk_variable
PCDHGA4,pseudobulk_variable
PCDHGA5,pseudobulk_variable
PCDHGA6,pseudobulk_variable
PCDHGA7,pseudobulk_variable
PCDHGA8,pseudobulk_variable
PCDHGA9,pseudobulk_variable
PCDHGB1,pseudobulk_variable
PCDHGB2,pseudobulk_variable
PCDHGB3,pseudobulk_variable
PCDHGB4,pseudobulk_variable
PCDHGB5,pseudobulk_variable
PCDHGB6,pseudobulk_variable
PCDHGB7,pseudobulk_variable
PCDHGC3,pseudobulk_variable
PCDHGC4,pseudobulk_variable
PCDHGC5,pseudobulk_variable
PCF11,pseudobulk_variable
PCGF3,pseudobulk_variable
PCGF5,pseudobulk_variable
PCLO,pseudobulk_variable
PCMT1,pseudobulk_variable
PCMTD1,pseudobulk_variable
PCNA,pseudobulk_variable
PCNP,pseudobulk_variable
PCNX4,pseudobulk_variable
PCP4L1,pseudobulk_variable
PCSK5,pseudobulk_variable
PCYOX1,pseudobulk_variable
PDCD10,pseudobulk_variable
PDCD2,pseudobulk_variable
PDCD4,pseudobulk_variable
PDCD5,pseudobulk_variable
PDCD6,pseudobulk_variable
PDCD6IP,pseudobulk_variable
PDCD7,pseudobulk_variable
PDE4B,pseudobulk_variable
PDE7A,pseudobulk_variable
PDF,pseudobulk_variable
PDGFA,pseudobulk_variable
PDHA1,pseudobulk_variable
PDHB,pseudobulk_variable
PDIA4,pseudobulk_variable
PDIA6,pseudobulk_variable
PDK4,pseudobulk_variable
PDLIM1,pseudobulk_variable
PDLIM4,pseudobulk_variable
PDLIM5,pseudobulk_variable
PDP1,pseudobulk_variable
PDPK1,pseudobulk_variable
PDPN,pseudobulk_variable
PDS5A,pseudobulk_variable
PDS5B,pseudobulk_variable
PDXDC1,pseudobulk_variable
PDXK,pseudobulk_variable
PDZD11,pseudobulk_variable
PDZD8,pseudobulk_variable
PDZK1IP1,pseudobulk_variable
PEA15,pseudobulk_variable
PEBP1,pseudobulk_variable
PECAM1,required
PEF1,pseudobulk_variable
PELI1,pseudobulk_variable
PELO,pseudobulk_variable
PER1,pseudobulk_variable
PER2,pseudobulk_variable
PER3,pseudobulk_variable
PERP,pseudobulk_variable
PET100,pseudobulk_variable
PEX2,pseudobulk_variable
PFDN1,pseudobulk_variable
PFDN2,pseudobulk_variable
PFKFB3,pseudobulk_variable
PFKP,pseudobulk_variable
PFN2,pseudobulk_variable
PGAM1,pseudobulk_variable
PGD,pseudobulk_variable
PGLS,pseudobulk_variable
PGM1,pseudobulk_variable
PGM2L1,pseudobulk_variable
PGM3,pseudobulk_variable
PGRMC1,pseudobulk_variable
PGRMC2,pseudobulk_variable
PHACTR2,pseudobulk_variable
PHACTR4,pseudobulk_variable
PHAX,pseudobulk_variable
PHB,pseudobulk_variable
PHB2,pseudobulk_variable
PHC2,pseudobulk_variable
PHF10,pseudobulk_variable
PHF11,pseudobulk_variable
PHF13,pseudobulk_variable
PHF14,pseudobulk_variable
PHF20L1,pseudobulk_variable
PHF3,pseudobulk_variable
PHF8,pseudobulk_variable
PHGDH,pseudobulk_variable
PHIP,pseudobulk_variable
PHKB,pseudobulk_variable
PHLDA1,required
PHLDA2,pseudobulk_variable
PHLDA3,pseudobulk_variable
PHLDB2,pseudobulk_variable
PHPT1,pseudobulk_variable
PHRF1,pseudobulk_variable
PHYH,pseudobulk_variable
PHYHD1,pseudobulk_variable
PI3,pseudobulk_variable
PIAS1,pseudobulk_variable
PIAS3,pseudobulk_variable
PICALM,pseudobulk_variable
PIFO,required
PIGF,pseudobulk_variable
PIGP,pseudobulk_variable
PIGR,pseudobulk_variable
PIGS,pseudobulk_variable
PIGT,pseudobulk_variable
PIH1D1,pseudobulk_variable
PIK3C2A,pseudobulk_variable
PIK3IP1,pseudobulk_variable
PIK3R1,pseudobulk_variable
PIK3R2,pseudobulk_variable
PIK3R3,pseudobulk_variable
PILRB,pseudobulk_variable
PIM1,pseudobulk_variable
PIM2,pseudobulk_variable
PIM3,pseudobulk_variable
PIN1,pseudobulk_variable
PIN4,pseudobulk_variable
PINK1,pseudobulk_variable
PINK1-AS,pseudobulk_variable
PIP,required
PIP5K1A,pseudobulk_variable
PIR,pseudobulk_variable
PITHD1,pseudobulk_variable
PITPNA,pseudobulk_variable
PITPNB,pseudobulk_variable
PITRM1,pseudobulk_variable
PITX1,pseudobulk_variable
PJA2,pseudobulk_variable
PKDCC,required
PKM,pseudobulk_variable
PKN2,pseudobulk_variable
PKP1,pseudobulk_variable
PKP2,pseudobulk_variable
PKP3,pseudobulk_variable
PKP4,pseudobulk_variable
PLA2G10,pseudobulk_variable
PLA2R1,pseudobulk_variable
PLAC8,pseudobulk_variable
PLAT,pseudobulk_variable
PLAU,pseudobulk_variable
PLAUR,pseudobulk_variable
PLCB1,required
PLCB4,pseudobulk_variable
PLCE1,pseudobulk_variable
PLCG2,pseudobulk_variable
PLD3,pseudobulk_variable
PLEC,pseudobulk_variable
PLEKHA1,pseudobulk_variable
PLEKHA2,pseudobulk_variable
PLEKHA3,pseudobulk_variable
PLEKHA5,pseudobulk_variable
PLEKHB2,pseudobulk_variable
PLEKHF2,pseudobulk_variable
PLEKHG3,pseudobulk_variable
PLEKHH1,pseudobulk_variable
PLEKHH3,pseudobulk_variable
PLEKHO1,pseudobulk_variable
PLEKHO2,pseudobulk_variable
PLEKHS1,pseudobulk_variable
PLGRKT,pseudobulk_variable
PLIN2,pseudobulk_variable
PLIN3,pseudobulk_variable
PLK2,pseudobulk_variable
PLK3,pseudobulk_variable
PLLP,pseudobulk_variable
PLOD2,pseudobulk_variable
PLP2,pseudobulk_variable
PLPP2,pseudobulk_variable
PLPP3,pseudobulk_variable
PLPP5,pseudobulk_variable
PLRG1,pseudobulk_variable
PLS1,pseudobulk_variable
PLS3,pseudobulk_variable
PLSCR1,pseudobulk_variable
PLTP,pseudobulk_variable
PLXNA2,pseudobulk_variable
PLXNB1,pseudobulk_variable
PLXNB2,pseudobulk_variable
PMAIP1,pseudobulk_variable
PMEPA1,pseudobulk_variable
PMM2,pseudobulk_variable
PMPCB,pseudobulk_variable
PMVK,pseudobulk_variable
PNCK,pseudobulk_variable
PNKD,pseudobulk_variable
PNN,pseudobulk_variable
PNP,pseudobulk_variable
PNPLA8,pseudobulk_variable
PNRC2,pseudobulk_variable
POC1B-GALNT4,pseudobulk_variable
PODXL,pseudobulk_variable
POF1B,pseudobulk_variable
POLD2,pseudobulk_variable
POLD4,pseudobulk_variable
POLDIP3,pseudobulk_variable
POLE3,pseudobulk_variable
POLE4,pseudobulk_variable
POLG2,pseudobulk_variable
POLR1C,pseudobulk_variable
POLR1D,pseudobulk_variable
POLR2A,pseudobulk_variable
POLR2B,pseudobulk_variable
POLR2C,pseudobulk_variable
POLR2E,pseudobulk_variable
POLR2F,pseudobulk_variable
POLR2G,pseudobulk_variable
POLR2H,pseudobulk_variable
POLR2I,pseudobulk_variable
POLR2J,pseudobulk_variable
POLR2J3,pseudobulk_variable
POLR2K,pseudobulk_variable
POLR3K,pseudobulk_variable
POM121,pseudobulk_variable
POM121C,pseudobulk_variable
POMP,pseudobulk_variable
PON2,pseudobulk_variable
POP4,pseudobulk_variable
POP5,pseudobulk_variable
POR,pseudobulk_variable
POSTN,required
PPA1,pseudobulk_variable
PPA2,pseudobulk_variable
PPARA,pseudobulk_variable
PPCS,pseudobulk_variable
PPDPF,pseudobulk_variable
PPFIA1,pseudobulk_variable
PPFIBP1,pseudobulk_variable
PPHLN1,pseudobulk_variable
PPIC,pseudobulk_variable
PPIF,pseudobulk_variable
PPIG,pseudobulk_variable
PPIH,pseudobulk_variable
PPIL4,pseudobulk_variable
PPIL6,pseudobulk_variable
PPL,pseudobulk_variable
PPM1A,pseudobulk_variable
PPM1G,pseudobulk_variable
PPM1K,pseudobulk_variable
PPP1CA,pseudobulk_variable
PPP1CB,pseudobulk_variable
PPP1CC,pseudobulk_variable
PPP1R10,pseudobulk_variable
PPP1R12A,pseudobulk_variable
PPP1R12B,pseudobulk_variable
PPP1R12C,pseudobulk_variable
PPP1R13B,pseudobulk_variable
PPP1R14B,pseudobulk_variable
PPP1R15A,pseudobulk_variable
PPP1R15B,pseudobulk_variable
PPP1R16A,pseudobulk_variable
PPP1R18,pseudobulk_variable
PPP1R1B,required
PPP1R7,pseudobulk_variable
PPP1R9A,pseudobulk_variable
PPP2CA,pseudobulk_variable
PPP2CB,pseudobulk_variable
PPP2R1A,pseudobulk_variable
PPP2R2A,pseudobulk_variable
PPP2R5A,pseudobulk_variable
PPP2R5C,pseudobulk_variable
PPP2R5E,pseudobulk_variable
PPP3CA,pseudobulk_variable
PPP4C,pseudobulk_variable
PPP4R1,pseudobulk_variable
PPP4R2,pseudobulk_variable
PPP4R3A,pseudobulk_variable
PPP4R3B,pseudobulk_variable
PPP6R3,pseudobulk_variable
PPRC1,pseudobulk_variable
PPT1,pseudobulk_variable
PPTC7,pseudobulk_variable
PQBP1,pseudobulk_variable
PRCP,pseudobulk_variable
PRDM2,pseudobulk_variable
PRDX1,pseudobulk_variable
PRDX2,pseudobulk_variable
PRDX3,pseudobulk_variable
PRDX4,pseudobulk_variable
PRELID1,pseudobulk_variable
PREPL,pseudobulk_variable
PRKAA2,pseudobulk_variable
PRKAG1,pseudobulk_variable
PRKAR1A,pseudobulk_variable
PRKAR2A,pseudobulk_variable
PRKAR2B,pseudobulk_variable
PRKCD,pseudobulk_variable
PRKCI,pseudobulk_variable
PRKD2,pseudobulk_variable
PRKDC,pseudobulk_variable
PRKRA,pseudobulk_variable
PRKX,pseudobulk_variable
PRMT1,pseudobulk_variable
PRMT2,pseudobulk_variable
PRNP,pseudobulk_variable
PROM1,pseudobulk_variable
PROM2,pseudobulk_variable
PROSER2,pseudobulk_variable
PRPF18,pseudobulk_variable
PRPF19,pseudobulk_variable
PRPF3,pseudobulk_variable
PRPF38B,pseudobulk_variable
PRPF40A,pseudobulk_variable
PRPF6,pseudobulk_variable
PRPF8,pseudobulk_variable
PRPS1,pseudobulk_variable
PRPS2,pseudobulk_variable
PRPSAP1,pseudobulk_variable
PRR15,pseudobulk_variable
PRR15L,pseudobulk_variable
PRR4,required
PRR5L,pseudobulk_variable
PRRC1,pseudobulk_variable
PRRC2B,pseudobulk_variable
PRRG4,pseudobulk_variable
PRSS22,pseudobulk_variable
PRSS23,pseudobulk_variable
PRSS8,pseudobulk_variable
PSAP,pseudobulk_variable
PSCA,pseudobulk_variable
PSD3,pseudobulk_variable
PSEN1,pseudobulk_variable
PSENEN,pseudobulk_variable
PSIP1,pseudobulk_variable
PSMA1,pseudobulk_variable
PSMA2,pseudobulk_variable
PSMA3,pseudobulk_variable
PSMA3-AS1,pseudobulk_variable
PSMA4,pseudobulk_variable
PSMA5,pseudobulk_variable
PSMA6,pseudobulk_variable
PSMB1,pseudobulk_variable
PSMB10,pseudobulk_variable
PSMB2,pseudobulk_variable
PSMB3,pseudobulk_variable
PSMB4,pseudobulk_variable
PSMB5,pseudobulk_variable
PSMB6,pseudobulk_variable
PSMB7,pseudobulk_variable
PSMB8,pseudobulk_variable
PSMB9,pseudobulk_variable
PSMC1,pseudobulk_variable
PSMC2,pseudobulk_variable
PSMC4,pseudobulk_variable
PSMC5,pseudobulk_variable
PSMD1,pseudobulk_variable
PSMD11,pseudobulk_variable
PSMD12,pseudobulk_variable
PSMD13,pseudobulk_variable
PSMD14,pseudobulk_variable
PSMD2,pseudobulk_variable
PSMD3,pseudobulk_variable
PSMD4,pseudobulk_variable
PSMD6,pseudobulk_variable
PSMD7,pseudobulk_variable
PSMD8,pseudobulk_variable
PSMD9,pseudobulk_variable
PSME3,pseudobulk_variable
PSME4,pseudobulk_variable
PSMG1,pseudobulk_variable
PSMG2,pseudobulk_variable
PSMG3,pseudobulk_variable
PSPC1,pseudobulk_variable
PTAFR,pseudobulk_variable
PTBP1,pseudobulk_variable
PTBP3,pseudobulk_variable
PTCD3,pseudobulk_variable
PTDSS1,pseudobulk_variable
PTEN,pseudobulk_variable
PTGER4,pseudobulk_variable
PTGES3L-AARSD1,pseudobulk_variable
PTGFR,pseudobulk_variable
PTGFRN,pseudobulk_variable
PTGR1,pseudobulk_variable
PTGS2,pseudobulk_variable
PTHLH,pseudobulk_variable
PTK2,pseudobulk_variable
PTK7,pseudobulk_variable
PTMS,pseudobulk_variable
PTN,pseudobulk_variable
PTOV1,pseudobulk_variable
PTP4A1,pseudobulk_variable
PTP4A2,pseudobulk_variable
PTPA,pseudobulk_variable
PTPMT1,pseudobulk_variable
PTPN1,pseudobulk_variable
PTPN11,pseudobulk_variable
PTPN12,pseudobulk_variable
PTPN13,pseudobulk_variable
PTPN14,pseudobulk_variable
PTPN18,pseudobulk_variable
PTPN2,pseudobulk_variable
PTPN3,pseudobulk_variable
PTPRA,pseudobulk_variable
PTPRC,required
PTPRE,pseudobulk_variable
PTPRF,pseudobulk_variable
PTPRK,pseudobulk_variable
PTPRN2,pseudobulk_variable
PTPRU,pseudobulk_variable
PTPRZ1,pseudobulk_variable
PTRHD1,pseudobulk_variable
PTS,pseudobulk_variable
PTTG1,pseudobulk_variable
PTTG1IP,pseudobulk_variable
PUF60,pseudobulk_variable
PUM1,pseudobulk_variable
PUM2,pseudobulk_variable
PUM3,pseudobulk_variable
PURA,pseudobulk_variable
PURB,pseudobulk_variable
PVR,pseudobulk_variable
PXDC1,pseudobulk_variable
PXDN,pseudobulk_variable
PXN,pseudobulk_variable
PYCARD,pseudobulk_variable
PYCR1,pseudobulk_variable
PYCR2,pseudobulk_variable
PYGB,pseudobulk_variable
PYGL,pseudobulk_variable
PYURF,pseudobulk_variable
QARS,pseudobulk_variable
QKI,pseudobulk_variable
QPRT,required
QSER1,pseudobulk_variable
QSOX1,pseudobulk_variable
RAB10,pseudobulk_variable
RAB11A,pseudobulk_variable
RAB11B,pseudobulk_variable
RAB11FIP1,pseudobulk_variable
RAB13,pseudobulk_variable
RAB14,pseudobulk_variable
RAB18,pseudobulk_variable
RAB1A,pseudobulk_variable
RAB1B,pseudobulk_variable
RAB21,pseudobulk_variable
RAB22A,pseudobulk_variable
RAB24,pseudobulk_variable
RAB25,pseudobulk_variable
RAB2A,pseudobulk_variable
RAB31,pseudobulk_variable
RAB34,pseudobulk_variable
RAB35,pseudobulk_variable
RAB37,pseudobulk_variable
RAB3D,pseudobulk_variable
RAB3GAP1,pseudobulk_variable
RAB3GAP2,pseudobulk_variable
RAB3IP,pseudobulk_variable
RAB4A,pseudobulk_variable
RAB4B-EGLN2,pseudobulk_variable
RAB5A,pseudobulk_variable
RAB5B,pseudobulk_variable
RAB5C,pseudobulk_variable
RAB5IF,pseudobulk_variable
RAB7A,pseudobulk_variable
RAB8A,pseudobulk_variable
RAB9A,pseudobulk_variable
RABAC1,pseudobulk_variable
RABEP1,pseudobulk_variable
RABGAP1,pseudobulk_variable
RABGAP1L,pseudobulk_variable
RABGEF1,pseudobulk_variable
RABGGTB,pseudobulk_variable
RABL6,pseudobulk_variable
RAD21,pseudobulk_variable
RAD23A,pseudobulk_variable
RAD23B,pseudobulk_variable
RAD50,pseudobulk_variable
RAI1,pseudobulk_variable
RAI14,pseudobulk_variable
RALA,pseudobulk_variable
RALBP1,pseudobulk_variable
RALGAPA2,pseudobulk_variable
RALGAPB,pseudobulk_variable
RALGDS,pseudobulk_variable
RAMP1,pseudobulk_variable
RAMP2,required
RAN,pseudobulk_variable
RANBP1,pseudobulk_variable
RANBP2,pseudobulk_variable
RANBP9,pseudobulk_variable
RANGAP1,pseudobulk_variable
RAP1B,pseudobulk_variable
RAP2B,pseudobulk_variable
RAPGEF2,pseudobulk_variable
RAPGEFL1,pseudobulk_variable
RARRES1,pseudobulk_variable
RARRES2,pseudobulk_variable
RARS,pseudobulk_variable
RASA2,pseudobulk_variable
RASD1,pseudobulk_variable
RASEF,pseudobulk_variable
RASSF10,pseudobulk_variable
RASSF6,pseudobulk_variable
RASSF7,pseudobulk_variable
RASSF8,pseudobulk_variable
RASSF9,pseudobulk_variable
RB1CC1,pseudobulk_variable
RBBP6,pseudobulk_variable
RBBP7,pseudobulk_variable
RBBP8,pseudobulk_variable
RBBP9,pseudobulk_variable
RBCK1,pseudobulk_variable
RBFOX2,pseudobulk_variable
RBL2,pseudobulk_variable
RBM10,pseudobulk_variable
RBM12,pseudobulk_variable
RBM14-RBM4,pseudobulk_variable
RBM17,pseudobulk_variable
RBM22,pseudobulk_variable
RBM23,pseudobulk_variable
RBM26,pseudobulk_variable
RBM27,pseudobulk_variable
RBM28,pseudobulk_variable
RBM34,pseudobulk_variable
RBM38,pseudobulk_variable
RBM4,pseudobulk_variable
RBM42,pseudobulk_variable
RBM47,pseudobulk_variable
RBM6,pseudobulk_variable
RBM7,pseudobulk_variable
RBMS1,pseudobulk_variable
RBMXL1,pseudobulk_variable
RBP1,pseudobulk_variable
RBPJ,pseudobulk_variable
RBPMS,pseudobulk_variable
RBX1,pseudobulk_variable
RC3H2,pseudobulk_variable
RCAN1,pseudobulk_variable
RCAN3,pseudobulk_variable
RCBTB1,pseudobulk_variable
RCC1,pseudobulk_variable
RCC2,pseudobulk_variable
RCN1,pseudobulk_variable
RCN2,pseudobulk_variable
RCOR1,pseudobulk_variable
RCOR3,pseudobulk_variable
RDH10,pseudobulk_variable
RDH11,pseudobulk_variable
RDX,pseudobulk_variable
REEP3,pseudobulk_variable
REEP5,pseudobulk_variable
REL,pseudobulk_variable
RELA,pseudobulk_variable
RELB,pseudobulk_variable
RER1,pseudobulk_variable
RERE,pseudobulk_variable
RERG,pseudobulk_variable
REST,pseudobulk_variable
RETREG2,pseudobulk_variable
RETREG3,pseudobulk_variable
RETSAT,pseudobulk_variable
REV1,pseudobulk_variable
REV3L,pseudobulk_variable
REX1BD,pseudobulk_variable
REXO2,pseudobulk_variable
RFC1,pseudobulk_variable
RFK,pseudobulk_variable
RFX3,pseudobulk_variable
RFXANK,pseudobulk_variable
RGCC,pseudobulk_variable
RGL2,pseudobulk_variable
RGS1,pseudobulk_variable
RGS12,pseudobulk_variable
RGS16,pseudobulk_variable
RGS2,pseudobulk_variable
RGS5,pseudobulk_variable
RHBDD2,pseudobulk_variable
RHBDL2,pseudobulk_variable
RHEB,pseudobulk_variable
RHOA,pseudobulk_variable
RHOB,pseudobulk_variable
RHOBTB3,pseudobulk_variable
RHOC,pseudobulk_variable
RHOQ,pseudobulk_variable
RHOV,pseudobulk_variable
RIC3,pseudobulk_variable
RIF1,pseudobulk_variable
RILPL2,pseudobulk_variable
RIMKLB,pseudobulk_variable
RIMS1,pseudobulk_variable
RIN2,pseudobulk_variable
RING1,pseudobulk_variable
RIOK1,pseudobulk_variable
RIOK3,pseudobulk_variable
RIPK1,pseudobulk_variable
RIPK4,pseudobulk_variable
RLF,pseudobulk_variable
RLIM,pseudobulk_variable
RMND5A,pseudobulk_variable
RNASE1,required
RNASE4,pseudobulk_variable
RNASEH1,pseudobulk_variable
RNASEH2B,pseudobulk_variable
RNASEK,pseudobulk_variable
RNASEK-C17ORF49,pseudobulk_variable
RNASET2,pseudobulk_variable
RND1,pseudobulk_variable
RND3,pseudobulk_variable
RNF10,pseudobulk_variable
RNF103,pseudobulk_variable
RNF103-CHMP3,pseudobulk_variable
RNF11,pseudobulk_variable
RNF114,pseudobulk_variable
RNF115,pseudobulk_variable
RNF128,required
RNF13,pseudobulk_variable
RNF130,pseudobulk_variable
RNF139,pseudobulk_variable
RNF141,pseudobulk_variable
RNF144B,pseudobulk_variable
RNF145,pseudobulk_variable
RNF152,pseudobulk_variable
RNF167,pseudobulk_variable
RNF168,pseudobulk_variable
RNF181,pseudobulk_variable
RNF187,pseudobulk_variable
RNF19A,pseudobulk_variable
RNF19B,pseudobulk_variable
RNF20,pseudobulk_variable
RNF213,pseudobulk_variable
RNF216,pseudobulk_variable
RNF24,pseudobulk_variable
RNF39,pseudobulk_variable
RNF44,pseudobulk_variable
RNF7,pseudobulk_variable
RNH1,pseudobulk_variable
RNMT,pseudobulk_variable
RNPC3,pseudobulk_variable
RNPEP,pseudobulk_variable
RNPEPL1,pseudobulk_variable
RNPS1,pseudobulk_variable
ROCK2,pseudobulk_variable
ROGDI,pseudobulk_variable
ROPN1L,pseudobulk_variable
RORA,pseudobulk_variable
RPA1,pseudobulk_variable
RPA2,pseudobulk_variable
RPA3,pseudobulk_variable
RPAIN,pseudobulk_variable
RPAP2,pseudobulk_variable
RPF1,pseudobulk_variable
RPF2,pseudobulk_variable
RPIA,pseudobulk_variable
RPN1,pseudobulk_variable
RPP14,pseudobulk_variable
RPP21,pseudobulk_variable
RPRD2,pseudobulk_variable
RRAD,pseudobulk_variable
RRAGA,pseudobulk_variable
RRAGC,pseudobulk_variable
RRAGD,pseudobulk_variable
RRAS2,pseudobulk_variable
RRBP1,pseudobulk_variable
RREB1,pseudobulk_variable
RRM1,pseudobulk_variable
RRP15,pseudobulk_variable
RRP7A,pseudobulk_variable
RSBN1,pseudobulk_variable
RSBN1L,pseudobulk_variable
RSF1,pseudobulk_variable
RSL1D1,pseudobulk_variable
RSPH1,required
RSPH3,pseudobulk_variable
RSPH4A,pseudobulk_variable
RSPH9,pseudobulk_variable
RSPRY1,pseudobulk_variable
RSRC2,pseudobulk_variable
RTCB,pseudobulk_variable
RTF1,pseudobulk_variable
RTF2,pseudobulk_variable
RTN1,required
RTN3,pseudobulk_variable
RTRAF,pseudobulk_variable
RUNX1,pseudobulk_variable
RUNX3,pseudobulk_variable
RUVBL1,pseudobulk_variable
RWDD1,pseudobulk_variable
RXRA,pseudobulk_variable
RXYLT1,pseudobulk_variable
RYBP,pseudobulk_variable
RYK,pseudobulk_variable
S100A10,pseudobulk_variable
S100A11,pseudobulk_variable
S100A13,pseudobulk_variable
S100A14,pseudobulk_variable
S100A16,pseudobulk_variable
S100A2,pseudobulk_variable
S100A4,pseudobulk_variable
S100A8,pseudobulk_variable
S100A9,pseudobulk_variable
S100P,pseudobulk_variable
SAA1,pseudobulk_variable
SAA2,pseudobulk_variable
SAE1,pseudobulk_variable
SAFB,pseudobulk_variable
SAFB2,pseudobulk_variable
SAMD12,pseudobulk_variable
SAMD4B,pseudobulk_variable
SAMD8,pseudobulk_variable
SAMD9,pseudobulk_variable
SAMHD1,pseudobulk_variable
SAMM50,pseudobulk_variable
SAMSN1,pseudobulk_variable
SAP30BP,pseudobulk_variable
SAR1B,pseudobulk_variable
SARNP,pseudobulk_variable
SARS,pseudobulk_variable
SART3,pseudobulk_variable
SASH1,pseudobulk_variable
SAT2,pseudobulk_variable
SATB1,pseudobulk_variable
SAV1,pseudobulk_variable
SAXO2,pseudobulk_variable
SBDS,pseudobulk_variable
SBNO1,pseudobulk_variable
SCAF4,pseudobulk_variable
SCAMP2,pseudobulk_variable
SCAND1,pseudobulk_variable
SCAPER,pseudobulk_variable
SCARB2,pseudobulk_variable
SCCPDH,pseudobulk_variable
SCD5,pseudobulk_variable
SCFD1,pseudobulk_variable
SCGB1A1,required
SCGB2A1,pseudobulk_variable
SCGB3A1,required
SCIN,pseudobulk_variable
SCNN1A,pseudobulk_variable
SCNN1B,pseudobulk_variable
SCO2,pseudobulk_variable
SCOC,pseudobulk_variable
SCP2,pseudobulk_variable
SCPEP1,pseudobulk_variable
SCRN1,pseudobulk_variable
SCYL2,pseudobulk_variable
SDAD1,pseudobulk_variable
SDC1,pseudobulk_variable
SDC4,pseudobulk_variable
SDCBP2,pseudobulk_variable
SDCCAG8,pseudobulk_variable
SDF2,pseudobulk_variable
SDF2L1,pseudobulk_variable
SDF4,pseudobulk_variable
SDHA,pseudobulk_variable
SDHB,pseudobulk_variable
SDHC,pseudobulk_variable
SDHD,pseudobulk_variable
SDK1,pseudobulk_variable
SDR16C5,pseudobulk_variable
SEC11A,pseudobulk_variable
SEC11C,pseudobulk_variable
SEC13,pseudobulk_variable
SEC14L1,pseudobulk_variable
SEC16A,pseudobulk_variable
SEC22B,pseudobulk_variable
SEC23B,pseudobulk_variable
SEC24C,pseudobulk_variable
SEC24D,pseudobulk_variable
SEC31A,pseudobulk_variable
SEC61A1,pseudobulk_variable
SEC61B,pseudobulk_variable
SEC61G,pseudobulk_variable
SEC63,pseudobulk_variable
SECISBP2,pseudobulk_variable
SECISBP2L,pseudobulk_variable
SEL1L3,pseudobulk_variable
SELE,pseudobulk_variable
SELENBP1,pseudobulk_variable
SELENOF,pseudobulk_variable
SELENOH,pseudobulk_variable
SELENOK,pseudobulk_variable
SELENOM,pseudobulk_variable
SELENOP,pseudobulk_variable
SELENOS,pseudobulk_variable
SELENOW,pseudobulk_variable
SEMA3A,pseudobulk_variable
SEMA3C,pseudobulk_variable
SEMA3F,pseudobulk_variable
SEMA4A,pseudobulk_variable
SEMA4B,pseudobulk_variable
SEMA4C,pseudobulk_variable
SEMA5A,pseudobulk_variable
SENP2,pseudobulk_variable
SENP3-EIF4A1,pseudobulk_variable
SENP6,pseudobulk_variable
SEPHS2,pseudobulk_variable
SERINC1,pseudobulk_variable
SERINC2,pseudobulk_variable
SERINC5,pseudobulk_variable
SERPINA1,pseudobulk_variable
SERPINA3,pseudobulk_variable
SERPINB1,pseudobulk_variable
SERPINB11,pseudobulk_variable
SERPINB13,pseudobulk_variable
SERPINB2,pseudobulk_variable
SERPINB3,required
SERPINB4,required
SERPINB5,pseudobulk_variable
SERPINB6,pseudobulk_variable
SERPINE1,pseudobulk_variable
SERPINE2,pseudobulk_variable
SERPINF1,pseudobulk_variable
SERPING1,pseudobulk_variable
SERPINH1,pseudobulk_variable
SERTAD1,pseudobulk_variable
SERTAD2,pseudobulk_variable
SERTAD3,pseudobulk_variable
SERTAD4,pseudobulk_variable
SERTAD4-AS1,pseudobulk_variable
SESN2,pseudobulk_variable
SESN3,pseudobulk_variable
SESTD1,pseudobulk_variable
SETD2,pseudobulk_variable
SETD5,pseudobulk_variable
SETX,pseudobulk_variable
SEZ6L2,pseudobulk_variable
SF3A1,pseudobulk_variable
SF3A3,pseudobulk_variable
SF3B2,pseudobulk_variable
SF3B3,pseudobulk_variable
SF3B5,pseudobulk_variable
SF3B6,pseudobulk_variable
SFN,required
SFPQ,pseudobulk_variable
SFRP1,pseudobulk_variable
SFSWAP,pseudobulk_variable
SFT2D1,pseudobulk_variable
SFT2D2,pseudobulk_variable
SGK1,pseudobulk_variable
SGMS1,pseudobulk_variable
SGMS2,pseudobulk_variable
SGPL1,pseudobulk_variable
SGPP2,pseudobulk_variable
SGSM3,pseudobulk_variable
SH2D4A,pseudobulk_variable
SH3BGRL,pseudobulk_variable
SH3BGRL3,pseudobulk_variable
SH3BP4,pseudobulk_variable
SH3BP5,pseudobulk_variable
SH3D19,pseudobulk_variable
SH3GL1,pseudobulk_variable
SH3GLB1,pseudobulk_variable
SH3PXD2A,pseudobulk_variable
SH3RF1,pseudobulk_variable
SH3YL1,pseudobulk_variable
SHB,pseudobulk_variable
SHC1,pseudobulk_variable
SHISA2,pseudobulk_variable
SHISA5,pseudobulk_variable
SHPRH,pseudobulk_variable
SHROOM3,pseudobulk_variable
SHTN1,pseudobulk_variable
SIAH1,pseudobulk_variable
SIAH2,pseudobulk_variable
SIL1,pseudobulk_variable
SIN3A,pseudobulk_variable
SINHCAF,pseudobulk_variable
SIPA1L1,pseudobulk_variable
SIPA1L2,pseudobulk_variable
SIRT1,pseudobulk_variable
SIVA1,pseudobulk_variable
SIX1,pseudobulk_variable
SIX2,pseudobulk_variable
SIX3,pseudobulk_variable
SIX4,pseudobulk_variable
SKA2,pseudobulk_variable
SKIL,pseudobulk_variable
SLAIN2,pseudobulk_variable
SLBP,pseudobulk_variable
SLC11A2,pseudobulk_variable
SLC12A2,pseudobulk_variable
SLC15A2,pseudobulk_variable
SLC16A1,pseudobulk_variable
SLC16A3,pseudobulk_variable
SLC16A9,pseudobulk_variable
SLC19A2,pseudobulk_variable
SLC1A4,pseudobulk_variable
SLC1A5,pseudobulk_variable
SLC20A1,pseudobulk_variable
SLC20A2,pseudobulk_variable
SLC22A18,pseudobulk_variable
SLC22A23,pseudobulk_variable
SLC22A3,required
SLC25A1,pseudobulk_variable
SLC25A25,pseudobulk_variable
SLC25A25-AS1,pseudobulk_variable
SLC25A29,pseudobulk_variable
SLC25A33,pseudobulk_variable
SLC25A36,pseudobulk_variable
SLC25A37,pseudobulk_variable
SLC25A39,pseudobulk_variable
SLC25A4,pseudobulk_variable
SLC25A5,pseudobulk_variable
SLC26A2,pseudobulk_variable
SLC26A4,required
SLC27A2,pseudobulk_variable
SLC28A3,pseudobulk_variable
SLC2A1,pseudobulk_variable
SLC2A10,pseudobulk_variable
SLC2A3,pseudobulk_variable
SLC2A4RG,pseudobulk_variable
SLC30A1,pseudobulk_variable
SLC30A9,pseudobulk_variable
SLC31A1,pseudobulk_variable
SLC35A3,pseudobulk_variable
SLC35A4,pseudobulk_variable
SLC35B1,pseudobulk_variable
SLC35D2,pseudobulk_variable
SLC35E1,pseudobulk_variable
SLC35E3,pseudobulk_variable
SLC35F5,pseudobulk_variable
SLC37A2,required
SLC38A1,pseudobulk_variable
SLC38A10,pseudobulk_variable
SLC39A1,pseudobulk_variable
SLC39A6,pseudobulk_variable
SLC39A7,pseudobulk_variable
SLC39A8,pseudobulk_variable
SLC3A2,pseudobulk_variable
SLC41A3,pseudobulk_variable
SLC43A2,pseudobulk_variable
SLC44A1,pseudobulk_variable
SLC44A2,pseudobulk_variable
SLC44A4,pseudobulk_variable
SLC4A11,pseudobulk_variable
SLC4A1AP,pseudobulk_variable
SLC4A4,pseudobulk_variable
SLC4A7,pseudobulk_variable
SLC50A1,pseudobulk_variable
SLC5A1,pseudobulk_variable
SLC5A3,pseudobulk_variable
SLC5A8,pseudobulk_variable
SLC6A14,pseudobulk_variable
SLC6A6,pseudobulk_variable
SLC6A8,pseudobulk_variable
SLC7A1,pseudobulk_variable
SLC7A11,pseudobulk_variable
SLC7A5,pseudobulk_variable
SLC9A3,pseudobulk_variable
SLC9A3R1,pseudobulk_variable
SLC9A3R2,pseudobulk_variable
SLCO1A2,required
SLCO3A1,pseudobulk_variable
SLCO4C1,pseudobulk_variable
SLFN5,pseudobulk_variable
SLIRP,pseudobulk_variable
SLITRK6,pseudobulk_variable
SLK,pseudobulk_variable
SLMAP,pseudobulk_variable
SLPI,required
SLTM,pseudobulk_variable
SLU7,pseudobulk_variable
SMAD1,pseudobulk_variable
SMAD2,pseudobulk_variable
SMAD3,pseudobulk_variable
SMAD5,pseudobulk_variable
SMAD9,required
SMAGP,pseudobulk_variable
SMAP1,pseudobulk_variable
SMAP2,pseudobulk_variable
SMARCA1,pseudobulk_variable
SMARCA2,pseudobulk_variable
SMARCA4,pseudobulk_variable
SMARCA5,pseudobulk_variable
SMARCB1,pseudobulk_variable
SMARCC1,pseudobulk_variable
SMARCC2,pseudobulk_variable
SMARCD2,pseudobulk_variable
SMARCE1,pseudobulk_variable
SMC1A,pseudobulk_variable
SMC2,pseudobulk_variable
SMC3,pseudobulk_variable
SMC4,pseudobulk_variable
SMC5,pseudobulk_variable
SMC6,pseudobulk_variable
SMCHD1,pseudobulk_variable
SMCO4,pseudobulk_variable
SMDT1,pseudobulk_variable
SMIM10L1,pseudobulk_variable
SMIM12,pseudobulk_variable
SMIM14,pseudobulk_variable
SMIM15,pseudobulk_variable
SMIM19,pseudobulk_variable
SMIM20,pseudobulk_variable
SMIM22,pseudobulk_variable
SMIM26,pseudobulk_variable
SMIM30,pseudobulk_variable
SMIM31,pseudobulk_variable
SMIM4,pseudobulk_variable
SMIM7,pseudobulk_variable
SMNDC1,pseudobulk_variable
SMPD1,pseudobulk_variable
SMS,pseudobulk_variable
SMURF2,pseudobulk_variable
SMYD2,pseudobulk_variable
SNAI1,pseudobulk_variable
SNAP23,pseudobulk_variable
SNAP29,pseudobulk_variable
SNAPC1,pseudobulk_variable
SNCA,pseudobulk_variable
SNCG,pseudobulk_variable
SND1,pseudobulk_variable
SNF8,pseudobulk_variable
SNHG12,pseudobulk_variable
SNHG15,pseudobulk_variable
SNHG18,pseudobulk_variable
SNHG19,pseudobulk_variable
SNHG7,pseudobulk_variable
SNHG9,pseudobulk_variable
SNIP1,pseudobulk_variable
SNRNP200,pseudobulk_variable
SNRNP25,pseudobulk_variable
SNRNP35,pseudobulk_variable
SNRNP70,pseudobulk_variable
SNRPA1,pseudobulk_variable
SNRPB,pseudobulk_variable
SNRPB2,pseudobulk_variable
SNRPC,pseudobulk_variable
SNRPD1,pseudobulk_variable
SNRPE,pseudobulk_variable
SNRPF,pseudobulk_variable
SNRPG,pseudobulk_variable
SNRPN,pseudobulk_variable
SNTB2,pseudobulk_variable
SNTN,pseudobulk_variable
SNU13,pseudobulk_variable
SNW1,pseudobulk_variable
SNX1,pseudobulk_variable
SNX17,pseudobulk_variable
SNX2,pseudobulk_variable
SNX3,pseudobulk_variable
SNX5,pseudobulk_variable
SNX6,pseudobulk_variable
SNX7,pseudobulk_variable
SNX9,pseudobulk_variable
SOBP,pseudobulk_variable
SOCS3,pseudobulk_variable
SOCS6,pseudobulk_variable
SOD2,pseudobulk_variable
SOD3,required
SORBS2,pseudobulk_variable
SORD,pseudobulk_variable
SORL1,pseudobulk_variable
SOS1,pseudobulk_variable
SOS2,pseudobulk_variable
SOWAHC,pseudobulk_variable
SOX15,pseudobulk_variable
SOX2,pseudobulk_variable
SOX21,pseudobulk_variable
SOX4,pseudobulk_variable
SOX7,pseudobulk_variable
SOX9,pseudobulk_variable
SP1,pseudobulk_variable
SP110,pseudobulk_variable
SP3,pseudobulk_variable
SP8,pseudobulk_variable
SPA17,pseudobulk_variable
SPAG1,pseudobulk_variable
SPAG16,pseudobulk_variable
SPAG17,pseudobulk_variable
SPAG6,pseudobulk_variable
SPAG7,pseudobulk_variable
SPAG9,pseudobulk_variable
SPARC,pseudobulk_variable
SPARCL1,pseudobulk_variable
SPART,pseudobulk_variable
SPATS2,pseudobulk_variable
SPATS2L,pseudobulk_variable
SPCS1,pseudobulk_variable
SPCS2,pseudobulk_variable
SPCS3,pseudobulk_variable
SPDEF,required
SPECC1L,pseudobulk_variable
SPEF2,pseudobulk_variable
SPEN,pseudobulk_variable
SPG11,pseudobulk_variable
SPG21,pseudobulk_variable
SPG7,pseudobulk_variable
SPHK1,pseudobulk_variable
SPIDR,pseudobulk_variable
SPIN1,pseudobulk_variable
SPINK5,pseudobulk_variable
SPINT1,pseudobulk_variable
SPINT1-AS1,pseudobulk_variable
SPINT2,pseudobulk_variable
SPOP,pseudobulk_variable
SPPL2A,pseudobulk_variable
SPPL3,pseudobulk_variable
SPRY1,pseudobulk_variable
SPRY2,pseudobulk_variable
SPSB1,pseudobulk_variable
SPTBN1,pseudobulk_variable
SPTLC1,pseudobulk_variable
SPTLC2,pseudobulk_variable
SPTSSA,pseudobulk_variable
SPTY2D1,pseudobulk_variable
SQLE,pseudobulk_variable
SQOR,pseudobulk_variable
SQSTM1,pseudobulk_variable
SRA1,pseudobulk_variable
SRD5A3,pseudobulk_variable
SREBF1,pseudobulk_variable
SREBF2,pseudobulk_variable
SREK1IP1,pseudobulk_variable
SRF,pseudobulk_variable
SRFBP1,pseudobulk_variable
SRGAP1,pseudobulk_variable
SRGAP3,pseudobulk_variable
SRGN,pseudobulk_variable
SRI,pseudobulk_variable
SRP19,pseudobulk_variable
SRP54,pseudobulk_variable
SRP68,pseudobulk_variable
SRP72,pseudobulk_variable
SRP9,pseudobulk_variable
SRPK1,pseudobulk_variable
SRPK2,pseudobulk_variable
SRPRA,pseudobulk_variable
SRPRB,pseudobulk_variable
SRRM1,pseudobulk_variable
SRRT,pseudobulk_variable
SRSF1,pseudobulk_variable
SRSF10,pseudobulk_variable
SRSF3,pseudobulk_variable
SRSF4,pseudobulk_variable
SRSF5,pseudobulk_variable
SRSF6,pseudobulk_variable
SRSF8,pseudobulk_variable
SRSF9,pseudobulk_variable
SRXN1,pseudobulk_variable
SS18L2,pseudobulk_variable
SSB,pseudobulk_variable
SSBP1,pseudobulk_variable
SSBP2,pseudobulk_variable
SSBP4,pseudobulk_variable
SSNA1,pseudobulk_variable
SSPN,pseudobulk_variable
SSR1,pseudobulk_variable
SSR2,pseudobulk_variable
SSR3,pseudobulk_variable
SSR4,pseudobulk_variable
SSRP1,pseudobulk_variable
ST14,pseudobulk_variable
ST20-MTHFS,pseudobulk_variable
ST3GAL1,pseudobulk_variable
ST3GAL5,required
ST5,pseudobulk_variable
ST6GAL1,pseudobulk_variable
ST6GALNAC1,pseudobulk_variable
ST6GALNAC2,pseudobulk_variable
ST6GALNAC6,pseudobulk_variable
STAG1,pseudobulk_variable
STAG2,pseudobulk_variable
STAMBP,pseudobulk_variable
STAP2,pseudobulk_variable
STARD10,pseudobulk_variable
STARD7,pseudobulk_variable
STAT1,pseudobulk_variable
STAT5A,pseudobulk_variable
STAT6,pseudobulk_variable
STATH,required
STAU1,pseudobulk_variable
STEAP1,pseudobulk_variable
STEAP2,pseudobulk_variable
STEAP4,pseudobulk_variable
STIM2,pseudobulk_variable
STIP1,pseudobulk_variable
STK17A,pseudobulk_variable
STK17B,pseudobulk_variable
STK24,pseudobulk_variable
STK25,pseudobulk_variable
STK38,pseudobulk_variable
STK38L,pseudobulk_variable
STK39,pseudobulk_variable
STK4,pseudobulk_variable
STK40,pseudobulk_variable
STMN1,pseudobulk_variable
STMP1,pseudobulk_variable
STN1,pseudobulk_variable
STOM,pseudobulk_variable
STOML2,pseudobulk_variable
STRAP,pseudobulk_variable
STRBP,pseudobulk_variable
STRN3,pseudobulk_variable
STUB1,pseudobulk_variable
STX10,pseudobulk_variable
STX12,pseudobulk_variable
STX16,pseudobulk_variable
STX3,pseudobulk_variable
STX4,pseudobulk_variable
STX5,pseudobulk_variable
STX6,pseudobulk_variable
STX8,pseudobulk_variable
STXBP3,pseudobulk_variable
STXBP6,pseudobulk_variable
STYXL1,pseudobulk_variable
SUCLG1,pseudobulk_variable
SUCLG2,pseudobulk_variable
SUGT1,pseudobulk_variable
SULF2,pseudobulk_variable
SULT1A1,pseudobulk_variable
SULT2B1,pseudobulk_variable
SUMF2,pseudobulk_variable
SUMO1,pseudobulk_variable
SUMO2,pseudobulk_variable
SUMO3,pseudobulk_variable
SUN2,pseudobulk_variable
SUPT16H,pseudobulk_variable
SUPT4H1,pseudobulk_variable
SUPT5H,pseudobulk_variable
SUPT6H,pseudobulk_variable
SURF1,pseudobulk_variable
SURF2,pseudobulk_variable
SURF4,pseudobulk_variable
SURF6,pseudobulk_variable
SUSD6,pseudobulk_variable
SUZ12,pseudobulk_variable
SVIL,pseudobulk_variable
SVIP,pseudobulk_variable
SVOPL,pseudobulk_variable
SWAP70,pseudobulk_variable
SYAP1,pseudobulk_variable
SYBU,pseudobulk_variable
SYNCRIP,pseudobulk_variable
SYNE1,pseudobulk_variable
SYNGR1,pseudobulk_variable
SYNGR2,pseudobulk_variable
SYNJ2,pseudobulk_variable
SYNJ2BP,pseudobulk_variable
SYNJ2BP-COX16,pseudobulk_variable
SYNRG,pseudobulk_variable
SYPL1,pseudobulk_variable
SYS1-DBNDD2,pseudobulk_variable
SYT8,pseudobulk_variable
SYTL1,pseudobulk_variable
SYTL2,pseudobulk_variable
SZRD1,pseudobulk_variable
TAB2,pseudobulk_variable
TACC1,pseudobulk_variable
TACC2,pseudobulk_variable
TACSTD2,pseudobulk_variable
TADA3,pseudobulk_variable
TAF1,pseudobulk_variable
TAF10,pseudobulk_variable
TAF13,pseudobulk_variable
TAF15,pseudobulk_variable
TAF1D,pseudobulk_variable
TAF4B,pseudobulk_variable
TAF9,pseudobulk_variable
TAGLN,pseudobulk_variable
TALDO1,pseudobulk_variable
TANK,pseudobulk_variable
TAOK1,pseudobulk_variable
TAOK3,pseudobulk_variable
TAP1,pseudobulk_variable
TAP2,pseudobulk_variable
TAPBP,pseudobulk_variable
TARDBP,pseudobulk_variable
TARS,pseudobulk_variable
TAX1BP3,pseudobulk_variable
TBC1D1,pseudobulk_variable
TBC1D15,pseudobulk_variable
TBC1D23,pseudobulk_variable
TBC1D5,pseudobulk_variable
TBCA,pseudobulk_variable
TBCB,pseudobulk_variable
TBCD,pseudobulk_variable
TBL1X,pseudobulk_variable
TBL1XR1,pseudobulk_variable
TBX3,required
TC2N,pseudobulk_variable
TCAF1,pseudobulk_variable
TCEA1,pseudobulk_variable
TCEA3,pseudobulk_variable
TCEAL2,required
TCEAL3,pseudobulk_variable
TCEAL4,pseudobulk_variable
TCEAL8,pseudobulk_variable
TCEAL9,pseudobulk_variable
TCERG1,pseudobulk_variable
TCF4,pseudobulk_variable
TCF7L1,pseudobulk_variable
TCF7L2,pseudobulk_variable
TCIM,pseudobulk_variable
TCIRG1,pseudobulk_variable
TCN1,required
TCN2,pseudobulk_variable
TCP1,pseudobulk_variable
TCTEX1D2,pseudobulk_variable
TCTEX1D4,pseudobulk_variable
TCTN1,pseudobulk_variable
TEAD1,pseudobulk_variable
TECR,pseudobulk_variable
TENT5A,pseudobulk_variable
TENT5B,pseudobulk_variable
TENT5C,pseudobulk_variable
TERF1,pseudobulk_variable
TERF2IP,pseudobulk_variable
TES,pseudobulk_variable
TESC,required
TET2,pseudobulk_variable
TEX264,pseudobulk_variable
TF,pseudobulk_variable
TFAM,pseudobulk_variable
TFAP2A,pseudobulk_variable
TFAP2C,pseudobulk_variable
TFCP2L1,pseudobulk_variable
TFDP1,pseudobulk_variable
TFDP2,pseudobulk_variable
TFF1,pseudobulk_variable
TFF3,pseudobulk_variable
TFRC,pseudobulk_variable
TGFBI,pseudobulk_variable
TGFBR2,pseudobulk_variable
TGIF1,pseudobulk_variable
TGIF2,pseudobulk_variable
TGIF2-RAB5IF,pseudobulk_variable
TGM2,pseudobulk_variable
TGOLN2,pseudobulk_variable
THAP11,pseudobulk_variable
THAP4,pseudobulk_variable
THAP9-AS1,pseudobulk_variable
THBD,pseudobulk_variable
THBS1,pseudobulk_variable
THOC2,pseudobulk_variable
THOC3,pseudobulk_variable
THOC7,pseudobulk_variable
THUMPD1,pseudobulk_variable
THUMPD3,pseudobulk_variable
THUMPD3-AS1,pseudobulk_variable
THYN1,pseudobulk_variable
TIA1,pseudobulk_variable
TIAL1,pseudobulk_variable
TIMM10,pseudobulk_variable
TIMM13,pseudobulk_variable
TIMM17A,pseudobulk_variable
TIMM8B,pseudobulk_variable
TIMMDC1,pseudobulk_variable
TIMP1,pseudobulk_variable
TIMP2,pseudobulk_variable
TIMP3,pseudobulk_variable
TIPARP,pseudobulk_variable
TIPRL,pseudobulk_variable
TJP1,pseudobulk_variable
TJP2,pseudobulk_variable
TJP3,pseudobulk_variable
TKT,pseudobulk_variable
TLCD2,pseudobulk_variable
TLE1,pseudobulk_variable
TLE2,pseudobulk_variable
TLE3,pseudobulk_variable
TLE4,pseudobulk_variable
TLK1,pseudobulk_variable
TLN1,pseudobulk_variable
TLNRD1,pseudobulk_variable
TM2D1,pseudobulk_variable
TM2D2,pseudobulk_variable
TM4SF1,pseudobulk_variable
TM7SF2,pseudobulk_variable
TM7SF3,pseudobulk_variable
TM9SF1,pseudobulk_variable
TM9SF2,pseudobulk_variable
TM9SF3,pseudobulk_variable
TMBIM1,pseudobulk_variable
TMBIM4,pseudobulk_variable
TMC4,pseudobulk_variable
TMC5,pseudobulk_variable
TMC6,pseudobulk_variable
TMCO1,pseudobulk_variable
TMCO3,pseudobulk_variable
TMED1,pseudobulk_variable
TMED10,pseudobulk_variable
TMED2,pseudobulk_variable
TMED3,pseudobulk_variable
TMED4,pseudobulk_variable
TMED5,pseudobulk_variable
TMED9,pseudobulk_variable
TMEM106B,pseudobulk_variable
TMEM106C,pseudobulk_variable
TMEM107,pseudobulk_variable
TMEM109,pseudobulk_variable
TMEM115,pseudobulk_variable
TMEM116,pseudobulk_variable
TMEM123,pseudobulk_variable
TMEM125,pseudobulk_variable
TMEM126A,pseudobulk_variable
TMEM126B,pseudobulk_variable
TMEM127,pseudobulk_variable
TMEM131,pseudobulk_variable
TMEM134,pseudobulk_variable
TMEM141,pseudobulk_variable
TMEM147,pseudobulk_variable
TMEM14A,pseudobulk_variable
TMEM14B,pseudobulk_variable
TMEM14C,pseudobulk_variable
TMEM150C,pseudobulk_variable
TMEM159,pseudobulk_variable
TMEM160,pseudobulk_variable
TMEM165,pseudobulk_variable
TMEM167A,pseudobulk_variable
TMEM173,pseudobulk_variable
TMEM179B,pseudobulk_variable
TMEM18,pseudobulk_variable
TMEM181,pseudobulk_variable
TMEM183A,pseudobulk_variable
TMEM184A,pseudobulk_variable
TMEM189,pseudobulk_variable
TMEM189-UBE2V1,pseudobulk_variable
TMEM205,pseudobulk_variable
TMEM208,pseudobulk_variable
TMEM213,pseudobulk_variable
TMEM219,pseudobulk_variable
TMEM230,pseudobulk_variable
TMEM238,pseudobulk_variable
TMEM248,pseudobulk_variable
TMEM256,pseudobulk_variable
TMEM256-PLSCR3,pseudobulk_variable
TMEM259,pseudobulk_variable
TMEM263,pseudobulk_variable
TMEM265,pseudobulk_variable
TMEM30A,pseudobulk_variable
TMEM30B,pseudobulk_variable
TMEM33,pseudobulk_variable
TMEM35B,pseudobulk_variable
TMEM40,pseudobulk_variable
TMEM41A,pseudobulk_variable
TMEM43,pseudobulk_variable
TMEM45B,pseudobulk_variable
TMEM50A,pseudobulk_variable
TMEM50B,pseudobulk_variable
TMEM51,pseudobulk_variable
TMEM54,pseudobulk_variable
TMEM59,pseudobulk_variable
TMEM63A,pseudobulk_variable
TMEM70,pseudobulk_variable
TMEM87A,pseudobulk_variable
TMEM9,pseudobulk_variable
TMEM98,pseudobulk_variable
TMEM9B,pseudobulk_variable
TMF1,pseudobulk_variable
TMOD3,pseudobulk_variable
TMPO,pseudobulk_variable
TMPRSS11D,pseudobulk_variable
TMPRSS2,pseudobulk_variable
TMPRSS4,pseudobulk_variable
TMTC3,pseudobulk_variable
TMUB2,pseudobulk_variable
TMX1,pseudobulk_variable
TMX2,pseudobulk_variable
TMX4,pseudobulk_variable
TNC,pseudobulk_variable
TNFAIP2,pseudobulk_variable
TNFAIP3,pseudobulk_variable
TNFAIP8,pseudobulk_variable
TNFRSF10A,pseudobulk_variable
TNFRSF10B,pseudobulk_variable
TNFRSF10D,pseudobulk_variable
TNFRSF12A,pseudobulk_variable
TNFRSF14,pseudobulk_variable
TNFRSF18,pseudobulk_variable
TNFRSF1A,pseudobulk_variable
TNFRSF1B,pseudobulk_variable
TNFRSF21,pseudobulk_variable
TNFSF10,pseudobulk_variable
TNFSF12-TNFSF13,pseudobulk_variable
TNFSF13,pseudobulk_variable
TNIP1,pseudobulk_variable
TNKS2,pseudobulk_variable
TNPO1,pseudobulk_variable
TNPO2,pseudobulk_variable
TNPO3,pseudobulk_variable
TNRC18,pseudobulk_variable
TNRC6A,pseudobulk_variable
TNRC6B,pseudobulk_variable
TNS1,pseudobulk_variable
TNS4,pseudobulk_variable
TOB1,pseudobulk_variable
TOB2,pseudobulk_variable
TOGARAM1,pseudobulk_variable
TOLLIP,pseudobulk_variable
TOM1,pseudobulk_variable
TOM1L1,pseudobulk_variable
TOMM20,pseudobulk_variable
TOMM22,pseudobulk_variable
TOMM40,pseudobulk_variable
TOMM5,pseudobulk_variable
TOMM6,pseudobulk_variable
TOMM70,pseudobulk_variable
TOP1,pseudobulk_variable
TOP2A,pseudobulk_variable
TOP2B,pseudobulk_variable
TOPORS,pseudobulk_variable
TOR1AIP1,pseudobulk_variable
TOR1AIP2,pseudobulk_variable
TOX3,pseudobulk_variable
TOX4,pseudobulk_variable
TP53BP2,pseudobulk_variable
TP53I11,pseudobulk_variable
TP53I3,pseudobulk_variable
TP53INP2,pseudobulk_variable
TP53TG1,pseudobulk_variable
TP63,pseudobulk_variable
TPBG,pseudobulk_variable
TPD52,pseudobulk_variable
TPD52L1,pseudobulk_variable
TPGS2,pseudobulk_variable
TPM1,pseudobulk_variable
TPM2,pseudobulk_variable
TPM4,pseudobulk_variable
TPP1,pseudobulk_variable
TPP2,pseudobulk_variable
TPPP3,required
TPR,pseudobulk_variable
TPRKB,pseudobulk_variable
TPSAB1,pseudobulk_variable
TPSB2,pseudobulk_variable
TPTEP2-CSNK1E,pseudobulk_variable
TRA2A,pseudobulk_variable
TRA2B,pseudobulk_variable
TRABD,pseudobulk_variable
TRADD,pseudobulk_variable
TRAF3IP1,pseudobulk_variable
TRAF3IP2,pseudobulk_variable
TRAF4,pseudobulk_variable
TRAF7,pseudobulk_variable
TRAFD1,pseudobulk_variable
TRAK1,pseudobulk_variable
TRAK2,pseudobulk_variable
TRAP1,pseudobulk_variable
TRAPPC1,pseudobulk_variable
TRAPPC2L,pseudobulk_variable
TRAPPC3,pseudobulk_variable
TRAPPC5,pseudobulk_variable
TRBC1,pseudobulk_variable
TRBC2,pseudobulk_variable
TRIB1,pseudobulk_variable
TRIB2,pseudobulk_variable
TRIM13,pseudobulk_variable
TRIM16,pseudobulk_variable
TRIM2,pseudobulk_variable
TRIM24,pseudobulk_variable
TRIM25,pseudobulk_variable
TRIM26,pseudobulk_variable
TRIM27,pseudobulk_variable
TRIM29,pseudobulk_variable
TRIM33,pseudobulk_variable
TRIM38,pseudobulk_variable
TRIM39-RPP21,pseudobulk_variable
TRIM44,pseudobulk_variable
TRIM56,pseudobulk_variable
TRIM69,pseudobulk_variable
TRIM8,pseudobulk_variable
TRIOBP,pseudobulk_variable
TRIP10,pseudobulk_variable
TRIP11,pseudobulk_variable
TRIP12,pseudobulk_variable
TRIP6,pseudobulk_variable
TRMT10C,pseudobulk_variable
TRMT112,pseudobulk_variable
TRMT6,pseudobulk_variable
TRPC4AP,pseudobulk_variable
TRPV4,pseudobulk_variable
TRUB2,pseudobulk_variable
TSC22D1,pseudobulk_variable
TSC22D2,pseudobulk_variable
TSC22D3,pseudobulk_variable
TSEN34,pseudobulk_variable
TSG101,pseudobulk_variable
TSHZ2,pseudobulk_variable
TSKU,pseudobulk_variable
TSN,pseudobulk_variable
TSPAN1,pseudobulk_variable
TSPAN13,pseudobulk_variable
TSPAN14,pseudobulk_variable
TSPAN15,pseudobulk_variable
TSPAN3,pseudobulk_variable
TSPAN6,pseudobulk_variable
TSPAN8,pseudobulk_variable
TSPO,pseudobulk_variable
TSPYL1,pseudobulk_variable
TSPYL2,pseudobulk_variable
TSR1,pseudobulk_variable
TSR2,pseudobulk_variable
TSR3,pseudobulk_variable
TST,pseudobulk_variable
TSTA3,pseudobulk_variable
TSTD1,pseudobulk_variable
TTC1,pseudobulk_variable
TTC17,pseudobulk_variable
TTC19,pseudobulk_variable
TTC3,pseudobulk_variable
TTC37,pseudobulk_variable
TTC39C,pseudobulk_variable
TTC9,pseudobulk_variable
TUBA1A,pseudobulk_variable
TUBA1C,pseudobulk_variable
TUBA4A,pseudobulk_variable
TUBB,pseudobulk_variable
TUBB2A,pseudobulk_variable
TUBB2B,pseudobulk_variable
TUBB3,pseudobulk_variable
TUBB6,pseudobulk_variable
TUBGCP2,pseudobulk_variable
TUFM,pseudobulk_variable
TUFT1,pseudobulk_variable
TUSC1,pseudobulk_variable
TUSC2,pseudobulk_variable
TUSC3,pseudobulk_variable
TUT4,pseudobulk_variable
TUT7,pseudobulk_variable
TWF1,pseudobulk_variable
TWF2,pseudobulk_variable
TWISTNB,pseudobulk_variable
TXLNG,pseudobulk_variable
TXN,pseudobulk_variable
TXN2,pseudobulk_variable
TXNDC17,pseudobulk_variable
TXNDC5,pseudobulk_variable
TXNDC9,pseudobulk_variable
TXNIP,pseudobulk_variable
TXNL1,pseudobulk_variable
TXNL4A,pseudobulk_variable
TXNRD1,pseudobulk_variable
TYMP,pseudobulk_variable
TYROBP,required
TYW3,pseudobulk_variable
U2SURP,pseudobulk_variable
UACA,pseudobulk_variable
UAP1,pseudobulk_variable
UBA1,pseudobulk_variable
UBA2,pseudobulk_variable
UBA6,pseudobulk_variable
UBAC1,pseudobulk_variable
UBALD2,pseudobulk_variable
UBAP1,pseudobulk_variable
UBAP2,pseudobulk_variable
UBAP2L,pseudobulk_variable
UBD,pseudobulk_variable
UBE2A,pseudobulk_variable
UBE2D2,pseudobulk_variable
UBE2E1,pseudobulk_variable
UBE2E3,pseudobulk_variable
UBE2G1,pseudobulk_variable
UBE2G2,pseudobulk_variable
UBE2H,pseudobulk_variable
UBE2I,pseudobulk_variable
UBE2J1,pseudobulk_variable
UBE2K,pseudobulk_variable
UBE2L3,pseudobulk_variable
UBE2L6,pseudobulk_variable
UBE2M,pseudobulk_variable
UBE2N,pseudobulk_variable
UBE2R2,pseudobulk_variable
UBE2S,pseudobulk_variable
UBE2V1,pseudobulk_variable
UBE2V2,pseudobulk_variable
UBE2Z,pseudobulk_variable
UBE3A,pseudobulk_variable
UBE3C,pseudobulk_variable
UBE4B,pseudobulk_variable
UBL3,pseudobulk_variable
UBN1,pseudobulk_variable
UBQLN1,pseudobulk_variable
UBR1,pseudobulk_variable
UBR4,pseudobulk_variable
UBR5,pseudobulk_variable
UBTD2,pseudobulk_variable
UBTF,pseudobulk_variable
UBXN1,pseudobulk_variable
UBXN4,pseudobulk_variable
UBXN6,pseudobulk_variable
UBXN7,pseudobulk_variable
UCHL3,pseudobulk_variable
UCP2,pseudobulk_variable
UFC1,pseudobulk_variable
UFD1,pseudobulk_variable
UFL1,pseudobulk_variable
UGCG,pseudobulk_variable
UGDH,pseudobulk_variable
UGP2,pseudobulk_variable
UGT1A1,pseudobulk_variable
UGT1A10,pseudobulk_variable
UGT1A3,pseudobulk_variable
UGT1A4,pseudobulk_variable
UGT1A5,pseudobulk_variable
UGT1A6,pseudobulk_variable
UGT1A7,pseudobulk_variable
UGT1A8,pseudobulk_variable
UGT1A9,pseudobulk_variable
UGT2A1,pseudobulk_variable
UGT2A2,pseudobulk_variable
UHMK1,pseudobulk_variable
UNC50,pseudobulk_variable
UNC5B,pseudobulk_variable
UNC5B-AS1,pseudobulk_variable
UNC93B1,pseudobulk_variable
UPF1,pseudobulk_variable
UPF2,pseudobulk_variable
UPF3A,pseudobulk_variable
UPF3B,pseudobulk_variable
UPK1B,pseudobulk_variable
UPP1,pseudobulk_variable
UQCC2,pseudobulk_variable
UQCC3,pseudobulk_variable
UQCR10,pseudobulk_variable
UQCR11,pseudobulk_variable
UQCRC1,pseudobulk_variable
UQCRC2,pseudobulk_variable
UQCRFS1,pseudobulk_variable
UQCRQ,pseudobulk_variable
URGCP-MRPS24,pseudobulk_variable
URI1,pseudobulk_variable
UROD,pseudobulk_variable
UROS,pseudobulk_variable
USF2,pseudobulk_variable
USO1,pseudobulk_variable
USP1,pseudobulk_variable
USP10,pseudobulk_variable
USP11,pseudobulk_variable
USP12,pseudobulk_variable
USP14,pseudobulk_variable
USP15,pseudobulk_variable
USP16,pseudobulk_variable
USP22,pseudobulk_variable
USP28,pseudobulk_variable
USP31,pseudobulk_variable
USP34,pseudobulk_variable
USP36,pseudobulk_variable
USP38,pseudobulk_variable
USP47,pseudobulk_variable
USP48,pseudobulk_variable
USP53,pseudobulk_variable
USP54,pseudobulk_variable
USP7,pseudobulk_variable
USP8,pseudobulk_variable
USP9X,pseudobulk_variable
UTP14C,pseudobulk_variable
UTP18,pseudobulk_variable
UTP20,pseudobulk_variable
UTP23,pseudobulk_variable
UTP3,pseudobulk_variable
UTP6,pseudobulk_variable
VAMP2,pseudobulk_variable
VAMP5,pseudobulk_variable
VAMP8,pseudobulk_variable
VAPA,pseudobulk_variable
VAPB,pseudobulk_variable
VASP,pseudobulk_variable
VAT1,pseudobulk_variable
VBP1,pseudobulk_variable
VCL,pseudobulk_variable
VCP,pseudobulk_variable
VDAC1,pseudobulk_variable
VDAC2,pseudobulk_variable
VDAC3,pseudobulk_variable
VDR,pseudobulk_variable
VEGFA,pseudobulk_variable
VEZF1,pseudobulk_variable
VEZT,pseudobulk_variable
VGLL4,pseudobulk_variable
VILL,pseudobulk_variable
VIM,pseudobulk_variable
VMA21,pseudobulk_variable
VMO1,pseudobulk_variable
VMP1,pseudobulk_variable
VPS13A,pseudobulk_variable
VPS13C,pseudobulk_variable
VPS13D,pseudobulk_variable
VPS25,pseudobulk_variable
VPS26A,pseudobulk_variable
VPS28,pseudobulk_variable
VPS29,pseudobulk_variable
VPS35,pseudobulk_variable
VPS36,pseudobulk_variable
VPS37B,pseudobulk_variable
VPS4A,pseudobulk_variable
VPS4B,pseudobulk_variable
VPS51,pseudobulk_variable
VPS53,pseudobulk_variable
VPS54,pseudobulk_variable
VSIG2,pseudobulk_variable
VSNL1,pseudobulk_variable
VTCN1,pseudobulk_variable
VTI1B,pseudobulk_variable
VWA5A,pseudobulk_variable
VWF,required
WAC,pseudobulk_variable
WAC-AS1,pseudobulk_variable
WAPL,pseudobulk_variable
WARS,pseudobulk_variable
WASF2,pseudobulk_variable
WASHC2A,pseudobulk_variable
WASHC3,pseudobulk_variable
WASL,pseudobulk_variable
WBP1,pseudobulk_variable
WBP11,pseudobulk_variable
WBP1L,pseudobulk_variable
WBP2,pseudobulk_variable
WBP4,pseudobulk_variable
WDR1,pseudobulk_variable
WDR13,pseudobulk_variable
WDR26,pseudobulk_variable
WDR33,pseudobulk_variable
WDR34,pseudobulk_variable
WDR43,pseudobulk_variable
WDR45B,pseudobulk_variable
WDR54,pseudobulk_variable
WDR6,pseudobulk_variable
WDR60,pseudobulk_variable
WDR61,pseudobulk_variable
WDR66,pseudobulk_variable
WDR82,pseudobulk_variable
WDR83OS,pseudobulk_variable
WEE1,pseudobulk_variable
WFDC2,required
WHAMM,pseudobulk_variable
WIPF2,pseudobulk_variable
WIPI1,pseudobulk_variable
WIPI2,pseudobulk_variable
WLS,pseudobulk_variable
WNK1,pseudobulk_variable
WNT4,pseudobulk_variable
WNT7B,pseudobulk_variable
WRNIP1,pseudobulk_variable
WTAP,pseudobulk_variable
WWC1,pseudobulk_variable
WWP1,pseudobulk_variable
WWTR1,pseudobulk_variable
XAF1,pseudobulk_variable
XBP1,pseudobulk_variable
XIAP,pseudobulk_variable
XIST,pseudobulk_variable
XPA,pseudobulk_variable
XPC,pseudobulk_variable
XPO1,pseudobulk_variable
XPR1,pseudobulk_variable
XRCC5,pseudobulk_variable
XRN1,pseudobulk_variable
XRN2,pseudobulk_variable
YAP1,pseudobulk_variable
YARS,pseudobulk_variable
YBX3,pseudobulk_variable
YES1,pseudobulk_variable
YIF1A,pseudobulk_variable
YIPF2,pseudobulk_variable
YIPF3,pseudobulk_variable
YIPF4,pseudobulk_variable
YIPF5,pseudobulk_variable
YIPF6,pseudobulk_variable
YKT6,pseudobulk_variable
YLPM1,pseudobulk_variable
YPEL2,pseudobulk_variable
YPEL5,pseudobulk_variable
YRDC,pseudobulk_variable
YTHDC1,pseudobulk_variable
YTHDF2,pseudobulk_variable
YTHDF3,pseudobulk_variable
YWHAG,pseudobulk_variable
YWHAH,pseudobulk_variable
YWHAQ,pseudobulk_variable
ZADH2,pseudobulk_variable
ZBED6,pseudobulk_variable
ZBTB1,pseudobulk_variable
ZBTB10,pseudobulk_variable
ZBTB11,pseudobulk_variable
ZBTB20,pseudobulk_variable
ZBTB21,pseudobulk_variable
ZBTB38,pseudobulk_variable
ZBTB4,pseudobulk_variable
ZBTB43,pseudobulk_variable
ZBTB44,pseudobulk_variable
ZBTB7A,pseudobulk_variable
ZBTB7C,pseudobulk_variable
ZC2HC1A,pseudobulk_variable
ZC3H11A,pseudobulk_variable
ZC3H12A,pseudobulk_variable
ZC3H13,pseudobulk_variable
ZC3H14,pseudobulk_variable
ZC3H15,pseudobulk_variable
ZC3H6,pseudobulk_variable
ZC3H7A,pseudobulk_variable
ZC3H7B,pseudobulk_variable
ZC3HAV1,pseudobulk_variable
ZCCHC17,pseudobulk_variable
ZCCHC2,pseudobulk_variable
ZCCHC8,pseudobulk_variable
ZCCHC9,pseudobulk_variable
ZCRB1,pseudobulk_variable
ZDHHC12,pseudobulk_variable
ZDHHC20,pseudobulk_variable
ZDHHC3,pseudobulk_variable
ZDHHC4,pseudobulk_variable
ZDHHC7,pseudobulk_variable
ZFAND2A,pseudobulk_variable
ZFAND3,pseudobulk_variable
ZFAND5,pseudobulk_variable
ZFC3H1,pseudobulk_variable
ZFHX3,pseudobulk_variable
ZFHX4,pseudobulk_variable
ZFP36,pseudobulk_variable
ZFP36L1,pseudobulk_variable
ZFP91,pseudobulk_variable
ZFP91-CNTF,pseudobulk_variable
ZFR,pseudobulk_variable
ZFYVE21,pseudobulk_variable
ZG16B,required
ZHX1,pseudobulk_variable
ZKSCAN1,pseudobulk_variable
ZMAT2,pseudobulk_variable
ZMIZ2,pseudobulk_variable
ZMPSTE24,pseudobulk_variable
ZMYM4,pseudobulk_variable
ZMYM5,pseudobulk_variable
ZMYND10,pseudobulk_variable
ZMYND11,pseudobulk_variable
ZMYND8,pseudobulk_variable
ZNF106,pseudobulk_variable
ZNF131,pseudobulk_variable
ZNF146,pseudobulk_variable
ZNF148,pseudobulk_variable
ZNF165,pseudobulk_variable
ZNF185,pseudobulk_variable
ZNF207,pseudobulk_variable
ZNF217,pseudobulk_variable
ZNF219,pseudobulk_variable
ZNF22,pseudobulk_variable
ZNF24,pseudobulk_variable
ZNF267,pseudobulk_variable
ZNF281,pseudobulk_variable
ZNF292,pseudobulk_variable
ZNF326,pseudobulk_variable
ZNF330,pseudobulk_variable
ZNF331,pseudobulk_variable
ZNF33A,pseudobulk_variable
ZNF37A,pseudobulk_variable
ZNF394,pseudobulk_variable
ZNF395,pseudobulk_variable
ZNF410,pseudobulk_variable
ZNF428,pseudobulk_variable
ZNF451,pseudobulk_variable
ZNF462,pseudobulk_variable
ZNF503,pseudobulk_variable
ZNF593,pseudobulk_variable
ZNF609,pseudobulk_variable
ZNF644,pseudobulk_variable
ZNF652,pseudobulk_variable
ZNF654,pseudobulk_variable
ZNF655,pseudobulk_variable
ZNF664,pseudobulk_variable
ZNF703,pseudobulk_variable
ZNF706,pseudobulk_variable
ZNF720,pseudobulk_variable
ZNF721,pseudobulk_variable
ZNF750,pseudobulk_variable
ZNF770,pseudobulk_variable
ZNF791,pseudobulk_variable
ZNF800,pseudobulk_variable
ZNF830,pseudobulk_variable
ZNF844,pseudobulk_variable
ZNF90,pseudobulk_variable
ZNF91,pseudobulk_variable
ZNFX1,pseudobulk_variable
ZNHIT3,pseudobulk_variable
ZNHIT6,pseudobulk_variable
ZNRD1,pseudobulk_variable
ZNRF1,pseudobulk_variable
ZRANB1,pseudobulk_variable
ZRANB2,pseudobulk_variable
ZRSR2,pseudobulk_variable
ZSCAN16-AS1,pseudobulk_variable
ZSCAN18,pseudobulk_variable
ZSWIM6,pseudobulk_variable
ZSWIM7,pseudobulk_variable
ZYX,pseudobulk_variable
